MeshVersionFormatted 1
Dimension 3

Vertices
4143
-0.12914912402629852 -0.0049724630080163479 0.00021209324768278748 1
-0.12309823930263519 0.0066749691031873226 -0.0036614863201975822 1
-0.12055168895154345 -0.0047558177812308724 -0.027326405494967048 1
-0.11663217097520828 -0.001847420702688396 -0.012527198530733585 1
-0.11549301014553948 -0.0090983489684752887 -0.023668037457373593 1
-0.11337284336922646 0.00018123646580681005 -0.032907997040602682 1
-0.1106436550617218 -0.0090379556640982628 0.0031383971218019724 1
-0.1100417822599411 -0.0095035089179873466 -0.040945742279291153 1
-0.10896512120962143 0.0042142542079091072 0.020040502771735191 1
-0.10818525403738022 -0.0044446229003369808 -0.032030291855335236 1
-0.10640582114036168 -0.0081827540512961795 0.022455874666587151 1
-0.10568425804376602 0.0026389886625111103 0.031949799507856369 1
-0.10450179874897003 0.0042321793735027313 0.0041975774802267551 1
-0.10301640257239386 -0.0066953457426281952 0.021700270473957173 1
-0.1028512716293335 -0.0085452701896429062 -0.0055336379446089268 1
-0.10244051367044449 -0.0089222760871052742 0.019207654520869255 1
-0.10188371813103385 -0.0094762127118560215 0.018775715894506585 1
-0.10202302783727646 0.0011871251044794917 0.019744319841265678 1
-0.10154651392352433 -0.0091399624406667407 0.017028851113800456 1
-0.10115760564804077 -0.00024151534307748079 -0.025079177692532539 1
-0.10089227061268984 0.0011513180889674208 0.016052142801781612 1
-0.099507220089435577 0.0088479043915867805 0.012982393614947796 1
-0.099481880664825439 -0.007482010405510664 0.01222254429012537 1
-0.099139600992202759 0.0009119317983277142 0.011794647201895714 1
-0.099339634569867247 -0.0089830897471507281 0.022890077804392995 1
-0.099063366651535034 -0.0087173506617546082 -0.022420849651098251 1
-0.098985850811004639 -0.003129276679828763 0.011266888119280338 1
-0.098897196352481842 0.00019135160255245864 0.0023333160206675529 1
-0.095471869575720722 -0.0094680217126537642 0.021281657639988467 1
-0.096170730888843536 -0.0051168217323720455 0.0046966425143182278 1
-0.096013091504573822 -0.00061989255482330918 -0.054883226752281189 1
-0.095910422503948212 -0.0036287065595388412 0.035053472965955734 1
-0.095488086342811584 -0.0033871999476104975 0.031953409314155579 1
-0.094181977212429047 -0.008800840936601162 0.017563339322805405 1
-0.094069540500640869 -0.0094110183417797089 -0.052443981170654297 1
-0.094436334143968181 -0.0098399500307326318 0.01730038883908417 1
-0.091174811124801636 -0.0011466778814792633 -0.048288367688655853 1
-0.091240603285081226 -0.0043747946509552337 0.033967027384670487 1
-0.090736664831638336 0.0027746059931814671 -0.018962634727358818 1
-0.089709199965000153 0.00027628144016489387 -0.031010124832391739 1
-0.089487507939338684 -0.0020773704163730145 -0.005442413967102766 1
-0.088192993605113734 -0.0089004028996342906 0.022131057961821236 1
-0.087652171487396444 0.0076638100379712564 0.035788085652119613 1
-0.087435205847330527 -0.0079995329406652056 -0.041175152328433988 1
-0.086342126131057739 -0.0097387339919805527 -0.032974805682897568 1
-0.0859517902135849 -0.010268712416291237 0.0035605058073997498 1
-0.083071327511444068 -0.0094930857539557486 0.037791849258349691 1
-0.083059936761856079 -0.0085532506927847862 -0.020563274621963501 1
-0.082526363432407379 0.0036518916022032499 -0.024211453273892403 1
-0.082292541861534119 -0.008223370648920536 0.035872876644134521 1
-0.081279076635837555 -0.010843322612345219 -0.0093076154589653015 1
-0.08097732812166214 0.0038862060755491257 0.008424428291618824 1
-0.080863796174526215 -0.0081333434209227562 0.037108119577169418 1
-0.080571888545391879 -0.0083519211722343743 0.035305329061711729 1
-0.080181784927845001 -0.0081015527248382568 0.036956498399376869 1
-0.079965114593505859 0.0067650852724909782 0.033477522432804108 1
-0.078181557357311249 -0.0073015834204852581 0.014196385629475117 1
-0.073599368333816528 -0.0009046585182659328 0.0047960118390619755 1
-0.072663545608520508 0.0032551663462072611 0.021768711507320404 1
-0.07203354686498642 -0.0072187427431344986 0.033785335719585419 1
-0.07147795120169434 6.9189975685108977e-05 0.016999982468757144 1
-0.070861823856830597 -0.01292144600301981 -0.011579049751162529 1
-0.069577389942177756 0.009493404863986088 0.025315475485505688 1
-0.072047934636332689 -0.0088470955992604929 0.031607086180492107 1
-0.070081278681755066 -0.014036968350410461 -0.016802441328763962 1
-0.068331897258758545 -0.011837259866297245 0.004529908299446106 1
-0.068103969097137451 -0.0017181800212711096 0.043394181877374649 1
-0.068144092674627552 -0.0092383464213735642 -0.050262003228493432 1
-0.066954299807548523 -0.0018540718592703342 -0.054079979658126831 1
-0.06643328070640564 0.00023469174630008638 -0.031152769923210144 1
-0.067037697530761983 -1.6534165510625822e-05 0.045697765979102543 1
-0.065302632749080658 -0.008884212002158165 -0.028128502890467644 1
-0.065143488347530365 -0.008550131693482399 0.036720708012580872 1
-0.064491948674011465 -0.0090304162053555306 0.036199261943403761 1
-0.064347466327517866 -0.010811455890201077 0.034400994681768951 1
-0.064005322754383087 -0.0060340776108205318 -0.044318962842226028 1
-0.061922183260313381 -0.0085398182272875631 0.036382576450695155 1
-0.061256535351276398 -0.0024440798442810774 0.017816998064517975 1
-0.06116967648267746 -0.0044621257111430168 -0.023199260234832764 1
-0.060439481993905898 -0.010922236271483584 0.042426227263897685 1
-0.060213525655532542 -0.0086721274782132571 0.03655726130735755 1
-0.056700261935319622 -0.0080796099827569554 0.026383762046391524 1
-0.056234296411275864 -0.014614442363381386 -0.016797520220279694 1
-0.055059143587709997 -0.0007804462777673952 -0.0066934458823985042 1
-0.054548036307096481 -0.0054076649248600006 0.027205616235733032 1
-0.054826472226709069 0.0023817587440502388 0.042664475178821569 1
-0.054440594712506812 0.0099419193000002352 0.043357419508809322 1
-0.054695827172471012 0.0046098297662778755 0.02583759912565485 1
-0.052677251398563385 0.0013144497061148286 0.044381763786077499 1
-0.047198399530535937 -0.0086099721997411807 0.043124117121581734 1
-0.046154447115829056 -0.0033108647147286232 0.053599483450513817 1
-0.045958533883094788 -0.00033310861908830702 -0.042090442031621933 1
-0.046021726894755928 -0.0016303344458464823 0.051853019130996159 1
-0.045821134001016617 -0.007472592405974865 0.041350826621055603 1
-0.045002568513154984 -0.0085216937586665154 0.040988955646753311 1
-0.045456042103175665 -0.0067861504848954106 0.046316858353856544 1
-0.04476898905446091 -0.0086450786540742657 0.042747571020747464 1
-0.043978263174414119 -0.007666822739900922 0.027817272692096183 1
-0.044674162360730019 -0.0093992228773055637 0.040589481726369413 1
-0.043152358943014411 -0.0085971962453498824 0.041683687809932687 1
-0.041796110426118006 -0.0064193760909689616 0.05011541632102684 1
-0.042408600449562073 -0.0058276555500924587 -0.048907671123743057 1
-0.041692614555358887 -0.00904798973351717 -0.0041875052265822887 1
-0.041588578373193741 0.00011631746019702405 0.052631888538599014 1
-0.041436094790697098 0.00014414926408790052 -0.037263244390487671 1
-0.041409354656934738 0.0058422964066267014 0.031453046947717667 1
-0.041363447904586792 -0.013760283589363098 -0.028693797066807747 1
-0.040203796877263269 -3.3308436724275789e-05 0.053662186008750432 1
-0.039990302175283432 -0.013198032043874264 -0.040440622717142105 1
-0.038752014899083302 -0.0058315511522358983 0.046284586452244661 1
-0.038880127373061908 -0.005737640963322947 0.049026440154224624 1
-0.038921985775232315 -0.0068245381116867065 0.033633559942245483 1
-0.03824736550450325 0.0082118473947048187 0.050048872828483582 1
-0.038930729145421082 0.010636594647169156 0.032883504131041026 1
-0.038555039533393537 -0.0089786519553615544 0.046254883483332253 1
-0.037948191165924072 -0.001703001675195992 -0.028121843934059143 1
-0.037408236414194107 -0.0013730417704209685 -0.0072105806320905685 1
-0.03662517432981377 -0.005820465864577927 0.048357508378125108 1
-0.036715645343065262 -0.0018583969213068485 0.054793789982795715 1
-0.036503880080205664 -0.0041035687807309661 0.056181367314258795 1
-0.035646508443374664 -0.0052612146269873407 0.056400088023712228 1
-0.035052888095378876 -0.0032752170227468014 0.054780561476945877 1
-0.033700651458835079 -0.0023375432049509343 0.0565716292327871 1
-0.033609740325100411 -0.0073776901651682976 0.055033897245862586 1
-0.032430674671755019 -0.0019524735953571331 0.052623046966385333 1
-0.032183918532374234 -0.0044935928224014397 0.0036830319169224735 1
-0.032210510162123715 -0.0088138306423908748 0.030796268127004946 1
-0.032203563754644352 -0.0011663545418220483 0.059745221725632444 1
-0.032221983514794696 -0.0033712213820070117 0.058118991038259654 1
-0.030895299844116222 -0.0066637313845893083 0.054663833342457023 1
-0.030236247749954787 -0.0040331915498888395 0.059036716511610833 1
-0.029844882472540933 -0.009899649200116092 -0.00073385751709728565 1
-0.029494323795219619 0.00014915587300129286 0.058011506982984795 1
-0.028630787506699562 -0.0076177697628736496 0.054116364568471909 1
-0.028457338936936936 0.01266731393783244 0.052571109030923366 1
-0.026600816142307561 -0.0050607156778414118 0.057629083082525588 1
-0.025774301514242353 -0.0027995554737677212 0.061562891831584483 1
-0.025785785168409348 -0.00021668865520041436 -0.011426810175180435 1
-0.025226045399904251 -0.0031503606587648392 0.059479333460330963 1
-0.024741864765543683 -0.0086994215058745807 0.0780396000640214 1
-0.024727927520871162 -0.0038460101932287216 0.059919070452451706 1
-0.025344337514373483 0.00096638285941510332 0.060232586180650485 1
-0.024423334747552872 -0.00741621945053339 -0.0046315304934978485 1
-0.024237509816884995 -0.011022032238543034 -0.055106416344642639 1
-0.024200921878218651 -0.010041617788374424 0.058648254722356796 1
-0.023610429248214059 -0.0017442748542594914 0.062565366488706739 1
-0.023844385519623756 -0.0056975460611283779 0.060713084414601326 1
-0.023444576754012975 -0.00068206489675615969 0.061898251202630393 1
-0.022992825185723719 -0.015789659759871944 -0.015416798516274218 1
-0.023187743852087789 -0.007893765678743064 -0.0064711019281681464 1
-0.023062163963913918 -0.0027305975090712309 -0.047168340533971786 1
-0.022553518414497375 0.0017628296045586467 0.059525936841964722 1
-0.022498393431305885 0.001342097413726151 0.061072122305631638 1
-0.021700290717710017 -0.0027629381417291436 0.062558258573051723 1
-0.021953687766966885 -0.0085023578782786758 0.062752061305719947 1
-0.02074737474322319 0.0018920090515166521 -0.031772278249263763 1
-0.021271666827829654 -0.014096583340625569 -0.025389097454533251 1
-0.020582715049386024 0.009425911121070385 0.036476161330938339 1
-0.021313458991404508 0.0013213171719381521 0.062199144473649333 1
-0.018839454278349876 -0.0014047696022316813 -0.065815180540084839 1
-0.018818346783518791 -0.0035943929105997086 0.062861032783985138 1
-0.018176870420575142 0.010722450911998749 0.056898314505815506 1
-0.017676105722784996 -0.00077821651939302683 0.0037315089721232653 1
-0.015849975869059563 -0.017857171595096588 0.057669699192047119 1
-0.016932328220834215 0.002625905260250467 0.062157480494918572 1
-0.014307156390735631 -0.010275707227927115 0.034769689848042934 1
-0.014391939155757427 -0.007260533981025219 -0.02199038490653038 1
-0.01407028510092374 0.0023701968048986354 0.063683287427470286 1
-0.011982714351477498 0.012336862903255747 0.035403189646133822 1
-0.010958008784848237 -0.0050108706737576466 -0.0096921713940175108 1
-0.010654041543602943 -0.0022360540460795164 0.086639992892742157 1
-0.01014070026576519 -0.0064331507310271263 -0.034001410007476807 1
-0.0090843141078948975 -0.012378496117889881 -0.07401265949010849 1
-0.0078748902305960655 -0.016244009137153625 0.086245916783809662 1
-0.0080985487908175439 -0.004541829998929099 0.00077271977747743904 1
-0.0075108427532312007 -0.017468026779476915 0.044285882322841065 1
-0.007752783611831137 0.014559000569616244 0.06079895416541993 1
-0.0070595537691287343 -0.0077580820836087097 0.063588683161843587 1
-0.0066735399886965752 -0.0076132523827254772 0.036615155637264252 1
-0.0066351671703159809 -0.015664784237742424 -0.042835533618927002 1
-0.0065159262157976627 0.0049552475102245808 -0.035363312810659409 1
-0.0060970364138484001 -0.0030068391934037209 -0.082125537097454071 1
-0.0046351072378456593 -0.011470253579318523 0.052143510431051254 1
-0.0021804622374475002 -0.00096321891760453582 -0.075865715742111206 1
-0.0012144745560362935 0.00038194324588403106 -0.061588704586029053 1
0.00093149091117084026 0.0052034119144082069 0.067940101027488708 1
0.0010579215595498681 -0.0059099700301885605 0.073501504957675934 1
0.0027160127647221088 -0.0098770977929234505 0.065332241356372833 1
0.0028321498539298773 -0.0022707509342581034 -0.021426567807793617 1
0.0028944010846316814 -0.010507057420909405 -0.0083799688145518303 1
0.0029044770837505377 -0.019539937611363398 0.061999703378842461 1
0.003253628069459568 -0.0071143843746231984 0.037467333169997084 1
0.0035531839821487665 -0.007833041250705719 -0.032183218747377396 1
0.0039550899527966976 -0.0034654529299587011 -0.048573896288871765 1
0.0060431933693004128 0.015283177229386082 0.057026511727359321 1
0.0065171787446494777 0.0072744079429407256 0.071914532938633841 1
0.007035096175968647 -0.011483359150588512 -0.07695963978767395 1
0.0091767739504575729 0.0096656382083892822 0.039026182144880295 1
0.0097026806324720383 0.011807095259428024 0.060556229203939438 1
0.011230669915676117 -0.00073568319203332067 -0.01304165180772543 1
0.012283013202250004 0.0079789664596319199 0.042273566126823425 1
0.013159714639186859 -0.012524028308689594 -0.059915762394666672 1
0.013356750831007957 -0.014104942791163921 0.071408018469810486 1
0.014453905634582043 -0.0012559952447190881 0.076045386493206024 1
0.014406052377979369 2.4896645729983109e-05 -0.035671266080515969 1
0.014773114584386349 -0.0020204498432576656 -0.083837635815143585 1
0.014787777327001095 -0.0090534370392560959 -0.031981699168682098 1
0.01517818495631218 -0.012011530809104443 -0.050375338643789291 1
0.015934230759739876 0.0021652269642800093 0.075486861169338226 1
0.01622399315237999 -0.0097906487062573433 0.052215885370969772 1
0.017578509969562072 -0.0059825980093686087 0.072579690875198888 1
0.017170280302174584 0.013384124365470084 0.051493350090240413 1
0.017731538530554924 0.0075997718899354604 0.072593162339126424 1
0.018232144209603299 -0.0081355257667679835 0.068723679951330469 1
0.018512455746531487 -0.00096258084522560239 0.067984767258167267 1
0.018592871725559235 9.1630472525139339e-06 -0.067220762372016907 1
0.018747404217720032 -0.01367041002959013 0.078730374574661255 1
0.019176475831693813 0.011116256640820062 0.069351528770225046 1
0.018995312973856926 0.011403308250010014 0.068617209792137146 1
0.019009048119187355 -0.014340055175125599 -0.084212236106395721 1
0.019502477369431486 0.013218094587589498 0.065791579724450169 1
0.020447275463873198 0.012435744902043857 0.068031497192023893 1
0.019548664996905381 -0.0018334832994944079 0.0729619108785 1
0.019776999933383735 0.012210570104010873 0.064694078857070847 1
0.019979815930128098 -0.010104144923388958 0.068372964859008789 1
0.020202057893902475 -0.010267663505357707 0.063925044641601619 1
0.020769009127623646 0.0070601512134111548 0.070799113304470987 1
0.020633876323699951 0.0045392853207886219 0.073595978319644928 1
0.020648822048115439 0.01413490020529095 0.062388528213479191 1
0.020365261074774012 0.00090372952980243091 0.07082357512449651 1
0.020948761393732106 -0.0059312159301288091 0.067785049849972856 1
0.02134331502020359 -0.010704680345952511 0.060079976916313171 1
0.021554291248321533 0.0075273625552654266 0.075431957840919495 1
0.02198171973425524 0.01361395919780058 0.066993180457909196 1
0.021735005080699921 -0.014442604035139084 -0.06415654718875885 1
0.021613245169966662 -0.010850772573754169 0.062507194627152374 1
0.021878142576151033 0.0087833651224141461 0.067431874642677511 1
0.022168731143495244 -0.011847541246304622 0.05668337350317873 1
0.022195290774106979 -0.0069269840605556965 0.064609959721565247 1
0.022196401176859479 -0.0040700699729594439 0.066460008488597982 1
0.02237034069728102 0.011943758872811376 0.064444382757528257 1
0.022394891703331633 0.0010589740340127473 0.076400751114768364 1
0.022599971423218745 -0.010920847562383647 0.059318519604672861 1
0.022609677661398021 0.013463079068983577 0.057607756268385289 1
0.022545652369381726 -0.010411688178700737 0.061833467634618243 1
0.023291968674321251 0.011204350010301116 0.06321587830270628 1
0.023398642428219318 -0.010930214542895555 0.055248655378818512 1
0.022430716468654362 0.011261410863532034 0.070481897569750221 1
0.023503022899119826 -0.0073164770798826431 0.060684639121106596 1
0.024092250843119573 -0.010589952850755528 0.053438016616371257 1
0.024174652993679047 -0.0013677689712494612 0.075257144868373871 1
0.024403350290760795 0.012263420971342474 0.060364536762430324 1
0.024317643753259302 0.0087896123719423749 0.070192659686990871 1
0.024714674800634384 0.012257712893188 0.057535029947757721 1
0.024725228548049927 0.014050613157451153 0.052286606281995773 1
0.025289516896009445 -0.00029109040042385459 -0.098108164966106415 1
0.025293928480335372 -0.0059290835748839581 0.051201577815780039 1
0.025606606155633926 -0.01180891040712595 -0.10075873881578445 1
0.025901890917140746 -0.0087302247901762317 0.055327899659426666 1
0.025734811110586911 -0.0077946704179468499 0.048998053456718219 1
0.026359599578870786 -0.0089277839600188109 0.051539293669701995 1
0.026405258104205132 0.011397839523851871 0.054405543953180313 1
0.026422800229468111 0.00064111032114282616 0.043018082589939992 1
0.02665245532989502 0.011947273276746273 0.048000384122133255 1
0.026616854561716613 0.014393883306340585 0.067571597673321021 1
0.026991507038474083 -0.0052912477403879166 0.052922934293746948 1
0.026771368592667932 -0.0014669528455614478 0.048103149552193816 1
0.027548808604478836 0.009312555193901062 0.05074300616979599 1
0.027763441205024719 0.0058677089400589466 0.074546977877616882 1
0.027834374457597733 -0.0073401755653321743 0.055423632264137268 1
0.027923449873924255 -0.0062816557474434376 0.045069087296724319 1
0.028108409773203148 0.0091716563726106579 0.076080865972234568 1
0.028305090963840485 -0.0048238201998174191 0.048151146620512009 1
0.028417032555388359 -0.0062097256853960751 0.05104264048490538 1
0.028623141348361969 0.0068539655767381191 0.045447971671819687 1
0.028646368533372879 0.010560973547399044 0.046928815543651581 1
0.028690341860055923 -0.001720370608381927 0.078450247645378113 1
0.028833097507404835 -0.0079145669327569893 0.046472989675843374 1
0.028774938046491939 -0.0074404738866802253 0.048298999459902403 1
0.029151242226362228 -0.0066391848959028721 0.052443012595176697 1
0.029400251805782318 0.0013846349902451038 0.048291448503732681 1
0.029579499736428261 0.0060215429402887821 0.077931717038154602 1
0.029466555532566111 -0.0027230551603638262 0.07848684506162773 1
0.032056583868512109 0.012598529961412247 0.051683303523153395 1
0.03033985483838755 -0.0033131561671349485 0.072072944339707484 1
0.03105262853205204 0.0077989515848457813 0.049128677695989609 1
0.031220870092511177 0.01081373356282711 0.052402850240468979 1
0.031784038688444677 -0.0030008272869183989 0.077868814411043402 1
0.031263299286365509 -0.00055848760530352592 0.076682224869728088 1
0.031668193638324738 0.0120347049087286 0.069098025560379028 1
0.031406108293945231 -0.0027596976825092221 0.045699083234523118 1
0.030585321068768431 0.012002808297479595 0.058093017800158499 1
0.03285812895669344 0.014397213138512419 0.059156905936621436 1
0.032084689645897772 -0.0080861300903232926 0.050352011468486529 1
0.03201168030500412 -0.0029605242889374495 0.079118810594081879 1
0.033083171440738725 0.013555111108640992 0.071504465359152086 1
0.032998256385326385 -0.0069814939051866531 0.047586530447006226 1
0.033050816506147385 -0.00034824383328668773 -0.079094178974628448 1
0.033089542532904984 -0.014804603915192577 0.062851589959368723 1
0.032620880119010064 0.0056762926573980972 0.0467562641122512 1
0.033287670463323593 -0.0048242267221212387 0.049081932753324509 1
0.033964913338422775 0.00717918761074543 0.076370038092136383 1
0.034653751374381578 0.0023375613549620373 0.080343150800528049 1
0.034435935318470001 0.011475870385766029 0.075243018567562103 1
0.033872819273868447 -0.0063275002435520646 0.052857036782540265 1
0.034889817237854004 -0.011681338772177696 -0.08442213386297226 1
0.034767198856466189 0.0092573820622200223 0.048885364241381332 1
0.035031857127289907 -0.0076740887239359432 0.057600253145504203 1
0.035543706268072128 -0.0064323060214519501 -0.056943446397781372 1
0.035176743649917998 -0.00015157924412476402 0.047546190169710269 1
0.036188766360282898 0.0094130504876375198 0.052861835807561874 1
0.03567836027757347 0.0088230188295645232 0.079486950893176422 1
0.036467036232352257 -0.0034596446203067899 0.079294968396425247 1
0.036885693669319153 -0.0043822992593050003 0.050268616527318954 1
0.037529123758259474 0.011571789819742787 0.052511461999329746 1
0.037222994496701002 -0.0077279596832094928 0.051340680679167125 1
0.037800639942114272 -0.0034276343758015411 0.082131029107105569 1
0.038265438097146262 0.013034238600827469 0.056715826972203842 1
0.038147721439599991 0.011476806364953518 0.072804644703865051 1
0.039725695230437112 -0.0037650992675299665 0.082221360766525795 1
0.03913543417879975 0.0015750930017502029 0.051483833469860324 1
0.040824252094475925 -0.0037207553585892018 0.084956526161995657 1
0.039814889430999756 0.012188795953989029 0.063673928380012512 1
0.03955205739335646 0.0039570540729277539 0.049437900367965547 1
0.039615017961179666 0.002189956395642022 0.080022041266803609 1
0.040186204325313224 0.010819018477251438 0.059011339797654515 1
0.039119592586799597 -0.0062256295073063773 0.05582960206872592 1
0.040146296935076813 0.0074975612005417696 0.08189969966273257 1
0.040561772882938385 0.007263117004185915 0.07891140878200531 1
0.041336391121149063 -0.009534686803817749 -0.096727475523948669 1
0.041659962385892868 -0.0040696416981518269 0.081947721540927887 1
0.041694184112221006 -0.0059294345659857669 0.049851770590179027 1
0.042271703481674194 0.007770999800413847 0.0512063167989254 1
0.042372662574052811 0.0071885129436850548 0.053779486566781998 1
0.042891852681237977 0.01384003007807514 0.063661989893071272 1
0.042762141674757004 0.012264187447726727 0.077405482530593872 1
0.043843489140272141 -0.0046779382973909378 0.053426656872034073 1
0.043862130492925644 0.0057794558815658092 0.083872981369495392 1
0.044082812964916229 0.0096066417172551155 0.056212577968835831 1
0.04464944906244158 0.011613155861929307 0.055562050142303428 1
0.045329522341489792 -0.0091723641380667686 0.068204447627067566 1
0.045501571148633957 0.014493642374873161 0.075119458138942719 1
0.045627297304440484 -0.00406925129290056 0.08430180149143357 1
0.046451894354685788 -0.0079357973516626344 0.056034282040496514 1
0.04647265088961177 -0.0067983669434557034 0.06071536088469081 1
0.046407323330640793 0.012318039312958717 0.074950546026229858 1
0.046486566172157864 -0.0019258610256971589 0.082779452764979652 1
0.048484724263082209 0.011032464214866455 0.064121058439324669 1
0.047131571918725967 -0.010366193950176239 0.065391838550567627 1
0.047342568635940552 -0.0038187743630260229 0.054727870970964432 1
0.047396030277013779 0.012318039312958717 0.068190634250640869 1
0.047770753502845764 0.005882705096155405 0.082225099205970764 1
0.049824370417774114 0.012737597800606557 0.061815026314625855 1
0.048325638129689881 -0.0044478021814259808 0.05274809755055998 1
0.048612203449010849 0.0098847988992929459 0.06057434156537056 1
0.049229552462045856 0.0013375503367773134 0.085782528084241527 1
0.049136746689347047 -0.009008981743389325 0.070512395759210603 1
0.049694947577447544 -0.010703269271954956 0.067904474069321735 1
0.049324329942464828 -0.013239831663668156 -0.095362991094589233 1
0.048707385663209257 0.0062571770169469101 0.053771154238400058 1
0.050392039120197296 0.0045331050641834736 0.056695014238357544 1
0.05040585063397867 -0.0097324782982469958 0.069896016269921882 1
0.051545370347559377 0.010811576721556007 0.057355401661676915 1
0.052528938937635272 -0.0094383581911830217 0.081871632034992398 1
0.052073080092668533 0.0096636572852730751 0.085112378001213074 1
0.052185904234647751 0.011230237782001495 0.069228991866111755 1
0.051218496797286399 0.014152233577270815 0.068183167342824688 1
0.052160863090032678 -0.0064273041398346638 0.063022214527753473 1
0.052922777831554413 0.011682311072945595 0.077429883182048798 1
0.053728878349713655 0.013451441660389652 0.079746179641232248 1
0.053883657981395272 -0.0088823956753426581 0.063796700549257804 1
0.053198188543319702 -0.010290593840181828 0.068854056298732758 1
0.054193070378601979 -0.010334108318926444 0.070872970923422471 1
0.053407891699741819 -0.0016683438068800973 0.085163467251713657 1
0.053587816655635834 -0.0082422662526369095 -0.10091718286275864 1
0.053265988603500083 -0.0094673324471076237 0.07196640656070194 1
0.053038967386523916 -0.0066246327008637682 0.077875067682080898 1
0.053817359535059651 -0.0077446090511612787 0.069910770405195402 1
0.053661786370727417 -0.0062538940022891665 0.055398199856794852 1
0.053909890353679657 0.012318039312958717 0.070948988199234009 1
0.054287124425172806 0.0064708930440247059 0.08394063264131546 1
0.055358291156452924 0.0020615359944835881 0.088000503087294596 1
0.05525653064250946 -0.0041605280712246895 -0.085264027118682861 1
0.055647559463977814 -0.0045951865613460541 0.058943018317222595 1
0.056060206480100988 -0.0096564137096203217 0.073830813596337627 1
0.05624919682333393 0.011852678566286436 0.062317418540821901 1
0.056439351290464401 -0.0035500703379511833 0.087833553552627563 1
0.057838542665065489 0.010642950141080923 0.067222227953563904 1
0.05734630674123764 0.0038995835930109024 0.057166989892721176 1
0.057655133306980133 0.0046274289488792419 0.06012224406003952 1
0.058613430110824045 -0.0037484798600619274 0.08929403161798008 1
0.059397675096988678 0.010142436251044273 0.082768157124519348 1
0.058903697435096672 -0.0074500805841803894 0.069342008319489556 1
0.059115345516716856 0.001830019625342093 0.089392674963772789 1
0.0611075787240941 0.011497776663797017 0.079220415146205231 1
0.059954252710377715 0.011146307816596999 0.086397447776528746 1
0.059501990067420248 -0.0056321996101502186 0.057755155674276012 1
0.059750220977868397 -0.0076356987435709598 0.061622788614048074 1
0.060138782310763687 -0.010459016525634739 0.075582282857528479 1
0.060273783956588195 0.011368915709736149 0.074333008277975399 1
0.060839036796194346 0.0085640579929892966 0.059519992526772696 1
0.059982071410702095 -0.008548227629025202 0.075278030307895316 1
0.059992919913113896 0.0052294708794787381 0.086275649379543171 1
0.061931848526000977 -0.0037415232509374619 0.089246354997158051 1
0.060351706926465437 -0.0011848554876641567 0.090080593692519723 1
0.062018747636106666 0.013885417680895844 0.074843839310222801 1
0.06217188760638237 -0.0050678583793342113 0.0620376355946064 1
0.06115858929219619 -0.0096022913116453577 0.068792759379254387 1
0.064182849359710234 0.0013111937578197033 0.088672032443676427 1
0.062770292162895203 0.0096714291721582413 0.066087923943996429 1
0.063216365873813629 0.014378063380718231 0.081718578934669495 1
0.062969194711524762 0.010760052548685357 0.06343136404966547 1
0.06408990372796243 -0.0028226072566966088 0.091999547825250938 1
0.063859768211841583 0.005931065883487463 0.062428005039691925 1
0.064210917016098129 0.001773260801523204 0.059874040600056827 1
0.064610944950929033 -0.0081961532566790576 0.066173676390176461 1
0.06628816344417672 0.011892589761423251 0.087222912345470277 1
0.065285866054662495 0.0070724984349943721 0.091005027263130492 1
0.066685634392974369 -0.0080407038277500193 0.077285433588256014 1
0.066578256599386404 0.010899203046935235 0.083805759256430384 1
0.066213682293891907 0.0069665741175413132 0.088354460895061493 1
0.066613830626010895 0.0094503499567508698 0.062263317406177521 1
0.065322603021019707 -0.0096626788766810794 0.071581298822400885 1
0.067536413669586182 -0.0047611426562070847 0.063588567078113556 1
0.068775697794860507 0.011905899022999891 0.077854498166286673 1
0.068752366425390968 -0.0063385166276097782 0.069692999869881908 1
0.06870235635973565 0.010359791035737805 0.07123552511992326 1
0.066871673589123021 -0.0053917119726118352 0.06066956255212428 1
0.06936929774345478 -0.011044816032239245 0.081028210123674685 1
0.069289423525333405 0.0082779629155993462 0.065748780965805054 1
0.069655500312023097 0.0031697922543765036 0.090563588757519728 1
0.069477573037147522 -0.0032094630878418684 0.09235585480928421 1
0.070313873817847858 -0.0039262453155958161 0.094796602812668343 1
0.070193825479273442 0.0027676756172012118 0.065186544161072557 1
0.071321368388972434 -0.0083507795126435257 0.070642769072498668 1
0.07010661721171714 0.01380274618470669 0.084805454276489792 1
0.072093382686207574 0.0052891515579421471 0.09449299813256723 1
0.071635643969919435 -0.010127313493715472 0.078895154820618554 1
0.072073239066487021 0.003255701424765437 0.063206155850200271 1
0.068280258036313851 0.011822456847245992 0.067751988003195263 1
0.072281494736671448 0.010020663030445576 0.088114216923713684 1
0.072351032425781517 0.011683311143764221 0.090239855873611871 1
0.072563211556620544 0.013230728054854885 0.075116563658682994 1
0.072217103290169296 -0.0070654323934117875 0.064278045217115637 1
0.073299184441566467 0.014493642374873161 0.078987069427967072 1
0.073718506589842914 -0.0014522692577534704 0.096596064326567407 1
0.074108578264713287 0.0078508183360099792 0.067759767174720764 1
0.07438612020936447 0.0094849050755728692 0.065754284626467027 1
0.077510910975996522 -0.0079099637185038266 0.071205406074767524 1
0.074493885040283203 -0.0036568506620824337 0.094900891184806824 1
0.074848460511989678 -0.0079538786653084708 0.07907964739223998 1
0.075550839304924011 -0.0047261100262403488 0.066850036382675171 1
0.07560169976961531 0.0021977521095404512 0.093542254818195711 1
0.075675234198570251 -0.0046175247989594936 0.063982799649238586 1
0.075910613521515777 -0.0050797854201891368 0.096446116509717725 1
0.077539596152269519 0.0014958431325486497 0.068055852632427458 1
0.078231288465165597 0.010981436585719449 0.077365350402241184 1
0.077949571106460488 0.011838922729765042 0.085092126079750141 1
0.077412113547325134 -0.0034305516164749861 0.096129246056079865 1
0.077485829591751099 0.013974464498460293 0.088320463895797729 1
0.077594302594661713 0.010601182468235493 0.089477039873600006 1
0.078497752547264099 -0.0096786059439182281 0.081564627587795258 1
0.078582391142845154 0.013405840843915939 0.080653056502342224 1
0.078737259210056379 0.011289980010865796 0.093241548933684762 1
0.078646143508159946 0.012099153648452319 0.073733069761556552 1
0.078118527400974247 0.0093056963015105566 0.072153166043113504 1
0.07914057442363287 0.00046428776371590158 0.098085678740763682 1
0.07952793687582016 0.007996988482773304 0.096532821655273438 1
0.079422247651003738 -0.0064871876580606018 0.07505546741126809 1
0.08095904209371059 0.0013959504521903359 0.066892375095676346 1
0.08013925701379776 0.0077088712714612484 0.093354232609272003 1
0.08065724000385921 -0.004858260043226063 0.098556570707897348 1
0.080133527138140925 0.0089771661900083094 0.06838783079223977 1
0.081268556416034698 0.0068085091188549995 0.07027849555015564 1
0.081839150346540351 -0.0067973457455615558 0.067155632635625032 1
0.082313560642746142 0.014484592224291592 0.083425274795827051 1
0.083952400148945602 0.0033939143781187928 0.099519163331159913 1
0.083168291841344111 -0.0072268608381902064 0.080040211158022428 1
0.083491198718547821 -0.0047373576089739799 0.069948934018611908 1
0.084075983889827802 0.013042311288064977 0.092889056200328571 1
0.085115439645904581 0.010685043997134512 0.073000058233767567 1
0.085152988363506862 0.012622162924492883 0.077816690980995237 1
0.085224358771281081 0.0038502937759000008 0.069101533486053357 1
0.084941741504085469 0.0010535675204706503 0.070915404907234872 1
0.085748612880706787 0.01106706727296114 0.091130442917346954 1
0.08601716160774231 0.011089032515883446 0.0802784264087677 1
0.086035795509815216 -0.0049586999230086803 0.10100119560956955 1
0.08715406465433792 -0.0011882933831935166 0.098816015705601973 1
0.085642785812803365 0.014245237112754003 0.089723100981877801 1
0.086450070142745972 0.01031057070940733 0.097127310931682587 1
0.08696380072461235 -0.0046878914373709914 0.10166864712828295 1
0.08678659051656723 0.013405840843915939 0.0846676304936409 1
0.086933054029941559 0.011459521949291229 0.087812870740890503 1
0.087155468761920929 0.0064557436853647232 0.096742883324623108 1
0.088154659734597907 0.0091738989845810155 0.076486900013671311 1
0.087311059236526489 -0.0048676528967916965 0.10107725113630295 1
0.08781971172649107 0.0022871029156715603 0.10122023449160093 1
0.087950780987739563 -0.010824776254594326 0.09427410364151001 1
0.08800186961889267 0.0076766796410083771 0.099977307021617889 1
0.088419467210769653 -0.005230605136603117 0.06921713799238205 1
0.088503137230873108 -0.0049179503694176674 0.072792910039424896 1
0.086233577053479379 -0.0089453346542423713 0.078829923684843428 1
0.08998249069216499 -0.0071910177287006355 0.071945283290377082 1
0.089165235260853182 -0.0069976369921410739 0.082452621886306685 1
0.089996834928671388 -0.0096631351225929963 0.085315763630817609 1
0.089420951902866364 -0.0090474644675850868 0.084779068827629089 1
0.089532859623432159 0.0070505589246749878 0.073500104248523712 1
0.090398930013179779 -0.0042794058099389076 0.10119254142045975 1
0.091047499895620124 0.0014778339903428173 0.073936281803586537 1
0.090818315744400024 0.014493642374873161 0.087074875831604004 1
0.090147162636124975 0.013128664480091512 0.09525936527549711 1
0.091178558766841888 0.0078267995268106461 0.071214154362678528 1
0.091188684102677456 -0.0024574751742896099 0.10368391894159799 1
0.09225549574251854 0.0044769163021983367 0.099423191553055873 1
0.092084990139595937 -0.0077794235618513577 0.086795168016294819 1
0.092347016455313694 -0.0084036656771451484 0.087436931066974255 1
0.092218515603629342 -0.0096154360849792855 0.087870907495914891 1
0.092141188681125641 -0.010700239799916744 0.088266298174858093 1
0.091846587256485784 0.011180658597698023 0.076784083609259632 1
0.094031393527984619 0.0067712189629673958 0.07522524893283844 1
0.09420236546407329 -0.0045456204361317672 0.10498519526201729 1
0.093271155929425809 0.012904568886558321 0.082769034638804431 1
0.093013684648909634 0.00020920722382118413 0.071271112744831402 1
0.094520963728427887 -0.0049191047437489033 0.074259914457798004 1
0.094664096832275391 0.011020876467227936 0.095990188419818878 1
0.096249160539506981 0.013976061162965748 0.094486741307070007 1
0.095422694550537215 -0.0043571323070146712 0.10415382324531443 1
0.095030681317441218 -0.0008220001049858679 0.10415847063485292 1
0.096010110494580511 0.012614003534485961 0.098304106809282532 1
0.095396476155327065 -0.0097595048320610438 0.088293384262076863 1
0.095054495325034752 -0.0037021890923610249 0.10442492907084916 1
0.094543296395386583 0.0071889631045916223 0.10256966842490287 1
0.095869294036540612 0.010061066502782337 0.081502805834208839 1
0.096332513283166055 -0.0037584300786893373 0.10432121863484417 1
0.095780294488456263 0.0061419462921692772 0.10034674390848861 1
0.097703863297954024 -0.0089273465783216883 0.081884851301532141 1
0.097136745903220578 -0.006349735755281285 0.072278677089168936 1
0.096654482185840607 0.0014383404050022364 0.1021382138133049 1
0.096990431270168556 -0.0023058095151781326 0.10455747834726707 1
0.096792276893728282 -0.007993077258213464 0.087713622995700874 1
0.097788126603865599 -0.0090017480701083657 0.084681504628682056 1
0.097203276913195621 0.0075167906603482715 0.073828593345860935 1
0.097193131640171945 -0.0061129226758971844 0.079692575333188756 1
0.099246814846992493 0.013405840843915939 0.088085956871509552 1
0.10073079242892737 -0.0075828990448004938 0.077629679603663751 1
0.099465208999698407 0.01008092987471826 0.1015385157650668 1
0.099044877635499975 0.0004831145460735336 0.075502310051681343 1
0.10223022356075945 -0.0090036371743611402 0.084769838761845281 1
0.10032597628834301 0.0011685596307031158 0.073854655267690528 1
0.10123515564573499 0.012064692872322105 0.10100731859579146 1
0.10183226126194517 0.004463903285565278 0.07746112803699863 1
0.10032330453395844 0.0088543929159641266 0.080124855041503906 1
0.10038693249225616 -0.0052648531273007393 0.076465122401714325 1
0.10144348671101439 -0.007937118346420852 0.088628556797259866 1
0.10169096864284863 0.0085708217774534447 0.07638442815873879 1
0.10182400945964959 0.010147116840598694 0.10166218936181871 1
0.10203846278358399 0.012729493460359306 0.1001886327505157 1
0.10220055282115936 0.0051329717971384525 0.10457776486873627 1
0.10483710737805704 0.011751113557742943 0.083763663495079799 1
0.10292521563298761 0.0036417700384951167 0.10311415484693268 1
0.10306774824857712 0.0067797335796058178 0.10234242677688599 1
0.10340305371310311 0.0021401035518884151 0.1019778873133155 1
0.10205053426808398 0.014447639891968608 0.09114851583659063 1
0.10342868103263742 0.009155379887138328 0.10078792466959109 1
0.10412527542656611 -0.0050178781808338391 0.074568900096717086 1
0.10341113401772441 0.011315418732736757 0.096771939995745904 1
0.10382780846474103 0.0086910008158174786 0.099761206250871037 1
0.10454083979129791 0.011002454906702042 0.097403518855571747 1
0.10484558343887329 -0.0011968231992796063 0.07741277664899826 1
0.10569019069022581 -0.0078298110550194498 0.080459540503195107 1
0.10493115335702896 0.012042359448969364 0.096743889153003693 1
0.10524837673414651 -0.0062984750559402442 0.084490968248748383 1
0.10575126265896687 0.01409332985392401 0.095667393761229583 1
0.10635319352149963 0.0084158023819327354 0.078069940209388733 1
0.10657676681876183 -0.0079535306431353092 0.087634574621915817 1
0.10662435740232468 0.010890492238104343 0.087908081710338593 1
0.10670214891433716 -0.0049941479228436947 0.080398812890052795 1
0.10716245132994261 0.0021578526067006585 0.076008166089030216 1
0.10799109987598228 -0.0082929309980234022 0.085738411888366006 1
0.10733170715316588 0.0044626395734546701 0.079029582708787946 1
0.10771792063855816 0.01316409321614883 0.088968136333241937 1
0.10860096663236618 0.010647227987647057 0.086472436785697937 1
0.10887741470348061 0.0099018010485549292 0.085743264652648782 1
0.10924613580277799 0.010053614078426044 0.08185845698067945 1
0.10938763064004514 -0.0087761738529413321 0.084293987315580049 1
0.10913495413639408 0.0086642878331921434 0.084657916440829123 1
0.10962203619432323 -0.0073567934769729728 0.08357767610781322 1
0.10984089225530624 -0.0050780824385583401 0.077063031494617462 1
0.10932864714162671 -0.0076580213893513664 0.085101487896061465 1
0.10988793923143059 0.011224410131552537 0.084020311462435576 1
0.11022993922233582 -0.0071008950471878052 0.085679858922958374 1
0.11037323855044549 0.010219300656250745 0.08349378845075095 1
0.11029370874166489 0.0020016820635646582 0.080243311822414398 1
0.11050566285848618 0.0093766944482922554 0.082833588123321533 1
0.11101601732201438 -0.007419336582547645 0.08617149922365272 1
0.11114295001986163 0.0095053677207062367 0.077942944979916981 1
0.11145086606826268 0.0056825652496091429 0.080995769804012102 1
0.11202469753722159 -0.0021823530734441147 0.080953218311904954 1
0.11240953715419039 -0.0069806381175232385 0.084587412532946285 1
0.11254055907656785 0.0022206534390668839 0.07882168924750016 1
0.1130812019109726 -0.0069356267340481281 0.081319376826286316 1
0.11364676058292389 -0.0053639751859009266 0.079749643802642822 1
0.11441439657686124 -0.0082608241724161958 0.093111357471162545 1
0.1179974228143692 0.0010605233255773783 0.10400816053152084 1
0.11801352351903915 0.0047351103276014328 0.098566554486751556 1
0.12386402199100456 0.011211735224305493 0.095080821262204879 1
-0.055012255907058716 -0.010442624799907207 0.00017120153643190861 1
-0.012178729630311311 -0.008472679565877151 -0.0046866509372758903 1
0.027150087590469909 -0.0069699646439774447 0.063077879779054949 1
-0.075913162697773748 -0.0081321094486259959 0.022919423366185861 1
-0.027467873576240216 -0.0087646822792068462 -0.060163329249294489 1
0.060432425336495219 -0.0034736626227587449 0.088797989799172888 1
0.026148227862505376 0.005308923798978106 0.049163949881282143 1
0.040303137212507147 0.0096180511496830046 0.054962641348340377 1
0.019097696977197435 -0.0079966770243757902 0.066607157496951203 1
-0.07526492373601959 -0.0058992600020691096 0.032983734910840473 1
0.019072966388145388 0.012281367479624043 0.067160378910102431 1
-0.094588806024934746 0.0083932123774722867 0.022502769840068618 1
-0.026070592347999917 -0.004486832281544284 -0.024973059050289455 1
-0.04200776877533393 -0.0064179000950333447 0.045670380200207347 1
0.10337423605959541 0.011516050158129981 0.10078057969813838 1
-0.030355050228536129 -0.01365823345258832 -0.03274044394493103 1
-0.079392795415039519 -0.005190736132450518 -0.049252742699953847 1
-0.040027068562730542 -0.010797945934277887 -0.014011104200033868 1
-0.070513369042465968 -0.010382357101142903 0.039222883059970175 1
-0.079150929582222807 -0.0014978521932632852 -0.051163519882981963 1
0.023793937678653825 -0.0023590605668497209 0.073873102801681995 1
0.024059427367514499 -0.00023368956290134059 0.054378485091636591 1
-0.0065844848566436491 0.0095749953609710024 0.049858862080174676 1
0.0018676273583281625 0.0090085606015895391 0.047707998878888436 1
-0.058620772196338933 -0.0034600838089730722 0.025983289187381294 1
0.029345501653270885 -0.012701184623944786 -0.075078764139017304 1
-0.017466226348125086 -0.011628175102304898 -0.063554768370565243 1
0.085823739266555787 -0.00955669277019555 0.083577942335193903 1
-0.045225590694355736 -0.013671545159044535 -0.032756656465677061 1
-0.094575873134593189 -0.00013456018847405872 0.027673387937170082 1
0.10948843659218022 -0.0059935507748613837 0.082843215325239236 1
-0.061827712784988345 -0.0082934449752863609 0.02943150431388631 1
0.10757178645951339 0.00064455759679716922 0.10133804387984455 1
0.11343683299985494 -0.0020775541260111339 0.090898917173718549 1
0.018153909701051043 0.0035657909254006729 0.070810683972400396 1
0.019085778085656327 0.012027004185848742 0.066359810315792106 1
0.036374183676783745 -0.011447006355339238 0.080229485893671557 1
0.026521645223889327 0.014251091105236795 0.059007724825724341 1
0.052667179974347687 -0.010743966528148078 0.070152963679646921 1
-0.050519670177618638 -0.0083359622482657297 0.039495691970312746 1
-0.026921208311237458 -0.0084676626735808586 0.05845099907329028 1
-0.037183398476841684 -0.0061748018069196567 0.054437266073227276 1
-0.013768557853744522 -0.013101259707323941 -0.019746731066792009 1
-0.043809319909938402 -0.00036995927379998919 0.028612243966948628 1
0.044116580540317293 -0.0052120754269761723 0.076023338244005659 1
0.024122195489146132 -0.0027822609173650398 0.059360334009547613 1
-0.077524472558349683 -0.0027150962513915865 -0.037319078221809451 1
0.054897894600709263 0.0093278745096672111 0.061217576780413251 1
0.021343785973534448 0.0015790005047156665 0.060728715398902462 1
0.095077464725201954 -0.0050056780055300239 0.1028037405666668 1
-0.08015842785024227 -0.0093183658039161076 -0.051273172428688105 1
0.024110433404794022 0.013947278886335278 0.061462093661273788 1
0.095764828890524706 -0.0053611170843117523 0.10305084821271127 1
0.031446925865053828 0.001526337401557434 0.0460140016294679 1
0.02833653631523372 0.0014734009674542874 0.045292774455842101 1
0.092261815918097553 0.011408702277703126 0.090755282658876224 1
0.098817903820414707 0.011135576037865781 0.088326995027019309 1
0.093865569870605653 0.011170257094017425 0.087221166680706799 1
0.098205500289218761 0.011326514806257881 0.092381791801314075 1
0.024610167281559382 -0.0083245060164093779 0.065503738592626218 1
0.022325572160036559 0.0018039127368151787 0.064362855033787275 1
-0.028628432244299708 -0.0032417276649043232 -0.058792981435655138 1
0.058431131077900288 0.0095562418684919763 0.063697751921648657 1
-0.051881459239700195 -0.010758125653545565 -0.036750892042722021 1
-0.04231995151750078 -0.0089107527125974716 0.046099494097250213 1
0.078329459655076289 -0.010183018414377324 0.082695360472963428 1
-0.012716189814638412 -0.0026233785646610805 0.035128980039130411 1
-0.07094217942963113 -0.0010500605699929211 -0.023363173884896359 1
-0.08504495325360531 0.0091529946406780117 0.019013370722521031 1
0.055235934938206596 0.011219438467803156 0.070338499088271764 1
-0.019830228211859466 -0.010266079685964701 -0.065917180841292625 1
0.045665551113212847 -0.011623472808455814 0.066350522795015757 1
0.047459264610041775 -0.010994050836218098 0.070888597720709268 1
0.050372410565301388 -0.010289483127225392 0.072653225772118621 1
0.045337668271938317 -0.011209850002830339 0.075801279033246752 1
-0.051474574953317642 -0.0057460347888991237 0.0068147464189678431 1
-0.081698819203921011 0.0033040863322328744 0.025288623416555352 1
-0.024789879929107538 -0.0075264638795838109 0.047790348867917345 1
-0.013956668616572979 -0.0058164573076176802 -0.0020787399585042591 1
-0.01279916679457265 -0.0058430267102716786 -0.065892725909069444 1
-0.11952439766179344 -0.00059178390316042603 0.0096672552215339869 1
-0.094736364371988735 -0.002112507383775978 0.034225049908694183 1
-0.11311866031702313 -0.009068779091777739 -0.010543023461472699 1
0.034297261387109756 -0.0033902749273693189 -0.06801881268620491 1
0.065028502011006351 -0.0035280654415788251 0.090303278702663442 1
-0.024184259109418082 -0.00033064606142097679 0.032645553282481941 1
-0.12419930228416473 -0.0048785046843595652 -0.015889913083235754 1
-0.005157102262379084 0.013709255904113024 0.044465552313931671 1
0.035213717099651251 -0.0090812630652001014 -0.070810737034100471 1
-0.12173485083674127 -0.0071871556964524961 -0.012166425599364311 1
0.0065733976947770049 -0.014847281256213502 0.082167127933965092 1
-0.010043180603396254 -0.013147127800483407 -0.011896744159271864 1
-0.11599456998980441 0.0054387266573034058 0.0082348351644451773 1
0.033132907265477927 -0.01280798976943198 0.07442253287099132 1
-0.099964125389165853 -1.2964630892821349e-05 -0.010605573218548287 1
0.0043331683015437111 -0.0017578901934051931 0.080103966345236186 1
-0.0057994019854543371 -0.0077828411303405513 0.050922365286752973 1
0.11396893353127854 0.0098608169707838783 0.081559705408720901 1
0.11229898861102648 -0.0029881151062067942 0.086338348772921333 1
0.01287345331469609 -0.00033562591663505918 -0.0241673405828201 1
-0.087839431939996312 0.0052712642621426916 0.014718404203948075 1
-0.047135016230468063 -0.0011899490758357513 -0.016661798604781102 1
-0.092971427266072562 -0.0045967503186752964 0.0028950630391349451 1
0.039414929962252716 0.012132755031868024 0.06890213800386058 1
0.023861806680177813 -0.012995826923504834 -0.084263370745749813 1
-0.030443046716849803 -0.015036323352975224 -0.020701406613070295 1
-0.014758764924107036 0.013214956073204847 0.047804551012672697 1
-0.011905131123032148 -0.004852127194534081 -0.058659831153193391 1
-0.07806038017007777 0.0021307943759935732 0.016056486819252879 1
-0.0124181231746645 -0.0012141895203161685 -0.054193840590310891 1
-0.10209917277097702 -0.002532257727580145 -0.043456759303808212 1
0.087313645443940602 -0.0060935709746238916 0.096134467573711135 1
0.0031126410162930114 -0.015137026485763837 0.078567194687378744 1
0.090835855223467626 -0.0074823527258262544 0.091840458963116725 1
-0.051854789964930176 -0.0020218431348167426 0.0079503437105515259 1
-0.061927685340078066 -0.0014692860762543286 0.0057542392153327555 1
-0.053934687748551369 0.00018942050519399345 -0.034208007156848907 1
-0.054336013830821768 -0.0038967847040741197 -0.051421034508719904 1
-0.0014728606604910797 -0.0010552065883609935 0.037026635190566912 1
-0.054761519307699312 -0.0056923695033018499 -0.033838680130198077 1
-0.025105970311026814 0.011593337663557593 0.034197121488920484 1
-0.05494159460067749 -0.0075307714287191629 -0.049556663259863853 1
-0.073625363348672368 -0.0080780656266856207 -0.036789826701807041 1
0.0028047366067767143 0.00018285703845322132 0.039444360882043839 1
0.014909366960637271 -0.0031773657537996769 0.040195481851696968 1
0.053749347233148691 -0.0034638632795312638 0.088333177824099163 1
0.004170144949574117 -0.012255207752127142 -0.0374542483125756 1
-0.050842403910115692 -0.0073402434778065094 0.033850494798323041 1
-0.091432559913704498 -0.0085567394124153387 -0.014768998295767201 1
-0.087955617231754199 -0.0050554211845349473 0.035634259699774788 1
0.015822098970982901 0.013030400710660044 0.064629980793841288 1
-0.029273614911597606 0.0012548983213755164 0.035096782272378328 1
-0.051302885636687279 -0.0021589882235275581 -0.030231252312660217 1
-0.067525880411267281 -0.0076937268022447824 0.020280902739614248 1
-0.062295900778992129 0.0098089289671001896 0.034425152939491832 1
-0.056456416845321655 -0.0010935902391793206 -0.048085210844874382 1
-0.017519297667784765 0.013676070999023389 0.057027226277734988 1
-0.049558933824300766 -0.0030825636931695044 -0.025660552084445953 1
-0.075520973414668999 -0.005481527729522046 -0.017440653826376471 1
0.11320336658567887 0.008045775728926733 0.084063932363925176 1
-0.0026060664698578009 0.01095755241463631 0.037006757035748392 1
-0.086225472148080615 -0.0016109763754287626 0.013441416607208639 1
-0.034579829147574209 -0.0095846644958795593 -0.0020393294019784148 1
-0.05146153330721704 0.0045871795218303656 0.0310990575981633 1
-0.028003117669829807 0.008079762439843664 0.033486323927743845 1
-0.026582527251452836 -0.0046778874719021176 -0.014447115693158256 1
-0.01753658991749189 -0.0064525783270370221 -0.0089641066204572198 1
-0.025568697263783056 -0.0047735874986991386 -0.011176897106057789 1
0.0098096053771669373 -0.0091970706786337793 0.050444049786368073 1
0.10292191394636416 -0.0068850500270457252 0.092860313606304479 1
-0.032812692481186845 0.0073267065355656583 0.033577179436897878 1
0.056714676821309588 0.011507566743085843 0.075308092830377801 1
-0.023280511249111329 -0.0022097717862752872 -0.015129510691894664 1
0.10383576527237892 0.0067825836595147848 0.079559255391359329 1
-0.014588805633508093 0.0011248186001110612 0.036470230598196339 1
-0.034300533450384002 0.01115440241605053 0.036457766961672522 1
0.027124236097883135 0.010499032564683845 0.069142362574654448 1
0.029420492488017803 -0.0059503546478644528 0.056368205908658556 1
-0.020294242069492836 -0.0057484802652641078 -0.0072392887853871936 1
0.031850791733475166 -0.007133524277817751 0.05471399625454406 1
-0.0026020738530929313 -0.0075244437099192523 -0.0038036245185371956 1
-0.00078763531662888984 -0.015506563766868724 0.057043711258064234 1
0.011290922404500987 -0.0089685429246051367 0.073095314930417127 1
0.023547157209044402 -0.014425438900458687 0.067781165439751323 1
0.01562897719994099 -0.0082125906128714763 0.049123784418663316 1
0.054774987653097788 -0.006917589995602394 0.084985095369821226 1
0.016769764532755232 -0.0022263736107946026 0.074137974344339191 1
0.087063696048268621 0.0026780565057448135 0.097725266567383964 1
-0.014422910258819263 0.0011939638290108185 -0.040968629031971231 1
-0.087818103651571486 0.0011072989648557067 0.028553048638193034 1
0.026598214174708625 -0.014061213564723623 0.071374842960086893 1
0.017759430082457898 -0.0002429534787471762 0.072097736207244106 1
0.11945465165845658 0.0016885890628307008 0.094094524037790839 1
-0.0030235181515739628 0.0037126595648495752 0.06898752078431461 1
-0.032716331774758994 0.0091667300388003307 0.035247757636260972 1
-0.022506828202697324 -0.0098771509187770053 0.042572657705696126 1
-0.10302743688225746 -0.0050617007364053279 -0.047914484515786171 1
-0.073914498090744019 -0.0026161601999774575 -0.026169978082180023 1
0.10484793840823531 -0.0062541224273699346 0.099071979216198383 1
-0.070062629886023756 -0.010150500285201489 0.040623577726931218 1
0.0094739737767770629 -0.01449612864917592 0.074121527564064871 1
-0.072933717348474536 -0.010094014020575586 0.04004292959435489 1
0.10267777105860583 -0.0034137749848774735 0.098995524358233486 1
-0.075822379440069199 -0.0093114729970693588 -0.030551654286682606 1
0.11543212858167334 0.003944277328525537 0.087096557929380786 1
-0.031109695863853086 -0.0061898143039444036 -0.033001895168525773 1
-0.1097397192382514 -0.0019012826512389367 0.012240637609795692 1
0.018983868340811238 0.0047703184701528506 0.075497999477166816 1
-0.038218223161980439 0.011730054576358494 0.049208334047553197 1
-0.047129937692569596 0.0077151893408739973 0.044065824251010299 1
-0.020969533553165307 -0.001281107581480256 -0.0072138257522327866 1
-0.031091734766960144 0.0010180791578022763 -0.034517761319875717 1
-0.030602278223243424 -0.0086441683310333646 -0.024514185542679499 1
0.0017167578916996717 -0.002618846163386479 -0.0061352625489234924 1
-0.11170838592773819 -0.0034795998297392182 -0.024043042639536417 1
-0.099680032581090927 -0.0027956503909081221 -0.040159329771995544 1
-0.077335554455006547 -0.0071344616339661677 -0.042611673635320695 1
-0.037776131626799415 -0.0076165674929224887 0.051451188964890072 1
-0.055916826382995687 -0.0011876258260191579 0.049284605166573951 1
-0.038974212134854525 -0.0089874834055556786 0.04860124155869755 1
-0.0005029425597203787 0.010252778998120857 0.053731734176425204 1
-0.101933531369663 -0.0040457465448978111 -0.016124704259802853 1
-0.023403828963637352 0.0015523405745625496 0.055507339537143707 1
-0.089331775038822947 -0.0097110935943101537 0.026159994370463742 1
-0.082121755167102059 -0.002989823210024009 0.028678375358610741 1
0.047311044805854074 -0.007713948558037192 0.079145269746170796 1
-0.039591184401978612 -0.0083005402539509145 0.036534376542154572 1
-0.02565305053158122 0.012752798334496312 0.051094636498762391 1
-0.029215863116130548 -0.0094241099938244168 0.049944910522338182 1
-0.0022070905161210635 -0.013671341070458956 0.062902022027665094 1
-0.031381499067119095 0.0083526672477975111 0.033268958333994875 1
-0.010204501493231117 -0.003677534729658055 -0.045370906920108901 1
-0.018235254125979448 -0.010356105697732985 0.049229776287782273 1
-0.079104568133834791 0.00025733295583191523 -0.031075114689670683 1
-0.055076102980608541 0.0062087682247102078 0.042806455723921839 1
-0.0036635332643996732 -0.0036815787138285722 -0.0024524017546858003 1
-0.0025882014803785443 -0.018457122820931378 0.052498379478936999 1
0.087442556013337613 -0.0064335007784438467 0.079087223349096056 1
-0.056195907294750214 -4.9208436394110322e-05 -0.036621605977416039 1
-0.031357659388123779 0.011970057519460685 0.045280460362607813 1
0.00064673384264877869 -0.010471959753461945 0.06155963647989255 1
-0.086230064689949718 -0.0021905195550365915 0.036034531994413435 1
0.013009223621338606 -0.0048945601156447083 -0.022511675488203764 1
-0.030319600606398014 -0.013930419415886823 -0.02717840281577083 1
0.039265601403413786 -0.013129433844586817 0.064053036986313053 1
-0.0793535367283036 0.0086709019169464458 0.029614501542556886 1
0.028042508410264302 -0.0092611056969106528 0.081422902601926139 1
0.0080132834502231604 -0.0090392432238147503 0.054356029835897268 1
0.0064302508074333903 -0.010576155992551899 0.052222646359638789 1
-0.037454836505297982 -0.0014887671587588919 -0.015681899048199905 1
-0.10281526658491982 0.0055227860953770951 0.023140184623577711 1
-0.095322556793689728 -0.0011594428797252476 -0.015260795829817653 1
0.014395535842960293 0.011686661258447854 0.051489884503812935 1
0.053144559020362275 -0.00076844134327586273 0.055361671368669541 1
-0.027361185266459118 -0.0091510677471253812 -0.011433625769663109 1
0.036740092860269274 9.0445141418432065e-05 0.079005318949940145 1
-0.09588897313306137 -0.0088463619198268142 0.029560995362468277 1
-0.11499696224927902 -0.00082964087050640956 -0.022752270568162203 1
-0.034931374948744237 0.007929727595604754 0.042518559576336726 1
0.01470620390320956 -0.0020361500214788799 0.047822880845453483 1
-0.038871707165937047 0.011482397749903988 0.046239979694394709 1
-0.0081930373404117338 0.008880443882958871 0.038661659136419113 1
0.0060030028364623121 0.0082554498347447904 0.041165793253693399 1
-0.030268654343347284 -0.00075684397773126302 -0.016993817529895035 1
-0.033626559443367524 -0.0056363454852685303 -0.0039722190745939273 1
-0.094305776059627533 -0.0041056150221265852 -0.033197461627423763 1
0.083814581669237762 -0.0029789453585505796 0.098632110259021077 1
-0.010709755661756266 -0.010844191873214738 0.042958171088685965 1
-0.020247431148315759 0.0099883517332776759 0.046838112283152794 1
-0.10024200187978807 -0.0095526654855381116 0.012227383941778179 1
-0.10732152539368678 -9.3190785271396459e-05 -0.040604244177872034 1
-0.099342644108644892 -0.0048906317957060352 0.022125366366390061 1
-0.003555150404953431 0.0090064149835111847 0.044187520199665646 1
-0.11989638954401016 -0.0070052093360573053 0.0016752451847423799 1
-0.016431911382824183 -0.012416458688676357 0.082082655280828476 1
-0.017483804445159179 -0.0029150144095430506 0.063433835164581454 1
-0.072230596095323563 -0.0069130522606428713 -0.0033915189560502768 1
0.039596410137914657 -0.0011554528435926638 0.082507356361535986 1
-0.0092293937414374035 -0.01028321553356747 0.06215437531655469 1
-0.0073887610985276918 0.0092277196219649367 0.044260260608296895 1
-0.033775428289028027 0.0061667806209778067 0.032722947734797191 1
-0.053965050012147492 -0.007475311180003644 0.047494278654976275 1
-0.0054370783845564203 -0.011804158564116672 -0.01406334994067192 1
-0.1131653929187096 0.0053546642142990129 0.00053794254685527528 1
0.077165447113422825 -0.010997465554416328 0.086454269182954818 1
0.084626248008655772 -0.0056032717227364947 0.097078332863069494 1
-0.05981894420941207 0.0029683805288048606 0.04590231164561126 1
-0.053990431740471016 -0.0071606781231828703 0.042658856518309189 1
-0.0058970222085459878 -0.011482455082191379 -0.052905002099736476 1
-0.023770216966359461 -0.0035897175811910468 -0.011572894266881118 1
-0.070203156934421695 0.0047977892962772399 0.021330645281957362 1
-0.031735720957954225 -0.0077679973426923107 -0.0023530382958456067 1
0.021741199326635513 -0.0078134665363590351 0.079187085786788375 1
-0.02452787473708698 -0.00033023168473207112 -0.0092488362740509589 1
-0.058876066880709801 0.0026903659350609975 0.037992861974268502 1
-0.055117180360334153 -0.0026229662657758354 0.049451274624405295 1
-0.073108840733766556 0.0031007114448584616 0.039847547188401222 1
-0.029933003165508933 0.0090295595935313226 0.048509201948864336 1
-0.020288303242316747 -0.0092323054408204076 -0.0073414912705686468 1
-0.078339918390132365 -0.0024826941395271309 0.021109849855983909 1
0.0090814975150484197 -0.0051458750642114377 0.03883140751084703 1
-0.025641486956035336 -0.0084706967379888972 -0.019440907723139389 1
-0.014387876194898879 0.009153177502014628 0.037568910233678726 1
-0.019488116300296298 -0.0042853015915354474 -0.0041428785562084049 1
0.11049418437670271 -0.00040031040063879305 0.096836931738321613 1
0.015466307521446957 -0.0062795789771354135 0.045786590706698375 1
0.020579464355956513 -0.01407390223818695 0.072787269565064386 1
0.080773387595688126 -0.009210360518960771 0.077037247180303636 1
-0.058620171650895399 -0.0062879385379030605 0.045843612825207269 1
0.10697488503924493 0.012279263571136135 0.099197029245255128 1
-0.036997141016523793 0.004478144477399585 0.032091351900827951 1
-0.016743020906516304 -0.0041320877119500731 -0.013534802571682176 1
-0.004821162717816318 0.0010058511426558683 0.038167832209547781 1
-0.10851189224922046 -0.0086864868477640553 0.012799296181997218 1
0.01825680199354034 0.0050314718875232121 0.041099102231284323 1
-0.021336817937750722 -0.0092804232542992564 -0.01554460733226912 1
0.097984963593834226 0.0087462752608415822 0.098645916846809276 1
0.0097388106109197788 -0.0084525165404402709 0.044841609270483432 1
-0.030285828469627518 -0.0091442735279128017 0.039534289594991126 1
-0.011445177843033592 -0.0094528857157083705 -0.02361721213069189 1
-0.0057917993981391191 -0.0096148899756371975 0.05795697309076786 1
-0.030988051100433518 -0.00074159184492326319 -0.010098453723612684 1
-0.048058377379814748 -0.0010731786464598034 0.045909585447008162 1
-0.010381585577042805 -0.002143027580597495 -0.027286802298354156 1
0.111746715664435 -0.00041618393702769403 0.10425957915238078 1
-0.061595782775669176 0.0027834053628251094 0.022257929759170798 1
-0.036140849708766916 0.0087415357468620617 0.032963357950122056 1
-0.0063109099864959717 -0.018718411214649677 0.059946522116661072 1
-0.10205566138029099 -0.0094572636298835278 -0.046694861724972725 1
-0.032113126565792759 0.01150255342066015 0.039366041058488156 1
0.058854253136261234 -0.010867664820050521 0.074443138453306329 1
0.034614531226399507 -0.0060286064795324317 0.065111521702415728 1
0.024564872000721865 0.0041527783877450463 0.058109754114257652 1
0.047178683128475021 0.010973574894331475 0.081112510101557261 1
0.044205926900674701 -0.008189023798108562 0.078753200199915871 1
0.10615280531749618 -0.0017300826188583847 0.10449450534227403 1
0.066045457792538204 -0.010218209438262935 0.0773477485826434 1
0.092653964416356205 0.01431264661689661 0.0916143445788625 1
-0.034337168093770742 -0.0027619258034974337 0.034344210289418697 1
-0.036298614010463012 -0.0017867060073772114 0.055222062806584996 1
-0.031338229843743785 0.0025904187931722724 0.055652618985557935 1
0.022404264658689499 0.0015857581747695804 0.074426561594009399 1
-0.0053998838377762497 0.0050657832548706913 0.03863420265394206 1
-0.037836561681768556 0.0087233662184768839 0.032748083818484854 1
0.014372324916159699 -0.0096145679212616009 0.050954292013651384 1
-0.011250101085047547 -0.003089330464406596 0.036495067818498227 1
0.10068200203546815 -0.0062083426582517651 0.096100192720172131 1
0.013896345065976739 0.012459188020215789 0.055139738641122996 1
0.066794653611139551 0.014042933268264023 0.075467985415142297 1
-0.027146774882207986 0.0091653975291382146 0.04527266079905154 1
0.018629062331431093 -0.0046324304645884032 0.07780826265424029 1
-0.089895748691728283 0.0020473384169855968 0.0053929829555194268 1
-0.094401530921459198 -0.0094069913029670715 -0.00098656606860458851 1
0.11545189000098147 0.00095262244269109231 0.094517464851688882 1
0.083768308530193208 -0.0081082255294902608 0.073934190476693321 1
-0.049594032395223829 -0.007817835082554004 0.027150754432855775 1
0.069420050888732376 -0.006180214587006334 0.092501570944085912 1
-0.080174665898084641 -0.0074994082096964121 -0.0085107318591326475 1
0.0086923560985598201 0.012210988950068469 0.047084972170807551 1
-0.076387703418731689 -0.0047520211228402331 -0.032063787803053856 1
0.024102954315875481 0.010568881693862222 0.067455512172758164 1
-0.086007870733737946 -0.0040343583095818758 -0.01413512509316206 1
0.077510112706372369 -0.0064282301504096778 0.087575789838107959 1
-0.096152637286630857 0.0053903219803555771 0.033831592612648571 1
0.01084765453072893 -0.014395730471763603 0.077042821043014603 1
-0.014936180483322931 -0.010070646895850978 -0.029250708076580055 1
-0.079950849069632526 -0.0088870512845739182 0.027090893509523373 1
-0.024631245433258848 -0.0073514302929956372 0.041352227518000544 1
0.028170567385512674 -0.0053363699896589855 0.07403292918819554 1
-0.011688978178426623 -0.017680470831692219 0.05095437727868557 1
-0.077802046451611845 0.003952497911919684 0.04058449401342016 1
-0.034591237234803646 -0.0071087316537926338 0.040463715624339584 1
-0.046321831834275864 0.010407216151198179 0.037882521236938728 1
-0.027690105251934449 -0.002731763233450429 -0.010328648360769735 1
-0.031707837643557654 -0.0070009776716736596 0.0343005586917359 1
-0.016338378664274514 -0.007376875217724288 0.035721573305300028 1
-0.023167383183620393 -0.0029511406257346755 -0.0097418310461742149 1
-0.093258656561374664 -0.0083435326814651489 -0.031868297606706619 1
0.045455385729680262 0.0018472771638242342 0.054504048418275809 1
0.11061191496217104 -0.0028117324956718321 0.10154230110861812 1
-0.025434488235708142 0.012294982305283718 0.044420264497847743 1
0.0029891595334124769 -0.0083575082858458397 0.065190746077461115 1
-0.040404390439678577 0.0068377330937259874 0.040706229951443386 1
-0.00014310128072163655 -0.0083252201221181397 0.055490426560870679 1
0.020950440035960589 -0.0015208438637669176 0.061813127320998577 1
-0.034145619607415231 0.008475366414294732 0.033077039621035267 1
-0.090705008788832864 -0.0098391927022016563 -0.0076585827106530205 1
-0.080754499563080048 -0.0024308333848108172 -0.0012964326955309993 1
-0.023300230992621494 -0.010775206341589894 -0.009752287991014269 1
0.093737750513907772 -0.0084930815628367698 0.097451586374580457 1
0.025593812577426434 -0.0004830024263355881 0.077452030032873154 1
0.009802969949993183 -0.010165463872097213 0.054063307548700305 1
0.010729696217471218 0.0098852244391060447 0.051391895893753946 1
0.075755532372931186 -0.0094205446254495631 0.075654540817763669 1
-0.033405236970640823 0.0038581948276608818 0.032368855848559114 1
-0.022502412236545651 0.0018456192908737172 0.035774777622192368 1
0.012035462103936675 0.0090145342662636962 0.068356324908122837 1
0.0094733558442567263 -0.0098506320175132615 0.058550197811380593 1
-0.015030482537953319 0.0069107839506431469 0.061707489023149049 1
0.0020999407689662186 0.0058295985804922394 0.037767769756062296 1
0.011661273613387226 -0.0093731514636295234 0.051705643143686468 1
-0.081691279125092803 -0.00081740998553278977 0.037748430856202414 1
-0.0060291154708323044 -0.014497130242409121 0.048278943314074507 1
-0.04636794701218605 0.0053192898631095886 0.046337110921740532 1
-0.0038718492843126946 -0.0050714281755675139 0.065711973781618319 1
-0.0040346121941989719 -0.0036339239663365605 -0.015106182365085114 1
-0.00075621222820893919 0.010698253103396968 0.066499094530462405 1
-0.029827385411071206 -0.0060466068871974218 -0.0044717062662039779 1
0.024452934220020799 0.004672206774239694 0.076206062100705171 1
-0.064546230218614345 -0.0031779832788113062 0.021231515418656883 1
0.0087986152273948817 -0.0091211997894842314 0.052969244213631653 1
0.11810014588265245 0.010405927230458622 0.087052425122412 1
-0.08473789493945412 -0.0013731962419999634 0.021816395164779148 1
0.010521662535791006 0.0045243028469502001 0.068056492239157454 1
0.040487564141286098 -0.012641304366620745 0.070627023936860614 1
-0.032479529269039631 -0.0084255824331194162 -0.0052868328057229519 1
0.011348228251304587 -0.0091251352553012241 0.060207010418228443 1
-0.028334930539131165 -0.0058844226878136396 -0.00041911087464541197 1
0.0037713550631677463 -0.0016762623579660546 0.068443034449735651 1
-0.035097633720260146 0.0034485644240228978 0.051361665984328737 1
0.11065335937622033 -0.005250588876553902 0.098360580870824527 1
-0.0036542752059176564 -0.0043519508326426148 -0.027713988907635212 1
-0.022531271137881607 -0.001005416305588406 -0.0090350864682156931 1
-0.019370998326812439 -0.0019907870872921543 0.033715484634898721 1
-0.034851022053153644 0.0069768391046482036 0.033094015787891132 1
-0.05804258340562362 0.0099995539600054757 0.038850146314177707 1
-0.0077921952472524408 0.0060271837050418706 0.036063628815882105 1
0.028282496026980922 -0.0097565252716295178 0.074047733616615902 1
-0.046354729492598681 0.0073544289931808948 0.02944966284011457 1
0.028222470882144936 0.012188222511257802 0.064683979237080524 1
0.040637490173536267 -0.00093984265125490241 0.080984881403865755 1
0.040969323484141743 -0.0041986938505759108 0.07983061528622945 1
-0.017326268465929429 -0.0061833508532290714 0.034112572502379764 1
-0.084030436017341892 0.0047569175639287156 0.031557310096872355 1
-0.030944332243162509 -0.0054161028320997527 -0.011846329644105588 1
-0.022212749227776992 -0.0065132201507014905 -0.010911631415100527 1
0.082480625603640279 -0.0064915919274157368 0.092670945418854872 1
0.080242717389152882 0.0028372284904440099 0.095112358540621431 1
-0.0018418881809338927 0.0013422482879832387 -0.028394940309226513 1
0.055157108766673124 -0.0089708177779060424 0.083433753631598079 1
-0.10221687513920091 -0.00033094504446813319 -0.047049806202373937 1
0.014694998461966726 0.01379678407477909 0.052933386179920987 1
-0.012321793956289729 -0.0077243962764479528 0.061377965693108563 1
0.064488682314780874 -0.011037738348955599 0.077775098040718457 1
-0.023982408663942131 -0.0022508002193860465 -0.0079705913796667659 1
-0.092604895071538629 0.0016234323560567246 0.021717017477753314 1
0.022584003427168993 -0.005692587895175313 0.072843992342549735 1
0.049896458174006966 0.0016836961880824946 0.08329411556258666 1
-0.033258578133584946 -0.0089351704790406432 0.043440297431544997 1
-0.11309975488258175 -0.0092767902657887209 -0.031309975908682348 1
0.044784464515070704 0.0011675546815696968 0.082062252936477328 1
0.0088159588183546328 -0.00065799291475374805 0.043652296479599166 1
-0.032918075240560875 0.0086165105625641385 0.046709894104439202 1
0.013287928046150017 0.0011713372555249432 0.042584125597911617 1
0.045974729088745461 -0.0024484962651178783 0.084498168756992245 1
0.019444999882828579 0.0012406674219241358 0.075864900758187914 1
-0.067343550231298344 -0.0016848959088480563 0.011395543847400293 1
-0.0047980599920265377 -0.0040730120381340384 0.080070748925209045 1
0.0088173202074988306 -0.0090863255662743721 0.047169511941696204 1
-0.0059288411655666019 -0.012497648556110989 0.062319227974464729 1
0.010146837063749468 -0.0052336754828324027 0.078343059982647456 1
-0.029219335869245307 -0.0001627863683907689 -0.029672568053549085 1
-0.069428029747861372 0.0042184795577548274 0.032504735044079781 1
-0.018362974886740668 -0.0056524545998300219 0.081950280405284084 1
-0.005779894650913775 -0.0047656424576416612 -0.021708476357161999 1
0.031839838729897173 -0.0073217267625408557 0.079205154618271753 1
-0.0045881315296581009 -0.009844639249019696 0.043366323317855303 1
0.0066988412506356187 -0.008923331810681551 0.051824997841722148 1
-0.067887899453927869 -0.0076089977674208414 0.039339336230839253 1
0.020970448577447037 0.005579022420190257 0.061662708798318873 1
0.0070495174939370414 0.0019570433770859453 0.038445651906930625 1
-0.043546995656143735 0.0062840714667817309 0.030195826725535439 1
-0.027161871552925498 0.0055644974701714676 0.054018085474078353 1
-0.008208986278585198 -0.0077151268368194203 0.056548081866645797 1
-0.0073957739066787716 -0.0076551306712206568 0.044878250423948628 1
0.027560793947251888 -0.012558708192464685 0.079479930234166413 1
-0.082711323754809066 0.0058721587142445304 0.03819007083218863 1
-0.047804109175677505 0.0002146880278813797 0.029399921410870083 1
-0.067564418218568456 -0.0085121653945975564 0.041601838388868204 1
-0.097769307128018929 0.0015739475242439174 0.0086665054561306659 1
-0.070693136457931849 -0.0009314271088792308 0.026132218834343416 1
0.0035993601904159944 -0.010053061822267522 0.0620867784240881 1
0.096777455609200702 -0.0094009868484454893 0.086802399150804219 1
-0.092673266872622395 0.0034669261080409225 0.013218952073746862 1
-0.078869136760737701 -0.0053631599938213075 0.03337690496827591 1
0.11279265498927626 0.0026898339621993011 0.099952299183298052 1
-0.064794216305017471 -0.0071406698552891612 0.01117345318198204 1
-0.11533453688025475 -0.0071571045555174351 -0.03422778844833374 1
-0.076722033974574749 -0.010903003017282866 0.0040782576010983491 1
-0.086937841716637695 -0.0062381440932171833 0.0095723570763533647 1
-0.091726890629009947 -0.0042476739035710656 0.023513568458782434 1
-0.002941732029842378 -0.008011961075635305 0.046109901913621604 1
0.044764084928163167 0.014138767476292944 0.068785332439004115 1
0.059535949380428055 -0.010084822576276352 0.081624970563586211 1
-0.084701354370950568 -0.010149668179149611 0.02314076611486467 1
0.099524240768545907 0.01408441847634841 0.093659941102677044 1
0.073285871778134892 0.010754591163023141 0.074416774200090269 1
-0.0133764121225486 0.0094906505920178373 0.043194348383511841 1
-0.018012868771007551 -0.0075801494888707854 0.04437521627727057 1
-0.070356049314742403 -0.010619187575814466 0.03101693749649008 1
0.10989167541265488 -0.0059648873284459114 0.080859094858169556 1
-0.07668258674820122 -0.010408438923891315 0.027614752225881788 1
-0.047869023316003852 0.0041778310685000146 0.036824441988323388 1
-0.012893967478970819 0.0059794792555418743 0.035183257702100366 1
-0.075147744453202256 -0.010168509854270747 0.034079858284025551 1
0.020788257580951063 0.0071917026524461261 0.04650654266018741 1
-0.036244764038388416 0.0082160905440459356 0.047207041689605378 1
0.024164784804840574 -0.01145832860666705 0.072570563457171597 1
-0.091720563618668288 -0.0023253388517159874 0.0095156884602455444 1
-0.058588046556812309 0.0012984819205472322 0.047172874355899168 1
-0.094098428992795372 -0.0066928218527908603 0.010229341074575663 1
-0.063326463671282626 0.0095225869050807113 0.041100958801511316 1
0.03012751555648082 -0.0041415583532065934 0.066675353629682854 1
0.021080204091806071 -0.0045695383085896163 0.047679072551303235 1
0.097209756920272339 0.0098549347447833488 0.076718932338878706 1
-0.026551340516675324 -0.0007067700278354217 -0.0096233261557350513 1
0.072558134794235229 0.011969474144279957 0.080916531383991241 1
-0.051115824497771585 0.00386548226180667 0.047677779694547194 1
0.037671879623741314 -0.0057031741785886787 0.078437185393531575 1
0.035358018686478573 -0.0090063608293137684 0.05345123614625822 1
-0.024065524770252224 -0.0079917107339094341 -0.029602484382859749 1
-0.10107992963163728 -0.008591140649394001 0.026087483882990745 1
0.020214965903169246 0.0095630784983078872 0.071608489793917526 1
-0.030820962151242137 -0.00057600221287537785 0.055193143186100267 1
-0.062801662504724839 -0.0076822565447894125 0.022947856423005827 1
-0.084504512148145236 0.00067438207446176429 0.036434804289052089 1
-0.0015874378356110193 -0.0036968033734074302 0.038244715048479191 1
0.0074719219357920648 0.0042407413742477354 0.04086834490945452 1
-0.023200182135212768 -0.0021450723466483685 -0.0065156348141019241 1
-0.088860401408937348 -0.0032794162436696789 0.019352095292422867 1
-0.085183649730765434 0.00087439305338784341 0.0014696044847532425 1
-0.10074872949189227 -0.0086407864303528082 -0.014907176722611916 1
0.026699976031446887 -0.010003520560290713 0.061424231290522817 1
-0.026877301046036913 -0.0062308682206276078 0.0015218213489138345 1
0.018028082197198689 -0.012989172065456465 0.063935044338364305 1
0.015309435522416568 -0.0043790888624519325 0.076777654958616839 1
-0.058442519377135439 -0.0041295087476571051 0.040022405209709226 1
-0.087630970482455689 0.0041462755827216258 0.032379882383448064 1
-0.012227977956204502 -0.0075756436594653954 0.039644735469746478 1
-0.017855483313153689 -0.011505083649019605 -0.0093710119202023434 1
0.082757728678704415 0.005309364324607004 0.097611537758589134 1
-0.04625844426824894 0.010944835001807061 0.046239745969055723 1
-0.018672224892566657 0.012464865339799286 0.040595240324468866 1
0.12156579082805366 0.0061361152614039551 0.094438982300631358 1
-0.021072314879359514 -0.0005430572770543352 -0.0026165621978326047 1
0.10195214987133971 -0.0015569362409460839 0.10282963125734436 1
0.0060508152648799133 0.011551756565564435 0.06410465589474211 1
-0.031455926550197862 -0.0104989603615291 -0.016481091154462602 1
0.023932851624254386 -0.010777177859880381 0.080228657922241001 1
-0.10060829669237137 -0.005325093399733305 -0.044617054983973503 1
-0.076623299667266262 -0.00079298962142312955 0.038258365039114325 1
0.10139610142634925 0.011347319319571222 0.0950440773879212 1
-0.074072506921425432 -0.0046149609202782377 0.04134218672430303 1
-0.012561486997949565 -0.0076558393694685064 0.048930398650838702 1
-0.040835154480919941 0.010565555273554668 0.032413216500426993 1
0.064692583444485946 0.00058077701561768964 0.062717107780923598 1
-0.046421618529038769 0.010357167525659966 0.031033669142109546 1
0.11894907656235425 0.0077038575677955065 0.089835351126261329 1
-0.025084852125937144 0.0049938499548152172 0.035747917863787913 1
0.10924251795027246 -0.0074599583267624531 0.09586141499993199 1
-0.031655907797414319 0.0090363680503237724 0.052298334284454955 1
-0.022186558616546805 -0.0097217881193723248 0.033096862341032984 1
-0.029130295217322279 -0.0023577253278269372 -0.0035478626376166901 1
-0.086234660231121321 0.0085200335270196187 0.026822950485932279 1
-0.072269258390459321 -0.0073500534511242348 0.017544427942766495 1
-0.028736033337253237 0.0080264413974005678 0.034543506734911363 1
-0.063780393034252134 -0.0044037446813000999 0.024770258814963864 1
0.020373575638398714 -0.010377932249306446 0.073934007099563326 1
-0.027872986625880003 -0.0081143787829205394 -0.0058364965952932835 1
-0.1000316985486135 -0.0054836351862740402 0.030123703109957357 1
-0.046735011041164398 -0.0061161015182733536 0.030419588088989258 1
-0.016952061725933439 -0.009082763805154645 0.060800413766581608 1
-0.09518578490987549 -0.0027352308972479781 0.020215406708745345 1
-0.0028532217630433633 -0.0019315583408150685 0.083348341266178599 1
-0.013093002120700145 -0.01085102146579075 0.05485330568703916 1
-0.088498353697030505 -0.0083195389908801241 0.016819474211960287 1
-0.059005377336292457 0.0031958967827496673 0.041003493184267263 1
-0.049923248712331773 0.0074777463869748475 0.033047645905815597 1
0.073936148164608473 -0.0065482030478669368 0.072854853352524188 1
0.073619392255160135 0.012062630960509671 0.071136261608208962 1
-0.0076663109837123346 -0.0077369334542170655 0.060153313835121243 1
0.092689858860249913 -0.006169328847321816 0.097694265136148151 1
0.011542471405715155 -0.0051571075651382246 0.074466002740296397 1
-0.078405008424268605 0.0084510192703787027 0.037721895132870241 1
-0.052988999166152843 -0.010246551251216341 0.041280417684763919 1
0.11163542365390061 0.0081077245923743754 0.092691107086944863 1
0.017996767597769952 -0.0047878809907929325 0.07586938932537228 1
-0.015530003390654126 -0.010455783956305987 0.042323004041005578 1
0.0119159744535101 0.0042028987815782145 0.039592830264728894 1
-0.064826758209276289 -0.0067211908448386055 0.042672632345525097 1
-0.0076188316667714865 -0.0022598806859728303 0.065955610807485743 1
-0.028099385822470652 -0.0094466589353789411 0.045244230256586575 1
-0.069603516310707242 -0.010435749280630008 0.035461783927253188 1
0.014950626064091921 0.010643007699400187 0.046778727322816849 1
0.012552265974085628 0.013047125056651246 0.050052865481880648 1
0.10048608791889177 0.012583535664206259 0.099761289059843702 1
-0.010850895588512394 0.0074695734651585846 0.062962875230567386 1
0.10657390399851148 0.0054074525116182149 0.077003898784073668 1
-0.012048484475519783 -0.0084446930807994727 0.062223902292158989 1
-0.064744122777882607 0.003910712890286841 0.024222601524983671 1
-0.077277545624260424 0.0093239091125442153 0.022178445627556258 1
-0.025624189347912156 -0.0084942597782523138 -0.0088530678365839593 1
-0.018543300558223716 0.0064830006087508753 0.033978466066916568 1
-0.022706783096780293 0.013207188928003714 0.055023671073535313 1
-0.024171586990421233 0.0092559443294661491 0.040743562635487875 1
0.035960934197855947 -0.010211585552857297 0.065552891816241771 1
-0.034030967137505426 -0.0013974001387788235 0.031704236857783077 1
-0.059992204197140339 -0.0066405803868053066 0.037964533352284828 1
0.037176812082165882 -0.0059897447228648027 0.069812867275832413 1
0.010241675987714024 -0.004041367186376911 0.067303721541598471 1
-0.028232716935793302 -0.0037489388503486633 0.031813790921047101 1
-0.09910863830577582 -0.0069945959087044651 0.024257886394018668 1
0.034939088208351836 -0.0068875903582145993 0.061378118021881881 1
0.051033324297452443 -0.0038096608154258717 0.086067677522030567 1
0.074222032992805706 -0.0092838536467234299 0.087670585029553758 1
0.025998754367658854 -0.0062013808300497818 0.07648667902081345 1
0.085175352870914836 -0.0060359717760708207 0.076165384700146874 1
0.040310659642912493 -0.0068270329330639258 0.079595877809460799 1
-0.011677369421190485 0.01068462587040124 0.061155740340795184 1
-0.033749334106732337 0.012166492718581182 0.050858324837382896 1
0.0086867851679415381 0.0088127341123386271 0.06995238273930629 1
0.060294218029537425 0.01310935276562069 0.068605946803712264 1
-0.034096540887916409 0.0055374205674487793 0.033405484062600632 1
0.056817578767497955 0.013997012634110842 0.070654250919847381 1
0.10596328985772631 0.0019603664226704267 0.078198084873427429 1
-0.060507348588543557 0.0059035342430182264 0.044052814831736252 1
0.020038370156281952 0.0013348748605932028 0.07325250353753443 1
-0.0076913096434310805 -0.0020408317369498448 0.03600137029499554 1
-0.045433579526461113 0.0076262864366416806 0.048156487486421484 1
0.10613818627117227 -0.0042418420237532919 0.09436020641149824 1
-0.011287295639950668 -0.0094644416344311227 0.059015070663344549 1
-0.024697030362179264 0.0064892601692702456 0.057728506817967443 1
0.026122310286464782 0.0022982896190935145 0.077324836112729861 1
0.11378254274180419 0.0056897950811759194 0.083749299984398284 1
0.00010109740355273688 -0.01181137123882153 0.064075262717778289 1
-0.013141637852679586 -0.010724359222012616 0.047311267974768936 1
-0.02444867859930662 -0.0098871958237767461 0.051754998418043555 1
-0.055450215989824352 0.0035303143260625603 0.034605669075691001 1
0.038219783444040825 0.0020186478551710014 0.081836669032393325 1
0.07746636885070099 -0.0082439242933103219 0.091775973994725257 1
-0.081581089120967676 0.0014030440325500815 0.030521421970709044 1
0.031967488812017816 -0.012002857273901962 0.079854708063918978 1
-0.023636937717958124 -0.0039451960578535802 -0.0072501184867826522 1
-0.077147611364775284 -0.0097833641684000276 0.039254552264665239 1
0.094361869174450635 -0.0089119516635063518 0.09026908287588957 1
0.082442920572444414 -0.0019000005082379853 0.098091608865142968 1
0.034624287311510259 -0.0070130063787047633 0.075689565312660967 1
-0.054664203942698678 -0.008820639850075418 -0.042810405488248104 1
-0.054991477059357814 -0.011034365605129184 -0.04577046682847586 1
-0.049117027302089722 0.0052042779204965611 0.029064769245182302 1
-0.088309038800807302 0.0024258620764308044 0.01846338142409994 1
0.065856885121581513 -0.0093856575179895388 0.084390845751535437 1
-0.018440473844047355 -0.010147716186372648 0.038447961332954528 1
0.038704807057731591 0.014365442326681653 0.067630128027132821 1
-0.040045556780259485 0.011141513133319497 0.042354964833055349 1
-0.060276693218584809 0.0068153636609274712 0.025904520438828758 1
0.050181933476208355 -0.0079709128783321224 0.079767349360850448 1
0.043992658348723616 -0.009425416818756787 0.060660952340502602 1
-0.0092205463901858832 -0.0086243451554609846 0.061266886572717297 1
-0.0043065139945518572 -0.0058618183249832369 -0.022521889969242752 1
-0.066153000043511531 7.0695754368336312e-05 0.023805385581421597 1
-0.072216543968708025 0.0054034053603075546 0.035993018240985997 1
-0.071153048370949712 0.0087894827856031064 0.039588332848700676 1
0.054534307172253008 -0.010489000531752536 0.07437449142416333 1
0.10768689317834328 0.0033124951819279479 0.10327664271344188 1
0.025274781133914351 -0.0088335003745977324 0.07301712287545796 1
0.018915750244130673 -0.014268522272030978 0.069601703599220008 1
0.059717776394564437 -0.004321780555672226 0.088875979683104803 1
0.025101883382398618 -0.0051761180151863768 0.080083779624670379 1
0.10679501422698176 -0.0090003829527421191 0.093016086942131621 1
0.080895720709813518 -0.0071488908984561304 0.087045105680796653 1
-0.10113432351499829 -0.0058683092938737712 0.024263555184006774 1
-0.038935854304968459 -0.0021368703644891601 0.056831711319713332 1
-0.093918341338072572 -0.0027258382184541046 0.014828013510276445 1
0.09558271903490681 0.010035129513699505 0.10054703168867868 1
0.019408007618039846 0.0043663978576660156 0.042596131563186646 1
0.012249490934636429 -0.0094379090199108919 0.079088288197530346 1
0.015284570704097122 0.012074581823866008 0.062535603570546536 1
-0.0065553502737172725 -0.0089240812177021518 0.036124837904535995 1
-0.072056716695247588 -0.0040413923902587042 0.030097017254535799 1
0.095287715515995144 -0.008542849577458966 0.085659742523812366 1
0.059913510456681252 -0.0002202147152274847 0.06107993982732296 1
-0.099898568905234075 0.0055270866104488222 0.027324594172334467 1
0.042279022032918265 -0.0064942461308230637 0.057901542482066054 1
-0.0086402930191306626 0.0016045724035481908 0.06711734030035775 1
-0.049393977820790295 -0.0012704486741107021 0.026902970130193739 1
0.00083916489569180359 0.0051624012283710882 0.070273652883436802 1
0.10296750644530249 0.0052940810717873469 0.075476765889705824 1
-0.077329681532924785 -0.0075082174600652274 0.032087439642700076 1
0.01650173156960897 0.01059165668613668 0.069605297013094578 1
0.1099816241032331 0.0039970929789717464 0.10032560337516434 1
0.096360915381894646 -0.007324366952377254 0.099108510308909145 1
-0.042895963605373233 0.0054977683622983746 0.032437769344394428 1
-0.032339855134453033 0.00357338392608972 0.052312965537389282 1
-0.083898491803048106 -0.0056465537196532037 0.025065683662244192 1
0.11617688419697253 0.011697623729121446 0.096954324807411493 1
-0.083165949839336659 -0.0029440481133636912 0.0060310961897533204 1
0.083612639868155134 -0.0096184801152344318 0.083749940241955811 1
-0.060390610247850418 -0.0002018651575781405 0.043887972831726074 1
-0.063215151291136196 -0.003105883727797876 0.041532929248637745 1
0.023127718989973761 -0.013119488857690813 0.061410667857515734 1
-0.075766341184629105 -0.0010539968238070232 0.027572808237798157 1
0.00045454924189672515 -0.0013829157849234548 0.066373662715462883 1
-0.035072171526695409 0.0016320947627040273 0.033621297920988155 1
-0.064210149969611635 -0.0019894614024173738 0.045210275453205877 1
0.038364889465498105 -0.001415190910493675 0.079935561600267963 1
-0.091610307197957985 -0.0074895899840475479 0.01320084538536509 1
0.017339735955232912 -0.010085434018138054 0.074956721223781594 1
-0.020092670058703091 -0.0041687626926030881 -0.0097027617496225314 1
0.11092667124971251 0.0079689132263841556 0.099462529378310627 1
-0.061084696628511473 -0.00087564410439660645 0.047751088555286147 1
0.093384227325889302 -0.007105739596936932 0.093307180133601397 1
0.020075649708773464 0.013676497396440224 0.06409005396896468 1
-0.050032053173679522 0.010244516582336324 0.033386746591553648 1
0.0059887916724512408 -0.0042975988852823757 0.043356693003045087 1
0.11590600968378235 0.0061438964064674346 0.092760424461499458 1
0.029012719326879266 -0.014442203455775052 0.067597588074423592 1
0.090923800649997305 -0.0077861502050352652 0.099446190035518869 1
-0.10296235203015612 -0.0068692682568489826 0.017047839295493035 1
-0.0074437568302525934 0.014175870331897626 0.054649673423664787 1
-0.05471927552000113 0.01004764614715371 0.028984607216084788 1
0.054910695508960973 -0.0050462972686782246 0.083141106698212619 1
0.09337542659951871 -0.010228834960793557 0.094172114712441329 1
-0.00904065187255099 0.00034290363666808921 0.03730394443801073 1
0.053556356738453839 6.828507290150684e-05 0.058074530193023964 1
-0.0065696323391776345 -0.0066944695906345376 0.074795238357189459 1
-0.079775579273700714 -0.0055866854672785848 0.0041782588232308626 1
0.10361732264064547 0.013000059703836121 0.087132344194171749 1
-0.067564536832113567 0.0030227488309450224 0.027620050033124958 1
-0.03942684208654984 -0.0019474987686714552 0.052390505449006371 1
-0.035785860222181186 0.0099774759909066358 0.048840836022405458 1
0.023510336273333189 0.0022048120669625497 0.061696879325403929 1
-0.024319705125598202 -0.0012165935189011115 -0.0086462756269809551 1
-0.018366493477488668 -0.0021922800129815304 -0.0071376961929332282 1
0.042810556715155955 -0.010635136240574307 0.080776882523759599 1
0.094472250168502289 0.01377955319337492 0.0865966970377018 1
0.049713651385093205 -0.0054151747867248051 0.081091848248568271 1
-0.0062538202964898728 -0.0025488623841689543 0.065297902628462925 1
-0.024023108153916083 -0.0071889264446989738 0.035011065998517964 1
0.10562949668258276 0.0067628556212972479 0.10239030481345943 1
0.10272323825120973 -0.00024419619488412502 0.10406940492140807 1
-0.088443218410326638 -0.0037216192481354265 0.026680837595568434 1
-0.0062015462899580598 0.0025230619357898831 0.066747207194566727 1
0.010303427551346982 -0.009570979378547886 0.066327010827532784 1
0.014359268861513761 -0.010823968512426511 0.072456323904161082 1
-0.057181879504771001 0.0040290068052220079 0.043465718045110187 1
0.049943666474893983 0.012318039312958717 0.072594432068764841 1
0.11176196619509643 -0.0085327250019802976 0.088468122671452404 1
-0.10472150055110889 -0.0035653303281394091 0.015345345049667454 1
0.014104924139455072 0.0037599268709258751 0.069589046922581943 1
-0.012714034137105215 -0.0027614330762142127 0.0021793153267749277 1
0.056780423504181443 0.013754514626873901 0.075455011076860576 1
0.071194036471031605 0.011253713899783718 0.084411985210273405 1
0.10164816103576409 0.011910088075241215 0.098332290335172712 1
-0.080332009957594125 -0.00060286963603279394 0.035143345795728267 1
0.0040788582461402031 0.011696109675194275 0.043053631927951704 1
-0.015574939519390372 0.0018639746450578975 0.034551024807035188 1
0.030018587274003434 -0.010000592593864155 0.067467698275147009 1
0.062024300546265135 -0.006902433845061319 0.083509916558114752 1
0.013189781101866631 0.011183740748205292 0.044576613629057571 1
-0.06214833273108944 0.0097705255055698988 0.02715004135079524 1
0.052864698693156242 -0.0077866273932158947 0.058692552149295807 1
-0.0020318362320835941 0.0085671343425677161 0.062809977165414241 1
-0.031875855211117889 -0.0073460948826720544 0.046880418702414647 1
0.033309323939662586 -0.0096843728851754504 0.081231738414269214 1
-0.03458105899547706 -0.006538875403661432 0.047604991456284274 1
0.041164185504698303 -0.011517332351221711 0.076718302489041698 1
-0.090422758120731 -0.0091184329775460954 0.033171487115221138 1
-0.026431225000884583 0.00028953864729104546 0.057203529386376094 1
-0.0052941731229648008 0.0073265280896376885 0.063899717431322056 1
0.038201569811285599 0.0087529775295799826 0.051375537246834177 1
0.011413253650753519 -0.0099344945895835837 0.055400778236495307 1
0.045472668148348286 -0.0051318449679536044 0.079093552515465598 1
-0.07837854414561389 0.0016719316251415216 0.031551767180156357 1
-0.065954478527506216 0.0066663786981098387 0.029836499995271628 1
0.023402459462484978 -0.013730672397227495 0.075365063466789811 1
0.012683587230291095 0.001186529228239936 0.069719133359607166 1
0.10266937548637779 0.0086762436373909145 0.10186774590799239 1
-0.070371485837428555 -0.0057659617736446882 0.036741991560619663 1
0.027991800272324955 0.014225283669380123 0.055552038743709231 1
0.044745565228549063 0.012947919747292473 0.059819391608175301 1
-0.025899371673002339 -0.0028258081725776171 0.054843236806391138 1
-0.020886156804455276 0.0059693129501775972 0.056177331258695125 1
-0.014458237681537867 -0.0029176846728660166 -0.0028125009266659617 1
-0.059919749731642824 -0.0084054279798807842 0.044122544750078416 1
0.010493066911414871 -0.0088090436490900932 0.066263220552883084 1
-0.00095954723656177521 -0.010673675686120987 0.058737875893712044 1
-0.029046051857942547 0.0078285284232746492 0.05453750900102735 1
-0.0061036004394108574 0.0077847507792947251 0.065197884520772381 1
0.020945841719155832 -0.007044847046640954 0.075868508292706902 1
0.048795538591804737 0.00014888289519767985 0.053318520259931293 1
0.0058168861833489483 -0.00031983012972275338 0.067453926540918183 1
0.023896043363921558 -0.0068783876220220213 0.074158900529886496 1
-0.035482913441911339 0.0044491966762603323 0.033173667473627232 1
0.017991579026904909 -0.0031776689943539679 0.070474080246873891 1
-0.0096694592155541405 -0.0047994914126340531 -0.0042918955239888753 1
-0.034696363315035901 0.011895369182582029 0.047817171831078878 1
-0.0036265440104012695 -0.010193732104821652 0.06138611403904539 1
0.084339057638122314 -0.010176167182433684 0.087569493068860249 1
0.11048678880334381 -0.0020146842977666599 0.083215374149352539 1
-0.055683702740888602 -0.0047913606265502819 0.044275430418814293 1
0.027562830092279698 -0.014456853515673907 0.064329419423098624 1
0.020407843331754633 0.011279332874638264 0.069634756841580187 1
0.043098038955972008 -0.0047163371279458424 0.078974863413266233 1
-0.024923479290771707 -0.0027954310706073283 0.0033592488852593775 1
0.070426985582181231 -0.0073596501982000091 0.074921426397581953 1
-0.035648134041414453 -0.0086166887272412056 0.034122000257453239 1
0.035199744118460476 0.0047467563000044375 0.050356296483767965 1
-0.04137155126636835 -0.0080327106452916224 0.033001440549423715 1
-0.062983109057317507 -0.0096743640796487281 0.035462551808126727 1
-0.026783947145400163 -0.0050104865916764689 -0.0092028711865754179 1
0.0010108232313839512 0.0077349525810055195 0.064504638901862615 1
-0.029508780340471934 0.0086048711107118894 0.041306816060959574 1
-0.065730824049515496 0.0052727755425640557 0.023066629214719334 1
0.1068763333674249 0.0051249748857297925 0.10076702143821055 1
0.0072073361952789128 -0.010007456410676241 0.07245476171374321 1
-0.025282800219163615 -0.0095360648975721871 0.037288628268827513 1
0.08495699064233575 -0.0041098423855079544 0.099892046432354498 1
-0.014412241919801038 -0.0075436737376715461 0.076176238796904425 1
0.040180689734389846 -0.0084232264310013551 0.062902350386285888 1
0.1211557275340811 0.0063883734002260105 0.099299780639066859 1
-0.050901949011147543 -0.0016142006594032595 0.050842980782816627 1
-0.095903538813403494 -0.0052897229267028518 0.023894271349640728 1
-0.099115685487955074 -0.00066585915171887399 0.024007625023736233 1
0.041745394850262768 -0.00779400218163723 0.068807351454132304 1
-0.012636040639807951 0.014117535784319816 0.058913090221577459 1
0.051971997083322535 0.014029844975797214 0.073477905994241574 1
0.10604484327247264 0.0089678803450370468 0.10182513332778949 1
-0.091554286302740623 -0.0056774829127946144 0.0071344997953357962 1
-0.011399233713746071 -0.01280834898352623 0.060720067471265793 1
-0.026769564673050885 -0.0091256789830114655 -0.00044515471803482795 1
-0.051576767423202739 0.00091455893893097246 0.028231707687656982 1
0.0039507052958776927 0.010325389684794534 0.038131358637652782 1
0.034324886764577955 0.0012288777051110205 0.049787161664504691 1
-0.067038167943897942 0.0093702288822199858 0.036658132328147297 1
0.0043805212147764172 0.010430685577528027 0.054315192128292285 1
0.11630357056856155 -0.0035906884586438537 0.098555468022823334 1
-0.010693709612977505 0.0048005864310875085 0.03763018421238018 1
0.081938920428858128 -0.00093727351638203411 0.098944995585628914 1
-0.056308739637816387 0.004473440214987909 0.040729707159775821 1
-0.019285526199970777 0.0097057660005458769 0.041509787311662855 1
0.086500114224141805 -0.0069542798114868168 0.080971000401421675 1
0.00028353507946158197 -0.01106697277188597 0.052132060072994479 1
0.010787558177013833 -0.010228398297844905 0.05219702254144442 1
0.0050608822059970702 -0.010158600120954951 0.059157144480470346 1
0.1023501057647743 0.0112217474504725 0.092753202059052769 1
0.083441543091912124 -0.009103828831906394 0.078001678150876774 1
-0.0097308842856254681 -0.0076309959507357885 0.042204877342697539 1
0.047479884625072716 0.013925413294920327 0.065759444643707268 1
-0.090866740412354208 0.008103502037477955 0.029247518243884836 1
-0.018092936560305042 -0.0069282440788328405 -0.0042514010011898227 1
0.070936629379956567 -0.0096860006383943133 0.074940624438778344 1
0.1167923214974898 -0.0033817101033570326 0.093316995105570705 1
0.030955045439342081 0.012083058711648768 0.063170978137841977 1
0.023474589200988938 0.008123109840236651 0.055612758438192467 1
-0.05087511115225387 0.0063474665177689791 0.042305408079577472 1
0.0011697277531123934 -0.013672755614175651 0.061137735245710659 1
0.0011832325987969766 -0.0084099219973022745 0.04982513324181654 1
0.10334018596719555 0.010128382069109753 0.080219000795244591 1
-0.053783070361755878 -0.0081391387560200024 0.031032377425929236 1
-0.023687841041513769 0.0065593705873810727 0.05517782002685117 1
0.067911261490127578 -0.0081181427987189018 0.087714081598269156 1
-0.036118264754587168 0.011622488801020308 0.045272974124984738 1
0.094694327372232184 -0.0098761000066962847 0.086833273121384322 1
-0.0078902254879253189 -0.011134994266346617 0.04723488440779202 1
0.030949193799252078 -0.01073429633024727 0.053300867841704125 1
0.0067281309031438702 0.0093579276937934257 0.068268996003915033 1
-0.045945415916252924 -0.0052958582647386291 0.043444717861038838 1
-0.093524741595758104 -0.0057026977501388777 0.027453550099394826 1
0.0052601721389833947 -0.0023370340455490255 0.037984343978791663 1
-0.011011191028385166 0.0016358474579703307 0.035465093090095087 1
0.032921766132572458 -0.0030262952751647981 0.082559120854983251 1
-0.065593656253933985 0.0011888158186354027 0.020010738322415435 1
-0.047599566075646381 -0.0056235619235988606 0.044874946211977178 1
-0.0096982224628315069 0.011005838558550756 0.057790474640325072 1
-0.0089421545280750914 0.0049069449628099844 0.064179739363168301 1
0.031711696458204153 -0.0097897727761506407 0.063282203018363278 1
-0.041015447519119418 0.0039094084880967016 0.030552643170358097 1
-0.030453471952222602 0.0055793612729422848 0.03295109467491953 1
0.030608742566675586 -0.0059821972143280205 0.07582600412629463 1
0.015219925401554564 -0.006169923954131731 0.050061036390587878 1
-0.042222650131602993 -0.0071022884736173034 0.037858951241022398 1
-0.0010950172519747108 0.0085679468588518298 0.039913726195056259 1
0.020264852668619368 -0.00023134778403963076 0.045212372720820133 1
0.0069078490378706352 -0.004161196824828281 0.074511659923372983 1
-0.038542097349735634 -0.0063347781061186669 0.040708644268770335 1
0.022052210643935265 -0.0086068477055042392 0.071621749436683466 1
-0.089849994785750412 -0.0064840116836912673 0.036409174423702687 1
0.013172948535902758 0.0034954550823737512 0.044715140339966292 1
-0.021325041788862568 0.013000863615898509 0.050714317533455074 1
-0.024916389108994731 0.0098794094811612606 0.054598324395135234 1
0.013511255654544051 0.011825198452114303 0.066318516823083568 1
0.084409314702336619 -0.0075834748822259856 0.096934274256730624 1
0.035540233781362507 -0.0075708410102290442 0.079854856157818718 1
0.093872774317114591 0.0021893077435762355 0.10350153998240935 1
-0.041184549330252333 -0.0037472581596599596 0.054913394054702691 1
-0.053642487818320275 0.01013186563901268 0.035739824040997757 1
0.0012532604691689992 0.014575511183460161 0.051483254291179475 1
0.068129838709927476 0.00047349345392357512 0.093387960989050167 1
-0.071776727905298418 0.0091687512898337119 0.031212055817544718 1
0.039181094985607914 -0.0073995175164298689 0.066273890560328716 1
-0.0035805990172786449 -0.0080325576918041843 0.058574977050889765 1
-0.076314330101013184 0.0050101258093491197 0.027623116970062256 1
-0.013116539864442311 -0.0057420072858517506 0.00048859842740648382 1
-0.10339326637748956 -0.0084911168228758473 0.024344260298202341 1
0.017472857887180199 -0.011448153890693702 0.071635491032662812 1
0.024407068572918394 -0.0099500925406356237 0.076357053514563442 1
-0.020071827872018312 -0.0036851242927964127 0.035623693944312501 1
-0.019921182322939338 -0.0066640262707490516 -0.0030347765667895271 1
0.01467030872900491 -0.009832158009345629 0.053309527234572607 1
0.038613695095951597 -0.0079205974388822653 0.075689015898102036 1
-0.081191553601357311 -0.0097139138590318624 0.035737155009896562 1
-0.082037517607706931 -0.0064475759834485176 0.033753610824180526 1
-0.059185438540504537 -0.010459713548601699 0.036118998589067745 1
0.087430368885099405 -0.0083045038266477984 0.087263287135693132 1
-0.022206497925498527 -0.0050022520680909344 -0.0082848285225527365 1
-0.080288956796963282 -0.008007184413196252 0.039099808019160208 1
0.042620254811222356 0.00085714927285641355 0.082914282146579879 1
0.0079658811583968748 0.013690740749704828 0.051734499936827237 1
0.03854971028351524 -0.0071831500223305447 0.082758748835399062 1
-0.021117146954285942 -0.010210076065499934 0.054141448408616275 1
0.050018176402666155 -0.0069629972190130233 0.055466673776017474 1
0.04056957406686193 -0.0026127574164992854 0.082267510307745206 1
0.090708922070902823 -0.0059934838843345804 0.078247021999866148 1
-0.016746502056799884 0.0064791878717515355 0.060096903207493793 1
-0.049093846570794908 -0.0096578871692595929 0.039244807003928808 1
0.08288669817820718 0.0092523893042201297 0.074208260612469948 1
-0.10435033030807994 -0.0020281785400585424 0.026825034990906771 1
0.093772460194511742 -0.0098900593549588189 0.089369408769941497 1
0.084937672409935536 -0.0018584753792438811 0.068162051503491861 1
0.019519551855308136 0.01031318276922677 0.070387048359697613 1
-0.054871971054800642 0.00066460751149563556 0.027211061037833731 1
-0.026400183182127765 -0.0030826781416661052 0.035069342242547673 1
0.017815275728935376 -0.0021945670014247298 0.040876285638660192 1
0.027804658137562811 -0.0058211691891654378 0.067820624138207844 1
0.03224955996226081 -0.0084678256367318756 0.050092736761247106 1
0.064739131218565948 0.00071075538669333011 0.091792890072186425 1
-0.0071794168888044243 -0.010357034490446629 0.043198097426776647 1
0.05000288979276047 -0.0051734359760068514 0.058874465210975294 1
0.037311017194848931 -0.0042059680644756601 0.073936500949594669 1
0.089125089980451516 -0.0030501719437241418 0.10138864442436632 1
0.084618145980197679 -0.0038345264836329319 0.10030322614548715 1
-0.028970634726989568 -0.0097260792855454834 0.055082969932804982 1
0.042591373216326466 -0.001102261040581204 0.052879252090884392 1
0.039473016482559381 -0.0071526628641337348 0.058787825593795126 1
-0.04975060906499508 -0.0058104884672843041 0.041188611790958479 1
0.0029720843303948641 -0.014728374313563108 0.063777793198823929 1
-0.10537791381573614 -0.0092985227767546641 0.0077396130963256803 1
0.030849373496458547 -0.0074222616250783809 0.071708131629021385 1
-0.018231535441486278 0.01039649886429226 0.052206580793511245 1
0.10451409354659248 0.0018995164405228521 0.10357109445944952 1
-0.053589850626898736 0.0066986424601359713 0.03903827554687047 1
0.026398583735076305 -0.0052027085680901412 0.048214051332054128 1
0.1003096151698088 -0.0061259796963727443 0.10051583722684404 1
-0.031767198692709393 -0.0067157342591130679 0.057236859920441384 1
0.09371430816714893 -0.01020762395791951 0.088218354354698852 1
-0.056989907410601615 -0.0091647778579041529 0.044965144261146429 1
0.022222872052591582 0.0079280442753402944 0.064695746886427624 1
0.10021507455125593 0.0089340196126312024 0.1007452807103837 1
0.019938299885971032 -0.011282572547004821 0.065370069873403491 1
-0.077253937890616617 -0.0036508425219524644 -0.046254557521568852 1
0.015861197780302677 -0.014189198213774828 0.070323182793572289 1
-0.022652085213663291 -0.014480265940438292 -0.041685513041007143 1
-0.022414969593511309 -0.0092669486283881598 -0.03653855808356702 1
-0.047132914885878563 0.00071538358315592632 0.048506826162338257 1
0.090206354856491089 0.011043971870094538 0.093560315668582916 1
0.080841864129415533 -0.0078604774921395091 0.094781268185825773 1
0.043161657333429568 -0.0013242606647569032 0.081960800933120415 1
0.11859943456995993 0.0010017767418339053 0.098534969928376723 1
0.028291621341793905 -0.011161407076007657 0.062657918570472357 1
0.021582975615438316 0.012833083279018793 0.063388915134446056 1
0.074284759910019649 -0.0056714128461193575 0.088162618330772241 1
0.044764978152992643 -0.0049485291598213611 0.084626580616134262 1
0.085335230477743551 -0.0075569986864329267 0.089472129819005833 1
0.010200709203866705 0.012155011198384644 0.06453019684349641 1
0.11222527382184135 0.0051261314743681462 0.10277794338684153 1
0.072185532926119289 -0.0082879401422623258 0.08470741957547763 1
-0.021744334783324951 0.0099555126633033911 0.050663998091143303 1
0.091698357971534639 0.0093558931397412139 0.078437954108518282 1
0.09890939628887116 -0.0078845382445640565 0.097432630664826297 1
0.014591537375818329 -0.0078347036147646976 0.073539513866306333 1
-0.0039667671320064418 0.014752535303074778 0.059893499946335693 1
0.088976178956873431 -0.0081415861481021791 0.075806913196516362 1
-0.062189350422831441 -0.0064670382671637924 0.043962934798538238 1
0.039848239800385564 -0.0018621715395728674 0.051698118362573979 1
0.095268295300466363 -0.0078380725532251668 0.076925780247888709 1
-0.010610198652488597 -0.0030010651832241371 0.064974613184501845 1
0.036364669262106707 -0.012061473890947217 0.06017122442256069 1
0.061681645782189556 0.012189584629480532 0.065799733776514838 1
-0.067079516974341558 -0.010657444176474783 0.03293134317623142 1
-0.048706488132967282 0.0025237977418649375 0.027540972277642319 1
-0.035543364049703437 0.0070534894906422322 0.034839632685650233 1
-0.031030968289584036 0.012431972239878448 0.05186199230512082 1
0.011504288867742015 0.014354603525538225 0.054120826765771325 1
-0.057849842119063674 -0.00011346942265344641 0.046793881134269723 1
0.0029417683830642439 0.011517056010597812 0.059705976883161323 1
-0.070220654392968512 -0.0059868398942922712 0.041757872646933217 1
0.046478316187858582 -0.0091532445512712002 0.060546724125742912 1
0.023252592057437689 0.0066627291088509396 0.062898957403204656 1
0.092500423583806654 -0.0069028316255506312 0.082495446685256449 1
-0.072356311103932175 0.0018230674395429735 0.043240566211021229 1
-0.025405120523237963 0.01194610683278775 0.03946043406015471 1
-0.070400680334714444 -0.0025732687006985895 0.04365222154127147 1
0.0016209780954149315 0.0013217675559722719 0.037577066448687427 1
0.064608024558779092 -0.0056164853545904994 0.087613109554552593 1
-0.0019796660125100509 -0.0080585173289008556 0.064480590913972791 1
-0.059663665164972894 -0.0023062138340966048 0.047330775038805589 1
0.10476196816542654 -0.00045618932207445735 0.10208383756859446 1
0.026338127073106149 -0.0058679256452775904 0.071861167375067328 1
-0.069680703803896904 0.0012685245310422033 0.04303255956619978 1
0.090952072292566299 0.010718634352087975 0.081151731312274933 1
-0.026010016565239442 -0.0049760084132741394 0.061702731324984821 1
0.10483768671295779 0.0084904625454321602 0.082130418609856176 1
-0.064903064773193006 -0.0078639805540501994 0.039772991119999622 1
0.022106509579091903 -0.011971209753884124 0.064245736235684692 1
0.11566084608726586 -0.00025420316046087001 0.0898864051054451 1
-0.055583891155471112 -0.0082873317038390272 0.038245008041845885 1
0.030880321910671835 -0.0045336559277002753 0.082005189504962189 1
-0.026210727911461205 -0.0025066527266686656 -0.0079245062353144047 1
-0.020299010429927617 -0.003992186570603809 -0.0010192231400530884 1
0.010443104420291763 0.014249480018047746 0.06087648999410035 1
-0.025597513949533298 0.0095733653680985624 0.050017960194110624 1
0.098825977064728149 -0.0034562920537710962 0.10479534788961288 1
0.070519336195186647 -0.0093402885402170746 0.085334895480645212 1
0.041148726279714568 -0.0025047421747033645 0.081466301472396821 1
-0.037880681398347993 -0.0082583379322245937 0.029349075319474227 1
0.017873495921592122 0.012704910983319311 0.057996646546875932 1
-0.029914033379415492 0.0015901324021190804 0.032433695283120081 1
-0.002145826178832343 -0.0095604833686187864 0.064297405589474874 1
0.045466071494034956 -2.8032172217543495e-05 0.084356862829153459 1
0.10148832728345419 0.012997478813930423 0.09861910332376092 1
0.035581713302551582 -0.0080334713934670076 0.082226658010907075 1
0.082488123329263849 -0.010920575426020405 0.090361642197450479 1
-0.040280572740895637 -0.0064392127238443349 0.043625545800683938 1
-0.059204039630365336 -0.0059853057510876563 0.029215507509034663 1
0.016237872627447289 -0.0074306179935100343 0.077469744133431856 1
-0.066332010150540952 -0.0049149251371731345 0.040225974400739918 1
0.083310806732301651 -0.0028285217446096722 0.099662736872375104 1
-0.056667698227953596 0.0025630258111054576 0.040358370878440672 1
-0.025396110852609996 -0.0036583924811693863 -0.0077695981231384057 1
0.021091933734466342 0.01266673767450927 0.065371825301470884 1
-0.030954103017040973 -0.0072704628450728217 0.050938277719530141 1
0.031461679932132045 0.013964528562678021 0.065677192309797905 1
0.11316262008230715 0.010470987990916461 0.086264327333168425 1
-0.036783158151804433 -0.0044090484792908089 0.030174500682911096 1
0.0071526004193768911 -0.0063557191393279009 0.067151143489136395 1
-0.044475095909604696 -0.008082605074141349 0.034427035570451153 1
0.042055421310222316 -0.0056070839508715097 0.080920781942718553 1
-0.07177629028157799 -0.0038554719156762471 0.038575044115334717 1
0.058914442986445686 0.0061008985227003478 0.087796443753813153 1
0.021707817031508713 -0.0043283656261625504 0.078835720212887164 1
-0.028920394663425088 0.009283060202898593 0.051351865624460688 1
0.024001498347024534 -0.0061184429311387087 0.054226043600383154 1
0.0107241460279777 0.010495119056754171 0.067684987321970133 1
0.0050523890539173437 0.0083874499300693548 0.064359948558242203 1
-0.05328835845909672 -0.004077631377036095 0.041212947529368577 1
-0.01300585488042634 0.010110276210738662 0.052327624635193526 1
-0.022553410343930155 -0.0076575029447795836 0.056822309818163934 1
0.056068683065853435 -0.010294893648204068 0.077689269853252196 1
-0.027847598707164307 -0.00034852713132725067 0.054052857802727457 1
-6.9092731488355763e-05 0.015034785578105409 0.058361807085514798 1
0.020519990455515794 -0.0017895656687683568 0.078180260849719019 1
-0.034074548174596445 0.0075385885042107553 0.037463853925009817 1
0.058352905833315323 -0.0049840285531573582 0.084403398686281939 1
0.026277252583664493 -0.013222034524988852 0.059943792663207429 1
0.087635186761684858 -0.0074771006612427016 0.098443940403526026 1
0.045669924313727808 -0.0062792654439712443 0.083459178298925324 1
-0.1074303463101387 -0.0085081697907298803 0.017700735537800938 1
-0.018909604282210609 -0.0076488766269850817 0.052466947990388951 1
0.013519654214576069 0.0075679614195996994 0.040172011719864092 1
0.022065958263666918 0.0030792264343306522 0.041958095202401992 1
0.083906354382890069 0.00079874182106933009 0.097649727016260235 1
0.033286611327629265 -0.01367333464395638 0.069295882130696679 1
-0.077831803744163569 0.0016723791906809809 0.036607244421209446 1
-0.020722206861654671 -0.007347805298354472 0.038134760073120944 1
-0.098943866825326174 -0.0049338977593826258 0.027209657764708794 1
-0.054964781605066036 -0.0016833943638750095 0.026310256190407565 1
-0.017695096354146879 -0.0076892661809400331 0.058985495635732653 1
0.09704890102148056 0.014475394506007433 0.089156370609998703 1
-0.042170106728273572 0.0079017233267737047 0.049330737875319733 1
0.058284932597288078 -0.00027814491720782382 0.057422321047210081 1
0.022504452826890349 -0.0057172220575399963 0.057729219737656344 1
0.0011973403581014572 -0.0084597686453568958 0.060029890908836155 1
0.019099164238829684 0.0055448481210551327 0.066501988694620887 1
-0.035550994408045378 -0.0038008194514322444 0.04948838626980729 1
-0.039001197732055001 0.0001765895345550144 0.032767749361398056 1
0.058109819373501195 0.00045514078320129389 0.086473640660308798 1
0.011956340986432709 0.011743064595230186 0.062438431012915858 1
-0.045321905125692084 -0.0076204925385316841 0.037574966726644968 1
0.029640264665168066 -0.01396650359836997 0.061030504069134524 1
0.049392537392365821 -0.006048004036215901 0.077112057596493186 1
0.11486136922458334 0.0068327236286941035 0.089107061213950345 1
-0.10761569167988545 -0.0022824862089227812 0.021342533181715372 1
-0.018284319741470479 -0.0066730178644620643 0.061583824173256398 1
-0.035093225922734075 -0.0087449162680574722 0.038399245882790867 1
0.012981401881649885 -0.0091215826233488062 0.048528747320726602 1
0.11451138776733491 0.0077529945062991424 0.10024602103234921 1
-0.011732281571989651 -0.010508259582011355 0.038833528339855733 1
-0.058232584375560822 0.006515238057183792 0.039281124801318616 1
-0.042082107189207844 0.0024688730186900902 0.051486861038826749 1
0.040585450981548435 -0.001461745415572595 0.049581197060889752 1
0.039256945543191389 0.013978292291145051 0.073409239923913516 1
-0.0027491696204214652 -0.003775046808512201 0.065330310388269697 1
0.018098386034938008 -0.0039945440548043373 0.044088525720923401 1
-0.091545311534647178 -0.0057785264363812809 0.017264267249723055 1
-0.076338422684174234 -0.0088677498919787316 0.029146095271070781 1
-0.055376416739468415 -0.0075688007928149626 0.034036937386110709 1
0.087767095210669027 -0.0015320805747966538 0.101620688121249 1
-0.078986762772489977 -0.0027198392461874653 0.038941381208818203 1
0.059350800292423914 -0.0086248648844191016 0.065397039250883457 1
-0.037781439327415921 -0.0085170155671851211 0.039307072519278688 1
-0.01586419179398119 -0.00020048930434950535 0.063556946216750412 1
-0.08331219130926186 -0.007857625653334345 0.015940162555371791 1
-0.023125410223997458 -0.0035245563724067138 -0.0083676824846055774 1
-0.031459279408882018 0.0093184455954416403 0.053111779588642057 1
0.073229491246039211 0.0099167210209186955 0.071810682020526428 1
0.015597836077358642 0.012751137139720368 0.053038881157146736 1
-0.049898277916641962 -0.0080511525635824817 0.032882137217173757 1
0.02031292255084758 -0.013766646057788431 0.065808477596375134 1
0.063499459232893671 -0.0075737592517408289 0.07265302930292844 1
0.0091041686499466461 -0.0096917074240207152 0.054556232246770385 1
0.036333529036707175 -0.00090032418185136392 0.081275303382811193 1
0.019895444671094289 -0.010771640106897407 0.067859948538914708 1
0.027045689284967683 0.0029112765104619067 0.052539468515012545 1
0.030089807391596838 -0.0050182534829944885 0.078475394412577823 1
-0.001035685743577689 0.00042601566255784503 0.038777361132238994 1
-0.055963454539846455 0.0038238875923340123 0.046428934425406874 1
-0.040736817324600869 0.0035704922837468895 0.031903437006270588 1
-0.054449293367994721 -0.010110630535953751 0.037537847130093081 1
0.11559950179876065 0.008382912382811478 0.090874153298243707 1
0.0075890133112638996 0.0087161879952662672 0.046017746538917666 1
-0.052477599515452895 -0.0057526641761896612 0.026750086603969467 1
0.026257533965698202 -0.0093982256031484787 0.050322292984011988 1
0.099361163781670855 0.011671166681717695 0.081382433476807126 1
-0.013660338496238864 -0.0076879479954920279 0.055679641501847385 1
0.058087739394095686 -0.0084346658918997963 0.085210152650599391 1
0.061559427525004824 0.0024684523968132523 0.087352019069064715 1
-0.077077081989768606 -0.0051752773478319254 0.025941210501278227 1
0.00013614313033307054 -0.0081424647891328895 0.039501041894036117 1
0.035742937587653331 0.0049958696688253458 0.048562541182945174 1
0.010324033436463162 -0.00027325684292655921 0.067759523863800866 1
0.10710033490223694 -0.00061177487363269292 0.07978649533134001 1
0.11234311095966946 0.001319166133579982 0.084166156842361853 1
-0.067112699597637424 0.0050797646592968867 0.042772970976272862 1
-0.058879255107919144 0.0098341270840122882 0.042243539153738477 1
-0.066343014715328746 -0.0083876073712560503 0.030789306850441251 1
-0.0026314463630394526 -0.0079976274045084391 0.039369147074843444 1
-0.031561513176281211 0.011133818166044336 0.033644502040609141 1
-0.019624391121204773 0.011983528321022445 0.034666365877964601 1
-0.042196311665371605 0.0032664166228623397 0.051449448770065118 1
-0.063955313173493594 -0.0080962539184923684 0.026419022969229836 1
0.046432575961574275 0.0089122164923964159 0.078529452513228654 1
-0.026153607295484618 -0.0062526495965197154 -0.0077818169352492778 1
0.11452703990767635 0.0065567529737481853 0.095642899776908652 1
0.037482420821779806 -0.008044017520013904 0.06005671647978033 1
-0.04989509465701146 -0.005286121905037279 0.050725834404030119 1
-0.014198523243500648 -0.0056357208298452692 0.06276512440568649 1
0.03812214459796353 0.0016273468292002861 0.048760446776499933 1
0.013948277927201757 0.010816132100666585 0.049236242905466486 1
0.06603325448195542 -0.0073673593683941507 0.063066783161338374 1
-0.067857857069050023 -0.0024565434722450346 0.019227774082549939 1
0.11410659322503286 0.0026185174881704376 0.08974455821766486 1
-0.03541031009572012 0.0074713176376678854 0.032840879571856538 1
0.051195152164883934 -0.0099192210310297818 0.077095979681814086 1
0.020279569359803566 -0.0013611255898000911 0.04145362669436959 1
-0.095001570062928642 -0.006164785321986146 0.020688098876972535 1
-0.017841522173296591 0.0053774747283381876 0.036456132970345043 1
-0.041415836795304695 0.0053557932528333213 0.030736223344071091 1
0.056201214227360463 -0.0094585988963237343 0.066871478168332443 1
0.091430841625518428 0.003501478536351384 0.10230541580497779 1
0.10827884212024688 -0.0088720729375154871 0.088020605020659157 1
0.015180248226992439 -0.0017871822666342787 0.043513417950321202 1
-0.0019503092281922488 -0.0080583751544267036 0.036667621409628572 1
0.029066793181057517 -0.0130414272619427 0.058737072678024964 1
0.061671766410887036 0.010878473079643344 0.070487391091640039 1
0.02131751010230307 0.00062115495864427882 0.067594701978466426 1
0.11656709423806057 0.011053135152508251 0.091862426666867447 1
0.021830554649107659 -0.0096543744739221154 0.067415398380118466 1
-0.018322984564978117 -0.010464849185618226 0.056328352513558638 1
0.021166477750602448 0.0032569128958478632 0.06845358196849409 1
-0.02686382273579329 -0.0091212980178131241 0.031994723168254226 1
0.021130723503402928 -0.0028857536125829553 0.067758692077709362 1
0.059117451006864025 -0.010073654850547889 0.071272505840761044 1
0.10512324363228856 0.011050009095320982 0.093272575586914513 1
0.058902502482522462 -0.0063317428415418046 0.082322776237122058 1
-0.051488342676297094 -0.0028757864576337737 0.051143779743383827 1
0.018753884360194206 0.0052203637023922056 0.068300988525152206 1
0.0052221045191075555 0.0021768416362088153 0.07008532131616356 1
0.046691757550131108 -0.0032789770645001537 0.086827840298215511 1
-0.023648910448116865 -0.0053171672276266149 -0.0014196857826045493 1
0.10976455955526006 0.011453150687309562 0.093278819039494379 1
0.0026509817890609791 0.0090663518109501979 0.069172436229495537 1
-0.011505959326485545 -0.0074950638002248826 0.03616836447128214 1
-0.050813849820261076 -0.00049226156758007769 0.044145681964034053 1
-0.03615315217545715 0.0018816498065458813 0.054084071038683797 1
-0.060663416265650361 -0.0050699138178442009 0.042064033659444569 1
-0.072785153210816231 -0.0037850615393314568 0.02265782711990284 1
0.014348996803164482 0.011605201754719019 0.064586719498038292 1
0.093762532952331654 -0.0096859808637360292 0.088073374454255823 1
-0.090455590705910624 0.0014701443119483413 0.035153126927324745 1
-0.039831811316247814 -0.0014467340767231832 0.02976779473717418 1
-0.039137594671970165 0.0075958826900127067 0.045519147580642634 1
0.022056656671977943 0.0025754222477779426 0.066481619348971704 1
-0.0035434223472570652 -0.0079381979214225643 0.043075971716346549 1
-0.0067619335403591788 -0.0088397476006946783 0.061203975771535496 1
0.088017122387589256 -0.0099385300564285278 0.089202404770000299 1
0.015616549217556367 0.0011461278702499227 0.068944850510640365 1
-0.039215929158161009 0.0090890385115303396 0.0323910401613553 1
0.0099489276495013067 -0.010050073850656613 0.055426335025750138 1
-0.086265088186917263 -0.0064932765498240466 0.035055166076783696 1
-0.037458457114003578 0.01097572995801417 0.03700549570021195 1
0.013908384669641491 -0.0097363036988025817 0.056709927061806997 1
0.019123921656617936 -0.0018075279057844045 0.074959244647444009 1
0.1101528964497531 0.0089926498737077955 0.10062124835845129 1
-0.063454443186921825 -0.0092034702703590876 0.040283232390536487 1
0.011440102038527172 -0.0050371909305793952 0.047163113247402674 1
0.10235693563654984 0.012532221177829544 0.096996039800877995 1
0.02238072051001843 0.011649473576889878 0.067237348743276179 1
0.062991079083040302 -0.010365126477639312 0.081592983145653247 1
-0.016190171134593544 0.013509260023708461 0.053359336832715765 1
-0.10021031120787738 0.00026324063936756614 0.033087424708275276 1
0.04423711169510329 -6.3189237094956685e-05 0.051225320174423605 1
0.011097222679383487 0.00014898765267988079 0.039356615688272797 1
-0.037750734141363033 0.0075657351205369447 0.033567936534284831 1
-0.023805627139435719 -0.0075853387126987391 0.052172475276419494 1
0.03963979599130843 -0.0093183438667018559 0.057490858885752665 1
-0.041184567095288789 -0.0028793852727940546 0.049948971137576424 1
-0.023973284499330196 0.0042558796716561254 0.057169536665531526 1
0.0094857355837995143 0.0024303309098338364 0.070674474287968789 1
0.05686606653034687 0.0078912512399256229 0.059814268723130226 1
-0.0020122385582730141 -0.0099489020443911582 0.046866838736613063 1
-0.096862263942424795 -0.0050119486946040258 0.017140200606057206 1
0.013395818805355486 -0.009545199120969617 0.063518732695145561 1
0.10918721293166717 -0.0034688001650785664 0.080647412816221675 1
0.071724025668447322 -0.0048257748100937348 0.090668622188624162 1
0.026786655680854112 -0.009056667543121592 0.070317527507026509 1
0.013801775316156749 -0.0091673287541929691 0.063019505376260249 1
-0.023694246873560837 -0.0083517087659068373 -0.00015645191897237026 1
0.027384877076156722 -0.0041621061741463246 0.078675435390232099 1
-0.086520379825015578 -0.0039186558372650959 0.03181334090259872 1
0.092801248866748218 -0.010124653210268664 0.090609008737870922 1
-0.031695690122221426 -0.0071248449048435976 0.038758430218492186 1
0.01518655808634321 0.010725697042367796 0.068889394252840089 1
-0.0042627381502141409 0.012782159535338879 0.063563473354109945 1
0.06150557474920415 -0.008357771283451965 0.075780196817133133 1
0.028742924894758055 -0.0060160765484685045 0.081415879642165193 1
-0.038962904141503434 -0.0086506458750343802 0.041532175830073556 1
0.05494752320965586 0.0011583070585009919 0.0851912600842024 1
-0.018460277092320392 -0.00029652902769131996 0.06216117974307328 1
0.013352955728244222 0.0056247768466405447 0.068170501084282367 1
0.021027993250915023 -0.0068017878794625116 0.06167724467199049 1
0.06446715045481205 -0.007780858279733272 0.083646102352746068 1
0.090950081122015525 0.00035484246956169613 0.10007400407659535 1
0.03272985012599313 -0.0067203527553660134 0.08285350822622925 1
0.026461008716306564 -0.010101786091332632 0.058708257574266634 1
0.050652960315346718 0.012318039312958717 0.069569811224937439 1
0.073140405120235605 -0.011084507291265509 0.083666624978860696 1
-0.10218188231337039 -0.0062138997282917136 0.0095032506078030089 1
-0.058370189291474098 0.0011623759182481487 0.026140773254080478 1
-0.041805306092410628 -0.0049877009156718347 0.053717185571810169 1
0.063131368313717587 -0.0089968164840475567 0.074988230838345923 1
0.043530944744031991 0.0040212149568479728 0.08106074952831592 1
0.11338371309256802 0.01086428072892595 0.089493682033856797 1
0.012547061124321366 -0.001769336008376329 0.069475551648483055 1
-0.045650393391783194 0.0022615248234270809 0.049174912504153429 1
0.030608148407157636 -0.0096263140246874105 0.059091148091810805 1
0.10670413353933496 0.013660188881448068 0.092694555789154753 1
-0.080001263589821472 -0.0055888984678276084 0.037959023458939714 1
0.10982309865695702 0.0023840214289580124 0.077391098389529053 1
0.0064834765075537579 0.0071089730903359516 0.068148212967805766 1
0.010801890546835044 -0.0093078157909931864 0.053718587631039948 1
0.06838591205587885 -0.0067154494961236951 0.086460067531275955 1
0.029245289937387751 -0.012173007832981995 0.056631398711418326 1
-0.079500266792428234 -0.0099783738170744606 0.032613996258757424 1
-0.021805790342547395 -0.0030051010507034172 -0.0079635949460032766 1
0.091779885373639555 -0.0088214541436964968 0.07996657864648031 1
0.0062997586794178665 0.0096074248611062642 0.050310814321732976 1
0.10392379193718081 0.013354693276536767 0.097921149553452186 1
0.031875017208011273 -0.01266596913667496 0.057580402092799944 1
0.095489894395005423 -0.0070554461845814967 0.083703366885616914 1
0.11439095119585027 -0.0031683331756587603 0.089666015001124894 1
0.062451232844720039 -0.0073994607806219768 0.088376325691180244 1
-0.043814271402078699 -0.0070166039579256049 0.043523960362392602 1
0.0028220199902103675 -0.0098686595182271991 0.048217765482624658 1
0.081362767422114082 -0.0094298973222303392 0.079945096926384726 1
0.11178515576954649 0.0025987578068092094 0.083740858424286066 1
-0.067471722140908241 -0.0065740848076529801 0.037579406518489122 1
0.072674831002518883 -0.0075106302660277926 0.089986348635615596 1
0.030485220133210051 -0.0041045394467197557 0.080336972702436935 1
-0.021409911422021977 -0.009869573368912761 0.037287130222508499 1
-0.082766162001976132 0.0082487642573692323 0.033254853264857401 1
0.099564418196678162 0.0011882445542141795 0.10458404198288918 1
-0.0489823305550098 -0.0032852787087657154 0.042885581250372729 1
0.048935951780027021 0.014331535658018682 0.071596817254373848 1
-0.024756614468815812 0.0055390551841929987 0.033376384962305085 1
-0.010479578082661509 0.0067643663230522923 0.062418094270180281 1
0.04889341568543152 -0.0076810439797317023 0.065764273029786227 1
0.10138051413964498 -0.0084274209969831797 0.080987326961486569 1
0.010564480463102641 -0.0098850839543751824 0.05694596095774751 1
0.033289064513849921 -0.01078378477719916 0.055170080079988172 1
-0.019512973209035393 0.0069125564511907421 0.059757345623278751 1
-0.034255363236537911 -0.00626425733157679 0.050829579863359488 1
0.092058827071522797 -0.0082599358890489 0.084156805967319753 1
0.014030076331684354 0.012262606510094719 0.059416065189169275 1
0.11617211482332582 0.0048441693667703378 0.1018391733301008 1
-0.025505830243467555 0.00040751133568011234 0.061339133983190096 1
-0.094202563465296527 -0.0058341720799589504 0.018521847481041142 1
-0.024384453830459285 -0.0044365145788486078 -0.0086230531632572327 1
-0.044927006105622627 -0.0037850236997179548 0.045840575380088469 1
0.011372448192224391 0.0088931345056754499 0.070781507345006989 1
-0.10054705500090454 -0.0059735394439048304 0.015208506231474487 1
0.018611344726989512 -0.005360589216109702 0.073716233062693731 1
-0.062227028244134688 -0.0082303166804726727 0.038741636188274413 1
-0.03615350666416875 -0.00062371333191138718 0.056848594212272112 1
-0.083054791177694889 0.0081162576304370845 0.036819950645733381 1
0.010227737818696498 -0.009255825128491978 0.055421488437633004 1
-0.052672358582300294 -0.0045391027309944322 0.049710009346013363 1
-0.025414091801384146 -0.0072733448078604306 0.059428814704793484 1
0.01034776377491653 0.010850063059478998 0.055985563434660435 1
0.011637930059805512 0.008935998659580946 0.046844231896102428 1
0.024010995021537185 0.00034492272999626363 0.043849313341015744 1
0.035449600015120972 -0.0070965508892657228 0.049665263942195503 1
-0.022873731180284754 -0.0050329583051295238 0.032912720353948197 1
0.00046297140458850241 -0.0091976844421203172 0.044811374971256035 1
-0.046534175908264294 0.0049264783484942887 0.041659127152121896 1
-0.020345214207017747 -0.0095130097168366068 0.059801474231234747 1
-0.029469297260619271 -0.0073026178782864019 0.04341204295856476 1
0.063748305167886807 -0.0067599634908941039 0.068835294249017479 1
-0.081548020465197268 -0.0083670327998624314 0.021520170985210051 1
0.0062378686145742306 -0.0098279699068751884 0.062775741778880789 1
0.0031299951875284398 -0.010568237579330838 0.055809004279430745 1
-0.092741192708368156 -0.0050781425379460791 0.035808565605249275 1
-0.06359426825357084 -0.0068120187762289782 0.038146920200318839 1
-0.026379132643342018 -0.0066503210691735148 -0.0025253206840716302 1
-0.026583528130917345 -0.0035200705613187872 -0.0060859466791120627 1
0.041905169501230702 -0.0077847855875013269 0.05359271615397692 1
-0.045875578708427386 -0.0070327380421955788 0.033463026680511036 1
-0.021428273602499454 0.0096282857855883551 0.057478161782749164 1
-0.040592253861853861 -0.0044293953791503717 0.029043592640401086 1
-0.089493438623208924 -0.0099859766194063618 0.020642392644857292 1
-0.021281821692593371 -0.0071403679047330046 0.060661576078936297 1
-0.03300967276341344 0.0064516324609856582 0.051947749413495219 1
-0.036999606425324745 0.0023699538783215094 0.052632501066804206 1
-0.058890790670586897 -0.002645423427771462 0.024430247493993324 1
-0.051101377738897759 0.0036332381085793708 0.044173550609835112 1
-0.04230765625834465 0.0067655686289072037 0.048192991875112057 1
0.018810938768832216 2.4343879504802267e-06 0.042946115201789224 1
-0.076088132448681053 -0.00046647574695061599 0.040860765435566535 1
-0.059053825686261205 -0.0020143343327585529 0.04205250684172783 1
0.052346536346502368 -0.0062081261349964858 0.085139351811246031 1
-0.0073554529822688905 0.0049319678473173098 0.06604091411624996 1
-0.055805907499594097 -0.0017246736997735177 0.04193752765517024 1
0.020018835209323346 -0.0056393477415605372 0.07006160928248098 1
-0.053230023640554396 -0.0030780588207689279 0.043991662961500998 1
0.020390836148387118 -0.0022609576415767042 0.070081701062463767 1
-0.041331079647116839 0.0062314357431620376 0.036472356473398304 1
-0.029751675111378269 0.0075027980041615892 0.053029915548717062 1
-0.020847456527486263 0.0045649893671130294 0.059702413126597936 1
0.085231671427343267 -0.0081663110494770812 0.08244818329531188 1
-0.0059891020982352581 -0.0030698024443392541 0.037380306534340442 1
0.01119003606999251 -0.0092971008175513244 0.055258391816522923 1
-0.091897924228754035 -0.00035188868937949404 0.03218476590544949 1
-0.1003631178733204 -0.0040289052951922207 0.018625578427439473 1
0.086516795885510756 -0.0093329722914097593 0.08426450453479245 1
0.067465557133196685 -0.0084908741974928995 0.084147823751384854 1
-0.041484974748523556 -0.0092353613037291366 0.043697323038000266 1
-0.071323748701236894 -0.010316776949937051 0.037452346259441577 1
0.051495064049959183 -0.0042069804621860385 0.056835444644093513 1
0.0063222245077681413 0.011662075635012918 0.060131103043550377 1
-0.045082160475221005 0.00819660337806246 0.030116515651186053 1
-0.058607609843032475 -0.0031946161231705648 0.044061010148857625 1
-0.0049875921736337531 -0.0058190456984532832 0.06443458019074548 1
0.060052980404020954 0.0069919188178256715 0.062918792240567498 1
0.10334883620492491 -0.0071016850944488679 0.086299263608976787 1
-0.049335327964486406 -0.00013172757558177874 0.048309196165798991 1
0.04531706602472 -0.0042203059269386792 0.085517362020967408 1
-0.058305442587142736 0.00367342928748326 0.023980661289313858 1
-0.084629004053721729 -0.0088960092290481744 0.024287912323147497 1
0.042867822158352192 -0.0085782779910456314 0.056833327094747366 1
0.12076336914634037 0.010757337470689418 0.09059335637411936 1
0.11574107911810991 0.010204994292666282 0.083851025961616865 1
0.0074741241763609124 0.010117182915060668 0.062458206002480587 1
0.028100214599051255 -0.0096312202564539876 0.050664625539687209 1
-0.080022640729182304 -0.009640685081642987 0.0385782707454118 1
0.084404623103102996 -0.009346375801592777 0.08038713550815571 1
-0.027769360810701697 -0.002825078062869434 0.057921842015775549 1
0.099769738935395327 -0.00063528212778134934 0.10303820247317379 1
0.0036440893736015521 -0.0086854256977779605 0.058081854985081095 1
-0.065504444766815773 -0.010615582899537294 0.041440193748996081 1
-0.064517821260777736 0.0077353845268908015 0.025461021431730065 1
0.073507003168086837 -0.010698325724189701 0.081732746130292466 1
0.019393903947932091 -0.009129700208283905 0.069472726458210843 1
-0.064881290878771966 -0.0081815765109268315 0.038203729803340823 1
-0.039891138166836398 -0.0063367199881127819 0.052096154516469213 1
-0.053563592394917738 -0.0069619890300970299 0.028425153029342204 1
-0.04351694955522388 0.008322726042147675 0.033925383031118521 1
0.09959666508411788 0.011178829302656214 0.096518251948648118 1
0.023634837940335274 0.013845623470842838 0.05502605251967907 1
-0.044540352579315892 -0.0015810973831964299 0.048397886476090633 1
0.018468279034925702 0.007524116016078386 0.070516012737006681 1
0.083346517756837213 -0.0049084799831173717 0.099778883158733456 1
0.099910421372711417 -0.0044467009344612623 0.099580960007951067 1
0.085206336007564387 -0.010847211962761458 0.092345030052559368 1
0.087247486625093407 -0.0094838198261273828 0.085943120496830949 1
-0.00028915287463616643 0.00098571455755463522 0.06857100118406588 1
-0.0028591234248656577 -0.0088109986826456887 0.039688110178626841 1
0.018360582968596061 -0.0080928406171826596 0.072733407822407892 1
0.065593510502521185 -0.0094273053975265017 0.081429966991593175 1
0.00039361724179942008 0.0041277394468381811 0.039559925031751202 1
0.019242051158814992 0.010548500554123028 0.066115225155598631 1
-0.010990546281284527 0.0037303883193653287 0.064088541624484116 1
-0.041245827379199546 0.010603174109168546 0.035566816971373531 1
0.079238044819312736 -0.0086064360243792385 0.084754482587201363 1
0.028264553241842915 -0.002625537445768873 0.080920946345905714 1
0.019973132642430884 0.0064606146796701751 0.06427427995421113 1
-0.068975574696791969 -0.010495482253550436 0.039917858043092641 1
0.1112098611104511 -0.0054800029476550572 0.093007428588629468 1
-0.032438103686102934 0.0043337937997997246 0.033985204059635711 1
0.035353503621921474 -0.0053941467682585027 0.083625013525526343 1
-0.012711197475781198 -0.0076256057237161379 0.044170789071336813 1
0.068293359386308983 -0.0097124526956054117 0.073646182099753807 1
0.0077135420012986542 -0.0087813875485129554 0.062606772018381357 1
0.043312136083841324 0.0090218216646462679 0.080639231950044632 1
-0.050139520317316055 0.0062432271661236882 0.027871374972164631 1
-0.046075986492331203 0.0039295721440402364 0.04953826523329815 1
-0.026291062512618365 0.0024512226786756112 0.056226921584958171 1
-0.058314746535299875 0.0099380139739609821 0.031703843143812069 1
0.01040606654714793 0.0038087372086010873 0.042809054721146822 1
0.10202293492481275 0.0098483340513782856 0.098275654371814333 1
-0.015008445155218304 -0.0077068312286939934 0.060181730664420605 1
0.061266812893623679 -0.010935531287957861 0.075919447823255423 1
-0.0036862481669498563 0.0023720267748257827 0.036735690875642484 1
0.066590163270354788 -0.011009405778103054 0.079223277808658621 1
0.10258289920819003 0.013685780204285698 0.095263010349282751 1
-0.059955180583163958 -0.0054441141036565737 0.024207937375434769 1
-0.096130450444252377 -0.0078586582722469118 0.018706428263565136 1
0.012604058836000218 -0.0019771334340346752 0.067692766328761672 1
-0.0014658937112890557 0.001284921425941811 0.066678752512636608 1
0.056173936660354938 -0.010879163764504847 0.071932850071877538 1
0.016284432495012879 0.01197502831928432 0.04903130792081356 1
0.042567463645763887 -0.0028835613797557891 0.082020080627693212 1
0.033724579574321276 -0.0033589289471223213 0.075832754981005029 1
0.0092594693057452167 0.0080617536782998239 0.068252268937964294 1
0.10651770624748716 0.01257384576706512 0.086661451497881944 1
0.088175459105275106 -0.00032594644481155643 0.069621906561903701 1
0.085467453451797598 -0.0063622440584610446 0.094341077987992933 1
0.04391653361244191 -0.0013865058240308641 0.083455195905104793 1
-0.057276274573898729 -0.0079639993119539239 0.035075384043908669 1
0.039063499309122562 -0.0037646431592293084 0.080621344968676567 1
0.088329029198786865 -0.008720206438308448 0.085932434424155879 1
0.097205470181471312 -0.0055787711393410332 0.099939493865700335 1
-0.040918161622085746 0.0080401308616328184 0.033846568961648602 1
-0.038141226037383437 -0.00043660533567073433 0.055401021286629312 1
-0.043643815937382702 -0.0022714196635622748 0.031307473576862622 1
-0.063477036539417428 0.0035187482369836726 0.027857751356220324 1
0.071747822831822128 -0.0051758132335477467 0.088629287817876615 1
0.022218528531372253 0.0052665770789651432 0.064418935362110408 1
0.034099224422664276 -0.0016833372427697106 0.07804750420483747 1
-0.064616032221961772 -0.010792409997812488 0.036291941619936659 1
0.042177842513503927 -0.0036074951564946658 0.085023994944295009 1
0.01587795051355009 0.011815187557715833 0.064751865879100742 1
-0.039229572345367045 0.0037074781652314944 0.051722215043185908 1
-0.075882814065104498 -0.0081916938633014701 0.036317591975606717 1
-0.029167232681016741 -0.0049859682318640101 -0.0076289608552048754 1
0.050346765667200089 0.0087825080845504999 0.079827491194009781 1
-0.093159971157602023 -0.0094573953970189927 0.024598203191203288 1
0.088886905332660707 -0.0066533648652204102 0.094481934532481729 1
-0.046914365184345233 0.0050982453348732354 0.031629185021064314 1
0.029715817421674728 0.0089512069243937731 0.071822501718997955 1
0.048867303878068924 0.00035716535057872534 0.055711442604660988 1
0.016774155613585199 -0.013958701452196305 0.074073091628492169 1
-0.020283994924131851 0.0022732931806438098 0.033534973312152175 1
0.034913153833941807 -0.003207540514393422 0.080509552980007615 1
0.069209397902428041 -0.0044804468842758616 0.089450423011822044 1
0.10932214477437049 -0.006294679375204771 0.087898240406496755 1
-0.039301740770800966 0.0075223951005018962 0.033155349089491748 1
0.048822314755080372 -0.010532276585044804 0.073943334055736512 1
0.025540923310096164 -0.0023346527269758983 0.077941195141485231 1
0.0011563363635154499 -0.0052398671213414799 0.040649044399411666 1
0.099324887260760525 -0.0073506744855267626 0.085098390536095511 1
0.014494858594544895 0.0011164363039900729 0.067913303881104642 1
0.064568788922094583 -0.010278411210105885 0.076906382151364666 1
-0.016600726578087539 -0.0074839392996276398 0.039790165244610279 1
0.10577775537967682 0.011466425843536854 0.092325985431671143 1
0.090104326605796814 -0.0047556362114846706 0.10299380123615265 1
-0.058783318530798004 0.00083979064777882102 0.024002038802887978 1
0.030365576783025369 -0.0099010263198006133 0.055931477579115534 1
-0.01689387303778735 0.00079827501163634964 0.062665959524201717 1
-0.097995546225327662 -0.0068342499740753661 0.020281303523502537 1
-0.052011751440226496 -0.0080090894262231718 0.02954190008773408 1
0.014140377083676877 -0.0068007366752142187 0.067289083237989489 1
0.045205011764081988 -0.0033222053765233996 0.086425193999735556 1
-0.0022432089116757917 -0.0091908944286287278 0.042486081291384016 1
0.11091096091731507 -0.0037574933682575501 0.085517851221239338 1
0.068840550881228812 -0.010172761465989204 0.078121451701630984 1
0.097416220116748109 0.0088113201522536325 0.10210205320233293 1
0.049363938003275223 -0.0053055856830462687 0.085361265862740621 1
0.020958498515061128 -0.011436904294019256 0.07140716929474572 1
-0.0030353568892200955 -0.0011848364939522761 0.038259756818744689 1
-0.043679363573431107 0.0085391928363943489 0.044887731067607961 1
0.03376786557933624 0.01007375819811589 0.072576310993784407 1
0.058086320128786104 -0.007303791633367058 0.079954067474116555 1
-0.030551633864501628 0.0014124303352025212 0.053033225240185354 1
-0.043491650908034696 -0.0016462507132963238 -0.00082634604201075722 1
0.0041369758566528209 -0.0040382512017217232 0.066348729631704656 1
-0.050149582872771714 0.010297813751255755 0.040780082165069849 1
0.041459954540793084 -0.0052689171412594951 0.083933935828775813 1
0.080747345062989098 -0.0082441706286302784 0.080550475209734171 1
0.0086155196960360191 -0.00980781656197088 -0.019733204097677867 1
-0.049051475560969539 -0.0096579177959870335 0.041548300240978872 1
-0.0097536145219672514 -0.0059176610800178442 0.035607408370647402 1
-0.013114448277966963 0.0052949513058004639 0.063139447696642176 1
0.0087735591433009529 -0.0030034465855251396 0.068580347543192657 1
-0.078502150162051282 -0.0014095697663594024 0.032198563540625606 1
-0.10318408582157981 -0.0069021128508756626 0.026327113316987741 1
0.058011281255971305 -0.0032619703659130892 0.088973614385022617 1
0.052035315830204841 -0.0044823043808802955 0.086860805583286238 1
0.051905925116556458 -0.0080488354556909926 0.074180012914541529 1
0.089835289212311459 -0.00022086980765907618 0.10264848013464087 1
0.020578625777110393 -0.0040373052842659751 0.075903720058422872 1
-0.076637399248237342 -0.0033629334856598186 0.040128386967655305 1
-0.067638617649131358 -0.0046264197229422847 0.023991179052258345 1
-0.048538999734022099 0.0071727797501719235 0.047129493495554661 1
0.10968298797455549 0.0078414976651056296 0.080837292682843467 1
0.0051139837350582503 -0.0087341639962828857 0.04464632522705942 1
0.01252065667993941 -0.0094384871362658586 0.049692698656332988 1
0.0065375410181542941 -0.0061902939081258952 0.066237113152453383 1
-0.014743245749725112 -0.005719508951108637 -0.0014859973272464077 1
-0.031603786323464424 -0.00093429603587108891 0.057209360692693133 1
-0.044862327557900719 0.0021638752512349348 0.030403925922452387 1
0.1047652130030079 0.0047423429772748184 0.10287403254132303 1
-0.018134530938067078 -0.0069421845727744014 0.00020447707733552866 1
0.0921416731390544 -0.0074293124664302213 0.085058135145802724 1
-0.00064476849642789184 -0.0082080991640537185 0.044140552807785567 1
0.082871289952012525 -0.0094862690044135601 0.081335146132526404 1
0.10971460735627585 0.010084153006656176 0.09835588562612417 1
0.014830425369435303 0.0043472902360887659 0.040265746641274983 1
0.070966605283190612 -0.00037083185092142866 0.094759915392914867 1
0.10383981898038584 0.011202716125166878 0.10035850426986968 1
-0.010144628382529984 -0.0095639406392890591 0.035512236372368833 1
-0.050145834028313116 0.0029362237469668685 0.02870811321212562 1
-0.023870730112393365 -0.0016414107894083911 -0.0095539553051885943 1
0.088611617401635576 -0.0063491078943315373 0.10030977381717279 1
-0.065226319798432589 -0.0086375045114718916 0.033960887457079231 1
0.042618090577635007 -0.0034162606563183109 0.050348935604302876 1
-0.059806562911895594 0.0036859798186102393 0.029886546303441154 1
-0.01822010676061132 -0.0055595728195626682 0.061027879572179061 1
0.042098107120992052 -0.0071570236163323309 0.08281287562131498 1
-0.0395097771034746 0.0050435744529173732 0.032047061753358863 1
0.11131841836340432 0.0085764583727741227 0.088445980818523381 1
-0.066321545941135443 -0.0033801623135554194 0.027860760693590378 1
0.092880163543341804 -0.0043575264851521533 0.10263494499505431 1
-0.062694966331724222 -0.0076524208492682252 0.037262890249284433 1
0.015689131121580144 0.0011515282797843317 0.040425949476512298 1
-0.026555663227630654 -0.0088514121664188782 -0.0035600089509804506 1
0.031899519296592176 -0.00972918075500428 0.077386805704521083 1
0.10881002801536094 0.01220610421722922 0.086415254385875412 1
0.059612518439493618 0.013887309019335523 0.072359841071914191 1
-0.014863619452732124 0.00083592343314013544 0.063689729817913196 1
-0.075040967393678576 -0.0077787082929555596 0.038351094836963771 1
-0.036640223556987338 -0.0091110052059948134 0.04776952857787669 1
0.023082118643982318 -0.0047010135371108172 0.075034914918433449 1
-0.058932123242981235 -0.0068603141244020756 0.042939547755052265 1
-0.052625061145839619 0.0062140326897807269 0.045949102984255134 1
-0.031840900294160077 0.0067847619843647159 0.053812468251072061 1
-0.069983338575086984 -0.0081565850069743248 0.026788398018540098 1
-0.044504508817140694 0.0051378646006744692 0.033419181442702728 1
-0.028364881440701116 -0.0071939922377966502 0.038622201957414164 1
-0.047732109729244916 0.0025377763153399766 0.047452460870296156 1
0.056681103510128679 -0.0065270205346752994 0.065096041663260246 1
-0.019857742272053964 -0.0061646057334329048 0.033582619969701216 1
0.065913538295410717 -0.010732594957091158 0.081262089314015892 1
0.040297440215366999 -0.004370976006852146 0.077466767239538784 1
0.013074770312967061 0.0066048308169998652 0.070128613862930969 1
0.022110198612961776 -0.0038880106316126675 0.073613370093273289 1
-0.044759175524018355 -0.0087603624561693252 0.044611805609415973 1
-0.04615321790995363 0.0074398485941296793 0.032190785880446632 1
0.091548438914058339 -0.0054872835410589467 0.10020783165723038 1
0.0021492960049682578 0.013422951248111884 0.061296641904764471 1
0.085400708019733429 0.0069295340217649937 0.071889299899339676 1
0.014021344154977036 0.0097760091980937346 0.070163821059414933 1
-0.027624703522518456 0.0028051198648353856 0.053984744802708678 1
-0.065541356989549757 0.0020488273289689558 0.042194190999030309 1
-0.029781129150776971 -0.0037594621177075931 0.056061885056157251 1
0.0029567354495114201 -0.005972214535021148 0.066761039395972055 1
0.092060835688840645 0.0098527847632720426 0.099527367541760683 1
-0.068326909445155709 -0.0088281901859922039 0.034012243322453825 1
0.034484201246311165 0.010942059480883717 0.055371766258345806 1
0.10651117227878258 0.0094724691168014494 0.084808472923615985 1
-0.053002201369749168 -0.0079433831088522276 0.026782902586740293 1
-0.033620757125205333 0.0007137267847582068 0.052068476663226851 1
0.035057142533471815 -0.00087866365978101066 0.079569797652123714 1
0.11163953124713887 0.011894865550821511 0.098123978174837423 1
0.089893817869564782 -0.0060684473167706178 0.097227922303746231 1
0.065265427708422377 -0.0078218905172858094 0.087928749050660032 1
-0.099616580956216463 -0.0094193096587830167 0.015577797149339439 1
0.10005495555094154 0.009190862729665723 0.098629188474792698 1
0.030395583668541563 -0.0064834687097031869 0.046252054470510215 1
-0.051602625815963907 -0.002449923182942603 0.028165359118405585 1
0.037888425599497774 -0.008590879039571413 0.05456732166877077 1
-0.0096906738627092308 -0.0077412391800283312 0.062483324427476075 1
0.064450072690050791 0.011425088732329697 0.074437774426078032 1
0.01464514777331094 0.013501671792361728 0.059441368939361444 1
0.016649613421016191 0.0012486280224415797 0.045267271338604149 1
-0.086642567861419328 -0.0093262973435509714 0.035387705355797404 1
-0.045357223115163631 0.0034435718901402058 0.028923396167859796 1
-0.037514309347223398 0.0069003720364918739 0.036181519660735552 1
0.024857893705227348 0.010583228004096243 0.052011408333330206 1
-0.074441079776274663 -0.007740488164609859 0.040389490223474718 1
-0.015641502464000447 -0.0034150359552602831 0.036059302881885157 1
0.048509821437246525 -0.010549312208834906 0.076379401779488904 1
-0.061355394591678762 -0.0065058928850321605 0.027564491093293363 1
0.10294674696057241 0.013054644160997806 0.099150061745734611 1
0.0912163453476037 0.0084452312087919326 0.096645964300120041 1
0.087322326775710432 -0.0033603481786921626 0.10155800372695714 1
-0.027663360551654428 0.0053637990055965395 0.056616599998129034 1
-0.031607189609852364 -0.004268875461122968 0.05369894675466725 1
0.10262159610825376 -0.0077775470477402971 0.096779923101877108 1
-0.042426717971166678 0.0023682184952689249 0.029711557587191233 1
-0.025234398631797886 0.003932396580853174 0.054762276880792 1
0.096145556340181154 -0.0064728596829571206 0.095932084541326429 1
0.023074153007784794 0.0016134603207376939 0.042132203177798762 1
0.10253756883788799 0.010077768247225116 0.099600789048387955 1
0.048330310800946463 -0.0039394560541632156 0.085184739506732068 1
0.052726926919811755 -0.0054574335042113361 0.081525178116760619 1
0.096477608884417254 -0.0087632301894180614 0.096293353463141426 1
0.10250555914185068 -0.0094312877833949062 0.088317362810644229 1
-0.06848218369184822 -0.0064293626211990376 0.031958851670940008 1
-0.043889225244019753 0.0093544166255459648 0.047951477334833889 1
-0.039152111858129501 -0.00087103973055491224 0.053712839260697365 1
-0.084095651632070015 -0.0011260477248657601 -0.054553803249502583 1
-0.082235590840558884 -0.0058599422976279916 -0.053227282411820891 1
-0.007238148551789959 0.0097750268265314449 0.060204684205437585 1
0.085270349448619803 -0.0094832957500748973 0.082617597281922722 1
-0.05314460655793303 0.0014578153632444602 0.044657719853564801 1
0.032951822361654712 -0.0048598633683466204 0.080370220642098297 1
0.0059613573525970822 -0.0088812197459285733 0.055765590501782265 1
0.079018782897756198 -0.0075125958858925698 0.079460444575205916 1
0.085064717876832951 -0.0094757262033220956 0.084007222388374131 1
0.10843070636805327 -0.0052050041650045136 0.090583779145843923 1
-0.050789612546979515 -0.0067119559606379072 0.042840058260616723 1
0.017639474257077688 -0.0033675977719489795 0.072483745283609735 1
0.030715156280903405 -0.0026863284265082549 0.081768307954814962 1
0.087744194840910936 -0.0091639558198962495 0.084591198237446014 1
0.015361362934979552 0.0071545429357677557 0.069579916879005943 1
0.017424248671046007 0.0075025225718836196 0.044831697190465356 1
0.095959344547500616 -0.010057048364547395 0.091309276599437439 1
-0.067051629950306307 -0.010628609852943479 0.034744275159011663 1
-0.049033473498451489 -0.00792191652135967 0.030448289039427187 1
-0.020588556429771858 -0.0072317105456799107 -0.0051471629771487944 1
0.11538909522789559 0.010539876904381344 0.087411572865672499 1
-0.041632731202819989 -0.0045702343117053502 0.047857723245759327 1
-0.0085554487839118922 -0.0025555906129401352 0.036984144329523211 1
-0.053064659854775008 -0.0068953072917629487 0.032155599785003881 1
0.097964084713478256 -0.007109426469299321 0.092808004707725128 1
-0.077468151547975816 -0.0063741521706004965 0.039225153150736228 1
0.022203607177801423 -0.0024639184795533708 0.064622685758048429 1
0.084751786189737596 -0.00059447232374074122 0.10017925727153308 1
-0.005195336469696824 0.00488637980223841 0.065688923924346401 1
-0.05210694995135326 -0.0082157018398741708 0.034802643470402093 1
0.028701473684128398 -0.0092215727700860894 0.054364225191068004 1
-0.055286915799434323 -0.0064503711057193871 0.030460704771684718 1
-0.091962158974721417 -0.003104360693111507 0.030185775805067341 1
0.040683636742557233 -0.0038179057799912763 0.083354905706304869 1
0.018494971320520661 -0.0074677989035827732 0.050167801790929549 1
0.023759732751279513 -0.0020552761521392699 0.04540274213359833 1
0.11359368785131797 -0.0060109845397433373 0.090169791722603393 1
-0.067301236974374679 -0.010604066550691772 0.037241354600498579 1
0.019880261056171883 -0.0045916826377227797 0.064668963760865728 1
-0.043009634090992309 0.0047292420189587007 0.030036044147593605 1
0.065435353191470605 -0.0076808127259670508 0.07451036444843856 1
0.096795855048773777 0.0028785031484024203 0.10393823223153169 1
0.071985729038715363 -0.0034331568749621511 0.093628372997045517 1
0.09063674618787021 -0.0074274067336839765 0.084819833104398695 1
-0.081070613758788573 0.0018207822600518429 0.038481243970241392 1
0.11047426022777607 -0.0086509416040906444 0.090612695105665914 1
0.015729867602030018 -0.0063383154176834076 0.068154035529747678 1
0.10350591833114547 -0.0083689067031868167 0.082529250259554265 1
0.015558513416369921 -0.0022876864218275435 0.068635468053898835 1
-0.054813549157494146 -0.0026027734212647931 0.027172390972790686 1
-0.083123915620442149 -0.0033868747804550593 0.036665004536396456 1
0.056110703350691758 -0.0074969213466185673 0.069115552817000409 1
0.031692070292994479 -0.0058894561319692389 0.051167500153860714 1
0.098275536022693746 -0.0098219779205392047 0.093825254808133404 1
-0.097112261871332081 -0.0090183361674852133 0.025437819673872972 1
-0.073286928064225848 -0.0072285357782270274 0.036512441321131475 1
0.044910734588182677 -0.002838211696748672 0.083953938982378087 1
0.021980398313994322 0.011435823089109141 0.05914170124340816 1
0.038245954698978228 -0.00095777339197017928 0.048723649544852622 1
-0.0047589956957589654 -0.0046552927222389788 0.036397581059474542 1
-0.089890965523136246 -0.0063644092147215597 0.030432487953160788 1
0.08879350523292566 -0.0035823491345391102 0.10242657881302553 1
-0.0528531627950653 0.0045386089142357266 0.042701741807463132 1
0.015949512193022392 -0.013438131603847861 0.067061707668785039 1
0.020132673216153321 -0.012465267373745642 0.060479589820776253 1
-0.05110541763884581 0.003324350116766735 0.039930461315566518 1
-0.061785442221661969 -0.007887667640143977 0.034606533686272374 1
-0.039678411461957025 0.0087925762426880778 0.049953234152082866 1
-0.015937145519927837 -0.0067258779150998595 0.062115045247625657 1
-0.0022595538246355865 -0.004184605010605259 0.036782395275083937 1
0.099836509674787521 0.00035233411472290754 0.10387297719717026 1
-0.010077662806099907 -0.0010473796159555411 0.065891872399866713 1
0.027099077412240036 -0.013354264603791405 0.07515733244788525 1
-0.054559705441315144 0.0029748111835733331 0.038987982716095132 1
-0.030423660471730424 -0.0090630176651103726 0.035718654131431313 1
-0.037435644791660727 0.0052749438884615463 0.032596704165061594 1
0.075164487070426098 -0.0052820738642235096 0.092457992988905099 1
0.02878896655122986 -0.008260756113955112 0.077735735052430574 1
0.06199416999254153 -0.0080024819856026799 0.07418290297173244 1
-0.032557998187805137 -0.0047305022183629329 0.055684923371910909 1
-0.0048339606608466153 -0.007935798460970013 0.061277494237708036 1
0.028468932545855564 -0.011214592466147085 0.054529569643774603 1
0.009087194463496831 0.0093597145407016257 0.065332895626184856 1
-0.042238333715114693 0.011337444789082777 0.047724040008304464 1
0.037136504313549708 -0.0054337581701735952 0.081136085555372592 1
-0.048896648395493889 -0.003139730973102316 0.05231045338405562 1
0.069160639181446909 -0.0090840086607327456 0.078090294204437277 1
-0.023554509076535283 -0.0003711859700073648 -0.0072561897045248704 1
-0.010653079177655161 0.0023570759765117752 0.065071818419019697 1
0.083536152600178423 0.013365578050260778 0.082762143302459651 1
0.038991424342284531 -0.0036958845919908417 0.049112853387587578 1
-0.10321799853594715 -0.0091283764946300909 0.014354527414906202 1
-0.026757903708171524 -0.0033232401617894385 -0.0081458876608864611 1
0.015619173277866313 0.013188223347983953 0.062100428881407196 1
0.019124829499218444 -0.0092712482089393339 0.067242517624575573 1
-0.044202072905615668 0.0060046826335758367 0.049360873355293225 1
0.063855678885619493 0.013039657728748794 0.07023257579344816 1
0.10632543604757204 0.010731896828092922 0.090210597825658989 1
0.01514631845980647 0.01307142634226886 0.050337114014427906 1
-0.025655334871398365 0.0032128051852630939 0.058937124197361981 1
0.039328640781734897 -0.0078810956572071874 0.052757763216949152 1
-0.032527238885267463 -0.0094916976302115343 0.052923937016188104 1
0.096209995353169972 -0.0088896214793251754 0.090042278533063874 1
0.026916838491652217 -0.010416147214427716 0.052688198661707958 1
0.11284240466271905 0.002829555839847198 0.086338617523155636 1
0.05372954062435812 0.010650102144600389 0.065373126312162452 1
-0.097826305776834488 -0.0062994160689413548 0.0084595934022217989 1
-0.039108897974668717 0.0065050826315718093 0.03461574031292073 1
-0.050570447024519946 0.010202406836406837 0.030009138179097165 1
-0.048103809134731654 0.0010425704176114312 0.050070061026465482 1
-0.038350599944195221 -0.0061359521661852575 0.043481359815958728 1
0.11384539702381273 -0.001814621816952114 0.08800979579705473 1
0.092464919308042237 -0.0098685550528398395 0.089231186692152853 1
-0.075634564401546464 -0.0058467767564385114 0.037216075676353627 1
0.00099061226197977173 -0.0084727339329956734 0.042119426163978471 1
0.014671572241916854 -0.0042963086835399594 0.067584838956200224 1
0.093706205515860577 -0.0017918604925113778 0.10196395478436752 1
-0.025606876137376715 0.012866748430168738 0.053936393949654098 1
-0.041089638115490566 0.007233161693665279 0.03237009723284049 1
0.085139317554171812 -0.0081480746093262005 0.085942589039961367 1
-0.020822546235369735 -0.0018683692264247573 -0.010720375194636981 1
0.04338731124406222 -0.0066849122313103913 0.080461749840192706 1
-0.027759105552458221 -0.0013106805037602649 -0.0074020081444243525 1
0.037923989920007048 -0.0046486205996072571 0.084241229499901038 1
-0.024923886258880715 -0.0018112070132914469 0.057165136273246486 1
0.012712091321815168 -0.0099233928953798151 0.054176267853064536 1
0.040177545508079955 -0.010340800604449316 0.067164265631300443 1
-0.064023413067994639 -0.0060291820563226533 0.030352704718791149 1
0.084071015443193287 -0.009486915702792427 0.081911628748069745 1
-0.008417693653337003 -0.0051603904059045851 0.064423242038570597 1
0.023697486734227124 -0.0098982763237538667 0.070284420817962337 1
-0.030614316337699336 0.010698247784746356 0.05062574868497307 1
0.040902510156329959 -0.0049414539187700056 0.082867459388892881 1
0.0037500666039342132 -0.0082036091213722739 0.0809221673100433 1
-0.01518879155443458 -0.010420977626362368 0.038543116048863277 1
-0.047646495701322802 -0.0083069486202349673 0.038428010468506774 1
0.016482921458256753 0.012378851744878946 0.060299831099473254 1
-0.05712067293099439 -0.0063112273273781281 0.038928011174354425 1
0.054846122651195761 -0.0081957419568994931 0.075836259235579476 1
0.061801062497758574 0.00084854125528857605 0.090593554862254802 1
-0.051041197543926366 -0.0057957013287359945 0.028872881856862705 1
-0.042828498408198357 -0.0064703198149800301 0.032026574015617371 1
-0.10570103081442755 -0.0087945834810148442 0.015784369663708199 1
-0.050979706458747387 0.00047564340638928115 0.046386661939322948 1
-0.03832090526564496 0.0072281006326973783 0.032242828884932656 1
0.036609703674912453 -0.0040261176327476278 0.049670914188027382 1
0.027838724300443103 -0.0018442065104088145 0.051200651195927496 1
0.0091048325026577767 -0.0091289224090768499 0.056646271512616309 1
0.10938958741503968 0.0055709039304789425 0.078414924650298257 1
0.045883461972467343 -0.0037282870424131527 0.085354061952057067 1
0.084030993070179416 -0.0088690082807945086 0.084727932406707035 1
0.10260092960706604 0.011114148756708643 0.090403954431824946 1
0.020899558036194463 0.012227274277917831 0.061774339126156159 1
-0.050101596480874228 -0.0080993834206035693 0.04504761565972195 1
-0.038359218195554601 0.0095520361621870466 0.047911968547213322 1
0.026445187931189221 -0.0015450607111861185 0.076862669878795128 1
0.031124784471719204 -0.0057000740256570584 0.080604770516313651 1
-0.080673668781785099 -0.010289034641648683 0.025206014294354699 1
0.037767813032575905 0.0055538057514003068 0.052222875539554098 1
0.020678967189115622 0.0041561369199919129 0.070138891057842406 1
0.037576438975567401 -0.00528950477553461 0.05265919031572238 1
0.044157700631400947 -0.0046765286939020236 0.084030563671321487 1
0.015844083389437678 0.0038405828030391095 0.068102303736139375 1
0.108251425321996 0.009527321363373668 0.094428689929283535 1
0.012093751554381502 -0.0094214926329706378 0.053144550484359558 1
-0.062825132679804024 0.0028848675765129088 0.033552809557897162 1
0.012623455051544823 -0.0098356736046534311 0.056064766015403764 1
0.00039529293082145143 -0.0060865362814958726 0.038525101007445127 1
-0.056824699947244699 0.0045662594343664218 0.026676491542646934 1
-0.016468817382714676 0.0094547712051109133 0.059727177373914087 1
0.017406904223935697 0.012025173360712647 0.064917012260163193 1
0.087611520539313703 -0.0071917390879844981 0.091820408706316636 1
0.035562962019991047 -0.010880367736056315 0.057076360789579624 1
-0.036875648146802741 0.006649301942455269 0.032809268723269391 1
0.055983945478503092 -0.0059938929713871042 0.080853692086445356 1
-0.0029734240690579071 0.0068330993538076677 0.067364375128819265 1
-0.04435964610904701 0.0040659222454747651 0.048746348569972897 1
0.072351809587124602 -0.00039663991505715663 0.092831674579160167 1
0.0061234810427844523 0.013417448915121997 0.060798150076936133 1
0.032331389635097067 -0.0080240437237447653 0.052617149060203199 1
-0.04033085016801613 -0.0075692713753492871 0.047501615728632145 1
0.10036803374926162 -0.007195251650199388 0.092159512770523588 1
-0.062834908582295512 0.0025946312152253501 0.045322471623536469 1
0.057242867942137697 -0.0080776193934486134 0.072630615568280363 1
-0.078350505752565816 -0.011604976667337613 -0.0040657582738667028 1
0.086675069786585068 -0.0051139199109461898 0.099839573395295603 1
-0.0040883997902021862 -0.0017878862285622284 0.036614029721366272 1
-0.047732848176324907 -0.00096939696810685464 0.050041029083311102 1
0.089900990724361696 -0.0072125218629125257 0.083636227495352683 1
-0.011681996161017939 0.0089883266440583809 0.060458160796717238 1
-0.038777517772088065 0.0035238317728605376 0.031252180499289829 1
0.027836792306464596 -0.0084817505794957688 0.05252870640344251 1
0.018819429201425524 0.012489071402125941 0.06377532246897917 1
0.014566690098755794 -0.013788854762233162 0.06935923721202028 1
-0.069203403523137461 -0.004797919492356092 0.038752774826624863 1
-0.0038191438663435504 0.0112270167617676 0.058855724562383208 1
0.10481154568351267 0.013856504723609178 0.089999639581058291 1
-0.0062796182183723548 0.0026572846669581508 0.067815222745740353 1
-0.075088214099544401 -0.002679740863022011 0.039994209538455686 1
0.10127093495810852 -0.0042011756073077004 0.1029794828452245 1
-0.016564067436839809 -0.0062406710721535207 0.061047713345380929 1
-0.015109406516991421 0.0032567554841132296 0.06335070823659221 1
0.091766622120373981 -0.0081321362972456152 0.08539838597652237 1
0.087638331293040744 0.0033806655471309006 0.072334043152102442 1
-0.054767386729146307 -0.0027707681940951508 0.04627003188521147 1
0.042786941454589909 -0.0050438991079345998 0.082063224723821368 1
-0.042433561210770937 -0.0025900046375292936 0.055170137085891073 1
0.062837588491177029 -0.010240430114403107 0.075164742727612102 1
0.060340675391758303 -0.0084095893848466149 0.079537917428032123 1
-0.058457228694421867 -0.0083064535182448117 0.029818852119233061 1
-0.05191954984093191 -0.0038413861053986083 0.046562142924744192 1
-0.064470965281121687 -0.0098155074176144424 0.035470036207017511 1
0.048157272769845549 -0.01002977845005896 0.081193215338374383 1
-0.026381034214068264 -0.0016067113772520437 -0.008773916195524728 1
0.02501389725868677 -0.0089655570683546005 0.060776807141970188 1
-0.048182743810216339 -0.0067158608886291491 0.032168605974512342 1
-0.039756048732632457 0.0016010868673905707 0.030477550303399589 1
-0.054113661068830476 -0.0067099974029293102 0.039522807136026461 1
-0.042852020184386677 0.0063127095880638646 0.044371886439231581 1
0.01771029459829938 -0.0050458574154526982 0.067809460310233119 1
0.008376568154846508 -0.002371382575943751 0.067389980553130668 1
-0.037924211207008285 0.0065503666769439837 0.033546762766670089 1
0.015837795540326959 0.0083818339022704302 0.043296297723592725 1
-0.049854139972528876 -0.0030573854519741826 0.049203677492093638 1
0.02802953802306787 -0.009987308183207054 0.05659195264293481 1
0.10732840405626988 0.0020040630865471474 0.079418999360426457 1
0.036132755973269676 -0.0031628583548748181 0.083674956971190748 1
-0.040230088603899566 0.0061386087253817948 0.032904412498103636 1
0.024615542800780738 -0.0088723261366883618 0.062951872742581266 1
0.063503936703888764 -0.0084404200182875717 0.086170589070641471 1
-0.011100268529794977 0.0034918476210143946 0.064812329241032696 1
-0.078603001104196699 -0.0098458827720594253 0.036242908054783231 1
-0.060784411362563656 0.0042384861623266309 0.025449546533815301 1
-0.074401274468122058 -0.0051430053789968894 0.038630453675697313 1
0.10452539555244733 0.014257504844428188 0.093210775520192538 1
-0.029096718993611489 0.010294209186393465 0.053514189406433051 1
0.043730267575210049 -0.0069599242726471932 0.071858110528969926 1
-0.041512454257099117 -0.0088554507890018334 0.04510747719777735 1
0.11066106679661086 -0.00096747566710252012 0.077669156855311255 1
0.015182107653769443 0.013545736716502341 0.056276595869406407 1
0.025906570744631607 -0.00036007580904545353 0.055395130032142262 1
0.093391536397632091 -0.0078835857310196635 0.087252168925573526 1
0.043907313714773563 -0.0057482472529260687 0.083660458390293402 1
0.01968654986084965 -0.00088501202725274793 0.065114603837860316 1
0.094100405166142251 -0.0091691763358837611 0.087342587923556619 1
0.087194794524976305 -0.0056370475960955029 0.10062229361729963 1
0.032631670591680921 -0.0049950220910564246 0.077869883400349213 1
-0.047401732278013212 -0.0053789355573702902 0.042118203935714166 1
-0.062842423954920221 -0.0096982048063741361 0.036475108775547514 1
-0.0064003566963762174 0.00047318236489283984 0.067165918390780621 1
-0.064262943262364758 -0.0078754495252199713 0.03724138813974024 1
-0.0084498293539117669 -0.0099128800647421966 0.039338256641251394 1
0.030290327666075322 -0.0086575205298582685 0.05280978103245676 1
-0.036438384266470371 0.002511511133080048 0.031846780358968874 1
0.034479028219373091 -0.0077977435980516865 0.050428366491917183 1
0.00050590257573059766 -0.0063010056155462209 0.066153971967704797 1
0.023177380276064481 -0.013881513920999834 0.064564639393338966 1
-0.066167888881605061 -0.0095507731453407484 0.037066880301528271 1
-0.062349095259794457 -0.0089026396406412488 0.042652958760537402 1
0.023367941829498789 0.0023789756716877559 0.042208862823477668 1
0.069738983878027905 -0.0043673473981633163 0.091838259238173792 1
0.017335682065721392 0.012166429598650441 0.063332382605034682 1
0.030670002441174418 -0.0081227598998488415 0.048253916980214778 1
0.013956028946023708 -0.0038617505990152547 0.068864698820509149 1
0.054181253434603852 -0.0099194705810122692 0.07976187782174296 1
-0.052904788569599043 0.0071705282121039098 0.031017554344037874 1
-0.061908191214677229 -0.0071779146062791723 0.032699774114347498 1
0.043026221908615603 -0.0028778690999665419 0.082833254931954023 1
-0.062731851603602506 -0.010936081551577244 0.038335705872263912 1
-0.052592706739727796 -0.00087416822074163237 0.04518356661088823 1
0.063865070426701184 -0.0093058974406364306 0.076673417158833107 1
-0.04206401174938447 0.006803716124792563 0.030833125863673802 1
0.061771024701815086 -0.010766814920825244 0.078059422817473509 1
-0.047867650284590946 -0.0077146637662008962 0.0369119217832546 1
0.021448626469284537 0.011419558629872094 0.06541096728718343 1
-0.029777278047433693 0.0047984340698448529 0.053145772870036093 1
0.019073336809616741 0.008570692241751169 0.067345985404965419 1
0.10753674067419482 0.010462664737063762 0.085502661188001802 1
-0.040714572220153587 0.0071672021009741129 0.031388522298271437 1
0.022040018799357818 -0.0022498995703695273 0.058943051537120317 1
-0.048570554119765741 0.0046609601585444194 0.033103046036501202 1
-0.0028464259086327095 -0.0081089134745084366 0.061962418693128719 1
-0.0068172863466620269 -0.005188157150845852 0.064423752317184585 1
0.11126207935889409 0.00030822983399743202 0.083794949372872601 1
-0.062803797383775076 -0.0075742561579639281 0.033857410286801115 1
-0.047385421419614888 -0.0031828726183014411 0.05045848061808661 1
0.01690678507973303 0.011769054646199833 0.066215231708947803 1
0.044976745232611255 -0.0079760150607609548 0.064236012443643187 1
0.019331636143363314 0.012482226545411158 0.065851790422913559 1
0.080971049761615704 -0.009900749264805879 0.083222650357459627 1
-0.057606510391580254 -0.010589005923236583 0.039925820226034636 1
0.092537390427167104 -0.0089095107086871964 0.090162768777869384 1
0.033457304054119869 0.0027345006427802261 0.077039696406208183 1
0.046993519528233114 -0.0064852100191846798 0.081843590731627849 1
-0.03829579180696626 0.0028885484923983577 0.053109476613612483 1
0.085326291348764433 0.0070836485275083509 0.071064151674523859 1
0.011606847820263449 -0.0060550236474896466 0.067779915058015297 1
-0.045665729715909653 0.00015293367443982827 0.050830769119507464 1
-0.10251971520483516 -0.0027541103190743517 0.020722295157611426 1
0.012135966688833046 -0.009772708087772853 0.057617297187242907 1
-0.020550043035195843 -0.0056988583859492944 0.059825061735072307 1
0.070573389662643995 -0.0079969520396067553 0.078098070405827905 1
-0.025270624817264574 -0.0055759114968507821 -0.007098067256193219 1
0.110342956660435 0.0070877897238180486 0.082722695174579586 1
-0.058548181794494232 -0.0011224628476978436 0.048556933503415702 1
0.058799379163419936 -0.0061084586985883397 0.08730003795350183 1
0.020610852129838528 -0.00036613013368130332 0.074850413978357677 1
-0.022793514937339738 -0.0073542735250579725 0.061645088542253257 1
0.093116950011300631 -0.0097951327848353874 0.0850869265853271 1
0.10468071871026167 0.010927450709175095 0.10082273190339303 1
0.019850251585797601 0.0035041555146028977 0.06464218429210522 1
0.022403350721237305 -0.0020932696117536512 0.07616605505022439 1
0.089095595494562488 -0.0056048537131545909 0.10147264701243064 1
0.05408906868809215 -0.0088549189337754058 0.074193263982978208 1
0.055305908257034395 -0.004221289801695464 0.085645602623823439 1
0.050543504773502113 -0.0046594458055284156 0.083472647344661144 1
0.037453790429290923 -0.0020306561345698518 0.048484913473255779 1
-0.022912189892231209 0.0042697281130459784 0.059686700112632628 1
-0.026208204905736488 0.009571623067902036 0.055429797570895292 1
0.087803572429609136 -0.0040967523173551781 0.10191213700524027 1
0.10064100810939329 0.013400404872206163 0.096987199665734117 1
0.094313730298688642 -0.0089166968934778108 0.088760649597697916 1
0.082291844814885412 -0.0097596146900201554 0.083486295299707719 1
0.022889802716185011 0.014281801307645614 0.064467594229918657 1
0.062080655633234692 -0.0093964206174991446 0.074900336060660808 1
0.019950043374674948 0.0023040993678253583 0.043727272785667626 1
-0.0087667103496843479 0.010402253629336992 0.062398860394834832 1
-0.0074439670638038703 0.0022300072046352749 0.036086196765371649 1
0.10031300810191041 0.011097215675420709 0.10126626211643322 1
0.090689661735028237 -0.010449618140777288 0.092312638523556603 1
-0.0040197657074901383 -0.0079727898738432244 0.0554203240873214 1
0.099269506924954481 -0.0079599443557907719 0.088148330451351189 1
0.030519327970891831 -0.0055129051941995065 0.04992449422642279 1
0.017016586465137869 0.0094192895555169007 0.04569537888378053 1
-0.036095399806953823 -0.0063913178069351945 0.044046246493950732 1
0.004990756340168369 -0.0087471458352358974 0.048479314617250219 1
0.11301777603963181 -0.0010513665478686313 0.079222010212642677 1
-0.05605735027042387 0.0013579545023116356 0.047803408498385248 1
-0.017330886322632175 0.00021940272284830297 0.063937197378495333 1
-0.048362554576858154 0.0045905848078995667 0.045174011247553277 1
-0.085983355956378335 -7.7322480322131925e-05 0.032589964223556027 1
0.062157239303968936 -0.0098394451931205131 0.071357974863162962 1
0.04232079068581087 -0.0049867152404679061 0.083018966648457621 1
0.10837697466152278 -0.0066497935335140057 0.084958644706122743 1
-0.063264033757146051 -0.0086745515000057373 0.036399988457555349 1
0.061600319032310571 -0.009205673430018978 0.084044944617068851 1
0.0025096364068112388 -0.0084179630150108421 0.063037098659723748 1
0.089086544691032332 -0.0094067989999500543 0.083976157977337346 1
-0.039635880778421971 0.0045312928336276367 0.031176538476416507 1
-0.055316780348660909 -0.0081073350069374439 0.028575226939776346 1
-0.060186420608441232 -0.010761575112906742 0.039193487863484373 1
-0.04526319097951223 0.0055232871635616312 0.030258908096449984 1
-0.052970863624667214 0.004885268677431491 0.027870630393914617 1
0.093687842254440587 -0.0085148846908149507 0.086836043253937276 1
-0.023315832479846903 -0.0058324903998668506 0.058431181151294143 1
0.066215104840716937 -0.0067061710325080487 0.090699609072993126 1
-0.086361649989723149 -0.008154719108545181 0.037160782473396478 1
0.037006737635008939 -0.0038725810069065204 0.07657034330504886 1
0.10034935539068428 0.0037771067827053516 0.10138888269112156 1
0.056497231194315899 -0.010366425145700395 0.072016649900784657 1
-0.04331051699954705 0.0069625390472389135 0.032092886981632499 1
0.023427067905486751 -0.0045715775241927424 0.07732919805315544 1
0.047949380730260831 -0.0047128444743767773 0.082835013463553861 1
0.05303246238364609 -0.0043304550991617799 0.084902991129594041 1
-0.083329894460015694 -0.0029999707776503038 0.033686905787926297 1
-0.013636777704534404 -0.0062361224882620811 0.034934536877809404 1
0.016392188551321303 0.004666672906995158 0.069073927201034752 1
-0.0063311927374694044 -0.00018442481753342017 0.065967427766690248 1
0.056883562266237905 -0.0070605958046998825 0.08340842242097643 1
0.097771231143712375 -0.0098595587514635243 0.089276431542286455 1
-0.025532342707831227 -0.0045995282624878859 -0.0077847693974876335 1
-0.030643086052514621 0.0052963913470473953 0.054767747574973408 1
0.088596573735982079 -0.0080345435208835896 0.088800395305856789 1
-0.062131465549384327 -0.001781271270177989 0.024929644767366074 1
-0.053743816597089954 0.0046797200036712951 0.040847144795830563 1
-0.022036565411724739 0.0065022225797406489 0.058878500299421641 1
0.061351795921990131 -0.0095755834343730761 0.078104041671793106 1
0.01370287605495674 0.010792510194223571 0.068232653731857287 1
0.020053248042869561 0.012916913133657592 0.067045535195944791 1
0.044166263192892075 0.00657291105017066 0.080568253993988037 1
0.095688281166106323 -0.0071161289656278852 0.09301673279521068 1
0.023817843626182375 -0.01247547178877095 0.058304563248202081 1
-0.042113797055120215 0.0047237979187866458 0.031273253024657492 1
0.016812801733278884 -0.0036616767452257773 0.074694904473975296 1
-0.068616104029675717 -0.0078050581297352262 0.035335129438106357 1
-0.057284078696131377 -0.00094677447605693308 0.04613555881723802 1
0.11800281421420225 0.0032383103079862557 0.091128839541311693 1
0.10263650134216612 -0.0094028344350591264 0.093342357164384521 1
-0.064198152665784158 -0.0082324346222887208 0.035840174710385725 1
0.01889248226760382 0.010461064468603858 0.0489402241259018 1
0.019028018501732344 0.0011365788931298284 0.041194743739862164 1
0.025237182230802811 -0.011141534589119923 0.067553522259280338 1
0.10856693125404696 0.0098010530502803551 0.088935333367067687 1
-0.032405069785867477 0.00046583184904647288 0.054078731771040306 1
-0.040174035346698181 -0.0075379610883663057 0.049691174212415846 1
-0.071595797083710361 -0.0080982209494936501 0.040880334186271496 1
0.023068019247154452 -0.008882955642233719 0.073802750250841473 1
-0.043757836456918942 -0.004982440452145076 0.051901385835150901 1
0.065606331391052333 -0.0070315962861258827 0.085837050466843354 1
0.01907672315551099 -0.0091912343553777736 0.06840943360760314 1
-0.033530959294857603 -0.0042422780960953014 0.054067409385439517 1
-0.057298430511822332 -0.0084130256135404695 0.033718564421621453 1
0.015845510410144925 0.0061726821586489677 0.042434848845005035 1
0.022970504825934768 0.0025601135566830635 0.042757414281368256 1
-0.047472178381444949 0.0032444163783857268 0.029538071882471758 1
0.044552722846165155 -0.0051283928408200176 0.083196911021206618 1
0.10086783883081421 0.0071378551966597668 0.10034864233468728 1
-0.026837686261470796 -0.0014382226256293607 0.059316937207888519 1
-0.029083592158412056 -0.0028219023390422052 0.053738007601201038 1
0.07248519181990791 -0.0056340952953470589 0.09447366988175751 1
0.021804061718285084 -0.0016439255559816957 0.074080377817153931 1
0.092015917164349606 -0.0088958333700764197 0.092419723396373832 1
-0.041985896199732288 0.0053025770225721613 0.050601121742676697 1
0.024090412215611746 0.00864595029916977 0.06031125740437876 1
0.074569044815595079 -0.0065210157505939245 0.092915693519464396 1
0.066639612164662729 -0.0010822138858037503 0.090421407961541328 1
-0.093760084474628955 -0.008107271923960763 0.019983226276578964 1
0.097430070405859992 -0.0078532475959613452 0.08886407732588214 1
-0.018812311661231373 0.0021334809924769696 0.0613318815003564 1
0.015334215033583065 0.012288688850252054 0.047924288037695238 1
0.043509000180405197 -0.0043389054115047718 0.084958968813338573 1
0.078834695230573293 -0.0058841043911627578 0.093492662291930873 1
-0.077049707873228734 -0.0037728253458570128 0.038793631335182391 1
0.11630475410668725 0.0088672293788609087 0.088772014929678233 1
-0.093186664366389726 -0.0063709248262787972 0.034122651604458931 1
0.1053962311899862 -0.0091571926165132378 0.086285410895340003 1
0.11038947798063824 -0.00019881799206241009 0.081845699032903965 1
-0.0097131779785457513 -0.0081252294660407315 0.062949610854087984 1
0.044973583277324834 -0.0083878676216330578 0.082193262256159166 1
-0.06184174825204778 0.0022337417840905169 0.042247063881575828 1
-0.019311710858888886 -0.0019428967078841703 0.062168021857231512 1
0.018666183232358732 0.010340987455817692 0.069911460052230798 1
0.0055098852505272499 -0.0042426483590440054 0.067742487291800421 1
0.088858049920625251 -0.0026632825668183326 0.10002026598364369 1
0.017687709721177801 0.0087194204553196122 0.046317767354762403 1
-0.073982117357370314 -0.010127012643331625 0.037614754010973986 1
-0.051936637649700426 0.0019338953648808999 0.026492693111680149 1
-0.045379631123882734 -0.0042331097890577615 0.027719096095295565 1
-0.072906203044580634 -0.00065047068588327053 0.04109360214578911 1
0.049930282106200458 -0.0087150130023354692 0.074985292084016317 1
-0.042603132743960583 0.00072325619021411814 0.031448223001374863 1
0.016170585214191673 0.011587641013554157 0.067706149529400683 1
0.063289352965285553 -0.0062496948923111799 0.085613784034156912 1
0.10957071858356367 0.010184094023442973 0.086942027011608525 1
0.080290128078895198 -0.0015266753651071276 0.096790598253962482 1
-0.050632581812592989 -0.0065400916063253958 0.031309546199574781 1
-0.061394637696028591 -0.0042420593797409933 0.045485047132919294 1
0.041304689196744036 0.0021091227678467473 0.083003742182442955 1
-0.0044218802361168982 -0.0087669527459791879 0.064027708980772494 1
-0.022447956215795192 -0.0039496973569605239 -0.0050311989681097371 1
0.088579053729395882 -0.0085357053363141755 0.083907890460798995 1
0.017832776545793301 0.011031096070261016 0.069081672282980011 1
-0.054038839864499089 0.0042038998419766799 0.044392707905794575 1
-0.064247289672493935 -0.00096002258942462504 0.043641077354550362 1
-0.056533930823206902 0.00055629227426834404 0.044134868308901787 1
0.046591494036864897 -0.0043511894178966965 0.083649427825711387 1
-0.036672193029020778 -0.0043535774118217642 0.051991850472651743 1
-0.084131056815926392 -0.0064439470620606407 0.036431016755953949 1
-0.048100373617964029 -0.0014946995421667613 0.051510558492328495 1
-0.05331013268451297 -0.0012794356349374407 0.050020922296321178 1
-0.068601219846836925 0.0048088558657870175 0.037424549350771996 1
-0.077209144062025725 -0.0034354159702597708 0.030710810375130737 1
0.02226950936077892 0.0044039916460924377 0.043861091038233616 1
-0.042066643004286725 -0.0068895626617669374 0.040956013450107395 1
0.059411108682672985 -0.0018356781338219465 0.088069429122833789 1
0.10719115762891644 -0.0038783594846447784 0.10134419800309379 1
0.01835463499842413 0.0094272489338569476 0.070805360814529344 1
0.063336573408307076 -0.010311608432019018 0.078169284411019641 1
-0.040356719698882687 0.0067048883762619955 0.031988883862100255 1
0.02091520000110049 0.004583956330181025 0.042887564607765959 1
-0.026569757884460064 -0.0065014632870035163 0.060246801085644265 1
0.021023871633803239 -0.013174501443385301 0.062906572260600258 1
-0.029602596195171013 -0.0079743563197263497 0.05732485046651381 1
0.022370978724211454 -0.010817447444424033 0.057664316147565842 1
0.066347464633207426 -0.0031091496847054909 0.092041560347685791 1
-0.052541812916526591 -0.0017678665303444356 0.049088963700172059 1
0.10766767145396168 0.0093918689532237216 0.099721739342315152 1
0.11447009738437583 0.0063520117769927942 0.099014541932531092 1
-0.0036023899640753886 -0.0032868315710695246 0.037785540559270601 1
0.092980439425184455 -0.008930633339291184 0.088733919167597805 1
0.098212076282597482 -0.0043185722236392075 0.10161896113957901 1
-0.040938146764681674 0.0092060940286681752 0.04722697486957874 1
-0.061908931999159603 -0.0085609444812627597 0.035088485102222344 1
0.094549038708863775 -0.0080498672939133594 0.087705407812825389 1
-0.024816415376224647 -0.0032660040847027581 -0.0093745010173657828 1
0.10175263177491251 -0.0062246930176425314 0.082272670068091483 1
0.10885209447002352 0.0065091842780023619 0.10013120632059017 1
0.10925773934024652 0.0088070762148854224 0.098421979839275905 1
-0.021815525332220635 0.0036532161550900336 0.057959306049919002 1
0.11051369596966422 -0.0086387471894013509 0.093282744660392838 1
-0.043992535899757837 -0.0072755749532630466 0.0397224891627374 1
-0.084703344470080308 -0.0098332517234333092 0.029269506057120153 1
0.044924651119977517 -0.0034835670173381846 0.083257055784497325 1
0.11309201970896571 0.0076341559593981053 0.090138316344248071 1
0.045516857810837981 -0.0049389614585719438 0.080992784318294347 1
-0.038576197520016335 -0.003644789231804833 0.051400910997905121 1
0.092888835817575455 -0.0093093742616474628 0.083540182560682297 1
-0.081989838714437671 -0.0058956375468162091 0.036886452046267525 1
-0.078599015289827781 -0.0029430197329237502 0.037353687442786832 1
0.013122482168292491 -0.010040386847657113 0.052205124040570539 1
-0.056358245889988154 -0.0073791138372545657 0.041433486577712092 1
-0.023163849904809023 0.0010901789115629256 0.061291046650224133 1
-0.06229162197801693 -0.010016716035978498 0.037149944979308069 1
-0.10500180087419508 -0.0087147349210638537 0.018348480817355253 1
0.10425540760928846 -0.0079474470292999529 0.087862303962450192 1
-0.061553541241513396 -0.0035213195161089422 0.023012156138978924 1
0.027256547904946318 -0.0073905258896355634 0.058869821262875835 1
0.02430933130583858 -0.0022110271357059638 0.079522464325203324 1
0.013597842106919014 -0.0098110819514444069 0.05535995137443421 1
-0.023970073060430867 -0.0085337312401053012 0.060971761542364819 1
0.096679991382165084 -0.0078350682909030505 0.089600217655090617 1
-0.056677771377303177 -0.0020319001612350293 0.026607330247493555 1
0.087471510603863753 -0.0055026107537791968 0.098578344540119781 1
0.11256468746469954 -0.00065223310283834819 0.08558108916331289 1
0.098943736108469738 -0.0058935568987963996 0.098019843292936226 1
-0.04732633621892126 -0.0082075275791638619 0.036897379162643129 1
-0.047511997299952077 0.0050548514747021187 0.028527795814466905 1
0.02816957650012978 -0.0016610103948153159 0.045202365371949049 1
0.042034388178978699 -0.0028779667012793584 0.082244734944327602 1
0.0013773475001706472 -0.0050691085058741968 0.065683222331576738 1
-0.089081014584944759 -0.001913729145659372 0.031616542353249358 1
0.044263363471546247 -0.0029834434975981234 0.08240260380150112 1
0.021944713573739786 -0.0087698954725714123 0.058813184834855849 1
-0.047878689051126709 -0.003520517049668929 0.047532015064484422 1
-0.035418045071880622 -0.0078371635139390106 0.052981740509714666 1
-0.062849608720506198 -0.0086776114608629155 0.035225007004012383 1
-0.010687503517985931 0.0015455473104306098 0.065559468370360127 1
0.11207013778344566 0.0039130328596426629 0.079715927401708603 1
-0.01101842367322552 -0.0063313867598614017 0.063458619955897411 1
0.031340775074620415 -0.00017024421439170128 0.079371019261087764 1
-0.043274806341929178 0.010474550739634141 0.031810757547665477 1
-0.013050630645011548 0.002008082999964236 0.064329860266298056 1
0.09337325118036445 -0.0073965830990866659 0.099660744949548921 1
0.089756200251531956 -0.0087521940398707348 0.093698610178428648 1
-0.049522599205374718 0.0033168697846122086 0.045359437353909016 1
0.017240142391756641 0.012846859553916113 0.062676206333450432 1
0.020996385678565665 0.010425740610959305 0.064625208440261928 1
0.033095646162509401 -0.0014621439457654329 0.079901328332600746 1
-0.019935668945084913 -0.0071444332671662053 0.03539890116808702 1
0.0011292004111326821 -0.0040657086722855236 0.037282683347167063 1
-0.037595390187005029 0.0059383036436462377 0.05212709777214844 1
0.015393461032720868 0.0065019062836645051 0.06825781081077377 1
0.093113726130186938 -0.0097772679582879343 0.088652280573204345 1
-0.062655518160216181 -0.0088926973217165837 0.037431908492004985 1
-0.0096506510966189851 0.0010847019257281356 0.066129820376471943 1
-0.0032727231951145113 0.0034485542489126799 0.067187094410086884 1
0.0059299291435365234 -0.0097490595302870634 0.065700723537826952 1
0.013183401809537839 -0.0096675047322429663 0.059798228875863807 1
-0.092244730710777184 -0.0074945312251471019 0.02265978873254056 1
-0.055285733739990468 0.00059355499324747043 0.045907963935151355 1
-0.038568734415964555 0.0087403567641074556 0.034680055473980051 1
0.021044050417518556 0.011875075490604261 0.064306375009363537 1
0.0051218762815257637 -0.0086623858100836094 0.061373747986589081 1
0.065922291283718903 -0.0011514080351059937 0.092612358005808304 1
0.022084538689300964 0.0038674478114073749 0.042998950189458547 1
0.054860872398536681 0.013296874578909497 0.066691814284082204 1
-0.034176004931383848 7.9895166709915275e-05 0.053973194589241408 1
0.063383413140582198 -0.010984676433869708 0.077318748413834307 1
0.089411268690130913 0.0031343809064345359 0.070351687864885146 1
0.094487635403167139 -0.0075304550230051066 0.091234373265638422 1
-0.051460512496173963 -0.0098965639524549419 0.038517696843887214 1
-0.060142072948876094 0.0002333227872401523 0.045761361580724899 1
0.057655001171326971 -0.0087369994538055822 0.076991605370905936 1
-0.038667108392952815 -0.004261514308665359 0.055358287297130895 1
-0.043653081776975557 -0.0041985785545395555 0.05366789058249416 1
0.023123305868865077 -0.0095708839001082888 0.064049368244544228 1
0.089237266918385433 -0.0088750311391976606 0.079499217885527856 1
0.088199591250803677 -0.0050932578056930404 0.10050911275676033 1
-0.036940407405353939 -0.0069591447150169645 0.036923625553742297 1
-0.0039648687023912665 -0.0017550803663865669 0.066865854797671861 1
0.095463244380313755 -0.0077306166377710062 0.086631236684735061 1
-0.048732552642883765 0.0085879111147268775 0.029512850395453493 1
0.0031633348025434799 -0.0086165137614766917 0.054075924402170558 1
-0.064612912110854182 -0.0087443229844168212 0.035280961464630903 1
-0.004519609890819393 -0.0079082997062547827 0.064034637037908182 1
-0.080639125779271126 -0.0044087362475693226 0.036200470291078091 1
0.098050012773568784 0.011533921640602603 0.10001987573217151 1
0.027375213216990813 0.014369603877313076 0.063298199983638642 1
-0.0055192932632755843 -0.0035267518965340717 0.065928171794629079 1
0.082149158705345185 -0.0096329139380354686 0.082748550272383925 1
0.111354983600933 0.0073073160302390226 0.079319954618667476 1
-0.044112659841081772 -0.0027026582705174519 0.051307194634684292 1
-0.063426493003770873 -0.0081572626260345629 0.038039058552014088 1
0.00075017032119901409 -0.0083448381588867287 0.04573956254655611 1
0.019898452982086326 -0.009956750294617147 0.071623939207628148 1
0.015536382352203067 -0.012722971847211745 0.071479190569706447 1
0.034997212691927272 -0.0052621867381898741 0.078357862324540825 1
0.063976110745666601 -0.0092365015469196513 0.075878231157294793 1
0.11083727304903068 -0.0046158900611356817 0.084557859580972367 1
0.092100909845025725 -0.0090421349816445108 0.085073152526378468 1
-0.10143224225204713 -0.0075525245380493444 0.023753863870480726 1
-0.0052723601999781888 -0.0077713099042059103 0.041505026936367352 1
0.02442937336656972 -0.0079688561164219032 0.053068793873629796 1
0.019580154049662759 0.010257908906539621 0.069383093598864007 1
-0.03722427228956339 0.00040928432348026796 0.053681211849128073 1
-0.084486746822198061 -0.0080368548421011869 0.036498056806689994 1
-0.056849378011525849 -0.010297086368092819 0.036948494976139036 1
0.072060879883570808 -0.0046100988323798811 0.092818436462476325 1
0.060589547616248893 9.434137983700859e-06 0.087738005949123843 1
0.10014653533378161 -0.0033411380460607047 0.10147895700383336 1
0.040364591404795647 -0.0045301187783479691 0.051847636699676514 1
-0.033215468381235104 -0.0072211971790357224 0.043433599320390433 1
0.099555382475347037 0.010669298116517466 0.099439877923439265 1
-0.038122019363764172 0.00092331675914828718 0.053795499359163064 1
-0.0099303944364962319 2.152436287965187e-05 0.066299281286136644 1
-0.023048629782228658 0.00096784600285065706 0.061841005668023377 1
0.061202476889035434 -0.010109305572747758 0.077053496076417358 1
0.10702125772606202 0.0086304343958087323 0.083476104533314013 1
0.041978108616959872 -0.001589224378226552 0.082438427496243319 1
-0.0023056322259338517 0.0060580058566298053 0.066119188064914597 1
-0.0084708698021386582 0.0081699222966125848 0.062165081964771648 1
0.11371147140223964 0.0034969976418090733 0.084938295408811149 1
0.024680108343711326 -0.011621364939637276 0.063226102406518533 1
0.024931555850274418 0.012188438259702183 0.063191753215271457 1
0.01757162246109216 0.0082093833870566686 0.06909902635864501 1
0.010384856560712009 -0.0097016762189059552 0.061987685416159219 1
0.04439438925958189 -0.0042324155122152127 0.08359269675548392 1
0.023245347774491679 0.0095142087902306913 0.063188911434418502 1
0.017972850143889978 0.0024522195185764499 0.042443390098961309 1
0.06942103476787416 -0.0088919521085840982 0.07635018802831868 1
-0.016297862356555049 -0.0018486566177317132 -8.0985119589623358e-05 1
-0.048170010787998492 -0.0079041453158888789 0.040421234476299917 1
-0.011956442060181868 0.0017330176488030645 0.064936826936900616 1
0.014245020600416068 -0.00903481133071222 0.066799457790594069 1
0.0067411132224136742 -0.0085832759674679664 0.065726983315172099 1
0.094641960137110778 -0.0089289986982721854 0.080871841925651472 1
0.079340798167745211 -0.0094618184564258939 0.079220773148691609 1
0.0080341823016147149 -0.010204122541617396 0.05542139223034729 1
-0.036992466460853544 -0.0073839090155939204 0.046489321980985175 1
0.022034442236838502 -0.01219054744802503 0.069241778658493167 1
-0.025454848233871133 -0.0028689382401404827 -0.0086563631523121649 1
-0.02493425365537405 -0.0047163954022835242 -0.0071797603741288185 1
0.10895569518070852 -0.0074329571775983861 0.081004156660141144 1
0.022069744114554469 0.0056022692540385029 0.066032866305629337 1
-0.061614736697413089 -0.010634311740305796 0.035330762877313016 1
-0.036755027052133973 -0.0087401964549987925 0.042353177869467587 1
0.049507756966684621 -0.0019793701605018942 0.083846920001005285 1
0.020032377722022078 -0.0076525046583760508 0.06432013924051512 1
-0.045860427890137577 -0.0049715296286643547 0.050142682152784251 1
-0.038605150657804128 -0.007305385722730681 0.047192081407576719 1
-0.078881139961213376 -0.0081460795638726019 0.034046321479279502 1
0.093778849847565557 -0.0088643745667667424 0.091995218456556824 1
0.058904774156900215 -0.0091163906315794609 0.072812671301583295 1
-0.091492885001489374 -0.0058653083366828288 0.020359347016794278 1
0.035013136364934756 -0.0054667105174525041 0.048791402451964505 1
0.023853722499630511 0.0025740937897186216 0.04289549966301176 1
0.021225888966678885 0.005384023412406895 0.044204232750987824 1
0.021839475040116931 -0.010197675402333352 0.064874166390257434 1
0.10772956907749176 0.0092477570287883282 0.080050759017467499 1
-0.057283564151244845 -0.010496849021460383 0.042336002964676864 1
-0.048359416348039669 0.0037724823568174985 0.048664901608014101 1
0.10305989929438739 0.01005189594927278 0.10162089904369495 1
0.022219008741882068 0.0034181803707872297 0.043244111936496438 1
-0.049293776644898382 -0.0080814510265521979 0.039928755328993051 1
0.044568187339457305 -0.0038334316510301694 0.08480069162243116 1
-0.038171845845768965 -0.00088536237193439062 0.054534743821645824 1
0.033144772163604397 -0.009706869687035987 0.053066722270355873 1
0.094173749567473847 -0.0065782318161651089 0.10106102882079543 1
0.066881174357790146 -0.0051241949157990168 0.088383381434996619 1
-0.060253483369723346 -0.0078629650872183831 0.040645681774453227 1
0.058398684498848483 -0.010378118836246022 0.073544178250393041 1
-0.040294771321199317 -0.0088335536119416476 0.0445140789649449 1
0.097612467310785225 -0.0057633782507025685 0.1018433233151495 1
-0.02563419874850827 -0.0035914960596671172 -0.0085959646315546985 1
-0.039054211964961852 0.0063541978601679722 0.033257311468878406 1
-0.0097433267118321471 0.0011905819515722585 0.066750070446414941 1
0.038178336490552876 -0.0038693233636852395 0.078598225797407301 1
-0.040684966605865548 0.0067015701083359448 0.050497088990803699 1
-0.091345990801871474 -0.0035839642841554624 0.034929654804234489 1
-0.02869525472662535 0.012412072869657028 0.049078491503821146 1
0.027239691927843833 -0.0026256772451817433 0.075793041074547624 1
0.0051654142993723309 -0.0085626035232423854 0.063770764080527995 1
0.099590056768018784 -0.0094713679613268494 0.087228950882093939 1
0.10049287080018464 0.012813910104637234 0.092008603592931421 1
-0.015096936028911535 0.0096721192976466745 0.058777381841503884 1
-0.042983895452488007 -0.0072782892545053398 0.035219669134734892 1
-0.052980776643415398 -0.008341725512045893 0.038656585200520593 1
0.10502719171511213 0.0074793944994877562 0.1007456867616459 1
-0.04693170778423679 -0.0095663162705611898 0.039922646806834904 1
0.066456599813191589 -0.0061726710586999002 0.087025497601166596 1
-0.011187575722457632 0.0023388243985616982 0.065375533997169014 1
0.107653686926723 0.0095713413063486085 0.097449724019874562 1
0.094498518557501535 -0.0098157412211714555 0.084861339585918474 1
0.10761266201734543 0.0107688601128757 0.087190259248018265 1
0.096931772398240662 -0.0088757941299244265 0.088730304492602038 1
-0.043423475749179839 -0.0039913240093837829 0.049647291627553013 1
0.039957049171868153 -0.0055101428948531239 0.083757205234361309 1
0.053352808004537296 -0.0070627102797079268 0.066630054785909026 1
-0.036193513404061045 -0.0089671011826690222 0.045557793716722035 1
0.030848489438359633 -0.004736568071271036 0.048625368464442167 1
0.021576451792854789 -0.0090779022221884487 0.064023386780164643 1
0.096584329403569522 -0.0074990729211461731 0.085656907490446355 1
0.1060830554423479 -0.0088419542971471549 0.083971562328377186 1
-0.01912530360674122 0.0020642002007559314 0.061927869845801266 1
0.036237873254795994 -0.0064177272156426372 0.054410920483564586 1
0.013385612561927961 -0.0095351694749480891 0.052570513337679169 1
-0.018332134272172958 0.00070128568616916256 0.036088753757057064 1
0.11087922681731163 0.009032577834332093 0.085102136204297588 1
0.10966663981948097 -0.0014425006517076314 0.080398780645771564 1
-0.037981937958200998 0.0039229161031923438 0.032582556191238801 1
0.0169629685966598 0.013010288331368859 0.060334452384154733 1
-0.035730413716359523 -0.0093007730789466184 0.05035131926569951 1
0.038375952189018778 -0.0029721131312868956 0.050992271823987426 1
0.099358090519872627 0.0036784093867529982 0.10417790776279048 1
0.011428242576107755 -0.0092813513248268895 0.056683662414568028 1
0.11259183014913002 -0.00041028271320433249 0.087683094601680681 1
0.024629697446923584 -0.011150489959318902 0.060461657915408626 1
0.020943085890296132 0.0093982290865947914 0.061677389387678715 1
0.056215736095590656 -0.0012013823633693773 0.086237270480814462 1
0.1043318450022911 -0.0035892747933311052 0.10271191370255993 1
0.023008441132751078 -0.0086758115962479263 0.056329087904320646 1
0.11182230209766221 0.00075899410431599099 0.080895688253236966 1
0.057887282387324934 0.011008861228922681 0.069831628027652276 1
0.10675750518170339 -0.0019343819229157783 0.09770978940109766 1
0.11323390444924328 0.009570089635227293 0.095543475566410282 1
-0.031813248459207619 0.012178887092911752 0.04891102940727185 1
-0.079866466467631958 -0.0067482517073720319 0.035242512272722668 1
-0.085437429761735559 -0.0083481047710597077 0.01895713299001071 1
0.00097778072884488519 -0.0038166589019758383 0.067126825783636906 1
-0.061291542760769889 -0.0081942165092786182 0.035387617543955335 1
0.042755106037939819 -0.0087977952845340619 0.065553399006676727 1
-0.054184002562712184 -0.0083064468303591515 0.034770289635932483 1
0.088357850909233093 0.0056545262923464179 0.07017119973897934 1
-0.031312534287903489 -0.0082616928942718711 0.055589940329394884 1
-0.048432035642487666 -0.0083530539676823796 0.039280146312815636 1
-0.061921988626371056 -0.0041875167470372216 0.027673743407455407 1
-0.03110494298596695 -0.0025557549396371519 0.054641205647307997 1
0.056525398859215842 -0.009805250214939944 0.081735189642833647 1
-0.051946424415392711 -0.00073883573414356167 0.047748796145314201 1
0.01798987573393921 0.012025211062911937 0.066687805309525117 1
-0.0057700418824343878 -0.0061767947066442876 0.064796580892539257 1
-0.0051353388533689715 -0.0078122618755009634 0.039615450845562693 1
0.015984181964462624 0.0061702750803869074 0.04055289271177457 1
-0.034162490124579253 -0.003942335011451469 0.057065093376214765 1
0.022035050631847807 -0.011886541810832292 0.066523955030821577 1
-0.0080728313445088198 -0.0010756541265432651 0.065608650998530624 1
0.086729247316488497 -0.0091174351838941414 0.095949381572162817 1
0.013114054305181049 -0.0094756964833687032 0.053742474260793718 1
-0.10205114144319899 -0.0087632438658170452 0.022307590527423277 1
0.02754841153894888 -0.0085924877939555552 0.048236104779262615 1
0.018330666994177423 -0.0049342676445428696 0.068706353273387935 1
0.012779332742423027 -0.0093699292442289001 0.056706836376279102 1
0.011328921336475371 0.010419209888254377 0.041924121109133988 1
-0.039095009248676281 -0.0028212678149902937 0.054152621388603765 1
0.093485487792355187 -0.0083300925571114081 0.087656012254215127 1
-0.06499798474058259 -0.0097444790138120213 0.03701052512278713 1
0.031745381256065096 -0.0019110392122983193 0.048801397704283683 1
0.015210243714527335 -0.0052205032886978786 0.074408642565511732 1
-0.021773836169429715 -0.00050218114139380637 0.062661077021632983 1
0.015515387538896801 0.010208921258136855 0.068486767350129985 1
-0.02907213102302348 -0.005861928683580494 0.058659515769695733 1
-0.10451432365256723 -0.0060739935229829683 0.019037945008193224 1
-0.013222849012018274 0.0058458798535689889 0.061889914557738332 1
0.075869085524600616 -0.0085312363829902153 0.084634343403028361 1
0.057953908092173906 0.012687026639428433 0.06570349237585775 1
-0.031159091179999831 -0.0052566362260477312 0.056685334438722271 1
-0.06324379479609607 -0.008492388895945285 0.032418774703100686 1
0.10786150413518877 0.0067049297158577673 0.081641188497944203 1
0.045252325900556903 -0.0062693321291824944 0.081058025668313036 1
-0.021631330745889674 -0.0007740677782792205 0.060674161157103744 1
0.00050474676045121299 -0.0082080128073733476 0.064835668495716953 1
-0.0033477529712739327 -0.00053197726753409069 0.066047612405087719 1
-0.035244530503705414 -0.0015538284447042664 0.058466600950823212 1
-0.032121207053108045 0.0088805202204778454 0.050217144792419371 1
0.012728581207180699 -0.0092926622072747947 0.058432245407746712 1
-0.018335182941051027 0.0047777773842273916 0.0614064274623808 1
-0.055453479780100449 -0.0015586291057174421 0.044346587325189694 1
-0.05739042276265352 -0.0024645900499362201 0.048391024831605442 1
-0.037026594024547943 0.0081453930093289013 0.051348642297536155 1
0.084458173745096732 -0.0089824364652884483 0.083193108197643029 1
0.024190080304802328 -0.0096772909424814244 0.058655046076625569 1
-0.07799482922159523 -0.0071394962200164204 0.035298354843164237 1
0.024184966995984124 -0.0072209716250909144 0.071847069432102728 1
0.08667330797845943 -0.0093711667480445258 0.082069641398663143 1
0.019280865705989712 0.008903839643417016 0.06603269690238861 1
0.044569354352340475 -0.0065864394378164805 0.052783059225842095 1
0.11262938839041813 0.0075329665974691162 0.080985630628022054 1
-0.028638679198472398 -0.0027566048159038039 0.060916206987209995 1
-0.063930490676856924 -0.0097155886435456862 0.036648310292182802 1
0.027718976140022278 -0.00096312828827649355 0.07596968486905098 1
-0.019512163474030703 0.0076437201395558891 0.058300363816206721 1
0.044773465339663331 -0.0052670008665206209 0.05119173527159511 1
-0.042138495835853662 -0.006776608899602886 0.043013534167136311 1
0.017501030242688401 -0.0073533044819924951 0.074883032802484692 1
0.039702233074887447 -0.0069970553150555644 0.050900719640838255 1
0.060176279207793046 -0.0078404206252159197 0.086970524138103703 1
0.053396184534377125 -0.0014161993573025128 0.087138811755037376 1
0.034622532678176388 -0.0033040259445886499 0.047788971665003094 1
0.020145414968926429 0.005751365500719606 0.044549426566593914 1
0.062203735145994123 -0.010131396315367493 0.077685498232464942 1
-0.014587438782017244 0.010848592374440962 0.057387667019957428 1
0.011700507829754261 -0.0098511477245043257 0.05665033028158073 1
-0.033149783680549202 -0.0043525858924094545 0.052075667415467736 1
0.098480118015709828 0.00011452820616449132 0.10271131668770148 1
-0.014338105341398694 0.0073967673973504445 0.060486273349134811 1
-0.061423675838995231 -0.0063496155815828811 0.03041407689038212 1
-0.05652315802573573 -0.0056122399712206375 0.027948845712052018 1
-0.053943994485552087 -0.00038584915997567199 0.043090764843963472 1
-0.065697737308897719 -0.0069829739509992342 0.038236786739108214 1
-0.024763947352766991 -0.0056163367517001461 -0.0063303504139184952 1
-0.047790136331459669 0.0066227376621764483 0.030778866386236375 1
-0.097680727530457076 -0.0074887375010686047 0.022666076936971053 1
-0.013012144426992257 0.0082420828355861918 0.061828093006388508 1
-0.0010482123713583809 -0.0063991514910040903 0.039718144543062286 1
-0.077088836668918775 -0.0062636430533903019 0.040253384134241094 1
-0.040279353898981164 0.0060384652234027137 0.031742498245509343 1
-0.038019352383074023 0.0064308028569547374 0.032321400841092709 1
0.021711229651154792 0.013918121256865404 0.059795290268495206 1
0.016768378979447073 -0.0070877664773399815 0.073411717984913832 1
-0.038499481976032257 -0.0065406246576458216 0.037194870412349701 1
-0.018441514641269988 -0.010059397941732983 0.033878077864445584 1
0.031241486922165787 -0.0064678730267692689 0.052518748321911106 1
0.028911486574598723 -0.010389315658334272 0.052388919731162324 1
-0.060351098879307459 -0.0079412654358031291 0.034631797159247163 1
0.0006188633040573998 -0.0096747086764500511 0.064907770092367575 1
0.10215548493717502 -0.0027881270061357582 0.10450763609532036 1
-0.033153683020249479 0.01033937350611501 0.049152131710369716 1
0.088503387741853456 -0.010330476293445029 0.091635906414002849 1
-0.053226238320150124 -0.0062003845724474052 0.02990736844030548 1
0.020566661030435675 -0.0068492793882885062 0.072787327283406297 1
0.099821965958979172 0.0015238297992178559 0.1021304995720328 1
-0.028286148453204527 0.0094578887657425156 0.053448329339795098 1
-0.021546629764784934 0.010300930196580006 0.05574831945047537 1
0.013701082099466215 0.0094477962625650249 0.042776594888470902 1
0.091757384400862882 -0.0089878676539967093 0.088794908486894739 1
0.048773943800444641 -0.0074099205692723736 0.083029040267137547 1
0.059025225410021233 -0.004147732273895895 0.086550960416734213 1
0.10291605533924741 0.010375550287044169 0.08500649439963294 1
-0.043056116442587236 0.0036013172713539781 0.030997982672038037 1
-0.035554251427462893 0.010855690098501404 0.033388725895469804 1
0.01807570952951195 -0.0061666212595532554 0.069697750034535821 1
0.094850632932541812 -0.0058347674942583186 0.099008066020923227 1
0.017586459080796389 0.0031678040125287807 0.072824629147554457 1
0.04452987598909159 -0.0048196788544587893 0.080438336200074775 1
0.012686142442370209 0.012088827689509607 0.047014947907714912 1
0.020336148910111838 0.011708796876909426 0.065427213896347244 1
-0.007652934184149255 -0.00762705676120064 0.039901708783347034 1
-0.061357738433242867 -0.0085741672688825123 0.033682747441302896 1
0.11396602013113881 0.0075208674706359344 0.086363332690546316 1
-0.035290615717281586 0.00069903949552881962 0.052735428400201782 1
-0.057905595591555357 -0.008589685989941356 0.037253577262263325 1
0.024951059300313265 0.0085295769213763299 0.05711741228388207 1
0.043326002408620348 -0.0037994633721986563 0.084670823709929677 1
0.11212093573425892 0.0011354385653171489 0.085511550541747 1
-0.027134108610046902 -0.0086579343253247419 -0.0026826940052975673 1
0.061426620364132198 -0.0094628065366043502 0.080565433322185048 1
0.06123750054652314 -0.010574879864680869 0.079504566912795727 1
-0.003269202248331049 -0.0072846157949839462 0.064946567461227872 1
-0.030550038096871263 0.010839025168449538 0.05279297326154303 1
-0.04131082406677155 0.0060425834105848645 0.033776875452906238 1
0.10516182585726015 -0.0075617573958396845 0.089620434492436812 1
0.10647489672494836 0.010811194533098633 0.089059339767998791 1
0.10511766764378594 -0.0015070131910288991 0.099965892940514861 1
0.11399348974899615 0.0012758174032651748 0.086640818442516393 1
0.11682723603917924 0.0070866598631135124 0.087212455019367585 1
0.056186363861692901 -0.0035105654740732071 0.08891431316214235 1
-0.026066741384218366 -0.0027205423877691183 -0.0090876150858993626 1
0.056077813416064569 -0.0089626173669300653 0.070590188139862314 1
-0.0012783613960000054 -0.0087060125070166638 0.040951129910725088 1
0.089949464521983241 -0.0086324903339551548 0.083785290763000619 1
0.082019627924527008 -0.0084002222309365708 0.085194202079002537 1
-0.033975092764602144 -0.0058829721732738451 0.056762838315292712 1
-0.019710520113175201 -0.0059116687918741645 0.063026601605614838 1
0.053978195586201157 -0.010121178458998421 0.077560661640049558 1
0.098842937528218419 0.0063287750443751668 0.10365826069462764 1
0.017042979054263739 -0.012260003907877182 0.069249294305121556 1
0.10508537479173699 0.010978157010646633 0.088912301315144299 1
0.053841166574395027 -0.010674899759317919 0.072063973477419691 1
-0.030636017340343054 -0.0042668474381312542 0.053265905446764829 1
-0.0010171814359562152 -0.0081638371933284871 0.042483674764366861 1
0.10765574096935229 0.010295479636976267 0.087930441320633587 1
0.020985360793441342 -0.0096743495611263108 0.069776327704154539 1
-0.077892480416935458 -0.0069633477328316911 0.037131408146117241 1
0.024795225893414229 -0.010804835204553765 0.057465677712463518 1
0.059740387115792958 0.011507258466264962 0.06325484901487384 1
-0.034246568811264783 -0.00067698752082556962 0.05809444454991005 1
0.041551325712496937 0.0047109962515124223 0.081440503990499985 1
-0.0098475090314864306 -0.0011695641831315055 0.06547522932990342 1
0.042651796115529772 -0.0040695440968390104 0.082536241528554308 1
-0.096918621316534878 -0.0097171178650175358 0.015131360993198961 1
0.046977202026081348 -0.0052298573777435457 0.080731337464958378 1
-0.048389652189269813 -0.0072065145005472267 0.0337172845438167 1
0.018373084898774296 -0.011937015985146352 0.066883641559221607 1
-0.091405537293928363 -0.0088522276050002693 0.019727029803725475 1
0.10225204656307076 0.011745892453135183 0.1009408459080432 1
0.034029336216293407 -0.003212298162300569 0.07838799483687299 1
-0.039077939763229 0.006473700637985305 0.031807864648809761 1
-0.069013719227436987 -0.010486868571307567 0.038533588512428316 1
0.058947498818495217 -0.0084947573270264965 0.07837726074206447 1
0.10397388377419918 0.012516809168044863 0.092995431381245872 1
0.067253037524076936 -0.0033687642647103467 0.091329566755973826 1
0.087215108242795825 -0.0086648491412908025 0.085190802425408899 1
0.020520575523347559 0.011263378731468321 0.068155142765499235 1
0.029890869444869593 -0.0091562489782148256 0.049575355119895768 1
0.056065055648172039 -0.0074046986746973747 0.078321877277883839 1
-0.034951636650958781 0.0086241077225142956 0.051173603556469272 1
-0.0046524931758680135 -0.0078054398936169582 0.037992151356053848 1
-0.00061039955021089136 -0.0081898149153999192 0.04074614279363304 1
0.020773460321700184 0.01122587109318561 0.066592696673181392 1
-0.081117117067578848 -0.0031082685285944217 0.03778977667751883 1
-0.0098813628310419517 8.7669401941290327e-05 0.06583167134357254 1
0.045369872531032349 -0.0044053065180692831 0.083236871808950369 1
-0.088915802105866956 -0.0017948231815842724 0.035454794368747676 1
0.10888756657262846 0.0095380391364423313 0.090457804933940678 1
-0.073275094515010478 -0.0014364948110371228 0.042252181919079375 1
-0.054626679341023318 -0.0064225580357002354 0.026542462730003453 1
0.075224942910788406 -0.00982800414740468 0.080338920947776782 1
0.021290268951600563 0.0043813304762830903 0.0437393945007103 1
0.092512259494080998 -0.0062265490180831353 0.10212742065169436 1
-0.047662869602487966 -0.0042693605851266874 0.052122886253091583 1
-0.023801466795065368 -0.00087128736127685229 -0.011106709856595499 1
0.050164880231022835 -0.010328393895179033 0.067122947424650192 1
0.022156156014033621 -0.0010501672963419829 0.066354223881142232 1
-0.026563532984389626 0.0077882820765983324 0.054123157205681546 1
-0.07218295428327097 -0.0071888153937356893 0.038816764491326372 1
-0.059237190886087074 -0.0079987618326062878 0.025013842138205306 1
-0.0060563639299257531 -0.0096910400982387762 0.040859511077860081 1
0.019977555160352052 0.0091298544879833791 0.069783895947541461 1
-0.053173754266619085 0.0013412651956079521 0.048569787336309428 1
0.029013231321704323 -0.0085437691985956223 0.0513939523712564 1
-0.083425907091166915 -0.0096740176005670163 0.033866442491958651 1
-0.0054358370283992818 -0.0091983529667594259 0.0388899528555555 1
0.032202182339635808 -0.0048705957938479372 0.046642806840764675 1
0.10726947523653507 0.010360470740124583 0.087136508896946907 1
0.042691345798759522 -0.0043340819524290697 0.081550736990533904 1
-0.040171429219588412 -0.0034417158563100378 0.032815451559930486 1
0.092334360595607512 -0.0090654142026719807 0.08175338060358131 1
0.012036804694018882 -0.0093565039846495463 0.05587099517790281 1
-0.012669281408662013 0.0025406698179865307 0.064560497612118559 1
-0.0059546563213355623 -0.0017216562190933583 0.06647918252249238 1
-0.035398619933778248 0.010339169028218666 0.05101489299750793 1
0.1115600978526298 -0.0049653802447035267 0.08807411706979229 1
0.00074984034364469591 -0.0073575739641732647 0.037091278951100676 1
-0.0042545896238550922 -0.0085135245927270547 0.036515344033066235 1
0.02715398745761257 -0.0027558850105738704 0.073091629960954904 1
-0.071088238009281435 -0.0031665704707746736 0.042368184300838843 1
0.10681899019985562 0.011115690193742974 0.086793688939877253 1
-0.021593813152829856 -0.0072336007017353571 -0.0047104684758265715 1
-0.064060838147294907 -0.0073582078480430397 0.033394463624459594 1
0.10343597346978095 0.0056402604802017701 0.1013800786035786 1
-0.051599196391384258 -0.0068058245332505412 0.040152506999905288 1
-0.049905083142220974 0.0010149166446353775 0.046444294974207878 1
-0.044360746629536152 0.00041585052167647518 0.050569357350468636 1
-0.039501129170900928 0.0075414823758915249 0.031898576191669574 1
0.08563317579335683 -0.0089314090602484204 0.083279353121737232 1
0.038355213388001505 -0.0056275433079204414 0.050231744002012517 1
-0.037399696005195604 0.0076293774170903515 0.032679015136923548 1
0.10719143879796221 0.011789142199380993 0.095303419775126852 1
0.09201685113504976 -0.0099869228518094794 0.085950254634983889 1
0.10310989752465326 0.011874423238509598 0.10001972333421333 1
0.034072817459598087 0.0002795196900307573 0.077830240417351607 1
-0.031572190528342453 -0.007190504212609132 0.041029014876544596 1
-0.0090897496575910591 -0.0075541580914751799 0.036391760054273192 1
0.087481094479405705 0.0049822066640527723 0.071247366387109198 1
0.084046942151613444 -0.0094095024138833878 0.094167347289355885 1
0.035428154875990568 -0.0034841079496292057 0.077552933687877607 1
0.094041472208598681 -0.0090317783173257549 0.086100644207573962 1
0.088324067661496447 -0.0076450332271439832 0.082822584653973158 1
0.086641732462783005 -0.0089398256971498016 0.083562510189306105 1
0.099600186616745162 -0.0097062637172069897 0.090523376165379893 1
-0.0053799289513726074 0.0048090715924372389 0.067155669891110367 1
-0.024578072411025224 -0.0022511410029174258 -0.0090821240956369294 1
0.11032728332345254 0.011023636654310314 0.089965829742388134 1
-0.034532809630036354 -0.0018142423359677196 0.053742988035082817 1
0.089442496679967232 -0.009240323314243893 0.096946113637842543 1
-0.046229234928903393 -0.0083436261874301199 0.038649671062752772 1
0.024134107581181938 0.0030204104964130247 0.043725454318411586 1
0.10277463715672387 0.012431451497018263 0.099307317774757764 1
-0.022172258535246105 -0.0070401228606412208 -0.0038331535301436878 1
0.10551948563557927 -0.0091368513264730722 0.088960080528738661 1
0.081130663514775769 -0.010318463720009236 0.08576916978397757 1
-0.092986900903563541 -0.0097032567302748184 0.021334900486657385 1
-0.061918312081533033 -0.00085669328231018733 0.022426056366896194 1
-0.10094909541595271 -0.0072211163671547793 0.01889725090464096 1
0.095826500229129877 -0.0063590523851212244 0.10110283591645451 1
0.051683621914679602 -0.0083349947465481654 0.070290833066602873 1
0.021458929667635879 -0.0020832942363170626 0.074416173724562995 1
0.054487164519162877 -0.0056930185134330472 0.086190451715409871 1
-0.037539425588190012 -0.0039786962081336634 0.054213277250191753 1
-0.054069018789500503 -0.00086814899623840818 0.047177731134891078 1
0.10886611502689782 0.0066580927679328198 0.10247138092902244 1
0.088582703604180496 -0.0095704383694540061 0.0847584902136026 1
-0.035782105643099429 0.011880316684507904 0.050148060135351946 1
0.068270396564917873 -0.0041046879931126174 0.091227750522756001 1
-0.028282375942670648 -0.004815609217640889 0.060032137552486979 1
0.10886835393745641 0.011927558515534445 0.096865072859459236 1
0.048438047029795088 -0.0074533714184313298 0.073469568451195774 1
-0.05943360795806895 -0.0085254056083310433 0.033940731997765317 1
0.092996344087955124 -0.0082147291245186268 0.088238983252434566 1
-0.043737825006246567 -0.00096222901629516855 0.052516622468829155 1
0.015450309096367614 -0.0096053028978608252 0.059145524957491653 1
-0.051111810404636283 0.0040036161913084021 0.027027913262361602 1
0.10344585277011875 0.0050744776081653531 0.10100351137105007 1
-0.036239880974702779 0.0058249258487552691 0.032547751784539301 1
0.016204395650906481 -0.0069435299291546286 0.067448020893074181 1
-0.019839767375710228 -0.0056334848425725927 0.061689745665049964 1
0.018729265979026313 -0.0058696460729067944 0.071592840174537167 1
0.089393614434093702 -0.0091782941749262558 0.082436502058662986 1
0.060796653921790698 -0.0078012937154830026 0.072256005098396969 1
0.11057479841757079 -0.0086544494274608148 0.086381054993516226 1
-0.033357131188354802 0.0078975974922707547 0.052981954662745773 1
0.057930722985833773 -0.0090024219880702871 0.074383181319502889 1
0.043541639969615971 -0.0043754917003734576 0.082954051765646922 1
-0.063338800489571787 -0.010215623632274193 0.037383646424643001 1
-0.013033736278992984 0.0016653225190278033 0.064829216594409628 1
-0.078963550010496292 -0.0051322897537301971 0.037707279314828354 1
0.093121078971934321 -0.0092013927384276672 0.087061081191169884 1
0.088951133090168402 -0.009409767459270784 0.086711625011787696 1
0.0076802558324721593 -0.0089379609876831193 0.058899714372739713 1
0.10474215804682377 0.0035709360358923141 0.10146375250667695 1
0.11209110376088419 0.0083806490752549988 0.086364390813509911 1
0.024136417150061523 0.00083951634991016183 0.04236775329405245 1
0.018246341154796012 0.012026088773280694 0.065638411287977649 1
0.085969452039526884 -0.0038597252016891155 0.10091710580010214 1
-0.057033388509023099 0.0027846964796230419 0.041829582226011637 1
0.056942532283456603 0.011846762979594586 0.072068869805359953 1
-0.0088382339154433227 0.0062865300935312542 0.064555563655187692 1
0.020389042811641788 0.0036144542872139319 0.041537322721880099 1
-0.042371599143860135 0.0043701610255248262 0.049960999036928341 1
-0.023497501951028493 -0.0068139691614541162 0.062429407384843427 1
0.08935552975968282 -0.0055445162120331048 0.099133802373765553 1
0.11636437915849687 0.0083455543789531829 0.085821133374092445 1
-0.047276661285137092 0.00086907984800414133 0.049047539133206586 1
0.019685875523237896 0.010597911515674529 0.06495763267592411 1
-0.024878875140218776 -0.0013198166786067263 -0.0096851060316724431 1
-0.039396790857373472 -0.0054310692188946378 0.054260373443085839 1
-0.049464697814625744 0.0016049761823670283 0.046899629168993685 1
0.016652937697531987 0.011102558479360094 0.068747407024328994 1
-0.00021739935106985511 -0.0082453781878605373 0.062845559683614438 1
-0.02186885941773653 -0.0060469354793895036 -0.003856743045616895 1
-0.032511735200844542 -0.0044641465782144802 0.057966384682623703 1
-0.043526778001397988 -0.0067706766273593465 0.04814893542548844 1
0.085353390378094154 -0.0063078709164566928 0.098976123627449841 1
0.11028201312457532 0.0084674475403490948 0.09611727046140664 1
-0.018957477443064363 0.005585283388097129 0.059798134313847631 1
0.10276567558903506 0.01087769901391444 0.088040693454367977 1
0.11185475518500693 -0.0028738175100973865 0.087289091901511878 1
0.064045351888005184 -0.0017024955448007983 0.089369729247400165 1
0.098983149082470773 -0.0047395200374658521 0.10307427823303282 1
0.060772786847271935 -0.0046741160563102757 0.086704624738981759 1
-0.053453977233759137 -0.00041511647718940289 0.048096609640004361 1
-0.069051665849964014 -0.0092086431666844014 0.037365217554418316 1
0.093892014463926435 -0.0074133695156461607 0.085245050189422536 1
0.017546577026530744 0.013173675717198564 0.054428594235540292 1
0.018824611953484897 0.012486265881523727 0.061181955789555598 1
-0.041698976860531756 -0.0078267884342668737 0.048098438917068172 1
-0.010846360404533632 0.0007765914995963262 0.066382800592472133 1
-0.017150213558558752 0.0069550174746155491 0.060762171978267727 1
0.034009453920692143 -0.0020231182048048393 0.049516369897462137 1
-0.062523472680128131 -0.0052337254964623398 0.039481621106444743 1
0.056666976624816914 -0.0091655326517781025 0.075479359824900422 1
0.063016200442596509 -0.0088630911312735823 0.080620716446443641 1
0.055762726130976333 -0.0034237662597361193 0.088080505752502772 1
0.017879248298800131 0.0087728629959205624 0.068437787007774614 1
0.0983296238441798 -0.00062011444765304848 0.10458338145690596 1
0.10088248550891876 0.003160608175676316 0.10458090342581272 1
0.059237478019399804 -0.010794820702161909 0.075515000757037543 1
-0.034171234317923599 0.0092086552053422931 0.052037593468190937 1
-0.096686015431026798 -0.0092165662966949592 0.023199253272164093 1
0.041871609627521893 -0.0039969891937637076 0.083686481673621027 1
0.04381710338437441 -0.0057117142116267974 0.082198033358542963 1
0.02000329772997254 -0.007842457091993979 0.06921973181969851 1
0.10137981477511007 0.010820415780622667 0.099036271507035631 1
0.018365299334326995 0.010455145826961226 0.069102847707536538 1
-0.033645240795658005 0.0002176037698265916 0.055381261550043401 1
-0.02895173458355824 -0.00034872688700134905 0.060530617060257814 1
0.050347633844823186 -0.010520030416157428 0.070322544789967162 1
0.10257029347121716 0.011722299037501216 0.099817557260394096 1
0.036356062948410504 -0.0018125515251021733 0.050270666996913495 1
0.059725395977040525 -0.010520864467996958 0.078694214381121438 1
0.05142305558002444 -0.0077905708047163761 0.067954426509288568 1
0.10363425000651164 0.010179048006152602 0.10057321446973039 1
-0.011515905529902656 0.0026310979963469604 0.064557902040534076 1
-0.010659223843630439 -0.0002046747161790764 0.065720440407377484 1
0.026237216152457145 -0.0099510688566834312 0.064692819456151615 1
0.11146539783844503 -0.00049145596657012051 0.083584102276406794 1
0.056704901357698345 -0.010699082039702868 0.074210536393877993 1
-0.03914935314102759 0.006234634040178726 0.032031949543301026 1
0.1113134621252886 0.010754284719941594 0.088056579154074263 1
-0.094997528272030715 -0.0076940507287009746 0.022644409790015155 1
-0.062640387767813374 -0.0095958268156697037 0.038194027792842838 1
0.012930567966806344 -0.0076503433616385459 0.067343165534740249 1
-0.044440542400058777 -0.0082532544863675884 0.03692377271567214 1
-0.045855593085061395 -0.0078701294791520202 0.03161714418590713 1
0.082518513429713683 0.0099780513468551765 0.070820296513034342 1
-0.020736157580793987 -0.0010641817464032029 0.062539970686506685 1
-0.069894207756857979 -0.0027634500164706094 0.040791570135741105 1
-0.073474685076299062 -0.0048539900068696098 0.035586346652474017 1
0.077483661615812729 -0.0095879440642564328 0.0784947580424699 1
-0.025689137246319917 -0.0076030642377628924 0.055462468344993764 1
-0.032434776891022921 -0.0065703626023605466 0.053028148598968983 1
0.024861285462975502 -0.0091831351164728403 0.051331447437405586 1
0.05749727092342391 -0.010879878755443707 0.073108229621043325 1
-0.047135750485624579 -0.00798465901519692 0.033583974934075243 1
0.016447111840655945 -0.0088776942902430711 0.07279738155147869 1
0.016290478076971301 0.0039309264700198836 0.043655635951576469 1
0.016979641428774055 0.012271705489669786 0.061887462569040493 1
0.11499881767417507 0.0075703495224460253 0.08435530252903152 1
-0.011532394077753069 -0.0052377955067308872 -0.00073555491116984782 1
0.098371001009831371 0.0048433748616628523 0.10104830923149795 1
-0.025078570881811906 -0.0023463214546237546 -0.010011829319988497 1
-0.017688071266332879 0.0023281142145798479 0.06284331088869595 1
-0.023896279279142618 -0.0059065535133413505 -0.0076463228324428201 1
0.014616557080031588 -0.0095878221700849212 0.054463315260858187 1
0.11409309644373675 0.0090607258610884544 0.085481047035392152 1
0.05851704206570002 -0.0009637748386568288 0.089166524493452151 1
0.018179464463927812 -0.0072082308750355583 0.071704882786717383 1
0.039521328857628379 -0.0055075867321160259 0.081712653445095138 1
0.034898890623909898 -0.0032186120798687987 0.049710147344410129 1
0.095746800275978095 -0.0081303884995202746 0.087764532093448658 1
-0.065375603877576682 -0.0094301896613290161 0.038516414113875096 1
0.11217315830277025 0.008775571724816484 0.081003438671921085 1
0.060159562178870959 -0.009940025188047933 0.076563419230004634 1
0.024723414393406955 -0.0023729622432580749 0.075516091448374706 1
0.064678077097427775 -0.010154946938923555 0.075411366665442833 1
0.06221440990699327 -0.010741421008012439 0.076659592235788637 1
0.019741612616840279 -0.0039665743981682437 0.07137223023707287 1
-0.021326511457156444 -0.0062033369434415474 0.062862588675694928 1
-0.024285800395273525 -0.0032127915427961166 -0.0084937043481161292 1
0.096182934003584672 -0.007945621255734104 0.088569822871850071 1
0.10273705756756152 0.010924359413376192 0.10131427546678626 1
0.062956528334692605 -0.0092529151711168676 0.076396925225586221 1
0.0044045103131793439 -0.0098662916570901871 0.063692696858197451 1
-0.021773137152194977 -0.0037202015519142151 0.061390051618218422 1
0.0081933162095723707 -0.0098195164823183349 0.060745133138831314 1
-0.056166253820712671 -0.0084469258664885607 0.035843833086792364 1
0.019235632482673119 0.00635543121771091 0.043692225545652726 1
0.017693365173350073 -0.0015409368257906231 0.077185469314733857 1
0.012069841040712266 0.010797423606489664 0.064556069415264664 1
0.025391022473018245 0.0013401953500462387 0.042662583033840566 1
-0.052906364878648589 0.0027330034276307454 0.045981485305096666 1
0.025287644377187748 -0.0054524417956649876 0.056618621166597785 1
0.087820222601294518 -0.0046561412746086717 0.10126492753624916 1
0.042962859909718015 -0.0050276913876658672 0.084110666423190331 1
0.10868318930791286 0.0099125864711335741 0.086771083368887253 1
0.019444255528885776 0.011297756181077322 0.065576880659177314 1
0.096269087185844343 -0.0040586983448281516 0.10490033482773822 1
-0.058500538886805988 -0.007742112625057143 0.034216162383361851 1
0.10287663183912138 0.01158248160313391 0.10049037049926896 1
-0.041626159879674253 -0.0029395463755436196 0.0525769585496682 1
0.012900644094485844 0.013688182569690531 0.062683786676285505 1
0.10430248082204469 0.012448180861830128 0.099848345627151752 1
-0.057744358312892367 -0.0053959795067835183 0.025480906306906775 1
0.02478844987638943 -0.0042913061931225439 0.072957674869734035 1
-0.026732649437964516 -0.0038665976907473172 0.059931797606067864 1
-0.010595919504514086 0.0016222053091673955 0.066068810310762366 1
0.050002081139659579 -0.0031827267825966675 0.087724355057229239 1
-0.054826080799102783 0.0015550873940810561 0.026192047167569399 1
-0.04027751088142395 0.0074887080118060112 0.049120932351797819 1
-0.0095588905928254819 0.0020820106253506038 0.065678785089622257 1
0.10539902138651225 -0.0083841324705045215 0.084504774980157724 1
0.06007107551509077 -0.010352991266720925 0.074557412503030232 1
0.017857400579018395 -0.0069720228377748985 0.070876651589980799 1
0.10771760050361209 0.011241847938288897 0.091031209882691477 1
-0.0014702336679110369 -0.003482503178242924 0.066754710646006993 1
-0.00087968483115008662 -0.0059783446178874947 0.036910030098167172 1
0.0048057633071872524 -0.0078529942222303577 0.066324265687436393 1
0.06319681449855967 -0.0082439808295958067 0.076333030438801158 1
0.057315203769506357 0.011302332448048246 0.071754938480637173 1
0.017758258669222201 0.0096464787825708675 0.068489277968739048 1
-0.014127633265451106 0.0015846983713316892 0.064503200011196846 1
0.063357661985604219 -0.0052866681455786546 0.090147736367904852 1
-0.041149087331470519 0.0063078093700223237 0.031043293588108947 1
0.01875261967893644 -0.0081301665471482897 0.070644142052422074 1
-0.050020289167243076 -0.0042622156872866588 0.02695764839947155 1
0.018911367568677812 0.0124057535444222 0.065173636296028348 1
0.022424027380478748 0.00091776263751928424 0.04392096991971238 1
0.025550055410774326 -0.0025664592853445779 0.073464668875308961 1
-0.018849492847127006 0.003671613669701796 0.06103273761286384 1
-0.05691602570840712 -0.0044710802143435461 0.026722563153981437 1
0.01386196342620763 -0.0093045320506134691 0.059909363749773514 1
-0.0061399499542455103 -0.0055006595230425266 0.037010253700456082 1
-0.098708947695214308 -0.0074210726339076164 0.017388853625512565 1
-0.042888619206628287 -0.0093114750420298514 0.042380221805960572 1
-0.049270608511923615 0.004128721539684025 0.042849546824549584 1
0.053593889005723976 -0.0049048284613437063 0.086795952433548818 1
0.10982278814340972 -0.0078400817972095211 0.087307689101767463 1
-0.04366735015119505 0.0011764039544844528 0.051800511587573775 1
-0.040061516900171776 0.0053892286654048382 0.05077464118260399 1
-0.062587500122175663 -0.0082272778891913038 0.035671108929442863 1
0.10944209283625275 0.0049094950744465711 0.079932100632678638 1
0.043683179528396426 -0.0043339843511162532 0.082139256978160324 1
-0.044659177216208719 -0.0043428491115317779 0.048008966386315487 1
-0.055955701477068194 -0.0051674905034629747 0.026345306707138794 1
0.019824491196319259 -0.011832387225928694 0.063154934226735085 1
0.10698617794902721 0.010298820407939328 0.091917986622758477 1
0.061012806988405555 -0.0091516285736846052 0.073765004581203761 1
0.10677246259250325 0.0078190164000330881 0.10033318519182399 1
0.11295284442620231 0.0062313918972973425 0.082263436976582158 1
0.049774536963805599 -0.0092326844169821429 0.063233512803996653 1
0.062574741299508435 -0.010066971265481384 0.073514313665043657 1
-0.052935924849745103 -0.0081841627789982999 0.033102158309966712 1
0.08693940748703971 -0.0042217249494015466 0.10062261070007561 1
0.016852462070071114 0.005728335214902857 0.068234484136363405 1
0.016840808829021673 0.010290315667077686 0.047525445191650535 1
0.11710960680458593 0.0054116539896725034 0.088594413797773802 1
-0.065410227594811729 -0.0088384583493463075 0.035908537381655718 1
0.092570639395695029 -0.0080085118032563653 0.089233832392501627 1
0.067488904003031772 -0.0036671858716356728 0.093525385528143559 1
-0.048130639293998419 -0.007495997280394219 0.035584038506297773 1
0.10178696079339419 0.00080948058580924184 0.10244849195569986 1
-0.067783537326419757 -0.010383041592369392 0.041031885737963653 1
-0.063225352207211788 -0.010848124206705197 0.041848501760028509 1
0.10214107111096382 0.0079207073431462049 0.10296706110239029 1
-0.078782079170667207 -0.0072294437832237501 0.039630879206535026 1
0.11376995584352015 0.0047331320934806478 0.087570838035315443 1
-0.040101281020294949 0.0031587072293285429 0.052366453675943059 1
0.060918438761481383 -0.0098560661165809985 0.075801431713319795 1
-0.03857067115736288 0.0053062821093454102 0.031724348858559577 1
-0.019542125003195302 -0.0030195340862842696 0.062981122495352565 1
-0.025894061757552905 -0.0080513435092146556 -0.0064377546996366389 1
-0.025319660566140795 -0.0067721667515236277 -0.0060322183846286334 1
0.012262585882624346 -0.0089998568484714672 0.064547138691509728 1
0.10796079652145994 0.0090800621628170947 0.10119194968594414 1
0.11052780696561748 -0.005230451761612063 0.085300679424860582 1
0.088281160549960644 -0.0038306813694496417 0.10138873825281412 1
-0.028805489425512799 -0.0076084478706952736 -0.003191019788244751 1
0.087965954235024152 -0.0081146274844411843 0.081067482526455611 1
0.076067806672527369 -0.010424689089335346 0.082243910137430126 1
0.023760121481890745 0.0018852773573425977 0.042963088606981566 1
-0.096520020121502514 -0.0081188012118142017 0.014715245835219468 1
0.022050809655563063 0.0028062094771917146 0.042852109872150011 1
-0.050330404439349039 -0.0018794576235419012 0.046976334704119015 1
0.018473695032298565 -0.0040288830641657114 0.072920110076665878 1
0.057674423597621829 -0.01059933121665331 0.076075742377461023 1
0.086308296701664955 -0.0041350411035641381 0.10050592608696948 1
0.067115769888746277 -0.0039803917949379859 0.090048182598144205 1
0.012303142478279955 -0.0059114413116985384 0.067202883355096318 1
-0.011313569299184506 0.0050715053267371222 0.063130923927589691 1
0.019467452730809999 0.011937345903273318 0.065506125538435558 1
0.051215507494642293 -0.010163901160678633 0.074664112507360422 1
0.018885110284490032 0.0082988367301540886 0.045905176005429621 1
0.025750547660195702 0.01213047317205917 0.065832462027806821 1
-0.053278492166016926 -0.0080722769783281127 0.036122479072594589 1
0.011977560198908044 -0.0038050059792007406 0.068655858328495287 1
-0.063015884799141803 0.00053808537774394614 0.044792543501055944 1
-0.058890176870422563 0.0015046075903599465 0.043661433994601241 1
-0.042733296506937857 -0.0084325238908438942 0.03917333038060665 1
0.043643629845166676 -0.0040694464955261939 0.083124761516180729 1
-0.063148431910283395 -0.0094911297146479667 0.037232110367175261 1
-0.053031303867787663 0.0028244789342346858 0.04161784335040189 1
-0.062609221458911957 -0.0086094835755482491 0.034198449794772726 1
-0.1004129205728459 -0.0072234838655553489 0.021840118271275445 1
0.061229340813641377 -0.0033756937508249247 0.090599288555700194 1
0.11312508905999009 0.0053268654361402377 0.085665043077100433 1
0.10839714579058581 0.010722819238611639 0.099895393401687502 1
0.095998065948667236 -0.0017704999465913739 0.1033616538992963 1
-0.0043039708398282528 -0.0056642250274308026 0.037322456948459148 1
0.11137714961732746 -0.0017220773394271225 0.093764308312412961 1
0.024601901926164616 -0.0075330517540982394 0.06919195276976331 1
0.023686274776259723 -0.000208953894140506 0.042251758409271915 1
-0.012475519746630907 0.0029828265422157793 0.063957320743645601 1
-0.052548508326227962 -0.0014984100407433427 0.026567097237970849 1
-0.048246502420177244 -0.0082361939976268797 0.037523656624602511 1
0.10862694068825261 0.0098661737395709694 0.087719082603505374 1
-0.033302128496575073 0.0043955241478797862 0.054198034590046372 1
-0.10346275128155769 -0.0089086872457983628 0.017683077347129587 1
0.016032780677147751 -0.0023727710378524417 0.067725021966507717 1
0.019769615097211733 0.011753678427276239 0.068713184663874577 1
0.086567463527834301 -0.0033112047878985375 0.10000520970597554 1
-0.092053604702683325 -0.0098968285428817481 0.019340502574705109 1
0.095148443071300159 -0.0080814395418362939 0.088626453270331487 1
-0.023058353604757109 -0.0023270586710366836 0.060362924433541978 1
0.018202229571177484 0.010379683348852909 0.068541478677388634 1
-0.060539446429352627 -0.0084429645222031911 0.03171096707551449 1
-0.064327604092666524 -0.0090616238642250557 0.037206436403199698 1
-0.014896162745291321 0.0040561461052422611 0.062225285864559721 1
0.0087849517777290505 -0.0079557056870391604 0.066748521190001853 1
0.083006729855599884 -0.0096053438304335437 0.082825000279813418 1
0.084887713323906003 -0.0095986449336234007 0.083636492285825426 1
0.017840549042874635 -0.0049643137427961125 0.071169671274280061 1
0.091157882237355117 -0.002085424106459051 0.10087159979594446 1
0.11395776793241257 0.0078266203143120151 0.082739765002434365 1
0.010409290619189314 -0.0066366177527410397 0.066742149630818079 1
0.064111634737271633 -0.0069667508188941251 0.089558575982882055 1
0.01060607640429579 -0.0089513728204316488 0.063115161301467021 1
0.098499914800441402 0.0068822813370046573 0.10041459546396636 1
0.099142331577252885 -0.0026576831598177104 0.10357542494609426 1
0.11268502617988289 0.0083932608241500551 0.082622835844120487 1
-0.020292990020723951 -0.0034381862769825105 0.062068330606475056 1
0.056524749758914861 -0.010075238132438571 0.069423601478989863 1
-0.002109442099325236 -0.0058472153889579347 0.038806931061661318 1
-0.047949409942893283 -0.0029740084810261688 0.029637993044989607 1
0.09393794842638345 -0.0081520011274011459 0.088428829042109955 1
0.018633170053362846 0.0021288914285833016 0.068142877891659737 1
0.073008720158429297 -0.0045852115758917506 0.095485266672865665 1
0.043718265978032869 -0.0033654336885466456 0.0860225477012556 1
0.01961948300026399 0.010660349418339063 0.068643582869337694 1
0.10271980356870694 0.011997170064648364 0.10053129434698077 1
0.063916030960846484 -0.0068546754457722873 0.08728301710475421 1
-0.013226266205416108 0.0033823852194938891 0.06403175016707241 1
-0.038370394932642347 -0.0074799158554462132 0.04520584406619093 1
0.092176644667530824 -0.0048634430950134557 0.10373714969655128 1
0.02765655763832621 -0.008153153476563214 0.049854885026746669 1
0.083421518950837645 -0.0086391748158636626 0.082271060069372584 1
0.063105635469079338 -0.010201195100480055 0.076563483009607747 1
0.057494199675362678 -0.010235800972469239 0.079554832543423798 1
-0.0039705669568660153 0.0011030504361077362 0.067875218697944731 1
-0.039360735695143555 0.0069248296551172967 0.050214464063513528 1
0.044378038801395445 -0.0044054041193820996 0.082648351821323934 1
0.0091200729688664887 -0.0087960076633943549 0.064442458108686262 1
-0.018085053907587099 0.001072226455092644 0.061986104226001267 1
-0.008275637117540275 -0.0049967107875546722 0.036691283820039902 1
0.046298504064378306 -0.0049140370475547982 0.085031387264170699 1
0.062475115914053664 -0.0096824043115507873 0.078717563370141047 1
0.011901231302883878 0.012146007165420792 0.057706173734981818 1
0.042699436906019864 -0.0041854852330988155 0.083315155716831318 1
0.061222504314310602 -0.0077647952896575615 0.081340643693593964 1
0.10768766555860651 0.0097637408539686717 0.086061380837732196 1
0.007028991206715721 -0.0038433465520389368 0.066845622880440964 1
-0.040119181276196153 -0.0084927799237420071 0.039473646125929629 1
-0.034881981859540792 -0.0062299706224506228 0.05564562376543844 1
0.09138325639083926 -0.0079575137053635725 0.089593793046505485 1
0.04372272921162617 -0.0045985222067063116 0.08115375244013992 1
0.060670629599899564 -0.010284161049191248 0.076317889466972919 1
0.10381953752557214 0.010667479244047033 0.10123364603692896 1
0.10535445436835289 0.011754392646253109 0.094534937292337418 1
0.083470574899399297 0.0086804578931547714 0.072030998381537856 1
0.10620105639100075 0.011178459040820599 0.090117033571004868 1
0.088070061057806015 -0.0048571680672466755 0.1019974984228611 1
0.043366247138904412 -0.0041055353906964956 0.083818333419530155 1
0.0094322871462315071 -0.0059965462706853207 0.067548935316204789 1
0.012842496048434137 -0.0094162234917893172 0.054914435183908275 1
-0.038459194139642175 0.0079594890670996246 0.047888545639996088 1
-0.059472183250723405 -0.0071516387471189987 0.032394127862759775 1
0.016332562723424881 -0.0080389569008606498 0.067351821247534388 1
0.008559215624988124 -0.0073254912825155135 0.066296491664308774 1
0.018865807913243771 0.0082375448400853202 0.068659273907542229 1
0.090302274267871088 -0.0061949122595989243 0.10122755052310647 1
-0.037904862385609042 -0.0022478577352940191 0.055626797248540798 1
-0.070324029009150565 -0.0078486122953566086 0.036719946787603895 1
0.10259302423120779 0.010784597943200117 0.10058235415513427 1
-0.057451021965361657 0.0025291503020672965 0.044974710275578492 1
0.016106284124409551 -0.00940091779705895 0.065008042881135569 1
0.0084189840694316783 -0.0097214899739689227 0.06366174671100136 1
0.022669008345570587 0.003285486609561062 0.042763758764582778 1
-0.048064867440573748 0.0068567542943871566 0.028737511541879843 1
-0.054432028557756168 9.4126307150360416e-05 0.045592361172226425 1
-0.041745918432256279 -0.0076393098699544214 0.044559523317098858 1
0.056445256972235326 -0.0053539227127350651 0.087014438644358219 1
-0.051970426872973853 -0.0076239944133059531 0.034925744896539407 1
0.099787888491411014 0.0083695079692404899 0.10254697568499894 1
0.090985622646639674 -0.0082143510689081257 0.083074287255753512 1
0.003526066957442976 -0.0063031929415196912 0.06574009239858708 1
0.02214148806729287 0.010234514331864047 0.065969969816947485 1
-0.084770118977504319 -0.009412151669218459 0.036644847290977882 1
0.016108643018302678 -0.0071321046886173023 0.067904206630219927 1
-0.046457037798339623 -0.009264242629356545 0.041563856105049896 1
0.11430041508848357 0.0088864284079328212 0.08743105034282285 1
0.058112721207373472 -0.0099951231503987922 0.074980607210078848 1
-0.005488755414262414 -0.0066387387050781399 0.0369688062928617 1
0.015384025591722571 0.012194285332251071 0.066337546354918495 1
-0.040343768088101348 -0.0061491282365996464 0.047361767128977113 1
-0.036589026546099961 0.0044808412157030433 0.053114227692424923 1
0.10873665307883061 0.0097350624399040325 0.08392985379082489 1
0.1077025869501569 0.011430717343948491 0.083848446242593633 1
0.02661749671017415 -0.012026632134403244 0.056589443281460754 1
-0.04590097061473411 0.0012160757723575931 0.050857376672229143 1
-0.03843485042758614 0.006318708676200842 0.031998977468197749 1
0.094057517833709206 -0.0054060024164054761 0.1010668598862864 1
-0.063551580208842495 -0.0088852424428261228 0.037286537022843007 1
0.11039249717477535 0.0098029967154339617 0.080142820372543305 1
0.08763242779139116 -0.0052471078316710888 0.10130989602008036 1
0.01239016934468805 -0.0077326477642223074 0.066804012726938589 1
-0.03844075482717739 -0.0088112317625041198 0.043772288876003637 1
-0.033389372551736636 -0.0091783156789058389 0.048031131702474132 1
0.0048862619666856554 -0.0072811124009780539 0.065731538251516619 1
0.023644199667434911 -0.010776015515473886 0.065538091185082456 1
0.02434658788935138 0.0018764755503587567 0.042428345668894391 1
-0.016707124974681825 -0.0048065771053907545 0.062518200421705417 1
0.085592682472299161 -0.002548621985325193 0.10065568748085858 1
0.10351373728621185 0.012329208074059444 0.098459397249339248 1
-0.0031147268962520834 -0.0085375917328850345 0.037944471899590243 1
-0.036353208310642197 0.0054340534059944129 0.050834349059854844 1
-0.057514937487261726 -0.0068301721424381314 0.031410208502633791 1
-0.05636601808599008 -0.008273336086661278 0.031447463396028504 1
-0.016201450463801073 -0.0023615319359668648 0.034424142553297933 1
0.023254219440893176 -0.0089348336608540274 0.066614098776271682 1
0.094981463650869777 -0.0087882621528654076 0.086941744199481016 1
0.020515054614031327 -0.0081064660622757155 0.067900511370952821 1
0.06035374295942271 -0.01083968560767295 0.07606325542088406 1
-0.040528357317781268 0.0022362722036545248 0.052005375778475457 1
0.10132211432812503 0.011314821397161603 0.10036213576379095 1
0.022370471571744353 -0.0086693361196282168 0.063221713678091748 1
-0.023409978731671721 0.0025584839973843585 0.060381597306929567 1
0.025170658200457885 0.00028914746717491162 0.04260604123015823 1
0.01977273589061589 0.01161528932603181 0.066302216808109299 1
-0.039874701480297287 0.0067990262618643198 0.031600961137057335 1
0.10558776022119931 0.010794553854031039 0.09164147827725326 1
0.026024802174929765 -0.0071821555624769738 0.066686146397784196 1
0.013616819633170962 0.0093109870795160532 0.044526146724820137 1
-0.028200272850085792 -0.0093755306832674842 -0.0021469332340388683 1
-0.025123789062742818 -0.0083266518134545095 -0.0049919341361255899 1
-0.097447753830434775 -0.009515962233098807 0.017654985763977296 1
0.055429811997300134 -0.0080550015393167293 0.071642339442830119 1
0.01945361189025864 0.0086476750120155644 0.047296747650862843 1
0.036026354533853611 -0.0021225079108677406 0.048669085865417891 1
0.020090936912015286 -0.010185904214373332 0.066149004750305204 1
-0.021331366151571274 -0.0046459694858640432 0.061787058599293232 1
0.092109817665212687 -0.0002112994098890864 0.10352701760573062 1
-0.04463826809624679 0.0027584541941380446 0.050671640279851653 1
0.018684851263525204 -0.0067640934089600764 0.073173327611295122 1
-0.056800119028798397 0.00086710042640035306 0.045142998518634632 1
-0.0076864854507655341 0.0037971253506876336 0.065366949808181599 1
0.018422264738325398 0.0059227328162395013 0.043704787258147963 1
0.10782278309452718 -0.0077611832683590082 0.083423418661072515 1
-0.057204825803798695 -0.0073579852455212449 0.03320984319375811 1
-0.00028252101895958389 -0.0066158723850201885 0.065073033232727409 1
0.024817353849645438 0.0021658034540720547 0.043224021843453343 1
0.044500218755629387 -0.0046906391072638861 0.081607984556413785 1
0.033879407586115767 -0.0086094563870257358 0.051593133798898447 1
0.11133791342023466 0.0017593889128213599 0.08218700259060735 1
-0.049958389699791633 0.0018154459048573518 0.04914474175304865 1
0.02139685402808433 0.0058758475852290961 0.068024815995658738 1
0.017221329755053652 0.010072121911934292 0.069274375870028326 1
0.021671419807575587 0.0015271979455118356 0.041808129610826111 1
-0.06631386937292523 -0.0090165167447179579 0.03534425933851041 1
0.018487987883527717 -0.0064598309799500401 0.068085808038580803 1
-0.050270479634748358 -0.0081907304375886843 0.036108477689205866 1
0.10830401901906342 0.010152015331555382 0.086305538836796689 1
0.042654773258264812 -0.0039334338373670143 0.08415173999213979 1
-0.047760728044067675 -0.0084286959922347041 0.040240298989148771 1
-0.010393601014271767 0.00081121083837241157 0.066007193775439565 1
-0.041319210417015272 -0.0063736549172545669 0.048296853163906632 1
0.020695720789357049 -0.0081523705785923675 0.065976527341888705 1
0.053736337793958422 -0.0036798655766885277 0.086950615537329065 1
0.020084132627044522 0.0090049341104711956 0.063943967141480956 1
-0.040929269490917485 -0.0045995227962864968 0.051381724890034168 1
0.06235602161884992 -0.0040798006943809119 0.090379722108331909 1
0.11301049519570995 -0.0042740306921087374 0.088247968366558183 1
-0.10068265534937382 -0.0092907913494855165 0.020094140432775021 1
-0.011492868676994148 0.0013004218064193015 0.06576230298276961 1
-0.0032782737707539537 -0.0067209670823163243 0.036528728410895682 1
-0.020696117103038873 0.004790716171566298 0.060372890547880073 1
0.044892122735493305 -0.010418551143877536 0.063656264695475917 1
0.091639546778260791 -0.0043184661475455305 0.10191374320775703 1
-0.026083341707305883 -0.0037387042039211246 -0.0096896045010739767 1
-0.062361553923691582 0.0037674128613284508 0.039798397599167867 1
-0.06421059436525188 -0.0084841641050328927 0.036671732562761211 1
0.10979442279075646 0.0079759582813869138 0.083839367486007219 1
0.0091900197694121874 -0.0089367889222808534 0.061263885861801648 1
0.11154775074241624 -0.0052099980720048235 0.086191125959249687 1
0.057560428174403502 -0.0018479618484643096 0.087340898621288132 1
0.023812983969472117 0.010630474864921732 0.061426118331995648 1
-0.040662962607025399 -0.0089991112350862653 0.047026068659012224 1
0.055087844542211412 -0.0036149679573198555 0.087392084544978321 1
-0.042615506664897322 -0.0082138530032774965 0.035937794265589539 1
-0.037581925127650781 0.0054014135888699483 0.051261157023076639 1
0.091663348212792511 -0.0051300191494694294 0.10169276248032201 1
0.052999898609128022 -0.010232678774464527 0.075569963248396058 1
0.012220563398323022 -0.0036475671621536317 0.067584183339550727 1
0.048351477840664389 -0.0099033665179402083 0.068077772501893341 1
0.01393020130550323 0.0079421074471096691 0.068321879283221351 1
-0.052344352161320357 4.7641164609614093e-06 0.047500899796858766 1
-0.024092355945117688 -0.0010447397902236168 0.059435647661496754 1
-0.040219234501007901 -0.0012941471073029719 0.055079865644830389 1
-0.0071181638255199461 0.0061167365262238364 0.064039728397245171 1
-0.04760466127518348 -0.0079333302520075734 0.038239805060211435 1
0.11070020999885204 0.010543365429178506 0.086193198623816095 1
0.021560602634464503 -0.0078906458705159041 0.073611873368588751 1
0.10615142084276993 0.011215170781647682 0.085531397599667963 1
0.052635488476837064 -0.010410715630018443 0.073461586926277841 1
0.01542806476678263 0.007807954055321701 0.043969925276632661 1
-0.016553526130616576 0.004570178989075661 0.061361504411706042 1
0.018226491274411331 -0.00012590326741459233 0.070013489147737223 1
-0.011493996860788896 -0.0015227075975568071 0.065275595434189371 1
-0.022565405547987676 -0.0015615040526335364 0.062173455947147939 1
-0.079165973861251016 -0.0072537477957616264 0.038166636363952823 1
0.061611665468226377 -0.0016495255800768531 0.08855904588382725 1
0.055454843048027516 -0.010684509429308632 0.073239397223342911 1
-0.051659510693501935 -0.0082790676291644334 0.036923168347597013 1
0.11365035203566434 0.010153465873864256 0.083834241753282746 1
-0.048520241207576476 -0.0081647407652232964 0.034939083091322307 1
-0.017528990982294657 0.0006659104147030651 0.063106571814437726 1
-0.022804206552729789 -0.0046049205260477906 0.062389380394335711 1
0.025244375923648477 -0.00056423048954457045 0.044080845545977354 1
0.038889986574022595 -0.0034053832690943485 0.084645326011238919 1
-0.0025295233782314064 -0.0061497059594708267 0.064826847013127006 1
-0.034007822798526904 0.0023437856236069778 0.054586084538569245 1
-0.04680449111471819 -0.00010403587069090885 0.05108973185886647 1
-0.056680234899552373 -0.00074097963215600572 0.025339956619371884 1
-0.051267667883751422 0.0034487500944437896 0.042369651726570513 1
0.10164573145164632 0.011144753604494613 0.096843643172307939 1
0.022345470922430687 0.0098845036682566612 0.064231896508854747 1
0.10586419692642678 0.010493054802064019 0.096123355912986458 1
-0.050443406446458061 -0.0015276348446100004 0.049483663613306972 1
0.019350093249142653 -0.0064991199541571442 0.065979047405044289 1
0.015958331337578402 0.009083882320329608 0.045680175194540248 1
0.019099864331607579 -0.010860378348260537 0.069758507516176377 1
-0.083103473088994517 -0.009596360620956014 0.035752691247760565 1
0.10523754708789561 0.010813827998837585 0.08706551307404535 1
0.039579838978629857 -0.003593752680591933 0.083592993546740241 1
-0.056552089128620281 0.0017855670789243398 0.043472826742156856 1
-0.043428889795840149 0.0083496078916637569 0.030700281067619691 1
0.11604271256016746 0.0023999061094771524 0.088863563925204864 1
-0.069720779093750518 -0.008145987728264005 0.041256488378982714 1
0.098382396623492241 -0.001202074286993593 0.10423164814710617 1
0.1012906227260828 0.0019067425164394081 0.10351430624723434 1
-0.053214844300841599 -0.0075189320040021136 0.034137580804358886 1
-0.061109141620806447 -0.010707719241743026 0.036984096083691874 1
-0.053082065392617644 0.00049311037523726764 0.046466391926408432 1
0.015445492081783637 0.010885396122291467 0.066980640289167059 1
-0.018288444683803418 -0.0011443388897662921 0.063096433102714206 1
-0.037390796547224617 -0.0029426028255005862 0.053121981647917295 1
0.11097442838398229 0.0042553770616304519 0.078778608868820418 1
-0.052857628616072037 0.002806268675352649 0.043523353230637003 1
0.11212096410526666 -0.0066413688113160464 0.087936027660134211 1
-0.0093497162951284539 0.0029811343042204863 0.065206809901138779 1
-0.02138003772077339 -0.0067250368313810181 0.062313322902970279 1
0.022288423368232876 0.0057087722995091076 0.045737119802473712 1
-0.023726404759479427 -0.0030440117910690186 0.062044170035925911 1
0.060892183111801626 -0.010069917778881681 0.072563090779368705 1
-0.064784697458928342 -0.010786250512560325 0.037686418480583059 1
0.038065335176633797 -0.00053653381860651152 0.050954135243788147 1
0.0081132107946049123 -0.0096395230323718141 0.066047193606392482 1
-0.052867148755104863 -0.0041238138253787329 0.027763464093550887 1
0.019583567526913141 -0.0078313221414667948 0.074124514647737283 1
0.085454716425760094 -0.0051737252896248576 0.099129138894938656 1
-0.0068132396750134813 -0.0053708542712110566 0.036067734280229413 1
0.061395288237534228 -0.005677049855931272 0.088899158062529043 1
0.018982864382906865 0.010248201291349037 0.067427331640534383 1
0.026923471722910777 -0.0070471518616314526 0.047029138287325439 1
-0.055020362892126792 0.0026887257819219698 0.044723405399098075 1
0.016004213428842621 -0.0057810824126018397 0.067515890102645498 1
0.013601045085173366 0.010165708952301731 0.067097455359709124 1
0.097126195147107131 -0.0045170869961839426 0.10378124700794582 1
0.10340124503291234 0.011334049850308012 0.098983635253201155 1
-0.084839432422947253 -0.0087253085515988163 0.037656040883814114 1
-0.055282699051907802 -0.0080372953862287537 0.03608910465971308 1
-0.010783670031377982 0.0050890622723761703 0.064136126016765743 1
0.016489473062997567 -0.0042645439251402717 0.067616727658436848 1
0.11236523976635056 0.0065219745449810263 0.082829732411070181 1
0.055276710392353698 -0.0025819578240761452 0.086621475973727255 1
-0.019730993677335232 -0.0046817523154821707 0.06128427968866728 1
0.017759871788590207 0.01264957844871796 0.064736252012713602 1
0.037009750492870808 -0.0058935416818712838 0.050588794983923435 1
0.11096196048032986 0.0077430520728503354 0.081995828512697683 1
-0.040629799997889127 -0.0017957534078063791 0.053709138895365209 1
0.10886456180291053 -0.0073595888489600267 0.086512513395777021 1
-0.00081304860177259554 -0.0045538261570463503 0.065457022413111646 1
-0.0089292609763740108 -0.0070644741724595712 0.063618680101365843 1
-0.016567617401312108 0.0056129486788498734 0.061730260191136872 1
-0.009170383402737561 0.004476760987793745 0.065317137814309395 1
-0.040254343237827464 -0.0042111436018145605 0.053055144340856522 1
-0.061991160314037022 -0.010996729822781957 0.040120559703922858 1
0.09220356694284329 -0.0031714030828315183 0.10173988342184224 1
0.090727986448354031 -0.010046458015507357 0.090153613684011091 1
-0.033119951654608633 -0.0016676740542180028 0.054639797742623286 1
0.030928609892725945 -0.0071842116303741932 0.047884317114949226 1
0.11123942478866228 0.0084695522657802901 0.090325116290937688 1
0.062206681697130686 -0.0015891026821954451 0.091029489364069627 1
0.10913233209221491 0.0034907286164354628 0.079760508281268003 1
-0.066736615391721682 -0.0091016419420771738 0.039866071909384793 1
0.035722802012205443 -0.0053080774698357064 0.051569121740305993 1
-0.027253492879804057 -0.0071995463478251674 -0.0041804851948456095 1
0.064443440400236029 -0.010056114944121102 0.079445361714509888 1
0.10156720548143054 0.0092438667851469855 0.099958598761472103 1
0.089791431875850425 -0.0051789389887161724 0.10097105610121583 1
0.060190543871077598 -0.0094771901374830787 0.077447399917046078 1
0.10787139046826966 0.006993353156205839 0.078242432429843495 1
0.030098280989375253 -0.007663752512971112 0.050838528630829258 1
0.11167658741031507 0.010297472918597882 0.08447046710481762 1
0.018383585382252932 -0.0030370803870027885 0.067822499200701714 1
0.089302230224321461 -0.0089189526691612706 0.090868487572076426 1
-0.042769351285532067 -0.001089375090764684 0.050405894099748001 1
-0.045294222414274415 -0.0074579254200253424 0.035434960426636589 1
0.017129569015670809 -0.0041175210725949794 0.073557105512635487 1
-0.015171966295090204 0.0050637655354375359 0.062501367009567668 1
0.065127136906306643 -0.0047901869506299455 0.091411245238953359 1
0.021075263280150667 -0.0090897663628613078 0.061219786631106797 1
0.038682125790180315 -0.0018521392736679224 0.050089669620872829 1
0.023013889884474437 -0.010982256830446744 0.057389429849791153 1
0.10659741665605056 0.012046830267218631 0.097222891283028717 1
0.020874703153686537 -0.0050860975735155193 0.073394068277073635 1
0.11161801091890458 0.0041406615282091764 0.082368314114149077 1
0.10638071317156103 0.010691336848860339 0.10050008843913957 1
0.017885918304158872 0.0079439303948374458 0.044553180193507895 1
0.0016886021585923467 -0.0080829071025305781 0.065760828771261881 1
0.10401261468844289 0.0099600178601174545 0.099110133656978738 1
0.11150495737139579 -0.0010719825982635771 0.08527374753680636 1
0.024116024998132733 -0.011797016150628534 0.056332793765223439 1
-0.035585791600780153 0.0067274189610195007 0.052596705521065497 1
-0.0053121672648558521 -0.0068891282418196975 0.036224463231073908 1
0.018097565609300998 0.0098167188100100784 0.047175547685441042 1
0.017438434892186366 0.01263931277782959 0.066286711184247421 1
-0.01513959305108498 0.0056867781164708277 0.061222667525505217 1
-0.063176567178409498 -0.010860208205357805 0.036366191187597423 1
-0.034373328953962695 -0.0047415189396102795 0.057124672280534187 1
0.10049991620054473 -0.0017058893329553744 0.10439207650674553 1
-0.066767288572674291 -0.0075075964722123916 0.034058950808707918 1
-0.016942634154481419 -0.0011869753392320802 0.063172188816867481 1
0.10771282304193534 -0.0089354549489230536 0.085319744157424812 1
0.05843588831347981 -0.0035118664803549639 0.088315771675900226 1
0.027759253748380452 0.012188553921272447 0.061729748224967684 1
-0.0076309442007438683 -0.0072449460895568051 0.035870803066473667 1
0.030203651150758265 -0.0099174480671856413 0.051222215084562983 1
-0.040448347164346636 0.0048107844215267027 0.051463738139347265 1
0.025451246515603262 -0.010005625608388439 0.051875307458240233 1
0.011072923837599807 -0.0080344039702600623 0.066985191252548801 1
-0.063195060039736933 -0.0079516418561198666 0.034915231097983487 1
0.011537081284626705 0.0097331317341402858 0.066428056481089126 1
0.066818017676145397 -0.0049191110971038192 0.092151081708670729 1
-0.043003578431163064 -0.0087471281856654187 0.04385085345322063 1
0.11255666366573 0.0096744690594052826 0.079681999333173714 1
0.0085323641303800459 -0.0052758950701686765 0.066756512031755144 1
-0.021504284221588014 0.0029294464433915566 0.061177532167416525 1
-0.027414530267353965 0.011474758893897347 0.053783985092336895 1
0.093515518500934092 -0.0079515317189573897 0.089396853172017801 1
0.096271947585119311 -0.0075054739384634792 0.091161596517973661 1
0.016249709649393866 0.010777087606803005 0.046776147817722567 1
0.057289135821976367 -0.0042004855370061326 0.086074081452266846 1
-0.020484086478643252 -0.0045186035993013771 0.062902464522873416 1
0.021249169493456527 -0.011985750347434805 0.058309378769800385 1
0.087191493225840633 -0.0074470188658022638 0.082277263158667888 1
-0.0054049506112018066 -0.0049801197448821784 0.065303471423707501 1
0.010612007013960211 -0.0091526345771921584 0.05842546014070768 1
0.01715772242950293 0.011565429869331522 0.048610103913795041 1
0.017544471311746478 0.0069338199037559216 0.042936140259408034 1
0.0124643078529884 -0.0094837974766489759 0.066610319149979183 1
-0.064204592975090125 -0.010835967466127189 0.039606300556428366 1
0.10520931192237061 0.0091586032494748847 0.10042503927357248 1
0.020383058921870065 0.0098928912008891326 0.068209409494918105 1
0.034027261338126322 -0.0054105792469150331 0.05078244089241743 1
-0.043336272818223484 0.0056827917850941663 0.030855977522083827 1
-0.047190109140800976 0.0053637825420290962 0.029661838670816142 1
-0.063702047974142251 -0.0086332276163088063 0.034541506776838281 1
0.085490221513756556 -0.0096953419564532236 0.085729708259607296 1
0.1059019399171072 0.010294254974412276 0.098506067655677487 1
-0.041690934639722364 0.0013508770814982883 0.052538758878191316 1
0.1102157428923044 -0.0067258363781665803 0.084577914853276287 1
0.020843654237003798 -0.010598632752535413 0.061832824707142006 1
-0.039238759082420895 0.0013487652868611061 0.052734502866400502 1
0.019651614452263808 -0.0067134402979121648 0.067947408933510631 1
-0.097567674254251835 -0.0093557757863169666 0.02001027522863753 1
-0.04026946841633746 -0.0076552312640926715 0.045785165671513466 1
0.058663528535405414 -0.0082349858008977424 0.073916632951903871 1
0.10866410021037892 0.0077044994707501837 0.083262779448638385 1
0.11249901960279764 0.0045119637704220056 0.082635585521012009 1
0.087530063126920396 -0.0095563370821501719 0.084382580861091433 1
-0.041170881003802222 -0.0086339252522922121 0.04178005313058409 1
-0.019301906395799484 0.00060139250902843016 0.063049854024468388 1
0.11180352734670097 0.010002507515596873 0.082126311264570886 1
0.017626759014092386 0.0052695400081574917 0.04251549020409584 1
0.021189256221987307 0.0034632557071745396 0.042676772922277451 1
-0.020017869092723926 0.00052050694748397627 0.061149463946953662 1
-0.00372996457925483 -0.0085878987177451047 0.040986164562295896 1
0.090749338562160248 -0.010132302061869058 0.086696712220717509 1
0.054970100011497831 -0.0044942894817690728 0.087554323628382238 1
-0.008331392191167894 -0.0030355841158223292 0.065034276440888411 1
0.023083362432455991 -0.011208726228235402 0.055042189281715448 1
0.019087030050907658 0.0073551112169217038 0.045666341561035079 1
-0.0436673409829198 0.0042608082465822169 0.050383472135097661 1
-0.032456121821087175 0.011009184166780098 0.051925517724519157 1
-0.022967512531521718 -0.0058912764054257546 -0.0059138660773358619 1
-0.020426686381632309 0.0020236685146518369 0.060539185750013505 1
0.01644836091602039 0.012802396446813469 0.049585128744233639 1
0.014596749234380969 0.011665119673934004 0.046456499368583946 1
-0.0086367168832756479 -0.00042198173582640771 0.06640155910006644 1
0.015152588431830538 0.010131502494805347 0.044959110635521264 1
-0.043618792839164089 0.0026936391116083791 0.050324358104702094 1
0.087988030204373416 -0.0094067712346794577 0.083219987072024409 1
0.012349627817455491 -0.0089313695949399946 0.066280841379957767 1
-0.065796052592057896 -0.010706817139057641 0.036044242042441943 1
0.012042538802797339 -0.0096682174272712997 0.061119930092187996 1
0.089547940642392701 -0.0020500112407795543 0.10269837174936515 1
0.093312851521303405 -0.010265048921636306 0.086648589281501057 1
0.089500838072554129 -0.0085652500491549856 0.086992187770679852 1
0.031514924539749439 -0.0095652389367421251 0.051566325232704532 1
0.052761272731783999 -0.010188105949725324 0.07049877950109773 1
0.090192317568740063 -0.0097163691078697174 0.088375919439518502 1
0.0049777058673198364 -0.0061158631394222247 0.06698726486346962 1
0.030471826523011638 -0.0077365297229425129 0.049267057625689378 1
-0.068107543321726235 -0.0080958410827047453 0.037313887191077859 1
-0.0099711854817851383 0.0024981424744792355 0.065937685175743388 1
0.10387348404287311 0.010010920496825296 0.098298301717374401 1
-0.045484021683102858 0.0056081587996942191 0.029364041468221067 1
-0.054605591110885143 0.00093537099019158632 0.044258316047489643 1
-0.05846227053552866 0.00017721355834510177 0.044011420570313931 1
0.11087228740496378 0.0038421236565869005 0.08061954081321325 1
0.10123350058719131 0.0048434335852721487 0.10273097108797119 1
0.083793710100088015 -0.0098797508246498949 0.085409151502841507 1
0.064842507714416547 -0.010852586929705987 0.079945256083531965 1
0.0095412390798801754 -0.0090261317685187172 0.059721604506072432 1
-0.057052270633537495 -0.0032872335759443526 0.025584793046603192 1
0.011956857689926031 -0.0095471301593662381 0.065152273623848136 1
0.10524286953743078 0.010487085978798574 0.099942695958178979 1
0.063065911323536311 -0.01079482653224037 0.078936052002175947 1
-0.0083480451643160921 0.0032905679516040728 0.066381259156292949 1
0.11157138164407643 -0.0022054194285500541 0.084663458453381094 1
0.10927300427966663 -0.0087815181358205947 0.086137315363084915 1
0.020125816582490068 -0.0084057496155300962 0.072283485219402005 1
0.095560048108425055 -0.0078619591068444534 0.089594247763679413 1
-0.055345807561517094 -0.0082926622734899817 0.033093319683709169 1
-0.049063756473742212 -0.0082702710530398148 0.038206349874260775 1
0.018966247459395791 -0.0051091375953756478 0.066906771491136899 1
-0.0047004808245854476 -0.0036707961221995218 0.065071348648217869 1
-0.055047971729358158 0.0014550156188207412 0.044348430080553447 1
-0.070756267971483475 -0.0089251157885822229 0.039565568923631278 1
-0.037391071398080886 0.010153130276229286 0.050275318961578906 1
-0.040610334589345723 -0.0024013533121274092 0.056090082949563413 1
-0.053677803955102805 -0.0038919169430916257 0.026542082304845411 1
-0.0044142970778454655 -0.0093982417474113272 0.041139404105751433 1
-0.040093520086595946 0.0058355224962584051 0.031308149349709408 1
0.0124306800144266 -0.0091346275204272475 0.061660808367234282 1
-0.051125796036959666 0.0020064718156858181 0.045388053274680235 1
0.010418148931755043 -0.0096226541516477755 0.064514052037978373 1
0.016973287255578003 0.0092525057255079066 0.068452228563299203 1
-0.0080640670192756933 0.0020518846496011978 0.066294430958419096 1
-0.0016494726671715328 -0.0057280305351317907 0.065924898567743667 1
0.011406797600585342 -0.009746136366687053 0.059339540674096143 1
0.098132703077289524 -0.0076638209901124079 0.090236194855280949 1
0.11012310306656695 0.0092171972669559815 0.087230917623440068 1
0.096298236328351577 -0.0052387937930799492 0.10160126207130896 1
-0.080629590789476166 -0.0061933007373461803 0.036439394202740318 1
0.035653895678667606 -0.0068375248050824133 0.051775948889822995 1
-0.061375234713562363 -0.0094295692429350458 0.037913925504537441 1
0.080323455626304635 -0.0096557599409768484 0.082156588930089591 1
0.083974861784385735 -0.0096100679350940889 0.083340511614678259 1
0.051472249533514355 -0.010780871620822082 0.068715625132765884 1
0.058180233440625395 -0.010457077291505966 0.077952168876942868 1
0.058906852850376681 -0.0095834453929984492 0.076321255201962229 1
0.0067371031154012002 -0.0084090328792103125 0.066342810190025345 1
0.093279592029400671 -0.0030665641048038535 0.10409001639288976 1
-0.048434760348097357 0.0013005229663192255 0.047878907438399995 1
0.061697889506241652 -0.009227257232303103 0.076017039600333833 1
0.097597922563807143 -0.0012840584685951085 0.10329172559695982 1
0.11522441161895423 0.0057850894323328295 0.085722180155278535 1
0.035210882017093291 -0.0046993717642991734 0.04995577067877336 1
-0.095053941054224197 -0.0096495255014361972 0.019269834928897046 1
-0.039424386492743581 0.0017062494681337366 0.053148033948110518 1
-0.03588021341355048 -0.00054861289546265951 0.053689926721311204 1
0.091037033002699691 -0.0084397722972270346 0.086322655285712716 1
0.014170236321590058 -0.0091050127019074965 0.065044707762634879 1
-0.057925597184100501 -0.0085014000661292645 0.035112179964331545 1
-0.00087948656911711028 -0.0076997600215081207 0.06538198777914081 1
0.0048651363779130758 -0.0084703921266569039 0.065458864696316607 1
0.0087753910134202341 -0.0087163777292016218 0.065768089525012965 1
-0.045696850857727261 -0.0075789643281794139 0.039262025612624867 1
0.059589236870761987 -0.010731829725838648 0.076460082323480116 1
-0.026405291094488487 -0.0049278597813652795 -0.0069702726772357185 1
0.0016682597739013242 -0.0068039083523688433 0.065335840887012789 1
-0.063802949410442039 -0.0093231815828293714 0.038189502724445462 1
0.010189186111488793 -0.0097631245448217274 0.060223295884093107 1
0.090035546048002679 -0.0079020717787446158 0.089887935489681908 1
0.062800135800248832 -0.0051238859407677449 0.087330267837218728 1
-0.08132905520439454 -0.0086934152775807808 0.038572388377231585 1
-0.060960809650493324 -0.0086489602540979239 0.035135501480420293 1
-0.041795558583554826 -0.0087296291088623003 0.043324161870510906 1
0.094707014064597222 -0.0030940850075592335 0.10323924938398801 1
0.11285865340047613 0.0078906625299676268 0.088175840857730517 1
0.1039764380963166 0.011270229701792466 0.094997427696763725 1
0.085567381239028226 -0.00024657866107165565 0.098059090072996152 1
-0.053205559224012482 0.00035548941126935436 0.045640257769132775 1
-0.081684361906554939 -0.0089287302835433617 0.036587029250768774 1
0.017673104393377579 0.011821211030770488 0.067833150321916127 1
-0.069430929434038655 -0.0093305256426231536 0.038899416873225838 1
0.016091054763521323 -0.004420041314205635 0.068293983060008945 1
-0.082339722257277981 -0.0074927765379306371 0.036801384788204182 1
0.019296075336466281 -0.0035664057512356938 0.074263821892269655 1
-0.055774206404462456 -0.00031319594636544266 0.047515796046710954 1
0.052202955180420715 -0.0033057284201580672 0.087769325575927787 1
-0.019754227106370304 0.0028454580660129845 0.061818458276740075 1
0.10449425976012598 0.011089331449872484 0.091113329733993886 1
0.051856862770553368 -0.010526788245122909 0.07160353207824241 1
-0.055215799738513843 -0.0070023674141377638 0.032239637796027509 1
-0.066552405128058476 -0.0083225959106343183 0.038026253501862256 1
0.02032024081629789 0.011584407929056694 0.063286657222820619 1
-0.058341681005876257 -0.00839900025690043 0.032173191979770491 1
0.028991285398651763 -0.0084771880210149191 0.047789427624140526 1
0.11175220981460414 0.0029669941262680001 0.080757388290856297 1
0.055475531172964908 -0.010420155640147893 0.075904939417621164 1
-0.06760590465136794 -0.0093588878254532958 0.036320254316170662 1
0.013531505419375183 -0.0061110490907336345 0.067982770342614185 1
-0.03387387728619775 0.010191728111076994 0.050585147536010559 1
0.016501259397368576 0.0085580317197084706 0.069413161638735899 1
0.090638051148079796 -0.0093708234720100963 0.08653270592970029 1
0.066313519626075401 -0.0036083084093867612 0.091645986975383731 1
0.017255350256376863 0.010806114754073434 0.068551988571133565 1
0.013775424821416738 0.0096117277622002756 0.068421546129126404 1
-0.046760791230313979 -0.0077050200177422885 0.039785199047007794 1
-0.012996082363008241 0.0040551401987895695 0.063086884556186107 1
0.0267146057498312 -0.011128968260621283 0.05442315089710794 1
-0.036304307173270177 -9.2370401035157378e-05 0.054511915946114736 1
-0.044491063180817046 -0.0083836463983428602 0.038848695392054433 1
-0.046610309148809217 -0.0075379183570189719 0.036605608227699447 1
0.10956600815940178 0.010400230236163962 0.084737778911408393 1
0.064825290610425509 -0.0082392361081187297 0.07681943594106623 1
0.059196276929189363 0.011178142513145913 0.07157969172335453 1
-0.058809257227064579 -0.0047530388141965646 0.027534811845374485 1
0.023367866337092029 -0.010044489560591081 0.060244256855621903 1
0.10802887247262984 0.01177387772296417 0.087590990503903454 1
-0.020292898888426655 -0.0074004766583297904 0.063085396632718088 1
0.017133709302404369 0.0065068292115998657 0.069053103754226991 1
0.037741658018963085 -0.0027415503481471987 0.049768345580929789 1
0.091126975651939154 -0.009404317844062449 0.084146724317703106 1
0.019519535314831509 -0.009589896309478034 0.065588101127809093 1
0.10197427863926514 0.0045499721431661467 0.1011718538748505 1
-0.046235046859495622 -0.0081400466255696791 0.035663228771484971 1
0.063546056071615134 -0.0046956235111348128 0.088650419894966054 1
-0.066947958830606655 -0.0081015499877194232 0.03607857492368638 1
-0.016556830183721196 0.0040907268544608296 0.062445874319398582 1
0.092222343900577569 -0.0068960805243786297 0.10089721892274826 1
-0.0047182923493835661 0.0013564813948731737 0.066503711401326771 1
-0.0083091707062176723 0.00055030582548389051 0.066058060477915181 1
0.11244373331309516 0.0044101660462686799 0.084332771908664922 1
0.092873100388350546 -0.0085480401873213648 0.085856258759330825 1
-0.029832889508908535 0.009257159098285006 0.052777758425048588 1
-0.066836077307546593 -0.010645641666854468 0.039183171547922606 1
0.10371350517629352 0.0070069191597222106 0.10035801565472524 1
-0.069832820945191429 -0.0075333436219956647 0.038840190618732721 1
0.015040347869797866 -0.0075411046214942188 0.067628702008691421 1
-0.0024888237944692363 -0.0080218018313586228 0.04114918816074363 1
-0.025778721678799889 -0.008037076887929066 -0.0036571122493977079 1
0.017321541035178252 -0.0066837054767763665 0.067482329035264355 1
0.10330856614326514 0.0039122822965022199 0.10169782734541269 1
-0.020487601812023821 0.0020559660617284377 0.061405610410711381 1
0.10437775846347892 0.0084139593655412383 0.10196160550899015 1
0.10812526336535527 0.010982635586241145 0.089049908675224471 1
-0.0033937960353157847 -0.006947298075281526 0.038441779268701473 1
0.01803829842099712 -0.0097169207602211139 0.07214188524600515 1
0.056762978648785135 -0.0018768486195541076 0.088348377841161452 1
-0.051608161269574307 -0.00047076976019433186 0.048511269919924702 1
0.024963278807224366 -0.011308049754774511 0.055059257461940292 1
0.012200541634958387 -0.0090541699243183033 0.063183053429675229 1
-0.026582060998393796 -0.0012405093764304655 0.061243531075405984 1
-0.03980791102356724 -0.0034286955546445667 0.055597417013709606 1
0.10093038065574302 0.010361629246328776 0.10022686214210146 1
-0.05268195935201482 -0.00020143444799459965 0.04667101293590982 1
0.10982228342898963 0.0092146385566561871 0.089075720853732235 1
0.045430687997289811 -0.0048097961843929816 0.082067290049954236 1
-0.016029146633507869 0.001690740215374724 0.06373466315688836 1
0.092746217004886639 -0.0075709677603757646 0.091231080690405628 1
0.021954819854657744 0.011066419857304201 0.062690419358523417 1
0.02317071134012097 0.0035164655002612412 0.043511191543014471 1
-0.065203061349713348 -0.0078892679188237603 0.034940019004834844 1
0.10969801846046455 0.0096240341023869618 0.08444914369083964 1
-0.051291167270392179 0.001164683175375103 0.045413029380142689 1
-0.048518999014049768 0.00086515011389565188 0.047475560568273067 1
-0.045746830757707357 0.00056561705241620075 0.049538091756403446 1
0.013873276278813273 -0.0096921158820088768 0.058185959492939712 1
0.1096361782475275 0.010807405850696852 0.088038930830913312 1
-0.045141586517325152 -0.00017715520969667069 0.051811907254514705 1
0.10746644368815909 0.010262358814365331 0.089505019227021768 1
-0.04590567992964642 -0.0082475897112283467 0.037167952818965094 1
-0.041232474148273468 0.0062071301508694887 0.049414992798119783 1
0.10504396121996593 0.0056292945894277687 0.10105472098683171 1
0.065372463224639313 -0.0046409160297821144 0.088900209884763701 1
0.093915075520058941 -0.0055978737769445284 0.10302062198528845 1
0.015483702043878195 0.0085474848846415329 0.068384530176067271 1
0.10322118624109793 0.0036456426217027129 0.1014456522524331 1
0.090593948938363492 -0.0083375619004507646 0.087926040374910822 1
-0.034869369965117497 -0.0010425952558984122 0.055415934939039756 1
0.016916102379209916 0.0075066849827180324 0.068344405250283832 1
0.022516688366727908 -0.0072286464681853325 0.072277600071439407 1
0.017772419392377621 0.0094853599333565644 0.069002616966233776 1
0.058481730321399479 0.011564200270274249 0.073013473812516286 1
0.019028577186467513 -0.0067862396015107782 0.069475333921730359 1
-0.04007507952747983 -0.0087396458433314332 0.043086805266733544 1
-0.044687377448567836 0.0070046265615217214 0.029956831650698571 1
-0.0088005395145434803 -0.003825003640859503 0.065073025040019356 1
-0.044407637555979138 0.0016657683307413525 0.050529546060896616 1
-0.022567651700228453 -0.0069250553060555831 -0.005121451715240255 1
-0.041417498962858498 0.0088652624350377875 0.031522262532587345 1
-0.039139209102573208 0.0064641883568673543 0.051246222444894907 1
0.059440619828702967 -0.0025785461157727973 0.089670075508850741 1
0.096947337313248769 -0.00442434243322486 0.1026180502554577 1
0.10198554332267795 0.0029156462055707449 0.10166522007806701 1
0.09099107368266908 -0.0033891706781633692 0.1024655670438756 1
0.057700155860522837 -0.0045759640561565881 0.088169551271823549 1
0.1065208878540547 0.0101678177247716 0.086264131819193901 1
-0.0092452670879033562 -0.0021953770947977054 0.065652694399390657 1
0.013492588562847293 -0.0094174167432179677 0.061408867126062028 1
0.020139169062576852 0.0067717856542531237 0.045038794484896734 1
0.025308480834847723 -0.0097027064442108974 0.05267879748073407 1
0.011722826781955558 -0.0096107023128442024 0.063364148735811907 1
-0.012070342127716996 0.0044809404996226983 0.063889338853554717 1
-0.059996779108119666 -0.0086045611558971218 0.035187315596902774 1
0.013841928368384389 -0.0094739505342857876 0.06530609188545633 1
0.063480175268503664 -0.0036347943462581435 0.089774816849910746 1
-0.024654260992872316 -0.0015022897315853704 0.061699388670671686 1
0.11226366823411452 0.0095448461149961802 0.087483259050244427 1
-0.040957735980093453 0.0037956466973417861 0.051218866289588078 1
0.11175532340013024 0.0087649201630605657 0.083341171821294857 1
0.091117459858221492 -0.0088879671316231413 0.085242145146989384 1
-0.038052780455791253 -0.0019005458164161591 0.053610328466755126 1
0.061338513161008024 -0.010282778163494693 0.074722646131204634 1
0.065810790193035817 -0.003343982170098154 0.092781771563217444 1
-0.040338370097913995 0.0015141827143875745 0.052829117715555131 1
0.10656920578645503 0.010320385158023509 0.094145441041420114 1
0.015113820547546345 -0.0095147134997401548 0.062483343223923363 1
0.020317053565310703 -0.0092190250619531011 0.067160070617255485 1
0.088854994624853134 -0.0045735293533653021 0.10113489627838135 1
-0.068587378319606804 -0.0090447449688874585 0.0400582180292193 1
0.020963470937443118 -0.010446657265888445 0.066264291370202011 1
0.02037931478486087 0.0076782253806105521 0.067650458381886686 1
0.09773742243020947 -0.0032080566192535238 0.10394832179046921 1
0.018938839891323542 0.0097848328321300283 0.068301579547037181 1
-0.067654580718506982 -0.0093732289484918796 0.038416651032853598 1
-0.0075006473979357877 -0.0061060620136174498 0.064376885321031252 1
-0.0070558709438101495 -0.0044240618760894778 0.065256555623243673 1
0.10529461876748525 0.01221945895583716 0.098268224321597375 1
0.061615451181207315 -0.010398814753791789 0.076023649288807199 1
0.017524589779419411 0.011374944636745763 0.0675394698902788 1
-0.038850124255401547 0.0046704314661445215 0.052190019567343607 1
-0.055614662960287893 -0.0034549588611777781 0.026312095823860789 1
-0.0012325593240796284 -0.0081842353731051195 0.038168893328302617 1
0.018908412672618346 0.0096167294758814255 0.069119351572500418 1
0.11028254269337591 -0.0074074577292223744 0.084945145244563272 1
-0.037262759666009858 0.0039212856885253652 0.051914332182258591 1
0.015004564164636702 -0.0092857966511902257 0.06389987499904444 1
-0.015577178852642823 0.0018804590000541413 0.063046957539623361 1
0.018970141534139204 0.00745953453506603 0.044890313284004849 1
-0.053659823791658949 0.0020084635253750983 0.043544565332325709 1
0.060830563637377044 -0.010764033349512245 0.077246874221050518 1
0.060394934802190367 -0.010951240570176322 0.074983030799231465 1
0.016951335710473359 0.012641038629226387 0.050157598219811916 1
-0.051963415046554495 0.0025446384461684122 0.044365118701914577 1
-0.058928748880485569 -0.008349688090993292 0.036113153743217136 1
-0.099970501697669176 -0.0092640772488695022 0.01813584204650839 1
-0.049237579768585199 -0.0081756913948708414 0.036817119770843232 1
0.10446113407337061 0.0099219749263174464 0.10159099111690867 1
0.02233722272250558 -0.011374173584049461 0.057982440775866242 1
0.11021313320842199 -0.0081619353119486912 0.085409858008688888 1
0.087893753700007071 -0.0037605903473692326 0.1004864644501631 1
0.02339221784440634 0.012125251984780105 0.062458344365042974 1
0.018322031391740809 0.012489551784156297 0.065825072507383051 1
-0.052261997645308034 0.0010486846464709317 0.045568983557314487 1

Tetrahedra
12387
344 337 1922 1965 1
739 79 83 744 1
39 26 735 838 1
799 850 888 619 1
182 184 173 197 1
756 1216 2204 1256 1
1807 33 636 688 1
1237 715 675 999 1
1905 1505 1422 195 1
1302 1407 1282 605 1
300 286 276 275 1
304 329 336 312 1
891 3465 1423 1007 1
1108 1662 2101 1156 1
1347 1307 2013 1242 1
1268 415 389 390 1
2581 828 2557 1826 1
1240 293 323 1629 1
1170 883 56 1248 1
1089 1982 959 1942 1
1107 830 792 622 1
1453 1641 1778 1133 1
662 510 664 493 1
1387 1940 2227 1642 1
796 2092 1442 2109 1
980 451 3305 469 1
3287 2904 378 372 1
3570 4125 1929 2511 1
385 2859 2877 2576 1
2306 492 486 482 1
1570 1782 2876 3266 1
728 92 724 76 1
437 453 2124 431 1
945 1863 1505 1484 1
1724 886 1288 1783 1
284 287 2174 292 1
430 422 440 448 1
547 523 520 542 1
406 395 935 411 1
479 484 501 1516 1
355 1367 326 348 1
1445 555 760 552 1
621 3166 2125 3355 1
3049 778 641 1213 1
2271 1662 843 1455 1
1766 2376 3630 1773 1
711 256 298 306 1
482 463 457 486 1
2382 1049 1361 1315 1
2391 1771 1650 2585 1
2029 1640 2299 1453 1
662 526 665 1665 1
1774 196 1000 1856 1
1112 1063 1020 43 1
3191 3048 1278 2874 1
3978 3318 2910 3385 1
3499 650 1064 2040 1
901 3312 2619 2123 1
590 592 3571 584 1
1796 1826 736 2581 1
119 120 3546 3195 1
2392 993 1398 1349 1
1739 1397 1894 1188 1
360 339 340 333 1
1991 2024 2978 3514 1
1569 2783 824 502 1
2633 3100 34 1691 1
3215 1769 408 2558 1
359 375 330 383 1
3359 3400 3013 82 1
1710 628 1441 613 1
1039 1449 1383 826 1
1083 443 1166 427 1
1052 1832 2294 833 1
1927 147 2571 145 1
512 509 507 2775 1
2004 1290 1614 738 1
3730 1420 1744 2275 1
1485 2632 432 2770 1
1708 303 1225 842 1
2413 2368 3979 1432 1
261 2408 1969 3510 1
547 520 551 542 1
3105 2779 3936 3513 1
1490 1337 1370 2837 1
423 2257 426 1706 1
441 418 437 442 1
2933 3930 50 53 1
376 3074 2576 373 1
3959 1003 3899 3657 1
3651 1406 2504 1244 1
3566 3273 399 3937 1
3742 656 527 534 1
774 477 499 494 1
511 499 490 494 1
1448 2042 1610 1858 1
283 295 1711 288 1
2628 720 2508 3763 1
3696 3574 3239 2326 1
3943 2828 791 3422 1
2466 3924 4020 1271 1
3799 3113 3150 3649 1
2744 3721 593 3895 1
3140 3153 2494 4086 1
3083 2413 3979 3535 1
2914 4052 3675 3778 1
351 367 348 1435 1
1992 3113 2948 1733 1
477 494 1127 490 1
348 353 1435 367 1
2087 304 302 319 1
1939 3487 3333 1381 1
3909 3592 3981 1446 1
417 442 418 441 1
421 396 420 392 1
1055 4114 4109 3972 1
382 1834 356 381 1
3092 1900 123 2979 1
2560 579 589 3755 1
1902 1358 1795 1857 1
2508 3041 2329 3763 1
3758 1511 3802 3680 1
3996 2352 3638 2941 1
3566 385 3293 3267 1
501 500 1516 2031 1
3366 3904 3890 1271 1
2503 2658 3971 3801 1
2209 3548 4043 556 1
620 671 3851 2397 1
397 384 1667 840 1
300 307 276 286 1
3850 2022 3610 3389 1
920 346 342 370 1
2095 200 189 190 1
286 276 284 307 1
886 715 59 61 1
79 62 65 83 1
3128 371 2904 372 1
2174 318 292 326 1
473 466 447 474 1
1367 353 335 348 1
344 337 2992 1922 1
528 531 3463 539 1
22 18 618 837 1
553 565 547 569 1
3279 3773 4043 2183 1
4083 3896 3714 560 1
595 589 4139 3906 1
537 553 524 1572 1
441 421 418 417 1
492 510 493 522 1
3226 1251 1401 2117 1
2015 3279 3699 1983 1
4124 595 589 4139 1
561 1364 564 2623 1
441 442 437 461 1
434 430 422 414 1
465 463 443 457 1
525 529 511 2172 1
421 403 396 392 1
619 1107 157 799 1
850 1134 116 799 1
525 2200 514 2172 1
525 2172 511 2200 1
485 471 494 490 1
431 453 461 437 1
66 83 84 607 1
66 83 62 84 1
1598 147 2687 141 1
116 708 107 624 1
441 437 418 431 1
1134 107 624 116 1
167 1107 157 619 1
544 2368 2890 665 1
475 456 454 452 1
519 1565 520 533 1
526 511 525 529 1
489 485 511 480 1
420 395 411 425 1
464 471 485 490 1
441 431 418 421 1
461 453 471 437 1
464 468 471 490 1
464 480 490 485 1
461 471 485 464 1
2306 486 463 482 1
461 442 460 441 1
549 542 547 551 1
710 296 1240 290 1
428 415 397 407 1
482 495 486 1513 1
1357 307 311 315 1
507 2775 509 2420 1
511 480 485 490 1
657 69 626 68 1
68 626 1547 69 1
475 456 470 454 1
392 395 411 420 1
328 329 312 336 1
445 460 436 458 1
445 458 463 476 1
1079 323 335 351 1
319 336 304 329 1
2815 394 1723 1673 1
475 1516 479 500 1
2815 394 1673 3322 1
657 626 37 623 1
1723 418 409 421 1
328 329 325 312 1
623 37 1547 626 1
2217 37 2218 626 1
2218 37 657 626 1
792 107 109 622 1
328 2009 338 329 1
1550 622 792 109 1
669 1959 401 410 1
392 411 370 396 1
2051 370 369 920 1
2055 304 290 272 1
302 304 312 329 1
396 418 421 417 1
2051 369 1738 920 1
235 711 206 632 1
403 418 396 1636 1
235 216 206 197 1
235 206 216 632 1
396 381 1636 365 1
220 711 206 235 1
220 235 206 197 1
392 395 370 411 1
443 1103 457 463 1
365 381 2051 370 1
396 370 392 381 1
370 2051 369 381 1
441 436 460 458 1
392 370 395 369 1
392 369 381 370 1
370 365 381 396 1
380 1413 1333 369 1
576 2030 4007 3153 1
2365 3721 3768 1855 1
1445 574 1599 760 1
551 1184 760 580 1
501 2031 1516 484 1
454 456 470 439 1
584 594 592 3571 1
2306 493 492 476 1
2110 2520 597 3753 1
1107 157 799 830 1
1107 157 830 622 1
486 493 522 492 1
475 456 452 479 1
519 533 1597 1565 1
519 495 486 482 1
542 519 512 520 1
507 519 520 512 1
549 551 578 1274 1
1413 370 342 346 1
414 422 410 430 1
439 434 422 415 1
434 414 422 415 1
292 323 293 1440 1
2313 410 1761 1575 1
935 425 427 443 1
935 440 443 427 1
2188 935 395 425 1
1761 1575 1208 2313 1
406 935 395 2188 1
935 427 425 2188 1
406 1338 395 411 1
400 395 1338 758 1
319 346 336 329 1
424 416 1914 407 1
335 326 323 318 1
319 336 342 1688 1
319 342 336 346 1
319 346 351 342 1
1696 408 393 1755 1
384 371 2156 368 1
326 1367 335 348 1
340 355 339 360 1
340 614 326 318 1
340 1367 318 326 1
1984 262 255 1366 1
398 371 384 1348 1
509 2775 512 523 1
216 206 298 632 1
298 695 216 632 1
390 401 415 389 1
473 456 447 448 1
206 711 298 632 1
686 144 160 633 1
611 633 160 144 1
3307 124 2741 2318 1
1099 609 1463 1344 1
216 202 235 208 1
315 614 340 318 1
507 3170 2166 2512 1
415 401 414 422 1
430 410 440 422 1
339 360 355 361 1
2174 318 326 311 1
286 284 287 311 1
360 361 363 355 1
676 366 380 2772 1
475 470 456 479 1
473 456 470 474 1
360 363 340 355 1
452 434 456 439 1
424 1142 415 407 1
414 422 401 410 1
410 412 422 401 1
434 422 430 448 1
636 1409 1159 1077 1
843 810 1455 2277 1
444 428 424 454 1
542 512 523 520 1
424 415 1142 434 1
424 439 428 415 1
473 456 474 447 1
447 448 466 473 1
292 293 323 318 1
507 2166 3170 2420 1
501 500 523 503 1
507 495 481 1513 1
507 2512 512 2939 1
507 512 520 509 1
542 551 552 520 1
501 523 500 2031 1
509 523 547 524 1
542 552 551 555 1
549 547 542 523 1
503 500 475 479 1
509 501 484 2031 1
509 523 524 501 1
3885 376 373 378 1
679 357 2453 3203 1
501 523 2031 509 1
444 475 454 452 1
449 452 475 444 1
503 479 501 500 1
1569 941 501 503 1
509 523 512 520 1
424 439 454 428 1
444 452 454 424 1
398 1746 407 416 1
260 274 279 273 1
1268 415 390 414 1
439 452 434 424 1
368 1348 384 371 1
3885 373 372 378 1
2400 3218 2859 3852 1
1755 393 2156 2268 1
385 3074 376 3611 1
1954 840 384 379 1
679 357 3668 341 1
1816 654 361 390 1
397 398 384 1348 1
407 1746 398 428 1
407 428 415 424 1
3510 274 279 260 1
265 290 1629 296 1
291 3139 2963 2906 1
397 415 1667 1268 1
359 383 330 306 1
397 407 415 1268 1
1525 384 368 1348 1
344 354 337 350 1
105 739 107 116 1
941 501 503 479 1
2915 1855 593 600 1
547 549 569 565 1
591 3755 589 595 1
1211 551 580 578 1
3322 4081 2102 2681 1
1728 1211 1855 578 1
569 578 549 551 1
587 3846 2560 589 1
553 545 565 577 1
528 3463 3271 539 1
2849 637 601 1087 1
509 547 523 520 1
503 500 523 537 1
601 602 588 598 1
553 545 537 565 1
4112 534 3353 539 1
1866 541 536 2066 1
92 151 105 109 1
92 109 102 151 1
3616 2333 1481 528 1
1756 514 1839 497 1
547 551 569 549 1
537 547 565 549 1
602 598 2553 2455 1
569 578 565 549 1
553 545 543 1572 1
479 501 500 1516 1
537 553 1572 545 1
524 547 537 523 1
577 2702 570 572 1
537 523 547 549 1
547 565 553 537 1
553 547 537 524 1
553 543 524 1572 1
3218 2877 2859 402 1
1034 352 356 381 1
216 194 185 208 1
208 185 216 202 1
875 208 185 194 1
2509 302 282 303 1
3460 3767 4095 404 1
875 208 194 180 1
298 306 330 383 1
2000 2724 2064 1255 1
449 452 479 475 1
894 2224 469 3305 1
469 479 449 452 1
3305 2224 469 451 1
894 980 469 449 1
1706 426 423 1914 1
2854 226 2907 3641 1
1939 3278 3380 4073 1
2967 3201 2687 136 1
3738 273 279 271 1
130 2318 134 2940 1
1539 267 257 273 1
10 1074 8 1036 1
261 257 260 3308 1
2549 297 3765 2906 1
264 275 276 268 1
1895 1460 1879 1454 1
616 64 1091 1692 1
2892 1633 3299 3782 1
95 97 99 100 1
137 141 3361 139 1
216 695 235 632 1
216 309 235 695 1
2050 1149 117 851 1
2515 14 858 1258 1
24 21 13 27 1
3389 2022 3610 3437 1
677 173 160 633 1
151 144 1549 109 1
1550 151 1549 109 1
79 83 65 72 1
189 800 190 200 1
713 1536 1476 855 1
745 65 79 62 1
10 801 3 5 1
852 964 44 40 1
1027 857 783 717 1
744 107 708 83 1
182 184 160 173 1
105 109 792 107 1
298 690 216 695 1
44 45 40 964 1
1235 102 728 1234 1
792 151 1550 109 1
624 117 708 103 1
2308 2359 1335 900 1
1134 1002 841 1021 1
1307 2385 1242 88 1
1897 1818 3389 3437 1
699 793 9 687 1
856 3437 2182 3096 1
843 33 1662 1156 1
1752 2860 1893 1159 1
1949 2075 858 3190 1
18 1335 1949 2515 1
1897 3389 1818 1949 1
92 1234 728 102 1
709 939 41 46 1
688 1948 1786 2885 1
1786 776 2737 1948 1
1436 636 618 1032 1
2401 58 974 1313 1
974 1283 58 52 1
686 160 184 173 1
116 107 708 744 1
156 151 1550 792 1
711 220 256 258 1
182 184 197 206 1
10 6 3 801 1
6 8 10 1074 1
92 726 635 105 1
92 109 105 635 1
825 726 76 92 1
76 72 70 729 1
70 820 653 946 1
72 70 946 784 1
2218 37 2217 35 1
886 59 1783 61 1
253 233 248 227 1
2218 657 37 35 1
857 6 8 10 1
1070 707 1237 748 1
1070 1237 1032 1260 1
18 22 1032 21 1
715 748 1237 707 1
1888 3307 2617 2741 1
123 120 122 3528 1
123 2296 129 2950 1
123 120 926 122 1
1664 1765 1161 1158 1
3115 3052 1627 2491 1
2976 3479 154 3683 1
3671 141 3479 137 1
148 4096 3727 146 1
262 284 292 287 1
628 266 257 2363 1
264 276 284 268 1
1342 630 849 1717 1
3810 293 1440 292 1
233 253 269 227 1
3811 2097 2126 3169 1
4098 2048 3813 3423 1
784 674 72 70 1
784 745 72 674 1
216 184 206 197 1
3674 3182 3996 2352 1
2385 3364 88 2569 1
3343 1262 2686 3005 1
618 636 1410 1032 1
18 1410 618 837 1
2515 14 1258 1514 1
111 1980 2611 804 1
3661 3262 806 2397 1
118 111 806 804 1
1710 268 1441 262 1
281 286 300 275 1
281 661 2734 267 1
471 453 468 437 1
464 442 461 437 1
428 398 407 397 1
424 1746 428 444 1
444 426 452 424 1
649 869 170 698 1
2702 553 577 545 1
548 572 2066 1960 1
1884 2066 543 536 1
728 102 724 92 1
675 1187 1150 683 1
670 1234 92 109 1
1913 2818 1035 1350 1
2069 1661 1239 1085 1
334 333 614 339 1
614 340 339 333 1
614 315 340 333 1
855 1084 1129 713 1
501 503 524 1510 1
302 312 282 303 1
1887 2997 2592 1924 1
980 451 1438 438 1
435 444 426 452 1
1087 2849 588 601 1
390 415 401 414 1
1959 401 410 414 1
348 366 367 351 1
3525 2175 3571 586 1
4081 3685 2681 405 1
612 1254 404 3460 1
848 1013 747 929 1
614 326 339 340 1
674 79 72 70 1
674 745 72 79 1
2294 1466 1202 1711 1
1939 3849 231 3278 1
1107 157 622 1550 1
403 396 392 381 1
403 396 418 421 1
403 396 381 1636 1
706 207 829 189 1
664 493 510 522 1
1655 1811 1223 1644 1
1395 112 1393 1612 1
671 3248 3262 620 1
748 1293 1260 1095 1
1715 1603 1171 2893 1
799 712 830 157 1
4010 2919 3285 314 1
360 333 334 339 1
1808 334 360 333 1
1242 2449 2385 2132 1
826 916 967 1399 1
661 660 281 2734 1
629 1306 2412 1484 1
713 1084 1129 169 1
84 66 722 58 1
84 66 863 62 1
663 544 3252 3044 1
5 689 4 696 1
3877 3174 2667 3214 1
1658 1024 467 1127 1
620 3262 671 2397 1
1234 92 109 102 1
670 92 635 109 1
151 144 611 160 1
452 439 456 454 1
452 424 439 454 1
434 439 424 415 1
610 2152 740 1783 1
4124 589 595 591 1
1409 1455 636 1662 1
2271 1662 1455 1409 1
26 735 48 39 1
51 948 48 735 1
39 48 26 40 1
39 40 26 20 1
2241 3927 3176 2233 1
144 180 875 818 1
144 180 818 1549 1
213 228 227 233 1
1109 227 248 233 1
1109 248 227 3134 1
7 2 4 860 1
2 7 687 860 1
2 7 699 687 1
2 7 870 699 1
1002 749 851 103 1
641 230 2376 228 1
163 2118 1391 1606 1
1441 655 628 919 1
1164 1224 750 2497 1
2482 1224 750 1164 1
2482 1224 2569 750 1
2903 317 320 3324 1
2903 317 2301 2340 1
1273 993 186 2392 1
933 2398 756 2604 1
756 2604 3067 1256 1
588 569 1728 578 1
2455 578 588 1728 1
569 588 565 578 1
587 637 2560 3846 1
3622 637 577 572 1
577 570 2702 545 1
1021 850 960 752 1
1021 752 754 841 1
752 1022 754 841 1
170 1320 898 753 1
65 745 48 51 1
898 1320 1295 753 1
170 753 898 1126 1
898 753 1022 1126 1
2174 318 311 284 1
311 318 315 284 1
318 326 311 614 1
318 311 315 614 1
888 149 712 157 1
1021 752 960 754 1
752 1022 876 754 1
1397 754 3653 1894 1
754 1022 876 1894 1
1290 1614 1193 981 1
292 254 1366 262 1
292 293 284 1366 1
757 2004 1465 1152 1
817 1152 1734 781 1
117 103 84 708 1
2090 84 117 103 1
1338 395 369 758 1
751 1881 727 1152 1
949 1999 1257 871 1
1999 871 3187 1257 1
1734 751 727 1152 1
2159 1497 1526 651 1
389 361 363 360 1
389 1311 1268 390 1
1089 969 959 1911 1
2350 1044 187 174 1
752 850 138 759 1
752 759 876 1022 1
1022 759 876 2337 1
1445 760 1599 552 1
551 760 1274 555 1
2830 1016 2794 3449 1
2090 721 84 682 1
1497 1526 651 2453 1
1497 1195 1526 2453 1
1191 936 967 1399 1
651 2453 1353 1497 1
1497 1195 2453 1001 1
2453 1001 1353 1497 1
1331 1263 769 951 1
835 755 997 1430 1
1126 898 167 902 1
167 1126 649 170 1
170 898 167 1126 1
1126 902 167 649 1
800 170 190 767 1
992 170 190 800 1
1045 2112 755 1430 1
800 170 767 1382 1
253 272 2055 763 1
612 404 3685 3460 1
2095 207 189 829 1
869 1246 906 1051 1
869 1051 992 1246 1
906 1246 1008 910 1
766 1852 308 764 1
952 157 167 1107 1
766 270 1852 764 1
2390 3210 1749 1011 1
2638 949 1023 1226 1
1883 3406 345 368 1
1965 1270 1812 1244 1
344 345 337 1270 1
344 337 345 350 1
1348 368 3406 371 1
765 1295 1861 1320 1
753 1320 1295 765 1
753 1022 885 765 1
753 885 1022 1126 1
765 1502 3870 2666 1
878 851 126 1149 1
1149 878 851 994 1
1263 1402 769 951 1
951 1402 769 203 1
1263 1402 1169 769 1
421 431 418 409 1
1523 431 409 418 1
781 762 916 1734 1
781 3046 762 1734 1
851 117 126 1149 1
4 696 693 5 1
1777 1849 1763 1172 1
1026 2585 772 1722 1
1777 1763 2931 1172 1
1777 1763 1282 2931 1
233 272 269 253 1
233 272 253 248 1
2726 147 2687 3236 1
217 1263 2057 951 1
2057 1263 1331 951 1
807 630 629 1484 1
2412 807 629 1484 1
228 242 794 1042 1
1710 613 281 267 1
1710 628 613 267 1
281 2363 1710 267 1
919 1441 2630 3058 1
267 613 281 661 1
1416 183 907 914 1
1128 959 796 2092 1
796 2086 959 1128 1
1128 796 1215 2109 1
822 1382 767 175 1
767 170 190 698 1
1215 2086 796 1128 1
1128 2092 796 2109 1
1774 1378 186 1856 1
268 1441 2194 613 1
2429 681 921 812 1
1607 2189 3522 1580 1
2975 2645 921 812 1
1607 1580 3522 195 1
335 348 323 326 1
1240 296 1629 290 1
1079 1240 335 323 1
2429 2645 3042 812 1
1608 967 814 1476 1
335 351 323 348 1
183 914 823 768 1
914 183 1373 768 1
696 689 4 860 1
654 363 353 386 1
654 361 363 1816 1
654 355 363 361 1
266 261 257 274 1
257 261 266 2809 1
266 261 274 2408 1
1998 969 1797 1241 1
1797 1578 2193 2767 1
2350 187 719 174 1
697 719 2350 951 1
655 1318 652 919 1
608 170 698 1126 1
649 698 170 1126 1
919 628 652 655 1
503 524 523 501 1
503 523 524 537 1
1538 821 2591 1442 1
1618 2005 1480 1840 1
2279 1442 821 2150 1
821 2669 2150 1713 1
940 779 2603 1302 1
1538 1685 1426 821 1
821 1332 1713 1212 1
1685 1332 821 1212 1
502 478 824 1203 1
3434 1428 504 824 1
1534 900 793 7 1
816 827 1221 1443 1
899 929 2544 1310 1
1615 827 1221 816 1
2544 929 1013 1424 1
2957 3849 3911 231 1
2563 827 3245 1669 1
1669 1068 827 1431 1
1112 3119 2557 828 1
435 1392 426 2257 1
630 859 629 694 1
859 848 866 694 1
298 306 256 330 1
1467 931 1682 771 1
702 187 2350 1044 1
1467 771 1682 892 1
859 866 629 694 1
629 866 1084 694 1
757 1152 781 1649 1
1649 762 916 781 1
1578 3046 762 781 1
1727 1378 1774 1000 1
1021 2050 117 1002 1
908 2050 117 1021 1
1815 1727 1774 1000 1
960 2050 908 1021 1
1578 757 781 1649 1
323 1240 335 293 1
335 318 323 293 1
972 3046 1578 781 1
781 1152 916 1649 1
716 144 875 818 1
1028 934 1580 839 1
1028 1580 1181 839 1
1416 164 956 914 1
708 79 83 84 1
485 460 458 461 1
458 460 485 489 1
1204 651 921 1353 1
651 2453 681 1353 1
2453 1001 681 1353 1
660 281 300 275 1
660 661 281 275 1
1649 1578 762 781 1
1292 325 842 1225 1
1649 1578 1797 762 1
303 2509 325 842 1
797 2337 1320 1861 1
1131 797 1320 2666 1
207 193 205 194 1
207 193 194 733 1
797 1861 1320 2666 1
2846 2608 2347 1094 1
1335 21 18 1949 1
27 1335 21 13 1
27 1844 1335 13 1
23 2308 1897 1844 1
84 83 62 79 1
311 284 307 286 1
311 315 307 284 1
193 180 172 194 1
818 194 172 180 1
1419 747 1469 1342 1
1449 1241 1788 847 1
1717 630 945 1342 1
2371 1449 1788 847 1
160 144 716 151 1
303 302 325 2509 1
864 325 1225 2664 1
1624 2244 3587 853 1
2244 1658 853 1232 1
204 1471 1047 702 1
1347 1361 741 63 1
902 149 649 1126 1
898 759 167 902 1
160 714 716 144 1
2515 14 1949 858 1
757 1465 817 1152 1
1662 1410 1258 1514 1
867 1465 817 757 1
1949 858 1410 2515 1
817 1465 751 1152 1
858 1662 1410 1258 1
858 1662 1409 1410 1
2889 548 2066 554 1
1662 858 1198 1258 1
1662 1198 858 1409 1
1201 1563 1843 1610 1
2717 1171 874 1543 1
936 884 2886 826 1
717 1136 37 802 1
936 1399 1039 826 1
1171 2227 874 868 1
1543 1171 874 868 1
1791 865 907 1046 1
3535 581 2413 2070 1
929 848 1013 1424 1
663 2368 544 665 1
708 83 624 103 1
708 103 84 83 1
607 83 84 103 1
697 174 2350 719 1
710 342 1240 1688 1
710 1079 1240 342 1
872 1479 3249 1987 1
1212 3453 1332 873 1
652 3348 1668 628 1
873 3453 3549 1096 1
999 683 886 715 1
675 1187 683 715 1
675 715 683 999 1
971 2243 2460 2255 1
2343 1406 831 1192 1
721 722 84 682 1
722 1073 78 1043 1
721 78 722 682 1
3021 2242 1230 3421 1
60 616 64 1091 1
151 102 144 109 1
151 611 144 102 1
668 611 151 102 1
688 33 636 2249 1
723 726 825 92 1
439 456 470 448 1
473 456 448 470 1
752 876 138 754 1
754 876 3317 2701 1
3317 876 3127 963 1
1131 1320 1370 890 1
890 1320 1370 1437 1
711 256 306 258 1
306 258 256 330 1
158 727 1129 1735 1
1131 1320 890 2666 1
2056 361 840 360 1
525 526 665 662 1
1665 924 662 526 1
664 665 663 544 1
888 902 759 752 1
664 665 544 1665 1
92 76 742 724 1
68 724 69 76 1
70 72 726 79 1
70 72 76 726 1
635 726 670 72 1
635 739 83 107 1
1234 76 72 726 1
1234 726 72 670 1
1467 210 931 771 1
1235 76 728 68 1
729 72 70 946 1
729 70 653 946 1
493 485 489 458 1
875 185 714 716 1
476 458 493 489 1
2306 476 458 493 1
885 1022 150 765 1
2 860 687 1 1
885 975 150 1022 1
1021 908 960 850 1
885 765 2236 1437 1
2050 851 117 1002 1
1134 850 752 888 1
1004 3433 994 3771 1
324 334 1808 333 1
1808 321 334 324 1
668 151 611 160 1
744 83 708 79 1
235 202 216 197 1
2223 834 835 1054 1
708 83 107 624 1
2217 626 2218 69 1
2218 626 657 69 1
657 626 623 68 1
68 623 1547 626 1
733 193 194 180 1
814 1190 2334 1477 1
838 26 735 1118 1
51 41 735 973 1
213 228 794 209 1
213 3049 228 209 1
1002 851 117 103 1
536 543 1866 2066 1
205 193 207 189 1
205 207 706 189 1
727 1881 1189 158 1
903 546 1261 2082 1
2623 3493 1545 903 1
653 40 44 45 1
729 653 44 45 1
76 653 803 729 1
669 1816 390 654 1
903 1261 525 535 1
401 669 410 412 1
1049 2382 1361 741 1
390 1816 669 401 1
1551 1961 909 2740 1
4054 3158 909 1961 1
635 92 670 726 1
76 724 728 68 1
635 105 107 109 1
635 105 739 107 1
989 956 176 823 1
689 4 860 7 1
739 744 107 116 1
105 726 635 739 1
739 726 723 105 1
995 233 228 242 1
995 269 282 1219 1
723 79 70 726 1
726 635 739 83 1
739 79 723 726 1
13 1335 21 9 1
355 1367 353 340 1
326 1367 355 340 1
921 681 651 812 1
1359 921 651 812 1
651 921 1359 1390 1
608 170 767 698 1
2114 2837 2118 1490 1
280 270 766 764 1
860 2 4 1 1
696 860 4 1 1
4 1 693 696 1
447 440 448 430 1
447 440 430 427 1
265 272 290 296 1
726 79 72 83 1
635 726 72 83 1
3491 4015 4063 1591 1
2193 2767 1578 1810 1
632 711 298 306 1
228 242 928 995 1
228 269 995 928 1
298 695 632 306 1
228 242 1213 928 1
955 1535 285 1466 1
686 633 160 173 1
611 677 160 633 1
742 76 69 724 1
1595 1535 285 955 1
955 3151 285 1595 1
955 1466 285 2887 1
2322 669 386 2971 1
949 1201 1558 2970 1
921 651 681 1353 1
1353 681 921 1321 1
1088 64 1091 1086 1
1248 56 832 1489 1
1091 1086 64 1179 1
1787 1193 2433 1672 1
879 1622 937 1376 1
1497 1233 700 643 1
726 739 79 83 1
739 83 107 744 1
2085 725 1712 1113 1
300 281 1420 286 1
948 48 745 51 1
300 1420 660 310 1
1321 681 921 2429 1
2846 1764 1709 3088 1
812 681 2197 2429 1
1187 59 61 877 1
680 362 357 376 1
2063 3203 679 681 1
2153 3066 1982 1942 1
1089 2153 1982 1942 1
776 636 1436 1032 1
675 683 1150 999 1
160 714 185 716 1
3654 2646 1212 2169 1
1212 3453 873 2399 1
783 857 8 717 1
915 1136 35 783 1
959 969 1998 1241 1
784 70 946 49 1
49 674 784 70 1
49 745 784 674 1
49 784 745 48 1
784 946 45 49 1
2269 294 3839 305 1
360 334 361 339 1
994 1002 851 2050 1
1685 2290 881 1224 1
1004 3433 878 994 1
3433 1002 878 994 1
994 851 1149 2050 1
1327 2926 1132 1594 1
790 946 45 784 1
729 790 946 45 1
710 1240 323 290 1
1004 878 1149 994 1
284 311 2174 287 1
1440 323 1629 290 1
1748 3711 3412 2603 1
105 151 792 109 1
156 151 792 798 1
105 792 116 107 1
156 792 1048 798 1
1240 1629 323 290 1
1263 1169 1567 769 1
699 7 793 687 1
699 7 13 793 1
1331 1263 1567 769 1
960 752 138 754 1
3653 754 3317 2701 1
3073 3653 3317 2701 1
731 904 1802 887 1
1052 2373 1840 2222 1
1233 643 1480 2142 1
1618 1840 1480 1351 1
295 2222 1875 1711 1
1134 1021 752 850 1
850 799 116 619 1
1134 149 712 888 1
1134 1021 841 752 1
1134 149 888 841 1
1134 712 799 888 1
889 1189 158 1735 1
972 3046 781 1734 1
798 151 792 105 1
798 792 116 105 1
966 891 1423 1007 1
891 966 1423 1072 1
799 107 792 830 1
156 1107 792 1550 1
1134 107 116 799 1
874 1387 1642 2717 1
2717 874 1387 1543 1
1067 59 1783 1288 1
3714 3417 1327 2287 1
1067 59 1247 1747 1
801 4 3 5 1
801 6 3 844 1
874 1387 2227 1642 1
1844 1534 793 13 1
1844 2308 1335 900 1
2749 1168 976 1304 1
2308 900 1844 1534 1
1534 7 793 13 1
486 463 457 458 1
486 2306 458 493 1
172 1549 151 818 1
2306 458 463 486 1
836 1134 624 116 1
715 886 748 57 1
3155 2214 2344 1732 1
886 1915 1699 57 1
888 157 799 619 1
1134 850 888 799 1
610 1915 886 57 1
1636 381 403 382 1
1636 394 382 403 1
403 394 382 1673 1
1492 2084 2801 1154 1
652 249 1837 1668 1
838 26 1118 808 1
15 701 838 808 1
868 1387 1543 895 1
2350 719 1402 951 1
2292 2916 897 1380 1
699 793 13 9 1
3817 3345 1561 1478 1
3425 897 2292 2916 1
3317 876 138 3127 1
3241 138 3127 3317 1
870 7 13 699 1
819 1161 1655 1765 1
1655 819 1507 1223 1
2261 1112 1341 988 1
988 1112 1341 2267 1
902 649 157 167 1
888 149 157 902 1
888 149 902 841 1
398 371 2156 384 1
2390 913 1578 1749 1
1844 1335 793 900 1
1844 900 793 1534 1
1217 907 1161 1060 1
2547 1488 1060 907 1
1046 1416 907 914 1
2547 907 1373 1488 1
1046 907 1373 914 1
706 829 200 189 1
2095 829 189 200 1
684 819 1655 1223 1
1063 56 1020 1877 1
766 1106 308 1886 1
1020 2557 1124 776 1
1020 1112 1124 2557 1
1021 117 908 836 1
792 107 622 830 1
799 712 107 830 1
1134 107 799 712 1
908 1149 117 2050 1
190 189 869 992 1
1249 1170 1486 1248 1
1277 1072 1562 911 1
1550 1107 157 952 1
970 1669 1373 1917 1
116 708 624 836 1
1120 1417 126 1004 1
1824 1417 1120 1004 1
928 1219 242 251 1
928 269 1219 251 1
2062 1794 930 3160 1
1150 1020 43 1124 1
1436 1150 43 1124 1
837 1410 618 1269 1
3646 640 3148 2253 1
931 1496 2912 2716 1
1469 929 747 986 1
1804 234 248 265 1
1804 248 947 265 1
833 879 1255 1202 1
709 1117 938 1283 1
443 445 1103 463 1
463 458 445 1103 1
463 457 458 1103 1
1405 1312 1044 174 1
1405 174 171 861 1
684 819 1223 782 1
710 319 296 290 1
319 296 290 304 1
319 710 1688 342 1
710 342 319 351 1
782 684 1178 1223 1
920 2596 352 338 1
49 948 39 48 1
49 48 745 948 1
206 298 711 256 1
206 256 711 220 1
469 1203 941 479 1
22 707 675 618 1
894 469 478 1203 1
972 757 781 1578 1
801 844 3 4 1
1440 290 1629 1016 1
1440 1629 2794 1016 1
3810 1440 2794 1016 1
980 3305 451 3123 1
1410 1807 1269 1514 1
1514 1662 1410 1807 1
1410 636 1269 1807 1
1662 636 1410 1807 1
867 1380 981 1209 1
489 662 510 924 1
924 511 489 662 1
1193 1631 961 925 1
1672 1631 1193 925 1
628 266 1639 257 1
195 1582 1647 1484 1
2544 929 1424 1310 1
1582 1422 807 1484 1
1134 836 850 116 1
1783 61 1747 1151 1
1492 893 1154 2057 1
893 1362 1154 217 1
1154 217 1362 1493 1
1493 1376 1154 217 1
1993 1294 4036 1154 1
2141 1155 3771 3427 1
3956 1739 2587 2519 1
325 1017 1037 1504 1
325 864 1017 1504 1
864 325 1017 1292 1
1998 1942 1797 969 1
1998 2767 114 1797 1
876 963 3317 2701 1
1502 1022 1894 963 1
2717 1171 2434 874 1
874 1171 2434 3157 1
1171 2227 3157 874 1
1275 953 1860 1071 1
1603 2507 3057 2813 1
1022 963 876 1894 1
2678 953 1275 1071 1
898 2337 759 1022 1
1700 1502 1894 963 1
1476 855 967 1129 1
616 1275 1071 2678 1
2304 1009 1115 1031 1
3886 1792 3780 2589 1
2388 2032 1023 3171 1
2128 3317 963 3178 1
468 453 467 437 1
467 453 446 437 1
934 1905 1580 979 1
1613 934 1890 2456 1
629 1084 1643 713 1
1643 1084 855 713 1
1021 117 624 1002 1
1134 836 1021 850 1
1134 1002 1021 624 1
1134 624 1021 836 1
624 117 1021 836 1
514 535 532 1481 1
1481 532 2258 535 1
1481 2258 538 535 1
514 535 1481 538 1
835 755 1054 997 1
1045 755 1054 835 1
1405 861 171 1050 1
84 66 58 863 1
2401 58 66 863 1
406 2313 935 2188 1
875 194 818 180 1
365 920 352 338 1
2844 997 835 834 1
2997 2592 1369 1944 1
2844 1707 997 834 1
1328 1077 810 1455 1
811 2708 1328 1281 1
999 811 1328 1281 1
1328 636 1032 1077 1
1032 999 1328 1116 1
1703 934 1028 839 1
2315 1028 1181 839 1
1140 1451 703 1161 1
1222 1451 1140 1161 1
703 1161 1451 183 1
940 779 1302 605 1
1710 628 267 2363 1
1202 879 1493 833 1
833 879 1493 1135 1
2294 833 1493 1062 1
1493 2294 1202 833 1
833 1062 1135 1493 1
941 894 469 449 1
978 1430 835 997 1
978 1857 1430 997 1
15 28 41 701 1
41 838 735 15 1
15 701 41 838 1
457 443 465 1083 1
973 41 735 15 1
457 465 466 1083 1
466 1166 447 1702 1
939 28 41 15 1
300 1420 281 660 1
281 660 2963 291 1
1420 660 2963 281 1
461 464 460 442 1
464 460 480 485 1
461 460 464 485 1
461 441 431 437 1
708 117 624 836 1
755 987 1857 1430 1
987 2716 2381 1430 1
2401 974 41 46 1
2401 41 974 944 1
650 1787 2433 2657 1
972 867 817 757 1
869 190 170 698 1
228 1042 794 209 1
228 1213 1042 209 1
482 492 486 522 1
519 486 522 482 1
3564 94 90 97 1
95 94 97 100 1
835 834 997 1054 1
2621 1236 2733 1577 1
2717 874 2434 1642 1
2339 2309 2050 960 1
1433 894 478 1203 1
824 1203 1510 1569 1
112 1631 1612 1925 1
2309 2050 1921 2339 1
960 2339 908 2050 1
2339 1149 908 2050 1
360 965 361 334 1
1921 2050 1149 2339 1
965 1808 334 360 1
4001 3416 4014 2732 1
2192 3892 2568 2256 1
2292 3294 3023 3425 1
4075 2163 1015 2568 1
1065 3418 3769 1975 1
1669 2563 827 1068 1
2304 1009 797 1115 1
3178 3241 2128 3317 1
761 1753 1343 2913 1
3339 1916 1068 2769 1
2563 1068 1669 2769 1
1011 1380 867 1209 1
2440 3439 2427 2692 1
716 151 144 818 1
1011 867 972 757 1
1170 56 832 1248 1
1066 30 1095 27 1
1066 24 27 1260 1
1066 1095 1070 1260 1
1066 24 1260 1070 1
848 747 169 694 1
694 1084 713 169 1
1021 908 850 836 1
559 2865 3572 1599 1
2306 458 476 463 1
476 458 460 445 1
458 489 476 460 1
1011 757 972 1578 1
3771 994 1149 2050 1
874 2227 1387 868 1
841 149 902 975 1
1126 149 975 902 1
1543 874 1387 868 1
1438 451 2518 438 1
999 715 886 748 1
1135 1062 217 1493 1
1493 217 1362 1062 1
643 2142 700 1228 1
1351 833 2142 1228 1
2003 2706 1256 2262 1
451 2518 1392 1438 1
511 2200 1552 525 1
511 485 494 490 1
511 662 526 525 1
1171 2370 2227 868 1
810 1354 2277 843 1
1082 665 526 1665 1
1724 1783 2152 610 1
1724 610 2152 1692 1
803 653 44 729 1
1378 1289 2091 1005 1
527 521 656 659 1
2849 637 1087 577 1
577 2849 588 1087 1
1820 598 1087 588 1
905 3168 1035 1913 1
2159 1204 1390 1018 1
183 956 823 914 1
1942 1797 2193 2767 1
1416 956 183 914 1
1419 1469 747 986 1
849 986 1995 1469 1
1093 1317 1039 1449 1
845 1039 1449 1093 1
2846 2608 1094 777 1
849 1469 1419 986 1
2846 777 1094 893 1
893 777 1094 1362 1
2193 1797 969 1649 1
1094 2289 777 1014 1
1094 1362 777 2289 1
365 381 382 356 1
873 3453 1096 2778 1
365 356 352 381 1
1096 3619 2554 1581 1
1096 3453 3619 1581 1
3335 963 1700 1894 1
3178 3317 963 2701 1
1099 1195 285 1535 1
1127 490 494 471 1
1127 468 490 471 1
1204 2301 1105 1480 1
1105 2803 1233 1480 1
1233 1105 1497 2574 1
2159 2035 1105 1204 1
2574 1105 1497 2159 1
616 1692 1091 1275 1
2988 616 1091 1275 1
2988 1071 616 1275 1
213 227 1109 233 1
1986 1109 227 3134 1
730 1057 1114 1038 1
927 2610 1110 3281 1
2943 123 2170 1110 1
661 613 281 275 1
1434 854 1125 2468 1
820 40 653 45 1
2273 347 2033 1041 1
3291 1119 1556 2829 1
1022 898 1126 902 1
3291 2445 1119 2829 1
649 902 157 149 1
1119 609 1556 1852 1
2987 4006 2923 2431 1
1122 1047 204 1169 1
1828 2291 905 1681 1
344 1270 337 1965 1
1270 1406 1531 1812 1
914 1373 816 768 1
1046 1373 816 914 1
70 726 76 825 1
723 726 70 825 1
2600 204 3344 1799 1
1723 409 418 2356 1
189 992 190 800 1
1047 1402 1471 1169 1
1263 1047 1169 1402 1
403 418 1636 394 1
1523 409 2356 418 1
690 309 216 695 1
469 449 479 941 1
449 475 479 941 1
3570 3590 4125 3664 1
906 1051 1246 910 1
910 906 167 952 1
1216 1146 1007 785 1
2930 1216 1007 785 1
2537 3699 1983 1138 1
435 426 444 416 1
1141 1998 1982 2038 1
435 426 416 423 1
2747 1998 1982 1141 1
39 26 838 20 1
838 26 808 20 1
808 701 838 20 1
217 1263 1622 1294 1
1483 1012 1685 87 1
1098 1685 1012 1731 1
217 1294 2057 1263 1
2910 3318 3518 165 1
1622 217 1294 1376 1
2976 3671 148 2718 1
784 72 745 48 1
745 65 72 79 1
2006 854 1061 1451 1
1222 854 2006 1451 1
1572 1569 1510 503 1
2142 833 2294 1062 1
833 2294 1202 1832 1
1014 1466 955 1202 1
1014 700 1344 1535 1
1014 777 1344 700 1
1014 1062 2289 700 1
533 544 522 664 1
533 522 1597 664 1
1002 117 624 103 1
533 544 664 663 1
533 522 519 1597 1
2767 114 1797 3046 1
930 114 2767 3046 1
1578 2767 1797 3046 1
2325 1143 1300 1164 1
3666 2104 3447 1750 1
533 544 663 3044 1
1107 799 792 830 1
1053 1078 1061 1451 1
792 799 116 107 1
156 619 1048 792 1
2108 2137 1737 1153 1
1153 1737 2021 2942 1
1737 2942 1153 2137 1
1720 533 519 1101 1
519 1101 533 520 1
542 520 1101 519 1
715 748 999 1237 1
1237 707 675 715 1
962 2196 2582 1019 1
3677 1314 3044 3707 1
1067 1247 2137 2108 1
1877 56 1020 832 1
1067 1747 1247 2108 1
1150 1020 1124 776 1
1150 832 1877 1020 1
519 481 495 482 1
507 481 495 519 1
20 26 852 40 1
507 481 519 512 1
1131 2304 797 1115 1
841 975 1022 1188 1
1126 975 885 1022 1
1134 888 752 841 1
2661 1024 467 1658 1
757 1152 817 781 1
664 510 1322 522 1
869 649 170 167 1
441 442 436 417 1
441 460 436 442 1
1245 907 1217 1167 1
424 1914 416 426 1
407 398 416 1696 1
1245 1217 1029 1167 1
444 1746 416 424 1
1322 510 664 662 1
510 1665 662 1322 1
869 992 167 170 1
869 167 992 1051 1
1488 2297 1167 907 1
1342 630 1484 694 1
1629 290 265 1016 1
972 757 817 781 1
1629 265 2794 1016 1
2018 929 1013 2544 1
1295 1022 1502 963 1
1333 1413 346 369 1
1217 1161 1721 1060 1
1295 1502 1861 963 1
1029 1217 1721 1060 1
1880 346 1333 1413 1
1333 346 1880 351 1
888 157 619 167 1
759 902 888 167 1
888 902 157 167 1
759 888 619 167 1
717 857 8 10 1
709 41 28 938 1
1622 1173 937 1376 1
937 1122 3344 1173 1
628 2496 1668 652 1
1649 1399 916 845 1
1173 1122 2964 1622 1
2407 2470 897 2916 1
1363 1000 1815 1336 1
479 470 456 484 1
484 470 456 474 1
1363 1000 1336 2067 1
643 1351 2142 1228 1
804 2741 1888 2673 1
181 172 910 156 1
2142 643 1480 1351 1
1037 352 356 1034 1
1034 356 2853 374 1
1233 1480 1052 2142 1
1480 1840 1052 1351 1
2960 2780 4042 3242 1
1097 2323 27 30 1
1363 2067 1336 1793 1
2365 580 3776 1184 1
760 1274 574 1184 1
406 395 1338 400 1
948 39 48 735 1
1188 975 1022 150 1
948 735 41 39 1
2144 1338 400 406 1
2270 933 2204 2604 1
253 248 237 227 1
3134 227 237 248 1
3630 227 237 4111 1
3134 227 4111 237 1
1848 1504 1037 338 1
2154 3168 905 1913 1
1681 2291 961 1828 1
2154 1828 961 2291 1
1187 59 715 61 1
971 652 239 1837 1
1932 2215 2086 1215 1
845 826 916 1449 1
905 954 1178 782 1
954 1403 782 905 1
954 1913 905 1178 1
1804 234 222 248 1
2021 1737 1153 1111 1
694 848 1084 169 1
1380 2916 2470 1290 1
2085 2403 2695 1946 1
1198 3018 858 1409 1
25 1198 2807 1108 1
2271 1198 25 1108 1
2271 1198 1409 3018 1
1114 1057 1809 1038 1
849 198 1114 986 1
1791 907 1384 1046 1
2665 1384 1615 1046 1
1488 907 1384 2297 1
1380 2004 1290 981 1
1380 1290 2470 981 1
1090 1189 889 169 1
1189 1090 1753 1343 1
1084 848 889 169 1
639 1072 1277 911 1
639 1277 1251 911 1
2322 366 676 2772 1
2014 1038 1809 1040 1
901 3859 2619 3312 1
1401 1277 1251 639 1
1191 967 936 855 1
936 826 2886 967 1
3838 1804 1389 248 1
846 892 1690 1100 1
846 1467 892 1100 1
760 555 574 1274 1
1097 27 1095 30 1
1097 1095 27 1260 1
1097 1260 3437 1293 1
2163 1982 1089 2153 1
1400 63 877 59 1
1459 1400 877 59 1
63 59 1186 1315 1
1186 59 1459 1247 1
1955 1422 1582 195 1
898 1320 2337 1295 1
898 759 902 1022 1
1933 1758 2140 1520 1
1933 1758 1520 1690 1
2190 1690 1758 1933 1
2190 1758 2140 1933 1
37 31 783 717 1
31 783 35 37 1
1226 1201 949 871 1
477 494 1658 1127 1
1658 1127 494 1024 1
865 1416 907 1046 1
1117 1283 974 52 1
1995 2018 1590 1712 1
907 183 1161 1060 1
2547 907 1060 183 1
2547 183 1373 907 1
907 183 1373 914 1
1207 1856 196 1453 1
569 551 1211 578 1
1728 569 1211 578 1
717 8 802 10 1
1213 242 2523 928 1
1213 2523 242 1042 1
265 248 763 272 1
947 248 763 265 1
2540 234 1804 265 1
1863 630 1422 1484 1
33 636 1662 1807 1
365 920 370 2051 1
3449 1804 947 265 1
888 850 752 759 1
902 759 752 1022 1
1804 237 947 248 1
1615 827 3031 1221 1
341 2937 2343 1411 1
888 712 799 157 1
237 1804 3838 248 1
947 237 253 248 1
1221 1443 188 1533 1
3838 3134 237 248 1
864 325 1292 1225 1
1817 183 703 1451 1
1672 925 1193 1290 1
3551 3517 3922 3492 1
775 151 172 156 1
1550 1549 151 172 1
1225 325 303 328 1
818 151 144 1549 1
1550 151 156 172 1
1881 738 692 982 1
1152 1145 1881 158 1
1101 552 533 520 1
542 520 552 1101 1
2969 3997 2098 3483 1
1422 630 807 1484 1
1155 1002 994 2050 1
3433 1002 994 1155 1
1204 1321 1506 643 1
2000 1825 1711 1832 1
1832 1825 1711 1202 1
2000 1825 1832 1255 1
1204 1321 2134 1506 1
1255 1825 1832 1202 1
1441 2630 1056 919 1
610 1151 57 886 1
886 61 1151 57 1
1467 210 771 2251 1
3956 2050 1921 2309 1
618 18 22 1032 1
1307 2385 2013 1242 1
1307 2385 2482 2013 1
2244 1232 853 1624 1
2661 467 472 1425 1
1425 1232 2244 1624 1
906 167 869 1051 1
935 425 445 411 1
190 992 869 170 1
1072 1423 604 911 1
935 445 425 443 1
1582 2412 1647 1484 1
2826 2392 186 1398 1
641 778 230 1213 1
3465 891 1423 940 1
2654 3381 3499 1272 1
2261 1112 56 1341 1
1011 1209 867 757 1
1243 1323 364 377 1
364 2429 1243 1750 1
1243 3042 364 1323 1
1243 364 3042 2429 1
1685 881 2382 1224 1
1791 907 1245 1167 1
2187 1245 1029 1167 1
1029 1185 1245 2187 1
1209 2004 981 867 1
233 227 269 228 1
2108 2152 1783 740 1
43 1063 1020 1877 1
2708 2191 1796 1354 1
1756 499 532 514 1
1421 1730 3654 1098 1
1039 845 1449 826 1
532 2172 514 499 1
1252 1014 1822 1595 1
1286 3266 1570 1176 1
1164 1483 1224 1089 1
1164 2497 1236 3017 1
1252 1493 1094 1014 1
1164 1143 2163 2788 1
3335 1700 1229 1894 1
618 1070 1032 22 1
715 1489 59 1187 1
886 1489 59 715 1
683 1489 715 1187 1
886 683 1489 715 1
1258 858 3459 14 1
1198 1258 2807 1108 1
1237 1116 999 1032 1
999 811 776 1328 1
1108 1258 2807 2101 1
1437 765 890 1320 1
1495 2114 1437 890 1
1495 890 1437 2236 1
1437 765 2236 890 1
551 552 760 555 1
1029 1217 2016 1721 1
2016 1158 1161 1217 1
1229 1502 1894 1700 1
2018 1995 929 899 1
2018 929 2544 899 1
1029 1185 2016 1217 1
444 452 435 449 1
444 416 426 424 1
940 1072 1423 1555 1
906 157 167 952 1
1217 1161 2016 1721 1
910 952 167 156 1
1072 604 1423 1555 1
910 172 952 156 1
1020 683 1227 776 1
1448 1858 2875 2060 1
1020 56 1227 832 1
1150 683 1020 776 1
1150 832 1020 683 1
2319 530 1231 3908 1
2319 3908 1231 2776 1
1821 2293 1874 1558 1
1515 2233 1231 1827 1
1047 1169 1471 204 1
1263 1047 1622 1169 1
2364 1707 2844 834 1
367 351 1880 1079 1
710 1079 342 351 1
196 1856 1778 1453 1
941 475 479 503 1
1349 993 1398 1582 1
848 169 747 1013 1
981 2004 1465 867 1
1481 514 1756 532 1
1655 1140 1721 1161 1
906 1008 172 910 1
910 1008 172 181 1
2069 1174 1085 1239 1
1085 1174 819 782 1
848 1013 1090 169 1
848 1090 889 169 1
1090 848 889 1424 1
1013 848 1090 1424 1
1077 1752 1159 2860 1
2786 2466 4019 2584 1
1328 1077 1032 1116 1
1032 1077 1159 1116 1
1077 42 810 2765 1
1881 1145 982 158 1
1881 982 1189 158 1
1753 158 1189 982 1
1176 1065 1600 1975 1
1429 703 1817 183 1
1417 878 126 1004 1
763 3449 265 290 1
367 351 1079 1435 1
710 323 1240 1079 1
710 323 1079 351 1
763 272 2055 290 1
265 763 290 272 1
2397 806 3661 115 1
928 1219 995 242 1
2673 2741 1888 2617 1
748 1095 1260 1070 1
2142 1351 1052 833 1
471 453 1024 468 1
1052 2294 2142 833 1
3864 3662 3642 3269 1
812 3203 651 1677 1
1753 1090 761 1343 1
541 1866 1267 2908 1
1510 543 1586 1572 1
1180 3051 1346 1906 1
1572 1586 1510 1862 1
999 1116 1699 2934 1
2128 3241 3127 3317 1
427 443 425 1083 1
1780 1940 1879 2427 1
1166 440 427 443 1
2192 3892 3841 2568 1
2899 1069 541 1267 1
3663 1633 3299 2892 1
3663 2892 1395 1633 1
2785 1472 1697 958 1
1848 1037 352 338 1
1608 967 1476 855 1
1241 959 2086 1128 1
796 959 1911 2092 1
1911 2086 959 796 1
2014 1038 1114 1809 1
134 2940 2318 1529 1
1748 2603 1302 940 1
1178 684 815 1223 1
1098 3654 741 1685 1
1421 3654 741 1098 1
134 2318 815 1529 1
1421 3654 2382 741 1
3654 2382 741 1685 1
1480 2005 2222 1840 1
1480 1840 2222 1052 1
2301 1506 2005 1480 1
1204 1480 1506 2301 1
1204 1105 1497 1480 1
1497 1105 1233 1480 1
963 876 3127 2337 1
1009 3127 2337 963 1
947 3449 265 763 1
248 253 763 272 1
1187 63 1486 1489 1
1479 2032 3171 1023 1
2343 1487 1192 1195 1
643 1618 1480 1351 1
918 1195 1192 1487 1
910 1025 1008 181 1
1279 106 2577 3066 1
1090 1013 1424 1457 1
2577 1279 3840 106 1
1072 1277 1562 2694 1
1114 986 198 1057 1
1114 198 1175 1057 1
730 1456 1057 1038 1
972 817 1734 781 1
918 1463 1344 1099 1
282 2509 269 302 1
31 1027 783 717 1
1209 2004 867 757 1
511 1552 662 525 1
662 511 489 485 1
995 269 1219 928 1
867 2004 1465 757 1
1339 1103 436 458 1
1339 436 441 458 1
713 855 1476 1129 1
846 1802 1758 892 1
1071 1860 2857 1499 1
886 999 1699 1915 1
1032 636 1159 1077 1
776 636 1032 1328 1
953 1071 1499 1860 1
1032 999 776 1328 1
953 1071 811 1499 1
999 2934 1699 1915 1
380 1413 369 1338 1
1099 1195 1535 1344 1
1210 1338 1413 380 1
1210 3232 1338 380 1
2913 1753 1189 982 1
2853 356 1200 374 1
1627 2768 1557 241 1
2540 1627 1557 241 1
898 1295 1022 753 1
765 1502 1861 1295 1
753 1295 1022 765 1
898 1295 2337 1022 1
321 1744 324 1808 1
443 1103 445 425 1
443 457 1103 1083 1
1009 2337 797 1861 1
765 1502 2666 1861 1
879 1622 1376 217 1
1131 1115 797 2666 1
1115 1861 797 2666 1
420 425 436 1103 1
425 445 436 1103 1
1499 811 1826 2581 1
958 905 1035 1681 1
811 2708 1499 1826 1
2984 1957 895 1593 1
2984 1387 895 1957 1
2858 1298 2776 4048 1
344 1508 354 350 1
1954 1311 384 840 1
1508 1525 350 344 1
840 361 389 360 1
1508 1348 1525 344 1
10 3 1036 5 1
524 1572 543 1510 1
1305 2968 3190 1949 1
1897 3190 1949 1305 1
2308 2720 1305 2359 1
1114 1175 2014 1809 1
1305 2720 2968 2359 1
905 1913 1035 1178 1
1073 682 722 78 1
66 607 84 682 1
66 682 84 722 1
32 33 843 1156 1
2304 1319 1009 1031 1
2003 1256 1216 2226 1
1317 3915 795 2371 1
2371 795 1317 1449 1
2282 1089 1442 1911 1
1317 1449 795 1383 1
774 1839 514 497 1
722 66 1043 58 1
2608 1303 1344 777 1
1344 777 1303 1659 1
2350 1160 1044 174 1
702 1044 2350 1160 1
1405 1044 171 174 1
999 1116 2934 42 1
1444 1054 2789 835 1
2855 1985 2798 2902 1
1270 1531 327 1812 1
1085 1222 819 1174 1
819 1222 1140 1161 1
819 1140 1222 1085 1
1531 308 327 1812 1
1210 2144 1338 3232 1
1210 4004 3232 2929 1
1210 2929 1208 4004 1
2117 1326 1251 1401 1
1251 1326 3197 1401 1
1537 1594 922 1327 1
1020 1112 43 1124 1
3433 3608 878 1002 1
1002 132 878 749 1
1048 792 116 798 1
619 792 799 116 1
1084 629 694 713 1
1048 619 116 792 1
630 1469 1342 849 1
1204 651 1353 1497 1
651 2159 1497 1204 1
893 1362 1094 1154 1
1094 1154 1362 1493 1
630 1469 859 694 1
203 1548 2802 2057 1
2057 951 1331 203 1
1548 3082 2410 2802 1
745 65 48 72 1
1315 1489 63 59 1
3743 3279 3284 1340 1
3284 3279 1182 1340 1
3184 3588 3743 1340 1
1405 861 1050 140 1
1617 3588 1340 1803 1
1617 1182 2537 1340 1
2401 974 863 944 1
1331 2057 2802 1492 1
2057 1263 1294 1331 1
906 167 1051 910 1
241 3561 947 1804 1
2331 2111 2800 1910 1
821 2669 1713 1332 1
1685 1426 821 1332 1
1233 2142 1535 700 1
1163 3231 1332 3453 1
2822 2718 148 1892 1
1332 3709 3549 3453 1
241 1804 947 3449 1
700 1535 1233 1195 1
1163 1426 1685 1332 1
946 820 653 45 1
72 946 790 784 1
729 72 946 790 1
729 946 653 45 1
1045 1430 755 835 1
1455 33 636 1662 1
843 1662 33 1455 1
241 2540 1804 3449 1
2255 971 239 1837 1
1590 730 1456 1057 1
241 2830 2540 3449 1
3810 293 2794 1440 1
1282 1302 1130 1407 1
717 8 1136 802 1
783 8 1136 717 1
8 1136 915 783 1
239 652 971 2243 1
252 644 292 254 1
3810 644 2794 293 1
2255 2243 239 971 1
2899 1450 1069 1267 1
3595 2787 1069 1267 1
1463 609 1556 1344 1
609 3291 1556 1344 1
231 3703 239 3641 1
3641 2854 239 2907 1
1091 64 1088 1692 1
1860 1091 1088 1692 1
1099 1521 1344 1535 1
1219 277 2996 282 1
172 1549 818 180 1
1142 414 415 1268 1
1142 415 414 434 1
852 26 964 40 1
964 45 40 26 1
1646 1972 1368 1355 1
810 1926 2052 2765 1
2040 2657 1672 1787 1
1355 3671 2624 2341 1
2603 779 1130 1302 1
1812 1244 1406 831 1
2765 1926 2052 3188 1
1646 2012 133 1355 1
448 434 439 456 1
448 439 434 422 1
447 448 434 430 1
447 434 448 456 1
27 23 1897 1844 1
27 1897 1335 1844 1
133 2202 2316 2012 1
752 759 138 876 1
1216 2003 1007 1146 1
1216 2003 1146 1256 1
876 759 3127 2337 1
1364 3773 564 2623 1
1364 3420 1545 2623 1
1885 2921 1358 1902 1
774 514 499 497 1
192 1301 2111 904 1
2364 2921 1885 1902 1
22 707 618 1070 1
22 1070 1032 21 1
1066 1070 22 24 1
1070 24 21 22 1
1568 2412 177 1306 1
1830 2412 177 1568 1
618 1237 1150 1032 1
1150 999 776 1032 1
1200 356 3003 374 1
1436 1150 776 1032 1
618 1150 1436 1032 1
1150 1237 999 1032 1
92 76 728 1234 1
1235 1234 728 76 1
1152 158 727 1588 1
1152 1588 727 916 1
3131 1365 2272 1635 1
1365 2411 1635 3131 1
866 848 1084 694 1
1469 848 859 694 1
722 66 1073 1043 1
66 682 722 1073 1
812 681 651 3203 1
681 2197 3203 812 1
1538 87 821 1442 1
821 1442 87 2150 1
87 821 2150 1713 1
1543 2149 80 1371 1
1538 1685 821 87 1
1371 2149 2475 1570 1
2453 1195 1411 1001 1
10 3 1074 1036 1
6 1074 10 3 1
1179 1576 2173 2234 1
875 185 716 194 1
2222 1458 1604 1840 1
3189 1247 996 2590 1
2401 1313 1075 58 1
2438 2324 2193 1810 1
2222 2229 1604 1458 1
2193 2767 1810 2324 1
2148 1376 1033 1379 1
1379 1376 2613 1493 1
4070 3676 2613 1379 1
1202 1376 1379 1493 1
1202 1376 2148 1379 1
903 546 2793 1261 1
903 529 525 1261 1
525 1261 529 2172 1
3033 1383 1206 2932 1
3033 1383 3199 1206 1
1470 1690 2190 1933 1
3033 1383 1317 3199 1
1470 846 2190 1690 1
2190 846 1758 1690 1
423 435 426 2257 1
2396 2873 2469 3884 1
2069 1125 1085 1174 1
435 423 2007 2257 1
1197 1767 1325 961 1
435 452 426 1165 1
2291 2154 1325 961 1
1519 1197 1325 961 1
1767 2291 1325 961 1
1109 1389 3134 1517 1
1951 1610 429 1563 1
1610 1563 1843 429 1
3838 3504 1389 3109 1
2810 3134 3838 1389 1
1009 963 1861 1031 1
1563 1843 429 1977 1
1009 2128 963 1031 1
1501 1385 2336 1990 1
1560 1385 2336 1501 1
3803 1396 75 2428 1
2851 75 3803 1396 1
1724 886 610 1915 1
953 2708 1499 811 1
2042 1201 1563 1558 1
846 1802 1038 1758 1
1040 1038 1809 731 1
1040 846 1038 1758 1
1809 1038 887 731 1
1307 2482 2385 2569 1
1175 2123 1475 1040 1
1528 3587 3230 1404 1
853 3587 1528 1404 1
1021 754 960 1397 1
1021 841 754 1397 1
1656 2123 201 1175 1
2300 1241 2086 1128 1
2309 2050 960 1397 1
537 1572 524 503 1
1480 1506 1618 643 1
524 1572 1510 503 1
541 2066 548 536 1
548 536 2066 1884 1
1713 3619 2554 1096 1
3549 3453 3619 1096 1
1155 2050 1188 841 1
1397 841 754 1188 1
841 1022 754 1188 1
1141 114 1998 1794 1
1743 1029 2745 1185 1
1998 1794 114 2767 1
1056 919 1585 1318 1
1643 1412 1461 1306 1
1098 1212 3654 1685 1
1808 965 334 321 1
965 1808 1530 321 1
1412 1643 1461 3007 1
950 636 688 1807 1
1948 636 688 950 1
1786 1948 688 950 1
1218 2535 1924 1447 1
1530 1687 321 1808 1
449 980 469 1165 1
3307 1628 2318 1888 1
2318 134 815 1628 1
2370 96 2740 2855 1
2677 3654 1421 1730 1
1427 967 1191 855 1
1152 158 1588 1191 1
1421 2677 2382 3654 1
2343 1406 1192 1487 1
2040 650 2657 1787 1
1991 1378 186 1774 1
2322 2971 386 2772 1
650 2433 2205 2657 1
1005 1378 1991 1774 1
2322 676 388 2772 1
748 1162 1076 1699 1
2057 893 1154 217 1
437 431 2124 1485 1
105 726 723 92 1
1376 217 1294 1154 1
2057 1154 1294 217 1
311 307 324 1726 1
1357 324 311 307 1
2313 1208 1761 2144 1
2623 564 3156 4025 1
1965 337 1922 327 1
1965 1270 327 1812 1
1965 1270 337 327 1
1142 1268 415 407 1
1965 1812 327 1922 1
2368 2890 665 1432 1
1844 1897 1335 2308 1
2661 1232 1425 472 1
1844 2308 1534 856 1
2894 561 564 3156 1
467 1658 477 1425 1
167 156 1107 619 1
952 1107 167 156 1
952 1550 1107 156 1
2661 1658 1425 1232 1
1538 1426 2591 821 1
303 328 325 312 1
1197 127 961 1193 1
649 698 1126 149 1
2664 325 1225 328 1
649 167 906 157 1
561 564 3156 2623 1
1099 609 1344 1521 1
1426 86 821 1332 1
1163 3231 1426 1332 1
1163 881 1426 1625 1
1426 1625 881 2290 1
1538 2290 2591 1426 1
502 478 1428 824 1
816 1373 827 1443 1
1615 1384 827 816 1
906 869 167 649 1
827 1384 2498 1373 1
478 1428 1971 502 1
1344 1521 609 3606 1
2261 1063 56 1112 1
945 630 1484 1342 1
655 1056 1318 919 1
308 1199 764 1852 1
1071 1341 2581 2792 1
1071 811 1499 2581 1
502 1433 478 1203 1
1071 811 2581 2100 1
502 1203 941 1433 1
1071 2100 2581 1341 1
2792 1071 1499 2581 1
709 41 938 1117 1
709 41 974 46 1
41 709 974 1117 1
2710 1678 1716 1302 1
1388 299 1676 1463 1
1676 1463 299 1852 1
1524 854 1434 2468 1
1865 1852 1676 299 1
838 1118 735 15 1
838 1118 15 808 1
1678 3412 1716 1302 1
2006 854 1434 1061 1
1678 2640 1716 3412 1
1130 1302 779 1407 1
779 1407 1302 605 1
1407 605 779 1555 1
609 3291 1344 3606 1
1344 3291 2608 3606 1
3710 2747 1982 4079 1
4079 1141 1982 2038 1
4079 1982 3710 2577 1
1378 1289 1991 186 1
1378 1289 1005 1991 1
2747 1141 1982 4079 1
4079 2038 1982 2577 1
748 1691 1293 1162 1
1162 1691 1293 34 1
748 1691 1162 1116 1
1353 921 1204 1321 1
1774 1378 1856 1000 1
3488 1839 1694 2105 1
1205 1183 2406 2543 1
1450 3595 1069 1267 1
3274 1147 1701 3217 1
2708 1860 953 1499 1
2708 1860 1088 953 1
358 679 362 3668 1
358 3668 349 678 1
796 2556 990 2109 1
3283 3980 362 680 1
1410 636 618 1269 1
1167 907 1217 1060 1
1167 1217 1029 1060 1
1029 1185 1217 1245 1
1454 1460 1879 2464 1
2222 295 2463 1711 1
2142 1052 1466 2294 1
2551 1350 2905 1035 1
1561 199 1133 1607 1
1422 1582 195 1484 1
1711 2222 2373 1052 1
283 1711 2887 288 1
1712 725 730 1113 1
2551 1352 2905 1350 1
3232 4072 1338 758 1
2638 1553 1226 1023 1
1895 96 1460 1454 1
1895 96 2740 1460 1
2370 1460 2740 96 1
927 1110 2115 3281 1
122 926 123 4068 1
951 787 1402 203 1
683 1489 832 1227 1
1288 1227 1360 1489 1
1341 1227 1112 56 1
1341 1227 1360 2100 1
181 775 172 156 1
1060 1161 1721 703 1
1721 1140 703 1161 1
2099 1727 1774 1815 1
1199 918 1192 1406 1
918 1487 1192 1406 1
839 934 1580 979 1
1116 1077 1159 2860 1
839 1580 1181 979 1
2803 2463 2028 1233 1
1984 2194 262 1441 1
308 1741 1199 1574 1
308 1812 1741 1574 1
1741 308 1531 1812 1
1328 42 810 1077 1
1328 1077 1116 42 1
1964 1081 953 2708 1
1281 810 1328 42 1
999 1281 1328 42 1
1951 1994 1238 1838 1
1238 1951 2615 1448 1
684 1628 815 134 1
1223 684 815 134 1
1811 684 1223 134 1
1057 1038 1456 887 1
1584 345 1244 349 1
2504 1406 345 1244 1
1057 1038 887 1809 1
3564 99 95 97 1
979 1505 1905 1580 1
1905 979 1422 1505 1
397 384 840 379 1
441 458 460 461 1
1152 1191 1588 1399 1
1152 1881 727 158 1
2608 2829 3584 3291 1
1556 2829 1388 3291 1
1556 3291 1388 1344 1
1720 1314 544 3044 1
3705 3088 2801 2084 1
2846 1709 3705 3088 1
1641 993 186 1778 1
2267 2581 828 1112 1
2030 581 2413 3083 1
1314 2030 2413 3083 1
3357 3345 1478 1561 1
484 483 470 474 1
2166 474 483 484 1
1017 1509 1611 2825 1
1509 1017 1611 2035 1
1040 1758 1038 731 1
1509 2035 331 320 1
1040 1758 2140 2190 1
1758 892 731 1690 1
1032 1116 1159 1260 1
1032 636 1410 1159 1
88 2569 2010 1307 1
3208 2010 88 2569 1
530 2233 1231 1515 1
2538 1231 3824 1515 1
2101 11 14 1491 1
11 2955 14 1491 1
267 281 273 291 1
273 281 267 2363 1
1517 1389 3134 2810 1
2683 1517 3134 2648 1
3881 4084 2278 1527 1
2278 508 4108 1527 1
2650 4108 1527 4140 1
3881 3488 4084 1527 1
50 1498 3137 54 1
1143 959 1982 2747 1
853 1528 1987 1404 1
1624 1528 1987 853 1
2656 2063 2197 3203 1
2589 1501 3224 1792 1
765 1022 150 1502 1
765 1022 1502 1295 1
1295 1022 963 2337 1
655 2243 2460 971 1
344 345 1270 1244 1
1244 1406 345 1270 1
655 2243 971 652 1
655 1318 2243 652 1
1318 655 2243 667 1
2243 655 2460 667 1
518 517 1542 3882 1
1325 1148 2755 1661 1
3759 1937 3620 1462 1
1778 993 186 1273 1
551 1274 542 555 1
549 551 1274 542 1
1545 2082 546 903 1
1545 903 546 2819 1
2082 1545 546 3558 1
1729 3060 3070 2828 1
1872 3060 1729 2828 1
56 1170 832 1877 1
1170 56 957 1063 1
2551 1350 1035 2818 1
254 1366 1984 644 1
868 2421 2984 882 1
1540 2204 789 785 1
3576 1168 2749 2164 1
2427 3196 2421 882 1
2412 1461 177 1306 1
1306 1461 629 2412 1
177 2219 1461 2412 1
1587 1589 1596 71 1
1833 3581 2852 2327 1
868 2427 2421 882 1
1411 1487 2343 1195 1
1131 890 1370 1606 1
2114 890 1370 1437 1
2837 1131 1370 1606 1
453 450 459 446 1
453 446 459 467 1
1024 453 459 467 1
953 1281 1915 1964 1
1233 285 1526 1195 1
999 42 1328 1116 1
2028 1233 285 1526 1
953 1964 2708 1281 1
1160 171 1044 174 1
3077 1385 3897 2336 1
1850 2067 1793 2265 1
3551 3922 2832 3492 1
365 338 352 356 1
970 1373 1669 1488 1
1470 1100 1690 1751 1
1037 338 356 352 1
2645 3277 2134 1653 1
2134 3277 3350 2459 1
1524 1451 1061 854 1
1286 2670 1291 1285 1
76 70 653 729 1
2688 2281 236 1287 1
1290 925 1193 738 1
1409 1752 2075 1159 1
2075 1159 1752 1818 1
2000 1825 283 1711 1
2369 1557 229 3983 1
2369 4141 229 1557 1
2540 1299 229 1557 1
1557 229 2540 4141 1
3044 1445 552 1720 1
3983 1557 229 1299 1
1445 3044 552 1599 1
3044 1720 552 533 1
2227 1532 3157 1642 1
560 562 1537 3714 1
2117 3226 1251 1537 1
2378 1559 3350 2459 1
1186 1400 912 1459 1
1361 1315 2041 2382 1
1186 1247 912 2590 1
1187 1486 832 1489 1
766 1886 308 1852 1
1886 2389 308 1852 1
727 1189 1735 158 1
3738 273 271 1539 1
260 1539 257 273 1
1519 1909 1494 1325 1
2157 1909 1148 1325 1
984 2844 1431 3225 1
2844 3225 984 2364 1
1301 1456 730 1038 1
2111 1802 1045 904 1
1340 1182 2537 1983 1
1182 1340 3279 1983 1
1388 1676 1556 1463 1
1556 1463 1676 1852 1
1556 609 1463 1852 1
1344 1303 299 1659 1
1388 299 1344 1303 1
380 369 758 1338 1
3232 758 1338 380 1
1650 2585 1308 2391 1
1822 1094 777 1014 1
1164 1143 1300 959 1
1822 1252 1094 1014 1
1094 2608 1822 777 1
1497 1001 700 1195 1
2747 959 1982 1998 1
1164 959 2163 1143 1
1822 1014 777 1344 1
1822 2608 1344 777 1
1469 848 747 929 1
1457 2544 1013 1424 1
389 361 1311 390 1
1017 2825 1554 1504 1
2056 361 1311 840 1
389 1311 361 840 1
1226 1619 949 1023 1
1349 2219 1356 1830 1
56 1112 1020 1227 1
1020 683 832 1227 1
1828 958 905 3168 1
1895 2740 909 1879 1
3915 113 2985 2284 1
2300 2215 2086 2698 1
1777 1282 2179 2931 1
1179 3258 3104 2254 1
1056 2043 667 1585 1
1931 3391 1442 2556 1
796 1442 1911 2556 1
796 2092 1911 1442 1
1569 941 1203 501 1
1569 1203 1510 501 1
667 1056 1585 1318 1
2150 2556 1931 1442 1
1380 2004 981 1209 1
2207 2270 933 1566 1
364 1936 772 1308 1
364 1308 772 1026 1
1691 1159 1893 2860 1
1691 1260 1893 1159 1
3439 1879 909 2740 1
1780 3439 2427 1879 1
3158 2360 1780 909 1
1162 2860 1691 3100 1
884 1608 2886 1638 1
1277 1562 1251 911 1
1915 1281 886 999 1
1072 1423 911 966 1
936 1608 2886 884 1
1571 1530 1687 321 1
2211 364 1308 1936 1
748 1162 1699 1116 1
999 1116 748 1699 1
3285 2919 3787 3730 1
776 1328 2249 636 1
811 1826 776 1328 1
1597 522 493 664 1
1597 522 486 493 1
2814 2626 943 1874 1
1730 2169 3654 1212 1
1842 1880 367 351 1
1842 1333 1880 351 1
351 367 1842 366 1
2814 1874 943 1821 1
1875 2000 1604 2229 1
1611 1509 2735 2825 1
1875 2000 1832 1604 1
2000 1875 1832 1711 1
1447 1477 2535 1924 1
1509 1611 331 2035 1
1611 2027 1554 2825 1
3667 1850 2480 2023 1
3869 1147 3065 1701 1
1490 2837 2118 1337 1
2114 1370 1490 3315 1
1338 370 395 411 1
2325 1483 2482 1164 1
1307 2482 1483 2013 1
741 1685 2382 1224 1
420 1103 436 1339 1
420 436 441 1339 1
2016 1158 1217 1185 1
1743 2016 1185 2285 1
3184 3588 1340 1617 1
2456 934 3522 1580 1
2189 2456 3522 1580 1
557 1182 1617 3284 1
1096 1581 2521 1297 1
2199 1864 3588 1617 1
1096 3453 1581 2778 1
2401 974 58 863 1
761 1343 673 3593 1
144 875 714 716 1
958 1681 2852 1697 1
1436 950 1948 1786 1
1586 2713 1889 3143 1
1508 1954 354 350 1
37 783 1136 717 1
783 1136 35 37 1
1954 1525 350 1508 1
364 2944 2391 1026 1
2392 993 186 1398 1
354 1377 350 1954 1
364 1308 1026 2391 1
922 2682 1594 639 1
364 1308 2391 2211 1
2481 2391 364 2944 1
2682 3069 1594 639 1
1307 2482 2010 2325 1
779 1439 1555 940 1
1237 675 1150 999 1
1070 707 618 1237 1
618 1237 1032 1070 1
618 707 675 1237 1
618 675 1150 1237 1
3115 3052 2595 1627 1
221 224 1299 1627 1
2540 221 1299 1627 1
1001 341 679 678 1
1001 341 678 2343 1
2540 234 221 1627 1
1001 2343 678 831 1
1448 1951 2615 1858 1
2726 147 1904 2687 1
643 1353 1204 1321 1
643 1204 1353 1497 1
1858 1610 1951 1563 1
969 1797 1241 845 1
1627 234 2595 3115 1
2013 2385 2132 1242 1
1637 937 1648 2106 1
345 368 3406 1348 1
1353 700 643 1497 1
869 189 1246 992 1
1246 1051 992 189 1
1246 189 1008 1025 1
1246 1051 189 1025 1
1186 1459 912 1247 1
1360 1227 56 1489 1
1341 1227 56 1360 1
1249 883 957 1170 1
883 56 957 1170 1
3733 1294 1993 1154 1
2688 1287 236 1601 1
782 954 1178 684 1
1705 3401 1121 1546 1
2084 1094 1473 1154 1
2613 1154 1094 1493 1
2829 2782 1601 3584 1
1390 1634 1018 1204 1
1390 3530 1018 1634 1
1634 3530 2422 3277 1
2140 1758 731 1520 1
1040 1758 731 2140 1
3073 960 2430 3317 1
886 1699 748 57 1
999 886 1699 748 1
2426 2566 2248 3592 1
1199 1406 1192 1574 1
1188 1022 1894 3319 1
3085 2170 134 2625 1
1368 136 2170 134 1
1257 1560 1023 1619 1
1502 1022 3319 1894 1
3000 1294 1993 3733 1
1924 1447 1477 3039 1
2427 2486 1940 2421 1
1780 2486 1940 2427 1
1237 1116 1032 1260 1
1780 1940 1642 1879 1
1940 1879 2427 2227 1
2427 2486 2421 3196 1
1260 1818 1893 1159 1
4009 2231 2758 2583 1
43 1786 1436 1124 1
1436 950 1786 43 1
3130 3038 2535 1477 1
1712 2018 1590 725 1
1712 1590 730 725 1
725 1712 2018 899 1
993 1830 1356 1375 1
993 1375 1356 2392 1
1595 1379 2989 1252 1
1637 2106 1648 2528 1
3360 1379 2989 1595 1
1346 3051 945 1906 1
354 1377 1954 840 1
1346 1906 945 2959 1
1561 2299 1640 1133 1
1520 1758 731 1690 1
1266 1783 2108 2152 1
957 1137 1660 883 1
100 3856 2680 2999 1
2878 3851 1620 3555 1
1183 2827 2406 2543 1
2788 1143 2163 1015 1
1115 1009 1861 1031 1
1115 1009 797 1861 1
822 800 767 1382 1
608 170 685 1382 1
608 170 1382 767 1
685 170 1370 1382 1
18 1410 837 1514 1
837 1410 1269 1514 1
629 713 1306 694 1
713 1643 629 1306 1
1624 1232 853 472 1
1425 1232 1624 472 1
397 1268 1667 384 1
397 407 1268 384 1
1163 1625 1426 3231 1
1550 156 952 172 1
2270 2241 2233 2597 1
1426 86 1625 2290 1
567 2623 3773 2015 1
564 3773 567 2623 1
2623 564 4025 567 1
1004 1149 1920 3771 1
1325 1148 1403 1767 1
2116 2568 3045 2192 1
2116 2621 2568 2192 1
3522 1580 1905 195 1
1607 3522 199 195 1
199 3522 1905 195 1
2197 1677 3203 812 1
879 937 1637 1376 1
1463 1192 1344 299 1
918 1195 1344 1192 1
1255 879 1637 2578 1
879 1376 1637 2578 1
3045 2568 2256 2192 1
1646 2168 927 133 1
1282 1302 1763 1130 1
1644 1912 1927 145 1
974 1313 58 1283 1
709 974 1283 46 1
1117 709 974 1283 1
38 1918 32 2641 1
2931 1302 1282 1740 1
426 1392 435 1165 1
884 1638 2886 2348 1
1766 2376 1773 3501 1
1886 1106 308 2389 1
1638 3038 2452 4023 1
2830 2794 2540 3449 1
3177 1375 2245 1937 1
1393 1612 961 127 1
142 133 2316 1355 1
1726 1420 1394 286 1
1726 286 1394 311 1
1861 1502 1700 963 1
1355 133 2316 2012 1
1644 1223 145 3306 1
1031 963 1861 1700 1
1644 1507 145 1223 1
1395 2892 2358 1633 1
1031 1861 1229 1700 1
1395 112 1612 2358 1
1229 1502 1700 1861 1
1210 388 1208 2929 1
1288 886 1489 59 1
64 1266 2214 2152 1
1289 3756 2736 2935 1
2214 1732 64 2152 1
2786 4019 2978 2584 1
1016 290 265 3449 1
1016 265 2794 3449 1
834 1857 1707 997 1
2364 1902 1707 834 1
1707 1857 978 997 1
2364 1795 1707 1902 1
2364 1885 1795 1902 1
1641 1398 186 993 1
2937 1406 2343 1487 1
938 1117 52 1283 1
828 2581 2674 736 1
1344 777 1659 700 1
770 1303 2608 777 1
1399 1191 1588 967 1
1399 967 1588 916 1
2955 3647 3459 25 1
1242 1976 1400 1186 1
2817 1530 1687 1571 1
1325 1403 2154 2291 1
2154 1403 1325 954 1
3019 2406 2386 1205 1
2386 2406 1412 1205 1
341 2343 1001 1411 1
2453 341 679 1001 1
3993 3818 3200 3415 1
3415 4103 3993 3818 1
199 1607 1561 1674 1
1072 1562 604 1891 1
1072 604 1562 911 1
2668 3994 3244 3971 1
1483 741 1685 1012 1
2092 1442 1538 1089 1
1483 959 2092 1089 1
3244 2966 2658 3994 1
1409 1752 1077 2765 1
843 2271 1455 2052 1
1483 1538 1224 1089 1
1483 1224 1685 741 1
1409 2075 858 1159 1
2517 1664 2133 1680 1
3586 2417 1743 2285 1
618 1410 18 1032 1
3615 3212 1927 2517 1
1952 2878 3964 2454 1
1258 1410 2515 1514 1
858 1258 1410 2515 1
4114 2254 2474 4024 1
1172 1716 1763 1302 1
1849 1716 1763 1172 1
133 2202 2012 2168 1
1646 133 2012 2168 1
2168 2202 2012 2206 1
2012 2168 2206 809 1
1172 1763 2931 1302 1
1355 1646 2012 809 1
1072 1891 604 1555 1
3667 1850 2023 1727 1
1727 1850 2023 2067 1
1296 1562 2694 1683 1
1266 1724 2678 1288 1
2694 1562 1072 1891 1
277 2746 289 282 1
578 1184 551 580 1
2365 580 1184 578 1
1312 187 1044 174 1
551 1274 1184 578 1
1461 1412 177 1306 1
2543 2406 1205 1461 1
2401 1313 974 46 1
2401 46 1075 1313 1
974 46 1313 1283 1
367 1842 380 1413 1
1749 867 972 1011 1
469 980 451 1165 1
1749 913 1578 972 1
1415 1097 1095 30 1
1749 1011 972 1578 1
999 683 776 811 1
199 2395 1955 1133 1
3407 2295 3215 3403 1
3407 2295 1706 3215 1
1133 1968 1641 1955 1
199 195 1955 2395 1
3215 2558 1706 3407 1
466 1166 1702 1083 1
1166 440 447 427 1
3728 3407 3215 3403 1
447 440 1166 448 1
212 1703 1028 839 1
3215 3728 2558 3407 1
3176 2398 554 3927 1
1754 2488 3840 106 1
2456 3260 934 1028 1
1418 1272 1577 1064 1
1418 2185 1272 1064 1
849 1419 198 986 1
849 198 1419 1342 1
895 2149 1957 1387 1
1593 1957 895 2663 1
532 2258 535 3081 1
3240 3052 3115 2753 1
1705 2688 1601 2473 1
1765 145 1912 1644 1
1507 1765 1644 145 1
770 2473 1705 2951 1
1049 1361 1486 741 1
770 2951 1705 2846 1
770 1705 1253 2846 1
2753 3052 3115 2491 1
1090 1424 1753 761 1
313 2178 2059 1708 1
228 242 233 794 1
271 291 273 2184 1
1499 3137 54 50 1
1588 967 1191 1427 1
1129 1427 967 1588 1
1427 1084 889 1129 1
854 1174 1125 1684 1
344 1270 1965 1244 1
1414 2894 1326 4033 1
1133 199 1968 1955 1
2292 3294 3425 2135 1
1669 827 1373 1431 1
970 1373 183 1429 1
1444 1429 970 703 1
1817 1429 1444 703 1
755 1857 997 1430 1
970 1373 1429 1917 1
953 1281 2708 811 1
1068 1916 1431 2769 1
1068 1431 1669 2769 1
2272 3131 1953 3547 1
1583 1139 1635 3131 1
986 1057 730 1590 1
2118 1824 1391 1606 1
1114 730 1995 986 1
2438 1810 2193 1578 1
2042 1821 1874 1558 1
163 1131 2837 1606 1
2837 1606 2118 163 1
2222 1458 1840 2005 1
1723 394 403 1673 1
403 418 1723 421 1
403 1723 418 394 1
613 268 275 264 1
613 2194 268 264 1
1459 877 61 59 1
2384 3020 1725 2065 1
1459 59 1747 1247 1
351 1435 348 335 1
348 353 335 1435 1
1681 905 1828 958 1
1435 351 1079 335 1
2785 1681 1828 958 1
1679 1654 2968 11 1
1679 1654 1335 2968 1
9 21 18 1335 1
2160 2231 3669 2167 1
1252 1379 2613 1493 1
435 1392 2007 1438 1
1252 1014 1202 1493 1
3122 85 1981 1718 1
1202 1379 1252 1493 1
3646 640 2253 1867 1
1841 2431 2923 1119 1
1760 1119 1556 1852 1
2987 2923 3090 1841 1
2261 1137 1695 1341 1
849 1419 1469 1342 1
1717 945 2959 1342 1
2092 87 1538 1442 1
257 273 266 274 1
1483 1089 2092 1538 1
816 1443 1533 191 1
1155 2050 1739 1188 1
914 768 816 191 1
816 768 1443 191 1
3771 1155 1739 3427 1
257 273 2363 266 1
1155 1188 1739 3427 1
3771 2050 1739 1155 1
1934 2415 2655 1139 1
395 425 935 411 1
2313 440 935 427 1
2538 3824 2696 1515 1
2959 201 3040 3607 1
1542 517 1785 3882 1
2961 1785 3223 2461 1
63 1361 741 1486 1
2165 1830 1647 1582 1
1091 2652 2049 1230 1
2272 2049 1091 2652 1
969 1241 1788 845 1
2049 616 1091 2988 1
2767 114 930 1794 1
2038 1794 1998 2767 1
1995 1590 730 1712 1
1995 1469 986 929 1
2018 1995 986 929 1
1141 1998 2038 1794 1
397 1348 384 379 1
839 979 1181 1745 1
3051 979 1181 945 1
1852 766 2073 270 1
1671 118 111 110 1
1553 3171 1619 1023 1
1726 321 1420 1744 1
1726 321 1394 1420 1
1817 703 1078 1451 1
336 346 342 920 1
920 2596 1738 352 1
321 1420 1744 3730 1
2786 1289 2978 1991 1
33 1455 636 2249 1
2786 1991 2978 3514 1
1328 1077 1455 636 1
636 1077 1455 1409 1
1328 1455 2249 636 1
3360 2887 3151 3384 1
316 1106 3931 2471 1
1796 2191 1474 1354 1
810 2708 2277 1354 1
3360 3330 2887 3384 1
3360 2148 3330 627 1
725 730 2756 1590 1
1409 3296 1752 2765 1
1885 1358 1795 1902 1
1818 2022 34 1893 1
1795 1857 978 1707 1
1343 1457 761 673 1
3296 2765 2633 1752 1
1795 1358 978 1857 1
2471 1908 3839 3931 1
39 735 41 838 1
1115 1861 1229 1031 1
1421 1248 1486 1049 1
2270 2597 2233 1309 1
2858 2597 2233 2776 1
1361 63 1315 1486 1
1642 1879 1940 2227 1
1622 1047 1122 1169 1
1803 3588 566 1864 1
1622 1169 1122 2964 1
3387 3207 2764 4056 1
566 1864 2020 1803 1
1463 1556 1388 1344 1
2963 310 3004 291 1
308 1199 1852 1574 1
1173 2600 3344 1799 1
1852 1574 1199 1463 1
1138 566 2020 1803 1
3588 566 3699 1803 1
660 310 2963 291 1
1456 1038 1301 887 1
1301 2065 730 1456 1
1301 904 192 887 1
302 312 325 329 1
302 304 329 319 1
302 325 312 303 1
897 1380 2470 867 1
2390 1810 1578 913 1
2390 3163 1810 913 1
2390 1810 2438 1578 1
2887 1825 1711 283 1
2028 288 2887 1466 1
2062 930 2361 3160 1
443 1083 1103 425 1
3878 2840 3835 4094 1
3878 2840 4094 3949 1
2666 1502 3870 1229 1
1730 1596 71 1587 1
1802 1682 904 892 1
1730 71 1596 2169 1
1467 2251 892 1100 1
1045 904 1802 1682 1
1246 1051 1025 910 1
1730 71 2169 2399 1
3582 1350 1178 1035 1
2905 1350 3582 1035 1
1470 846 1690 1100 1
3677 2030 3153 3572 1
559 2030 3677 3572 1
3572 2030 3153 2143 1
1934 1695 1137 2107 1
768 914 823 191 1
533 522 544 1720 1
816 768 1373 1443 1
3760 1980 2712 3242 1
648 2712 804 1980 1
2960 3760 2712 3242 1
2014 1475 1038 1040 1
1771 1345 1650 1722 1
2602 1285 1957 1593 1
1957 1935 3894 1938 1
3244 1829 2658 2966 1
1727 1363 2067 1000 1
1850 1727 1815 1363 1
1727 1850 1815 2099 1
1850 1727 1363 2067 1
1288 886 811 683 1
1288 811 1227 683 1
718 1479 1652 872 1
2066 541 548 2889 1
1780 2486 3014 1940 1
1553 1479 3171 1023 1
3158 4053 1780 2360 1
1782 1123 2876 3266 1
1782 1123 1286 1957 1
2147 1352 118 2918 1
1286 1123 1782 3266 1
118 1352 1888 2918 1
2876 1123 1782 2149 1
2149 1123 1782 1957 1
1974 3225 1431 2223 1
3760 3644 3356 2712 1
349 1883 3128 3406 1
1309 3181 2750 498 1
1298 3181 2750 1309 1
1226 1558 949 1201 1
2293 1558 949 1226 1
976 3181 1298 1309 1
1929 3056 1006 1781 1
1391 1824 1004 1776 1
2427 2740 3439 2440 1
2427 1879 3439 2740 1
128 2994 133 3282 1
3415 1485 433 432 1
2799 2467 3577 3958 1
1488 1167 1060 907 1
2663 1782 1286 1957 1
1957 1935 1286 1285 1
1370 1337 1490 3315 1
2663 2149 1957 895 1
1634 3277 2422 2134 1
2134 2559 3350 3277 1
3324 2349 2903 2134 1
1204 2134 331 3324 1
2093 2559 3350 2134 1
2802 1253 1492 2057 1
2615 1951 1238 1838 1
639 3226 1251 1401 1
1493 1362 2289 1062 1
1493 1062 2289 1014 1
2116 2192 2205 650 1
2126 1779 3169 2097 1
2704 2898 2122 3250 1
420 392 396 411 1
417 436 420 411 1
2899 3259 1866 2713 1
420 396 421 417 1
417 420 396 411 1
2118 1495 1824 1606 1
417 420 441 421 1
1296 2122 1800 2179 1
417 420 436 441 1
1296 3250 2122 2179 1
1296 2122 2693 1800 1
1822 2347 1094 1252 1
2989 1252 1822 1595 1
796 1911 990 2556 1
2705 2592 2534 1944 1
2347 2608 1822 1094 1
2613 1493 1094 1252 1
2704 2693 2122 2898 1
2150 1442 2109 2556 1
1619 1989 1385 1560 1
2569 3208 1236 2127 1
1577 2127 1236 3208 1
1296 2693 2703 1800 1
2127 1577 1236 2621 1
2350 187 1402 719 1
1218 1814 1447 2592 1
1216 1256 3067 2226 1
2688 1287 1601 2473 1
955 2887 285 3151 1
1278 3048 2207 976 1
1208 1575 1761 388 1
1208 388 1761 2929 1
3079 161 3615 3828 1
2207 976 2212 1278 1
2804 3374 2257 1847 1
1847 3374 1831 3941 1
3634 2957 3849 3911 1
2804 3338 2424 3512 1
1674 199 1968 1561 1
2257 3374 1706 1847 1
1847 3374 1706 2295 1
1561 199 1968 1133 1
1748 2922 1602 640 1
2650 3488 1839 1694 1
2272 3547 60 1365 1
640 2328 2922 1602 1
640 1602 1748 940 1
620 3248 3640 2238 1
178 865 1791 1046 1
101 2902 3248 2855 1
3399 96 2740 1895 1
87 821 1713 1212 1
1685 821 87 1212 1
1163 1332 1212 3453 1
873 1332 3549 3453 1
709 28 41 939 1
1163 1332 1685 1212 1
907 2297 1167 1791 1
2665 1791 1384 1046 1
907 1791 1384 2297 1
178 1791 1245 1167 1
2267 2581 1499 2674 1
1554 2033 1037 1504 1
1017 1554 1037 1504 1
1017 864 2825 1504 1
1905 1580 1505 195 1
1505 1422 195 1484 1
1506 2301 2005 2340 1
2903 1506 2301 3324 1
1572 543 1586 2842 1
1499 2581 1796 2674 1
1655 1507 1644 1223 1
543 536 1866 2842 1
1586 543 1866 2842 1
2024 186 2762 1991 1
1507 1765 1655 1644 1
780 186 1273 1991 1
1646 1355 1368 809 1
809 3671 1355 2341 1
2571 1904 136 3306 1
1572 536 543 2842 1
1572 1586 1862 2842 1
3098 734 1704 3416 1
3416 734 1704 3635 1
1359 812 651 1677 1
1677 3097 1359 812 1
1730 2169 2677 3654 1
2890 544 665 1665 1
2890 665 1082 1665 1
2475 2876 1801 1176 1
1176 1975 1801 2475 1
1176 2876 1801 3266 1
1600 1975 1801 1176 1
1253 1705 2280 3099 1
2163 2497 1164 3017 1
3534 1513 481 3301 1
466 465 457 1513 1
1513 465 481 3301 1
1569 501 1510 503 1
1015 3017 3841 2568 1
1705 1121 2280 3099 1
362 357 3668 679 1
3017 2163 2497 2054 1
1181 1580 1505 979 1
475 470 479 1516 1
479 1516 470 484 1
2165 1582 1647 195 1
470 484 1516 483 1
678 3668 349 341 1
362 680 357 679 1
362 3283 680 679 1
2905 2845 115 2147 1
806 118 2918 2147 1
1350 1628 3582 815 1
841 902 888 752 1
745 65 62 51 1
1294 2057 1331 1492 1
1350 1628 1888 3582 1
1888 3582 2318 2918 1
1518 1663 2266 2728 1
982 692 1519 738 1
1724 1783 610 886 1
1266 1783 2152 1724 1
1110 1646 927 133 1
1433 1203 941 894 1
1871 2796 2121 478 1
960 1102 3317 138 1
927 1110 133 2115 1
960 850 138 752 1
960 908 138 850 1
241 1627 1804 2540 1
138 1102 908 960 1
3466 2989 1822 1595 1
2194 268 264 262 1
264 2194 262 255 1
1560 1792 1385 1501 1
2632 1485 431 1523 1
1692 953 1860 1275 1
2589 1560 1501 1792 1
1182 557 550 3101 1
2202 2206 1059 1447 1
1814 809 1447 1369 1
2012 2202 1814 2206 1
2202 2206 1447 1814 1
1983 2819 2793 903 1
1455 1077 810 2765 1
3896 3420 558 561 1
843 2052 1455 810 1
1786 1948 1436 776 1
3716 2719 2485 3932 1
1436 1150 1124 776 1
60 1953 1091 1179 1
2272 60 1953 1091 1
1954 384 1348 379 1
344 345 1525 350 1
1216 1146 785 1256 1
1779 2196 2582 962 1
577 1820 1087 588 1
2204 1216 785 1256 1
577 1728 1820 588 1
1263 2350 1402 951 1
2060 1821 1874 2042 1
2477 1821 943 2060 1
943 1821 1874 2060 1
1286 1176 67 1623 1
1291 1286 1176 67 1
613 1710 268 1441 1
1583 67 1176 1623 1
1444 2789 970 1429 1
970 703 1429 183 1
1883 3406 368 371 1
984 1885 2844 2364 1
183 956 989 823 1
2073 270 2441 1852 1
1889 2260 1586 3559 1
2260 4011 3559 1889 1
570 3622 577 572 1
3406 345 1584 349 1
570 3622 2849 577 1
1187 59 877 63 1
1187 1489 59 63 1
816 1443 1221 1533 1
1889 3259 1586 2119 1
1014 1535 955 1466 1
1018 3530 3141 1634 1
713 1806 1476 1536 1
1643 1536 1806 713 1
1124 1786 1436 776 1
1912 1664 1927 1680 1
1664 2517 1927 1680 1
1765 1158 1664 1912 1
1538 1442 2282 1089 1
1538 2282 1224 1089 1
2301 313 1105 2803 1
1538 1224 2290 1685 1
1196 2513 3667 2099 1
1902 2921 1358 1947 1
1902 1857 1707 834 1
2731 1278 1566 1540 1
1954 1348 384 1525 1
1902 1795 1707 1857 1
1076 1097 1095 1415 1
1412 2406 2891 1461 1
1306 1643 629 1461 1
2905 2845 2147 1352 1
2114 1606 1370 890 1
2114 1370 1606 2837 1
1779 1125 962 166 1
2126 1125 1779 166 1
1671 118 804 111 1
2126 1684 1125 166 1
1125 2351 962 166 1
3383 2252 3467 1907 1
2673 804 1671 1888 1
1684 2351 1125 166 1
1543 1387 2149 895 1
111 804 1671 2673 1
804 1888 118 1671 1
3383 1907 3228 3436 1
990 2086 1911 796 1
841 902 1022 975 1
1126 902 975 1022 1
1465 738 1614 1881 1
1465 1881 751 1152 1
1290 738 1193 1614 1
38 1796 1474 1354 1
1000 983 2029 1207 1
1836 2160 983 1000 1
2574 1233 2028 1526 1
2160 1896 983 1000 1
1836 1336 2160 1000 1
2167 1896 2594 983 1
2067 1336 1836 1000 1
1000 1896 983 1207 1
2270 2207 1309 2212 1
2270 2207 2597 1309 1
1852 2723 1119 609 1
3573 2441 1841 1760 1
51 735 41 948 1
1852 1841 1760 1119 1
1469 747 848 694 1
1309 2207 2597 1298 1
2207 976 1309 2212 1
1309 2207 1298 976 1
3019 2098 2969 1183 1
2723 1119 1841 1852 1
2441 2723 1841 1852 1
324 334 2375 321 1
2350 1402 187 1471 1
1103 445 436 458 1
1471 187 2350 702 1
2105 1839 1694 497 1
2105 1756 1839 497 1
425 411 436 445 1
425 420 436 411 1
511 494 485 1552 1
511 485 662 1552 1
3718 1478 1784 3741 1
1622 1122 937 1173 1
38 1474 2641 1354 1
3306 136 134 2689 1
1724 953 610 1692 1
1266 1724 2152 1692 1
1902 1947 1358 1857 1
1157 942 98 2235 1
1947 3539 1358 1857 1
1476 1477 814 1608 1
1608 967 2886 814 1
1407 605 1555 1891 1
2023 1850 2265 2067 1
3474 2265 2067 2023 1
1093 3540 2371 1788 1
1039 1449 1317 1383 1
3112 1039 1093 1317 1
1246 1025 1008 910 1
3112 3033 1317 3990 1
1015 1143 2163 1956 1
1875 2229 1604 2222 1
888 850 759 619 1
4075 1956 1015 2163 1
272 233 269 995 1
228 995 269 233 1
945 630 1863 1484 1
2871 1962 3503 1559 1
1257 2336 1560 1385 1
1874 1558 1226 1201 1
2871 2078 3503 1962 1
1315 1486 63 1489 1
1874 1558 1201 2042 1
2448 2049 1091 2988 1
2448 1230 1091 2049 1
1235 102 1234 109 1
3116 2267 2792 2714 1
1854 3930 2792 3222 1
1656 2949 2619 2123 1
1234 76 726 92 1
1234 92 726 670 1
2868 1364 564 4137 1
640 2253 1439 2003 1
3465 1439 1423 2003 1
2003 1439 1423 603 1
2003 2253 1439 603 1
3278 225 1978 2616 1
1293 1095 1097 1260 1
1418 1577 2127 1064 1
2970 871 1843 3435 1
855 1536 1476 1564 1
1296 1562 1277 2694 1
855 1564 1476 1608 1
519 1565 486 495 1
1979 2799 3958 2467 1
3015 2467 1919 1979 1
1375 2543 2827 3233 1
13 793 1335 9 1
1070 748 1237 1260 1
1237 748 999 1116 1
1237 748 1116 1260 1
1859 2073 1852 1865 1
1859 1865 1852 1760 1
2149 1123 1957 1387 1
1286 1782 1570 3266 1
134 1628 2318 130 1
1249 883 1170 1248 1
2021 1153 2722 1111 1
2056 360 840 1377 1
1617 1803 1340 2537 1
1377 2056 360 965 1
1340 1803 3699 2537 1
1111 2108 996 740 1
1617 1864 1803 2537 1
996 1153 2108 1111 1
1249 883 1587 957 1
2930 891 966 1007 1
891 639 966 1072 1
639 966 1072 911 1
2858 1231 2233 1827 1
1007 2930 2682 966 1
1572 543 536 545 1
2261 1137 1341 1660 1
2508 1231 2858 1827 1
3806 1732 3155 2130 1
1295 963 1861 2337 1
1320 1295 1861 2337 1
337 332 2131 2998 1
1150 683 776 999 1
804 2712 111 1980 1
639 966 911 922 1
639 911 1251 922 1
2657 1787 2433 1672 1
891 1072 1423 940 1
3573 1841 259 3090 1
3206 93 2798 91 1
2344 1732 2214 2152 1
3152 1635 1583 1139 1
2137 2344 2214 2152 1
1525 345 344 1348 1
2328 640 1867 1602 1
344 345 1584 1348 1
3806 2214 3155 1732 1
1934 3121 2655 1587 1
1602 640 1867 1439 1
97 94 1869 100 1
366 2772 367 380 1
2322 366 2772 367 1
1922 2817 3001 2317 1
894 1871 1433 478 1
886 715 61 57 1
610 886 1783 1151 1
886 1783 1151 61 1
610 740 1151 1783 1
1783 1747 740 1151 1
158 727 1588 1129 1
1922 2186 327 2317 1
894 2094 1871 478 1
1922 327 2817 2317 1
3352 3115 1996 3240 1
1784 1674 3357 1264 1
4026 2411 1365 3131 1
364 2211 2391 377 1
1674 3357 1561 3345 1
3345 1968 2299 1561 1
2481 364 2391 377 1
364 1750 1243 377 1
2481 377 1750 364 1
2658 3994 3718 4119 1
3049 1213 641 228 1
3049 1213 228 209 1
641 1213 230 228 1
1595 1535 955 1014 1
1521 1822 1344 1535 1
1899 1919 1194 2139 1
641 3681 230 778 1
519 1597 486 1565 1
1597 522 519 486 1
814 1477 3823 1608 1
1608 1477 3823 3038 1
814 3823 1638 1608 1
1788 2371 1093 1449 1
2300 1241 2698 2086 1
1608 3823 1638 3038 1
2532 1936 3042 364 1
1214 1310 2239 1946 1
2532 1936 2083 3042 1
1233 1195 1535 285 1
1233 1497 1195 1526 1
1218 2592 1447 1924 1
1611 2735 2027 2825 1
832 56 1227 1489 1
1187 1489 832 683 1
619 1107 799 792 1
1107 622 792 1550 1
1107 619 156 792 1
2969 3445 1882 1183 1
1112 1786 43 1124 1
1112 3119 1786 2557 1
1715 2507 1171 1603 1
2717 1171 2507 1603 1
1112 1786 1124 2557 1
1375 3673 1356 2245 1
1519 1909 1325 1197 1
738 692 1519 1197 1
2904 1755 2268 378 1
1193 738 1197 1614 1
1213 223 1042 209 1
773 778 209 223 1
718 1652 3181 2180 1
2953 718 1652 3181 1
3007 162 743 1806 1
2749 2164 4018 3576 1
1643 1536 162 1806 1
2180 3237 1304 2164 1
1452 2873 766 1886 1
1613 3260 934 2456 1
3260 1703 934 1028 1
2413 581 1853 2070 1
2285 2016 1185 1158 1
1680 2417 2285 1158 1
2661 467 1425 1658 1
2285 2417 2016 1158 1
3677 3044 4086 3707 1
1752 2860 2633 1893 1
2176 3122 1981 1718 1
1162 1691 34 3100 1
1691 1260 34 1893 1
1614 738 1197 692 1
1260 1818 34 1893 1
1480 2222 2803 1052 1
1818 1752 2022 1893 1
1752 2765 2633 2860 1
289 2509 282 2746 1
646 1512 1171 2777 1
1616 356 347 1037 1
1616 2033 1504 1037 1
2746 289 2509 3167 1
3266 1919 1899 1600 1
1899 1919 3266 1194 1
98 942 1157 2654 1
2116 1064 2621 2192 1
1742 2427 868 1903 1
1553 472 1479 1023 1
2913 1189 1343 2058 1
2913 982 1189 2058 1
1010 692 1494 982 1
1494 2913 1010 982 1
1593 1285 2663 1291 1
1570 1286 1291 2663 1
2663 1286 1291 1285 1
2405 504 3559 3214 1
2924 2630 1056 1441 1
2186 308 2911 1106 1
2186 1106 2389 308 1
1910 1870 2800 1817 1
1214 899 2544 1310 1
2428 2045 75 3803 1
2018 899 2544 1214 1
2403 899 2018 1214 1
1214 899 1310 1946 1
2800 1078 2120 1817 1
2403 899 1214 1946 1
1623 3015 1919 1600 1
2428 3879 75 2045 1
3236 3615 147 3691 1
3236 3334 3615 3691 1
3629 2360 4038 3135 1
1776 1824 1920 143 1
3061 1920 4029 3771 1
1824 3061 1920 4029 1
2013 2385 1224 2132 1
1242 1400 912 1186 1
2385 2449 1242 1963 1
1361 2041 1347 2382 1
2041 1347 2382 2132 1
2132 1347 2382 2013 1
3771 1149 1920 1921 1
1288 886 683 1489 1
201 2123 1475 1175 1
1583 3131 2612 2195 1
2619 1475 201 2123 1
1192 1406 831 1574 1
1784 1264 737 2047 1
1005 2935 2091 2649 1
901 3312 2123 2140 1
1280 1006 3472 1928 1
2350 1402 1471 1047 1
1047 1471 2350 702 1
1263 2350 1047 1402 1
901 2835 3312 2140 1
2809 259 1639 2927 1
1924 1477 2535 1190 1
1924 1190 3039 1477 1
1647 2412 1568 1306 1
1484 2412 1647 1306 1
2535 2334 1190 1477 1
2927 259 1639 3348 1
1447 1369 3039 1924 1
1447 2592 1369 1924 1
2809 1639 259 266 1
1575 669 410 388 1
1575 410 1761 388 1
410 669 1575 412 1
1577 1418 2653 1272 1
1577 2192 2733 2621 1
2325 2482 2788 1164 1
1957 1123 1935 1938 1
1787 1193 1672 1631 1
1957 1123 1286 1935 1
2542 3383 3632 3438 1
1905 1422 1955 195 1
1387 1938 1642 1123 1
2552 1054 1444 835 1
1939 1381 3333 1941 1
2767 1794 930 2062 1
2128 3127 963 3317 1
2549 297 301 2269 1
1249 883 1730 1587 1
1587 3121 2655 1589 1
2038 2062 1794 2767 1
2181 1448 1238 2615 1
2446 2181 1238 2615 1
2600 1122 2964 1173 1
2615 1238 2446 1838 1
2038 2062 2767 2324 1
2767 930 1810 2062 1
1944 2997 2592 1887 1
228 1213 242 1042 1
2969 3011 985 3019 1
2324 2767 1810 2062 1
2527 2460 1789 3501 1
2460 1789 3501 1762 1
2460 1762 3501 215 1
198 1656 201 1175 1
2789 2223 835 1054 1
2844 835 1917 2223 1
999 811 886 683 1
1288 1227 1489 683 1
2844 834 835 2223 1
2789 2223 1917 835 1
1664 1158 1161 2016 1
1140 1222 1085 2006 1
2261 1660 1341 56 1
756 2398 554 2604 1
1325 1148 1661 1403 1
2336 1385 3843 1990 1
268 287 284 262 1
1667 415 389 1268 1
1667 1311 389 840 1
923 4003 3331 2068 1
2146 3089 2049 1230 1
2471 316 1908 3931 1
2242 2146 1230 3089 1
2096 2870 646 3157 1
1052 2463 2222 2803 1
2272 3131 2652 1953 1
1564 1477 1476 1608 1
788 3914 625 1953 1
2222 2059 3102 295 1
2338 3050 3277 2975 1
2975 3626 4046 2711 1
1131 890 1606 2666 1
2366 1775 2078 1962 1
1607 199 1133 2395 1
1673 382 403 1834 1
1673 3322 3659 2681 1
2335 3160 1794 2062 1
1056 919 2630 1585 1
1272 1577 1064 650 1
970 1974 1669 1917 1
1431 1917 1669 1974 1
2654 1272 3499 650 1
548 1960 2066 554 1
548 2213 1960 554 1
112 1612 2358 1925 1
350 337 1808 354 1
1808 354 1377 350 1
350 1808 965 1377 1
832 1248 1489 1486 1
350 337 1530 1808 1
1530 1808 965 350 1
137 2624 139 3361 1
2994 3201 131 1972 1
136 2967 1972 2170 1
1368 136 1972 2170 1
961 1393 1681 2785 1
2785 1681 961 1828 1
1472 1697 2852 1833 1
1627 234 1804 2540 1
3671 139 2624 2341 1
2065 192 1456 1301 1
1045 1682 1802 2112 1
1627 3115 1804 234 1
1683 605 1282 1407 1
217 697 1263 951 1
2903 2349 2093 2134 1
2250 3276 322 2093 1
1296 2179 1683 2694 1
1296 2931 2179 2694 1
1684 1174 1125 2351 1
1244 1406 1270 1812 1
244 254 1984 644 1
3099 1709 3705 1253 1
1357 315 311 614 1
1357 333 315 614 1
1357 334 333 614 1
1357 311 334 614 1
1253 3082 3705 3099 1
1357 334 311 324 1
1357 333 334 324 1
1689 1958 3694 991 1
1970 55 3962 1503 1
1498 1970 2448 55 1
1433 1971 502 478 1
1914 1696 393 407 1
3486 3934 2986 2220 1
620 3569 2238 3640 1
266 274 270 2408 1
280 2408 270 274 1
4049 241 1557 2768 1
4049 4141 1557 241 1
2274 4141 3024 2369 1
381 356 1034 1834 1
1889 2119 1586 2260 1
1367 335 318 326 1
2247 766 280 270 1
1637 937 2106 1376 1
4022 515 2119 2419 1
2578 1376 2106 2148 1
1637 1376 2106 2578 1
1871 2121 1971 478 1
3934 2121 3511 2345 1
3760 3644 2712 1980 1
1928 1006 3472 3590 1
478 3511 2121 1971 1
2163 1143 959 1982 1
1982 2038 1998 1942 1
959 1982 1998 1942 1
3472 1006 3570 3590 1
1984 1441 254 244 1
1052 1832 1840 2373 1
1895 2740 3399 1985 1
1631 127 1193 961 1
1711 2373 1832 1052 1
2373 1604 1832 1840 1
472 1624 1987 853 1
2373 1875 1832 1604 1
3035 2076 1981 2357 1
1875 2373 1832 1711 1
2122 3462 1800 2179 1
1540 2816 1988 2697 1
1501 1792 1385 1990 1
2745 1029 2187 1185 1
1005 2935 1289 2091 1
2763 2841 3938 3731 1
2693 2122 3462 1800 1
1675 4014 3299 4060 1
2336 3108 1501 1990 1
3772 1994 1805 3898 1
466 1166 1083 465 1
1702 1166 447 427 1
1083 1166 1702 427 1
2636 3411 3833 2026 1
2315 1181 2636 1745 1
734 1704 2246 3408 1
1319 880 1009 2128 1
1726 321 1744 324 1
1009 880 3127 2128 1
2425 1771 2088 1080 1
3730 2275 3787 3285 1
1009 3127 963 2128 1
1004 878 126 1149 1
1004 994 1149 3771 1
1223 815 1529 134 1
2102 3322 2681 3659 1
3718 1784 3568 2047 1
1204 1506 3324 2301 1
1478 737 3568 1784 1
2226 1256 1757 2262 1
1616 356 1037 338 1
1616 1037 1504 338 1
2012 2202 2316 1814 1
1778 1641 993 1133 1
1133 1641 993 1582 1
3286 2425 3063 2593 1
1789 2527 667 2460 1
1806 1412 1643 1306 1
3202 896 3462 2179 1
1991 2762 2024 3514 1
2527 1789 667 2850 1
2001 1056 2043 2527 1
2043 2527 2850 2001 1
1714 106 2135 3919 1
2024 2762 4019 3514 1
720 2053 2388 2750 1
2750 3181 2953 498 1
2702 2264 572 548 1
1152 1399 1588 916 1
1649 1152 916 1399 1
1884 2264 2702 548 1
548 3367 2264 572 1
1637 1648 2724 2528 1
3312 2835 2542 2190 1
2542 1470 2190 1933 1
2210 2083 1775 3520 1
1657 3438 3860 3632 1
1328 810 2277 1455 1
811 1826 1328 2708 1
1619 949 1023 1257 1
1150 1187 832 683 1
2799 2760 1899 3958 1
2799 3577 2760 3958 1
477 1658 774 2244 1
1425 1658 477 2244 1
1659 1192 1001 299 1
1192 299 1659 1344 1
1275 1692 1091 1860 1
999 42 2934 1915 1
2331 3086 3114 3075 1
42 1281 1915 999 1
1949 858 1159 1410 1
4121 3400 3386 3900 1
664 662 665 1665 1
3148 705 3658 2080 1
795 2300 2698 2284 1
3917 85 3400 3122 1
949 871 2970 1999 1
2284 2300 2698 1666 1
2145 4047 168 4127 1
2027 2738 1554 2484 1
2484 1554 2027 2825 1
891 3465 1007 1216 1
2033 2738 2484 1554 1
2484 1554 2825 2033 1
3126 2502 1742 2302 1
2991 1544 2001 3643 1
2930 891 1007 1216 1
1216 3465 1007 2003 1
2286 1113 2756 725 1
785 2930 2682 1007 1
3372 1113 2756 2286 1
1281 811 886 999 1
2433 2407 1714 1672 1
1724 953 811 1281 1
1724 886 1281 811 1
4114 3104 2254 4024 1
2515 1410 18 1514 1
1949 2515 1410 18 1
1714 2407 2916 1672 1
223 2228 773 778 1
457 482 465 463 1
495 481 1513 482 1
4109 3972 4114 2002 1
933 2241 2398 2270 1
2779 3105 2088 3513 1
1731 1685 1012 87 1
2817 332 2131 337 1
2817 337 2131 1530 1
337 2131 1530 1808 1
1923 3416 3310 3782 1
1548 2410 203 2802 1
2427 1940 1387 2421 1
2421 1940 1387 2983 1
18 1335 2515 1679 1
9 793 1335 1679 1
2421 2602 1387 2984 1
1940 1938 1387 2983 1
2602 2421 1387 2983 1
336 346 1738 329 1
629 1306 1484 694 1
920 370 369 346 1
1738 369 346 920 1
1484 630 629 694 1
621 3505 3355 3101 1
737 1784 1478 3357 1
1738 920 346 336 1
2814 2626 1874 2293 1
3066 2038 2324 2444 1
1098 1685 741 1012 1
1098 1212 1685 1731 1
2038 2335 2444 3066 1
3813 2048 4120 3423 1
1602 779 2603 940 1
2112 987 1430 2716 1
1602 2603 1748 940 1
954 2154 905 1913 1
1129 855 967 1427 1
2112 931 987 2716 1
710 1688 1240 296 1
319 1688 296 304 1
319 710 296 1688 1
1740 1302 1282 605 1
1296 1740 2931 2694 1
2576 3686 3293 385 1
1636 381 382 365 1
403 382 381 1834 1
673 1457 761 932 1
1483 1685 1538 87 1
1483 1224 1538 1685 1
932 1310 1457 761 1
673 2196 932 761 1
3184 2199 3588 1617 1
559 3572 2175 1599 1
4140 3409 2201 3476 1
3476 3230 2201 3587 1
2278 4108 2536 3432 1
4108 3349 3432 4140 1
1388 1651 1287 2829 1
1119 1651 1556 2829 1
1119 2923 1651 2829 1
3116 2267 1341 2792 1
1695 2242 2639 2107 1
1651 2923 1287 2829 1
1556 1651 1388 2829 1
1223 1529 145 3306 1
3306 647 1529 145 1
1463 1388 299 1344 1
1388 1676 1651 1556 1
793 900 1335 1654 1
1679 793 1335 1654 1
1760 1556 1676 1852 1
2299 1641 1856 1453 1
3898 1994 1805 2158 1
2476 3585 3436 2208 1
2022 2633 34 1893 1
3097 2975 1359 812 1
313 1708 2059 317 1
2975 2711 4046 3097 1
864 1708 1225 1292 1
1818 1752 2075 2022 1
365 381 352 2051 1
3773 3279 4043 2209 1
1200 3003 3642 374 1
920 1738 2051 352 1
365 920 2051 352 1
3548 3743 2209 3284 1
3548 3795 2209 3743 1
1243 1750 1677 377 1
2429 2197 812 1750 1
2693 3462 3430 1800 1
1189 889 158 1753 1
813 1468 3527 3026 1
3527 3026 1468 1472 1
1289 186 2024 1991 1
1289 2024 2978 1991 1
837 1514 1269 12 1
1468 2680 3527 1472 1
2636 2026 3833 3872 1
433 1485 2124 432 1
1066 27 1095 1260 1
2222 1604 2373 1840 1
1696 1755 393 2156 1
1755 393 2268 3074 1
497 499 1756 514 1
3817 1640 2299 2029 1
983 1640 1207 1896 1
3572 2143 582 590 1
3983 2768 1299 224 1
2210 356 1200 2853 1
473 465 448 466 1
1083 465 1166 443 1
3186 1256 1757 3067 1
1342 1717 849 2959 1
945 979 1717 1906 1
897 2916 2470 1380 1
3071 3565 1678 2640 1
3071 2640 3238 3565 1
1323 364 377 2211 1
2532 364 2211 1936 1
867 1380 2470 981 1
3425 2407 897 2916 1
3071 3238 3055 3565 1
3071 3565 3055 1678 1
2111 1870 2800 1910 1
1494 1010 1909 692 1
1494 2157 1909 1010 1
1866 3259 1267 2908 1
1866 3259 2899 1267 1
1720 533 1101 552 1
533 522 1720 519 1
872 718 1479 2032 1
2391 2088 1771 2585 1
640 3148 2003 2226 1
2273 347 2738 2033 1
1266 1067 1783 1288 1
1724 1915 610 953 1
2678 953 1071 811 1
1288 59 1783 886 1
1724 811 2678 1288 1
1022 2337 876 963 1
1987 1528 487 1404 1
3950 3342 2618 2034 1
1361 1049 1486 1315 1
63 1315 1976 1361 1
2903 2301 317 3324 1
843 1662 2271 1108 1
1730 883 1596 1587 1
4079 2335 2577 2488 1
849 1114 1995 986 1
2488 4079 3710 2577 1
2483 3481 3012 3541 1
913 3046 1578 972 1
2336 3843 2367 2225 1
1982 3066 2038 1942 1
1649 1797 916 762 1
1049 1248 1486 1489 1
889 1735 1129 169 1
1735 1189 169 889 1
1686 3845 1736 3394 1
3049 778 1213 209 1
778 1213 209 223 1
1818 1752 1893 1159 1
1409 858 1410 1159 1
1949 1159 2075 1818 1
2829 1601 2473 3584 1
1606 1824 1391 1776 1
2124 450 433 2259 1
2394 450 2124 2259 1
2944 1080 2585 1722 1
4079 2038 2577 2335 1
842 325 303 1225 1
2585 1080 1771 1722 1
261 2320 1969 2408 1
1969 1719 2320 261 1
1729 2730 3070 3060 1
2730 2922 3070 3060 1
2321 2922 3070 1748 1
1708 842 1292 313 1
280 766 2469 3028 1
2247 766 2469 280 1
1708 842 313 2178 1
1904 647 136 3306 1
1222 2006 1174 1085 1
424 407 428 1746 1
1746 407 416 424 1
2043 1056 667 2527 1
1113 730 2756 725 1
667 2527 2850 2043 1
3568 2594 1478 3718 1
813 3026 3527 1697 1
3527 3026 1472 1697 1
813 3026 1697 2785 1
855 1084 1427 1129 1
1129 1084 889 169 1
1438 2836 2007 2081 1
2302 3702 2440 1772 1
1438 2518 2836 438 1
1774 186 1273 1856 1
813 1697 1681 2785 1
1776 1824 1004 1920 1
1606 1824 1776 1495 1
2272 60 1091 616 1
2272 60 616 3304 1
1409 1662 636 1410 1
2414 1937 1329 3904 1
636 1409 1410 1159 1
1501 1792 1990 3224 1
1856 1778 186 1273 1
2357 2662 2076 2235 1
2534 1218 1814 2316 1
976 1168 3181 1304 1
673 2582 2097 932 1
3053 2468 3169 179 1
2582 1779 2097 932 1
1168 3181 1298 976 1
9 1335 18 1679 1
4111 2991 237 1544 1
2401 944 863 62 1
2401 863 66 62 1
2903 320 3708 2250 1
954 1913 1178 684 1
2562 1838 1238 1805 1
3570 1929 1781 2511 1
1924 162 1190 743 1
1806 1190 162 743 1
1999 3187 2506 3077 1
271 2184 273 279 1
3268 1345 1805 1838 1
3077 3187 2506 2539 1
929 1013 747 2018 1
1981 2176 2076 2566 1
1766 3630 1789 1670 1
3630 1789 1670 2850 1
3137 1860 1499 54 1
1338 395 370 369 1
1734 1152 727 916 1
1734 1152 916 781 1
1734 817 751 1152 1
1670 1789 2527 2850 1
1269 12 1807 950 1
1514 1807 1269 12 1
1789 1670 2527 3501 1
1766 1670 1789 3501 1
261 1719 2320 3814 1
3175 3830 3174 2990 1
2011 3868 2393 2312 1
3934 3485 3511 2121 1
464 461 471 437 1
468 437 464 471 1
3877 3174 3214 2990 1
2355 377 3080 3111 1
3694 3064 1592 3951 1
3111 377 3080 2481 1
1540 789 933 1988 1
1871 2094 2796 478 1
2050 1002 1021 841 1
2050 1021 960 1397 1
1060 183 1161 703 1
2547 1060 703 183 1
819 1765 1655 1507 1
1540 789 2204 933 1
1765 1644 1664 1655 1
1540 1988 933 2731 1
2731 1566 933 1540 1
3874 2288 3117 3094 1
1540 1566 933 2204 1
809 152 142 3671 1
650 1787 2040 1925 1
215 1793 3501 2067 1
408 393 3497 1769 1
3261 1613 2353 2917 1
3313 3261 2353 2917 1
2265 2067 1793 215 1
2215 2086 2698 1932 1
1296 1800 1562 1683 1
3474 2265 215 2067 1
1000 1207 2029 1856 1
1000 196 1207 1856 1
1053 1451 1061 1524 1
2037 2207 1278 3048 1
447 1166 466 448 1
2053 2032 2388 2953 1
2037 2731 1278 2207 1
448 465 1166 466 1
3364 3697 1845 2072 1
1963 3364 1845 2072 1
3083 2030 576 3707 1
941 1203 469 894 1
3083 1314 2368 2413 1
3118 3520 1559 1653 1
3677 3044 2175 4086 1
1578 3046 1797 762 1
1766 1670 1773 3630 1
2835 3234 1262 2542 1
3543 2113 1632 3821 1
564 3795 2209 3548 1
3821 2113 1632 3526 1
932 1214 1457 1310 1
1815 196 1000 1774 1
569 565 577 553 1
1727 1363 1000 1815 1
2709 2738 3455 2273 1
1342 747 1469 694 1
3070 2922 1602 1748 1
630 1469 694 1342 1
1631 127 961 1612 1
1881 738 982 1145 1
2682 639 922 966 1
922 1594 2682 2926 1
1201 871 1843 2970 1
949 871 1201 2970 1
2945 3196 2427 2692 1
1724 1783 1288 1266 1
3115 237 2991 3561 1
1888 2741 804 2918 1
2503 2047 737 2387 1
2047 1264 737 2387 1
3381 2185 3499 1272 1
2185 1272 1064 3499 1
237 3561 3115 1804 1
2703 2693 3430 1800 1
1645 3111 2779 2355 1
1195 1192 1659 1344 1
1001 1192 1659 1195 1
194 716 875 818 1
2653 3469 1272 1418 1
410 1575 440 412 1
410 412 440 422 1
410 440 427 430 1
1859 1452 2073 1865 1
158 1588 1191 1427 1
1129 1427 1588 158 1
3539 2954 2342 2381 1
2073 1865 1452 1886 1
1452 1886 766 2073 1
1018 1204 1634 331 1
1111 1737 2108 740 1
3572 584 590 3571 1
1553 1619 1226 1023 1
1257 1619 1385 1560 1
2163 959 1089 1982 1
2074 3318 4047 165 1
2075 3850 3647 4135 1
1409 3296 2075 1752 1
673 1214 1457 932 1
713 1806 1643 1306 1
3850 2022 3389 2075 1
2075 1752 29 2022 1
2075 3018 3296 1409 1
2357 2176 942 2076 1
2357 1981 2176 2076 1
2040 650 2116 2657 1
2440 2740 1961 2404 1
2740 1551 1985 909 1
2326 1961 2404 1408 1
1655 684 1223 1811 1
2404 3239 1961 2326 1
3008 1885 2516 2921 1
3225 3832 984 2364 1
1208 2929 1761 4004 1
3777 3110 3812 3136 1
2510 2645 2975 812 1
2645 2975 1653 2510 1
3097 2510 2975 812 1
1635 1583 3131 2411 1
1635 3303 1583 2411 1
868 1387 2984 2421 1
575 3186 1757 3067 1
2283 3054 2483 3030 1
652 1837 2496 1668 1
363 1816 386 654 1
386 669 654 1816 1
386 401 669 1816 1
2283 3054 3963 2699 1
271 267 273 291 1
778 223 230 1213 1
1539 273 271 267 1
136 2689 2967 2170 1
700 1233 1497 1195 1
1195 1659 700 1344 1
1195 1344 700 1535 1
1001 1659 700 1195 1
3616 1839 1756 1481 1
267 2734 291 271 1
134 2689 1529 3306 1
2524 147 2726 3236 1
2524 3725 147 3236 1
1175 2140 2123 1040 1
2140 3312 2123 1040 1
2878 1620 3581 4074 1
1524 2468 1434 3053 1
1061 1524 1434 3053 1
3425 897 3023 2292 1
2808 1061 3053 1524 1
3133 1524 3053 2468 1
2808 1524 3053 3133 1
1341 2581 1112 1227 1
2581 811 1227 2100 1
3651 831 2937 1406 1
1992 1733 3862 4028 1
2079 1790 4028 3862 1
2079 1078 1790 1053 1
2079 1817 1078 1053 1
1476 1190 162 1806 1
1476 3039 162 1190 1
1924 162 3039 1190 1
2530 3987 1250 385 1
2922 705 3253 3796 1
376 2530 1250 385 1
1644 1811 1223 3306 1
1438 2836 2081 438 1
1991 1289 2935 3371 1
1830 2412 1647 1582 1
2432 1157 2235 2662 1
1923 2432 3300 3310 1
1826 2737 776 1328 1
2708 2277 1328 810 1
535 2082 532 3081 1
532 1261 2082 535 1
2846 1094 2084 893 1
1492 893 2084 1154 1
2114 1606 890 1495 1
2293 1558 1226 1874 1
1253 2846 2084 893 1
2118 2114 1495 1606 1
893 1094 2084 1154 1
360 2056 361 965 1
1377 1808 965 360 1
3824 2696 3500 2538 1
1444 1078 1817 703 1
517 1785 3223 2961 1
3824 2696 3205 3500 1
517 1785 3882 3223 1
899 725 1712 2085 1
3429 4091 3922 3492 1
3890 2305 2743 2897 1
2839 2305 3289 2897 1
684 1913 1178 1350 1
606 1282 1130 1407 1
1087 598 601 588 1
1345 2446 3002 2562 1
3890 2447 2305 2897 1
1282 1763 606 1130 1
2508 720 3529 3763 1
68 1547 76 69 1
240 2243 239 2255 1
927 3695 1280 2089 1
1627 224 1299 2768 1
2540 1627 1299 1557 1
1296 1800 2703 1562 1
2703 1800 3197 1562 1
3253 705 3148 2080 1
2922 2730 3796 3060 1
3197 1277 1251 1401 1
3429 4040 4091 3492 1
1249 1248 1486 1421 1
1810 930 2767 913 1
913 2767 1810 1578 1
894 2843 1871 2094 1
1871 3933 2796 2094 1
2224 2843 894 2094 1
1830 2543 2827 1375 1
913 2767 1578 3046 1
1384 1373 827 816 1
827 1373 2498 1669 1
1210 676 380 2772 1
1384 1373 816 1046 1
913 930 2767 3046 1
2548 2889 3176 2586 1
435 2007 1392 2257 1
1200 2580 2103 2083 1
1200 3977 3363 2103 1
1173 2106 937 1376 1
1673 3322 382 4037 1
1673 382 1834 2925 1
3790 2106 1898 1376 1
1376 2106 1898 1173 1
3176 3927 2548 2586 1
1934 2107 2415 1139 1
2107 2242 2639 1139 1
2865 2110 3853 2974 1
1104 1931 3347 2150 1
2233 530 1231 2319 1
2233 2319 1231 2776 1
936 1399 826 967 1
2586 530 2233 2319 1
3825 2319 2233 2776 1
3927 2586 2233 2319 1
3927 2319 2233 3825 1
1155 994 3771 2050 1
3433 994 3771 1155 1
1696 2156 393 407 1
397 398 407 384 1
398 2156 407 384 1
3084 3678 1250 376 1
3281 1110 2115 123 1
1697 1472 2852 958 1
1481 538 2333 1839 1
4062 1326 2117 1401 1
1724 953 1281 1915 1
1724 886 811 1288 1
2494 3572 3153 582 1
833 1832 1840 1052 1
1737 2152 2108 740 1
996 2108 1747 740 1
1247 2108 1747 996 1
2059 1458 2005 2443 1
741 1486 1049 1421 1
3572 3677 2494 3153 1
3703 2854 239 3641 1
2120 1078 1790 2079 1
3600 249 3786 1837 1
2120 1910 1817 2079 1
2800 1817 2120 1910 1
2335 106 2444 3066 1
1325 1909 1148 1767 1
2495 3160 2335 2685 1
2577 106 2335 3066 1
3024 4141 229 2369 1
2335 2685 3160 2444 1
2970 1843 1977 3435 1
1183 1882 2406 2827 1
1335 1844 793 13 1
766 1886 1852 2073 1
652 249 1668 3348 1
2389 1852 1574 308 1
628 1668 1639 3348 1
1049 1489 1486 1315 1
1852 1865 1886 2389 1
1852 1574 1865 2389 1
1886 1865 1852 2073 1
951 203 769 1331 1
1641 1582 1398 993 1
646 2096 1171 1512 1
2870 3638 2096 1512 1
2096 2870 2838 3638 1
2227 2870 2838 2096 1
1806 743 3007 1412 1
1239 1661 782 1085 1
2227 3157 2096 1171 1
1239 1174 1085 782 1
776 683 1227 811 1
1227 1112 2557 2581 1
3027 1148 1876 1661 1
1874 2042 1610 1448 1
2345 2121 3511 1971 1
1874 2042 1448 2060 1
2664 1504 1848 338 1
1858 2042 1610 1563 1
3093 329 338 1848 1
3394 3876 4077 3617 1
3324 331 2349 2134 1
2349 331 2559 2134 1
2931 1763 1282 1302 1
2349 3324 320 331 1
1291 1286 1570 1176 1
3111 2391 2944 2088 1
2944 2088 2391 2585 1
2347 1094 1473 2084 1
2723 1852 270 764 1
2846 2347 2084 1094 1
1247 2108 996 1153 1
1737 2344 2942 2137 1
638 1737 2198 3132 1
2594 1640 1478 3741 1
3718 2594 1478 3741 1
3996 3182 3638 2352 1
3674 2732 3182 2352 1
2517 2133 3212 1680 1
3873 1180 3826 2636 1
2636 3051 3873 1180 1
2278 1527 2201 1694 1
1527 2201 1694 4140 1
1463 1574 1192 299 1
1641 186 1856 1778 1
1527 4140 1694 2650 1
1098 1730 3654 1212 1
1192 1574 831 299 1
2388 1023 1560 3171 1
1032 18 21 1159 1
2167 4065 2966 3991 1
18 1949 21 1159 1
1032 1410 18 1159 1
1410 1949 18 1159 1
249 2739 1837 1668 1
4065 3991 2167 2231 1
3911 2460 1768 240 1
755 2112 987 1430 1
919 628 1441 1710 1
2243 2460 2255 240 1
2138 2333 3762 513 1
1432 563 2890 2020 1
2020 2890 1082 563 1
563 1432 3106 2020 1
3106 2451 563 2020 1
292 293 1366 644 1
292 293 644 3810 1
1301 887 1802 904 1
1566 2270 933 2204 1
2448 1091 2857 2988 1
1276 2167 1829 2966 1
136 647 2967 2689 1
2030 4007 3153 2143 1
2708 1796 2277 1354 1
4072 1338 758 400 1
2645 2429 921 812 1
2429 1321 2645 921 1
921 1321 2338 1204 1
1204 2338 2134 1321 1
1569 1862 1510 2783 1
2049 2146 1230 2652 1
1505 1422 1863 979 1
945 1863 630 1717 1
3131 2450 2272 2146 1
2146 2272 3131 2652 1
720 2053 2750 1298 1
1427 889 158 1129 1
1129 889 158 1735 1
2189 1613 1890 2456 1
389 1311 1667 1268 1
1933 1520 2140 2607 1
1933 1520 2607 1751 1
2548 2066 2889 1069 1
541 2066 2908 1069 1
1069 541 2066 2889 1
1706 1914 423 408 1
1673 3322 394 382 1
416 1914 408 423 1
3407 2558 1706 423 1
1810 3163 2390 2361 1
3623 3592 3984 3591 1
3640 101 2611 111 1
3262 101 2611 3640 1
111 101 2611 1980 1
2438 1810 2390 2361 1
1870 2552 1444 835 1
1147 2151 1701 3217 1
1928 1280 2151 3472 1
1280 927 2588 3472 1
3023 3575 3425 3294 1
393 1769 408 3215 1
3215 1914 408 393 1
2108 1783 1747 740 1
2326 2011 1851 2867 1
3790 1898 3036 1376 1
3790 3975 1898 2106 1
1609 4112 3255 3742 1
954 1661 782 1403 1
1661 1876 782 1403 1
2412 1582 807 1484 1
1815 1000 2160 1336 1
1239 1876 782 1661 1
1248 1486 832 1170 1
1881 2058 1189 982 1
1063 1170 56 1877 1
1152 738 1881 1145 1
1465 738 1881 1152 1
1150 1877 43 1020 1
1063 1170 1877 1901 1
343 2366 1962 3520 1
2638 472 1553 1023 1
627 2161 3360 2148 1
2092 1089 959 1911 1
2092 1442 1089 1911 1
2508 4048 2628 2858 1
2367 3897 2225 3843 1
97 90 2162 1869 1
720 2546 2628 2750 1
1298 2750 720 2628 1
720 4048 2628 2508 1
2628 1298 4048 720 1
2708 810 1328 1281 1
1880 351 342 1079 1
346 342 1880 351 1
1880 1413 342 346 1
319 336 1688 304 1
2492 2168 1059 2202 1
2202 2168 1059 2206 1
2324 1810 2881 2062 1
1897 3190 3389 1949 1
2444 2038 2324 2062 1
303 842 1708 2178 1
2178 2754 2059 1708 1
3167 2044 842 2178 1
2178 2754 2044 2059 1
42 2765 3100 1926 1
1708 842 1225 1292 1
1892 2718 148 3671 1
2444 2062 2881 3294 1
1064 1577 2192 650 1
2504 349 345 1883 1
2116 1064 2192 650 1
3668 341 357 1883 1
2881 2062 2361 3294 1
343 2210 347 1041 1
1774 196 1856 1273 1
343 2210 2366 3520 1
1652 3237 1304 2180 1
2672 2210 3520 2579 1
543 545 1884 536 1
2182 1897 19 3389 1
1897 3389 2182 3437 1
1594 3226 562 1537 1
1122 1169 204 2964 1
2600 204 2964 1122 1
1944 2997 1887 3251 1
1888 2741 2918 2318 1
3279 2183 2819 1983 1
2183 903 2819 1983 1
2015 2183 3279 1983 1
2900 3153 4007 582 1
482 457 465 1513 1
1513 481 465 482 1
178 1245 2187 1167 1
1121 2281 3401 2688 1
2187 1185 1245 2644 1
2745 2187 2644 1185 1
3572 3153 582 2143 1
3153 4007 582 2143 1
1891 1555 1407 604 1
1891 605 1683 1407 1
1194 2567 81 3057 1
1397 1188 754 1894 1
1320 765 2666 1861 1
3956 1397 2309 2587 1
1178 1913 1035 1350 1
2000 2064 283 1825 1
1825 2064 283 2887 1
81 3932 2567 1194 1
1724 886 1915 1281 1
2197 2063 681 3203 1
638 1737 2344 2198 1
2344 3012 638 2198 1
2344 1737 2942 2198 1
2942 3012 2344 2198 1
1063 43 1901 1877 1
56 1063 1020 1112 1
2943 123 2203 2170 1
338 329 2009 2596 1
336 1738 2009 329 1
920 2009 2596 338 1
2009 920 1738 336 1
2693 2898 3462 2122 1
3085 2203 2170 2943 1
3764 2617 125 2203 1
2116 650 2205 2657 1
1633 3300 1923 2358 1
2358 1157 3300 1923 1
2892 1923 1633 3782 1
2693 2898 896 3462 1
1650 2585 2531 1308 1
772 1308 2531 2585 1
485 489 662 493 1
1814 809 2206 1447 1
772 2580 2531 1308 1
2517 2571 1644 1927 1
2433 2407 1464 1714 1
3425 2407 2916 2135 1
100 3856 2999 3964 1
2205 2433 1464 1714 1
3784 3483 3802 2969 1
1944 3251 2982 3385 1
1949 1159 1818 21 1
934 3522 1580 1905 1
3118 1559 2622 1653 1
3541 2426 1621 3591 1
2871 1559 3503 2637 1
1655 819 1140 1161 1
4120 2048 3664 4125 1
976 2207 1298 1168 1
3570 4120 3664 4125 1
1221 827 188 1443 1
2213 1960 2642 548 1
1180 1906 1346 3607 1
2622 2833 3219 2378 1
2563 188 827 1068 1
945 1906 1717 2959 1
3031 827 188 1221 1
188 827 3031 2563 1
1161 1765 1664 1655 1
2378 2833 3219 3537 1
2871 3503 3059 2637 1
987 2381 1857 1430 1
1263 1169 1622 1567 1
1294 1263 1622 1567 1
1622 1294 1567 3000 1
1622 1169 2964 1567 1
2964 1622 1567 3000 1
1895 2740 1985 909 1
1644 1664 1927 1912 1
2211 1936 1308 2580 1
1266 1692 2152 64 1
3539 2381 2342 1857 1
2342 2381 1430 1857 1
1664 1161 1655 1721 1
1278 1566 2212 2207 1
2723 609 1852 764 1
2723 2431 2987 1841 1
2516 2383 3008 2921 1
1817 1870 1444 1429 1
1355 142 133 2624 1
3282 2624 133 142 1
1865 1852 1760 1676 1
3144 2383 1358 3539 1
2841 3731 2763 3551 1
2621 3841 2568 2192 1
2215 1128 2086 1215 1
970 1917 1429 2789 1
2300 1128 2086 2215 1
970 1974 1917 2789 1
2755 2157 1148 1325 1
1205 2406 1412 1461 1
4133 1931 3722 3347 1
1085 1174 1125 2006 1
1922 2817 332 3001 1
1922 1812 327 2186 1
2717 2866 2507 1171 1
2149 1387 1543 2717 1
2050 1002 841 1155 1
111 2611 806 804 1
1345 3002 1650 1722 1
478 3511 2796 2121 1
1441 262 268 2194 1
1143 2747 1982 3710 1
919 1710 1441 3058 1
2835 1933 2542 2190 1
2835 1933 2190 2140 1
1644 2517 1927 1664 1
2140 2607 2835 1933 1
2517 147 2571 1927 1
1335 2968 1305 1949 1
1335 1897 21 1949 1
2835 2607 2542 1933 1
223 3440 773 2228 1
2016 1161 1664 1721 1
2551 2852 1472 958 1
2327 2852 1472 2551 1
812 2197 1677 1750 1
2007 419 1392 2257 1
1243 812 1677 1750 1
1392 419 2007 2836 1
1323 1243 3042 812 1
255 2194 262 1984 1
3243 2751 3921 1104 1
2275 1420 1744 310 1
2279 2282 1442 3698 1
2129 2462 3579 2784 1
4061 3365 2884 3395 1
3285 1420 2275 310 1
1849 1678 1716 2710 1
1932 1788 2698 3365 1
1849 2640 1716 1678 1
3565 2640 1849 1678 1
3966 1678 1849 2710 1
3565 1678 1849 3966 1
945 1505 1863 979 1
2234 1576 2173 3633 1
2234 3988 2254 3879 1
3559 2405 1586 504 1
507 1513 481 2166 1
957 1695 1137 1934 1
957 1934 883 1587 1
2357 2076 942 2235 1
2357 942 1157 2235 1
885 765 150 2236 1
1495 890 2236 3246 1
2236 765 3870 2666 1
446 2124 437 453 1
2238 111 1813 101 1
2579 2083 3520 3042 1
2712 1813 111 3644 1
1387 1940 2427 2227 1
3644 1813 111 101 1
1542 1785 530 1450 1
1214 1310 932 2239 1
1214 2239 932 3519 1
1785 530 1450 2461 1
4084 508 2278 1527 1
990 2086 1215 1932 1
2011 2312 990 1215 1
3035 2076 2357 2662 1
3909 1446 2240 3408 1
4084 3488 508 1527 1
1645 2779 3111 3513 1
3513 3111 2481 2944 1
910 172 906 952 1
282 302 304 312 1
282 269 272 304 1
282 302 269 304 1
304 272 296 290 1
304 302 2055 2087 1
477 499 494 490 1
477 494 774 1658 1
467 1127 477 1658 1
293 323 1629 1440 1
2794 1629 1440 293 1
2085 725 1113 2695 1
1937 3620 1462 3673 1
969 1649 1797 845 1
1113 2695 725 2286 1
2695 2286 1113 3464 1
577 570 545 565 1
577 588 570 565 1
637 587 2849 601 1
1969 3029 3812 3136 1
408 393 1755 3497 1
3573 3998 259 2441 1
2247 270 259 2441 1
416 426 1914 423 1
1942 1998 959 969 1
3623 3984 3541 3591 1
2260 4100 1889 2419 1
2419 2260 2119 1889 1
1897 21 1949 1818 1
4141 2540 2830 658 1
3948 4100 2260 2419 1
1933 1690 1520 1751 1
1470 1751 1690 1933 1
1889 4100 2260 4011 1
2534 1944 2592 3650 1
1643 855 1536 713 1
1634 3530 3141 2422 1
1296 2704 2122 3250 1
1296 2693 2122 2704 1
688 636 1948 2249 1
1948 776 2249 636 1
1948 636 1436 776 1
2576 3293 2877 385 1
1634 2422 331 2134 1
2576 2025 3309 3293 1
2422 3141 3398 3530 1
3390 3964 3819 1952 1
2424 1847 2541 3941 1
1560 1989 1385 1792 1
350 2056 1954 1377 1
2388 3034 1989 1792 1
1560 2388 1989 1792 1
1203 501 941 479 1
2652 3131 788 1953 1
3967 2020 1432 1138 1
2758 2160 3669 1836 1
2758 2231 3669 2160 1
2124 2259 433 432 1
1710 628 2363 2457 1
2146 2652 3131 788 1
3331 1847 3407 2424 1
4118 3941 2541 4102 1
669 390 401 1959 1
390 401 1959 414 1
971 2496 652 1837 1
2460 1762 1768 3129 1
3143 1889 1586 3559 1
1889 4011 3559 3143 1
2652 2146 1230 788 1
2146 2195 1230 788 1
2385 1963 1242 88 1
2728 1663 4121 3900 1
2266 3732 3469 2185 1
42 1081 1964 810 1
1964 1281 1915 42 1
1964 42 810 1281 1
3202 3462 2122 2179 1
1966 1130 606 1763 1
2908 2787 3259 1267 1
3495 746 3688 4099 1
1755 2268 378 3074 1
3688 3321 1630 3778 1
3611 3074 2268 2400 1
3028 294 2269 305 1
3777 294 2269 3028 1
1665 510 662 924 1
3510 2956 1969 1719 1
3821 1632 2099 3526 1
3821 1632 3538 2099 1
3526 1632 2099 2649 1
3803 1396 2428 2995 1
1091 2272 2652 1953 1
2272 2330 2049 2146 1
2146 2049 2272 2652 1
1726 300 1420 286 1
1726 1394 321 2375 1
1726 300 286 307 1
2995 2045 2428 3803 1
2272 616 1091 2049 1
1726 2375 321 324 1
1726 286 311 307 1
2962 3879 2428 2045 1
1215 796 990 2109 1
990 2086 796 1215 1
539 3271 3942 3463 1
3494 3805 1132 1973 1
3879 3413 2962 2428 1
2309 960 2339 2430 1
2430 960 2339 1102 1
2309 2339 1605 2430 1
3285 2533 2275 4010 1
2324 1810 2438 2881 1
1347 1976 1361 63 1
1976 63 1400 1186 1
2881 2361 3023 3294 1
3632 3383 1933 1751 1
1442 821 2591 2279 1
2669 2279 821 2150 1
3457 2282 2279 3698 1
1442 2279 2591 2282 1
2150 1931 2669 2279 1
3632 1751 1933 2607 1
936 1039 884 826 1
2980 1638 2348 1147 1
3869 3033 1206 2932 1
90 1454 94 2464 1
3956 1397 2587 1739 1
2227 1532 2464 2838 1
1983 2819 1182 2793 1
1182 2537 1983 529 1
90 1460 2464 2370 1
2227 2464 2370 90 1
2284 3365 2884 1666 1
3343 3834 3621 2232 1
2683 1109 1986 3134 1
3088 1764 3466 2347 1
1473 3088 3466 2347 1
894 478 469 2224 1
2224 2094 894 478 1
646 2870 2096 1512 1
266 261 2408 259 1
3518 3318 3690 2074 1
1991 2762 780 186 1
266 2408 270 259 1
1090 1424 761 1457 1
1457 1310 1424 761 1
2309 1921 1626 1605 1
1835 3719 3690 3857 1
1053 1817 1078 1451 1
2865 574 2974 1599 1
2974 574 760 1599 1
3956 1921 3016 2848 1
3956 1921 1626 2309 1
305 1106 308 766 1
1994 2158 1238 1805 1
253 947 248 763 1
1646 133 1972 1355 1
1540 1988 2731 2037 1
3045 2205 1714 2657 1
2203 123 2296 2170 1
123 2617 2203 2296 1
2665 2498 2791 1592 1
2297 178 1167 1791 1
2297 1791 1384 2665 1
1139 2450 1635 3131 1
3324 317 320 2035 1
2222 2301 2005 1480 1
2387 2409 3751 3382 1
1421 741 2382 1049 1
2677 2382 1049 1421 1
3179 2609 3120 4034 1
1139 2450 3131 2195 1
2609 4045 3179 3120 1
2059 317 2005 2301 1
438 2518 2836 2303 1
438 2836 2081 2303 1
1998 1942 2767 1797 1
1346 3607 3040 3875 1
3986 2744 3895 597 1
170 1320 753 1437 1
608 1437 170 1126 1
685 170 608 1437 1
890 765 2666 1320 1
2008 3517 3551 3492 1
753 1320 765 1437 1
1916 3341 1431 2769 1
1370 1320 170 1437 1
2134 3277 2459 1653 1
3666 377 1750 3080 1
640 2226 2003 3465 1
2104 377 1750 3666 1
3465 2003 1216 2226 1
3857 3518 3318 3690 1
2622 1559 2459 1653 1
2004 738 1465 1152 1
1465 2004 981 1614 1
1465 738 2004 1614 1
2622 2378 3219 2459 1
3248 2902 3399 2855 1
3277 3219 2459 2622 1
2238 3399 1985 1895 1
2012 1646 2168 809 1
1140 1451 2006 1061 1
2006 854 1125 1434 1
2752 3261 3313 2917 1
1726 1420 310 1744 1
1766 3501 1789 1762 1
3798 2757 3664 3570 1
3570 2757 3664 4120 1
19 1305 16 3190 1
1305 3473 19 16 1
2841 3517 3551 2008 1
328 336 2009 329 1
2009 329 1738 2596 1
920 1738 2596 2009 1
2961 1785 2461 2538 1
1785 530 2461 2538 1
3235 1932 2312 4061 1
2312 1932 1215 1666 1
3173 3223 2461 2570 1
1009 2337 1861 963 1
1115 1861 2666 1229 1
2462 487 496 2402 1
3579 3536 496 491 1
2013 1224 1483 741 1
212 1028 2315 839 1
1114 1057 1175 1809 1
1175 2014 1809 1040 1
201 1475 2014 1175 1
212 839 2315 4132 1
3872 2315 2636 2026 1
3297 2760 3456 3958 1
2465 77 1396 2561 1
2851 1396 2465 77 1
3958 2760 3456 3577 1
3316 2920 538 2575 1
1995 2018 986 1590 1
1712 1995 2018 899 1
2258 538 2920 1878 1
2920 3037 538 2575 1
343 347 2273 1041 1
2709 347 2738 2273 1
3132 1737 2021 1111 1
488 1839 774 497 1
488 1694 1839 497 1
488 2650 1839 1694 1
2467 3482 3577 3958 1
1979 2467 3958 3482 1
2193 2767 2324 1942 1
2444 2335 2062 3160 1
135 2886 2348 1579 1
135 1579 2348 3065 1
1773 641 3501 2376 1
3581 3508 1620 2878 1
2922 705 2328 3253 1
705 3253 3646 2328 1
3031 827 1615 3245 1
170 1437 753 1126 1
753 765 885 1437 1
3031 3245 1615 2977 1
753 1437 885 1126 1
2962 2474 3729 3327 1
2031 523 2775 509 1
1516 484 2031 483 1
3729 3879 2474 2962 1
1479 472 872 1023 1
872 2032 1479 1023 1
872 1479 1987 472 1
1041 356 347 1616 1
1091 64 60 1179 1
1041 347 2033 1616 1
936 967 1608 855 1
936 967 2886 1608 1
814 2334 3823 1477 1
2153 1279 2577 3066 1
2535 3823 2334 1477 1
2844 1885 1795 2364 1
2577 2153 3840 1279 1
655 652 971 2496 1
651 921 1390 1204 1
1390 2338 1634 1204 1
921 2645 2338 1321 1
1321 2338 2134 2645 1
921 2338 1390 1204 1
1204 2338 1634 2134 1
1506 2301 2340 2903 1
317 2443 2340 3693 1
1355 2341 1972 1368 1
809 2341 1355 1368 1
2341 136 1972 1368 1
1157 2654 2358 98 1
1657 2476 2620 2208 1
2714 2267 1499 2674 1
978 2342 1430 1857 1
2342 2716 1430 2381 1
1361 1315 1976 2041 1
2714 2792 1499 2267 1
3246 1606 890 2666 1
3246 2666 890 2236 1
890 765 2236 2666 1
367 1210 1413 380 1
367 1210 380 2772 1
1361 741 2382 1347 1
1347 741 2382 2013 1
141 136 2571 147 1
2571 3306 145 1904 1
2687 147 136 141 1
1069 2066 2908 540 1
2347 1473 1094 1252 1
2989 2347 1822 1252 1
2846 1764 3088 2347 1
3466 2989 2347 1822 1
1650 1722 3556 2585 1
1650 2585 3556 2531 1
1147 2348 3869 3065 1
772 2531 3556 2585 1
618 950 636 1436 1
2348 1638 3065 1147 1
618 1269 636 950 1
1269 1807 636 950 1
1436 950 636 1948 1
772 2585 3556 1722 1
1226 1619 871 949 1
2484 2027 2735 2825 1
1619 949 1257 871 1
3187 1619 1385 1257 1
3235 2629 3395 4061 1
2392 1356 2826 2245 1
4125 2511 2048 1929 1
2969 1882 2406 1183 1
2353 1613 1890 2189 1
1264 2353 1890 2310 1
3011 2969 2406 3019 1
3019 2969 2406 1183 1
1123 2876 1194 2354 1
1123 2717 2354 1642 1
1123 2717 2876 2354 1
3042 2645 2510 812 1
2645 2510 1653 3042 1
2689 136 134 2170 1
856 2182 23 2308 1
134 2689 2170 130 1
3085 130 134 2170 1
2487 3338 2804 3512 1
1455 810 2052 2765 1
1409 2765 2052 3296 1
1829 2594 2658 2966 1
4043 1545 546 2819 1
3179 1849 1777 1172 1
3629 4038 1408 3135 1
2489 3521 3063 3903 1
3135 3257 4038 2676 1
1960 572 2642 548 1
575 1960 572 2642 1
4001 3416 2732 2490 1
2359 1654 1335 900 1
269 304 2055 272 1
253 272 269 2055 1
304 302 269 2055 1
2359 2720 2968 1654 1
2359 2968 1335 1654 1
1954 2056 840 1377 1
1377 350 2056 965 1
3312 2835 2190 2140 1
2490 3416 2732 4136 1
2491 2768 1627 241 1
2753 2768 2491 241 1
2448 1970 3684 55 1
1970 3684 55 1503 1
3684 3089 2448 55 1
2753 2491 3561 241 1
241 1804 2491 3561 1
241 2491 1804 1627 1
2913 2058 1010 982 1
1010 982 2058 692 1
1881 692 2058 982 1
901 2607 2835 2140 1
2510 2579 4046 1653 1
901 2835 2607 3234 1
2510 2579 3097 4046 1
3234 2607 2542 2835 1
2316 2012 1814 809 1
2012 2206 1814 809 1
1355 2012 2316 809 1
3643 1544 2001 1056 1
3643 1544 1056 2924 1
3737 3838 2493 2991 1
254 262 1984 1366 1
2493 4111 1670 2991 1
3140 582 3636 2494 1
2856 118 806 2147 1
2845 118 2147 1352 1
2856 118 2147 2845 1
110 118 2856 2845 1
1713 2766 3135 2554 1
795 1449 2371 847 1
3919 2495 3379 106 1
2488 2495 2335 106 1
795 847 2698 2300 1
576 581 2030 3083 1
3068 581 3083 3535 1
1765 1912 1664 1644 1
576 2030 581 4007 1
548 572 2702 2066 1
1677 1243 1323 812 1
316 3752 3931 2377 1
3108 1990 2230 2036 1
962 1661 1239 2069 1
2351 1174 2069 1239 1
2351 1125 2069 1174 1
3106 1770 2070 3533 1
2856 118 111 806 1
2856 111 3569 2397 1
118 110 2856 111 1
912 2072 2590 3189 1
1963 1845 2385 2449 1
2856 111 2397 806 1
3501 2583 1773 2379 1
111 110 2856 3569 1
2959 849 198 201 1
849 2959 198 1342 1
3582 1350 815 1178 1
2125 3743 3358 3902 1
1852 299 1574 1463 1
2448 1091 1860 2857 1
3149 1759 4122 3372 1
2857 1860 2448 54 1
1852 299 1865 1574 1
2756 3372 2384 1113 1
1759 4122 3372 3498 1
2857 1275 1091 1860 1
3149 3372 2384 2756 1
2857 1071 1275 1860 1
2628 1298 2858 4048 1
1309 2597 2233 2858 1
2367 3897 1284 2225 1
1309 2858 2233 1827 1
3801 2387 737 3751 1
2387 1264 737 2478 1
1309 2597 2858 1298 1
2508 2858 2628 1827 1
1085 819 684 782 1
2011 3617 1851 2393 1
2011 1851 990 2393 1
3115 3603 2595 3052 1
642 4142 2505 3382 1
1756 1839 514 1481 1
1827 2628 3763 2546 1
1481 538 1839 514 1
2628 720 3763 2546 1
1827 2508 2329 3763 1
2210 3363 1775 2083 1
2580 2103 2083 1936 1
2654 2040 2358 1925 1
2040 1787 1672 3142 1
1925 1631 3142 112 1
1925 1787 2040 3142 1
1801 3761 3297 1899 1
1157 2654 2040 2358 1
3028 766 2396 305 1
3932 3297 3761 1899 1
2001 2991 4111 1544 1
3028 2396 294 305 1
1801 1899 3297 3958 1
620 2397 3851 3569 1
2397 2611 806 111 1
620 3640 2397 3569 1
261 2320 2408 259 1
1788 1241 969 2086 1
2408 2320 2247 259 1
990 2435 1911 2086 1
1241 959 969 2086 1
1911 969 959 2086 1
290 304 2087 319 1
304 2087 2055 290 1
2408 259 2247 270 1
1085 954 782 684 1
1661 954 782 1085 1
3210 1380 867 1011 1
3210 1380 897 867 1
3067 756 554 2604 1
3176 2604 554 2398 1
3210 2292 897 1380 1
2091 1289 2736 2935 1
321 1744 1808 1687 1
1483 2092 87 1538 1
1128 2092 2109 87 1
87 2150 1442 2109 1
2326 3239 1961 3629 1
2326 1851 3239 2867 1
2003 603 1007 1146 1
2003 2706 1146 1256 1
1815 1000 196 1896 1
1815 1000 1896 2160 1
1000 196 1896 1207 1
2519 1739 3319 3428 1
482 1513 486 457 1
2974 3776 580 760 1
2286 2695 2403 2276 1
725 899 2018 2403 1
3532 3288 2526 4137 1
621 2125 3358 2526 1
2326 2404 2675 1408 1
3696 2514 2404 3239 1
1378 2437 2099 3526 1
2100 1227 1360 1288 1
2678 811 2100 1288 1
2100 811 1227 1288 1
1932 2086 2435 990 1
1108 2955 2807 25 1
1932 2086 1788 2435 1
3345 1674 1968 1561 1
2536 4108 3349 3432 1
1879 1780 3439 909 1
530 2538 1785 1515 1
2104 3203 376 680 1
530 1231 2538 1515 1
1231 530 2538 3908 1
2538 2461 2700 530 1
3908 530 2538 3478 1
2590 1247 996 1153 1
2411 3303 1583 1623 1
2867 2011 990 2109 1
268 287 286 284 1
268 286 275 276 1
1852 1463 1199 764 1
609 1463 1852 764 1
2111 2552 1444 1870 1
3348 1668 2927 2987 1
268 284 286 276 1
2786 4019 2466 3514 1
3177 1937 1329 2414 1
1934 1137 2655 2415 1
2112 1682 1467 931 1
1934 2107 1137 2415 1
3543 2841 1632 2113 1
2091 2171 3887 2649 1
542 555 1101 552 1
620 96 1895 1869 1
1720 555 552 1101 1
1653 2579 4046 2672 1
620 96 2238 1895 1
2133 1664 2417 1680 1
1680 1664 2417 1158 1
2417 1664 2016 1158 1
1341 2581 2267 1112 1
3077 3187 2539 1284 1
2708 1499 1796 3137 1
502 941 1203 1569 1
1541 2940 130 2689 1
134 2940 1529 2689 1
502 1203 824 1569 1
313 1105 2574 2883 1
2770 2632 432 2691 1
3504 3737 3109 3838 1
3838 237 4111 2991 1
2691 2770 3415 432 1
2537 1082 1983 526 1
1082 665 1983 526 1
1897 1305 1335 2308 1
2182 3437 856 23 1
3838 4111 2493 2991 1
1897 1305 1949 1335 1
3838 3134 3544 4111 1
3838 3134 4111 237 1
3838 4111 3544 2493 1
3572 583 4002 582 1
3572 2494 2175 3571 1
3572 2494 583 582 1
813 1468 3454 3527 1
1024 471 468 1127 1
1024 1127 494 471 1
813 3663 3454 1468 1
3571 583 4002 3572 1
2424 1847 3407 2541 1
2424 2541 3407 4102 1
3407 1847 2295 2541 1
3403 3407 2295 2541 1
433 446 450 2124 1
3403 3407 2541 4102 1
3048 1168 2207 976 1
3048 1168 976 2749 1
3576 1168 3048 2749 1
2181 2615 1591 2896 1
1872 2321 2828 4021 1
3791 3854 4021 1872 1
2181 2896 1591 2875 1
2284 2371 795 3915 1
2134 331 2559 2422 1
2723 2431 1119 609 1
2431 2445 1119 609 1
2723 1119 2431 1841 1
2422 3095 2559 3219 1
2559 3095 3276 3523 1
272 269 282 995 1
1923 3098 2432 3310 1
845 1241 1449 916 1
845 1797 1241 916 1
845 1649 1797 916 1
2717 1171 1603 2434 1
2434 1171 1603 2893 1
2995 2561 2428 74 1
2354 2717 1603 2434 1
2437 1196 2099 3526 1
1196 2099 1727 2437 1
927 2089 1280 2492 1
927 2168 2089 2492 1
2230 3855 2564 3198 1
1742 2440 2427 1903 1
2013 2132 1224 2382 1
2244 1658 3968 853 1
1425 1658 2244 1232 1
2427 2740 2440 1742 1
2302 2440 1742 1772 1
2502 2440 1742 2302 1
1742 2740 2440 2502 1
3573 2441 259 1841 1
259 2723 1841 2441 1
259 2441 270 2723 1
1855 1211 580 578 1
1506 3324 2903 2134 1
593 1855 2442 3768 1
846 1467 1802 892 1
2834 4049 246 3660 1
2924 3700 1544 2834 1
2924 2834 1544 1585 1
536 2842 2713 1866 1
2407 1714 2565 1464 1
980 3305 894 469 1
3189 1930 2590 2722 1
449 452 1165 469 1
3189 2072 2590 1930 1
3227 4097 2136 3966 1
1165 451 1438 980 1
2445 245 2923 2829 1
2108 2137 1153 1247 1
1247 2137 1153 2590 1
1266 1067 2137 2108 1
2431 245 2923 2445 1
2570 2458 3259 4022 1
2445 2782 2829 3291 1
2446 2181 2615 3506 1
2469 2873 766 1452 1
3506 2615 2446 2659 1
1345 1838 2659 2446 1
1452 766 2469 2247 1
1238 1610 429 1951 1
2247 1452 766 2073 1
1809 2140 1040 731 1
2570 4022 3259 3173 1
2396 2873 766 2469 1
2007 419 923 2081 1
2461 2700 2570 2961 1
3595 2570 2461 2700 1
597 2365 3721 3397 1
3433 1155 3771 2141 1
700 2142 1014 1062 1
1014 1466 1202 2294 1
1233 1466 1535 2142 1
700 643 1233 2142 1
2325 1143 1164 2788 1
60 1266 2214 64 1
2173 64 60 2214 1
2601 2173 60 2214 1
1147 4023 3065 1701 1
1228 2142 700 1062 1
2452 3065 1638 4023 1
2226 575 2061 1757 1
1705 1709 1253 2846 1
1842 1333 380 1413 1
1543 2149 1371 895 1
2866 1171 2717 1543 1
895 2149 1371 1570 1
2876 1782 1570 2149 1
2866 2149 1543 2717 1
1253 1709 3705 2846 1
2394 2259 2124 432 1
139 136 1972 2341 1
2124 2394 432 431 1
2551 118 2845 1352 1
2551 1352 2845 2905 1
2551 118 110 2845 1
2551 3508 2845 110 1
2772 1210 676 388 1
676 1210 2929 388 1
2587 1739 1894 3319 1
2587 1397 2309 2880 1
1696 371 2156 398 1
1696 398 2156 407 1
962 1019 2755 1494 1
962 2196 1019 1494 1
2587 1397 1894 1739 1
1233 1497 1526 2574 1
1454 96 1460 90 1
90 1869 94 1454 1
97 94 90 1869 1
1061 854 1434 1524 1
1448 2615 2181 2896 1
1164 959 1483 1089 1
1089 1942 959 969 1
1448 2896 2181 2875 1
1164 959 1089 2163 1
477 774 497 2244 1
2875 2181 1448 2572 1
2593 2425 3063 3521 1
477 499 497 774 1
1133 993 2165 1582 1
1133 1582 2165 2395 1
4130 2593 3063 2489 1
3332 2823 4130 2489 1
2037 1278 2731 1540 1
1566 2270 2212 2207 1
2166 1513 481 3534 1
2059 3102 2803 2222 1
2463 288 2028 1466 1
1454 1460 2464 90 1
1110 2115 123 2170 1
2180 3181 1298 1168 1
2750 2053 3181 1298 1
994 878 851 1002 1
1179 1086 2173 1576 1
1002 878 851 749 1
2173 64 2214 1732 1
1090 1457 761 1343 1
2466 3924 1271 2414 1
3874 2584 4020 2466 1
1355 3671 142 2624 1
1355 2624 133 1972 1
2599 1464 1754 1714 1
2599 2256 1754 1464 1
1219 251 977 242 1
2599 3840 1754 2256 1
2662 1157 2235 2357 1
2700 2458 3259 2570 1
1777 3250 3202 2380 1
2700 2570 3259 3595 1
2458 2961 2570 2700 1
1995 730 1590 986 1
986 1114 730 1057 1
593 1855 1728 2442 1
593 2915 1728 1855 1
1255 1637 2724 2578 1
1728 1855 2915 2455 1
2724 2578 2064 1255 1
343 1962 2871 1559 1
343 2366 2871 1962 1
1964 1081 2708 810 1
2708 1964 810 1281 1
343 1559 2871 2378 1
2471 1106 305 3627 1
294 2471 3839 305 1
1667 1311 840 384 1
1667 1311 384 1268 1
1510 1586 504 1862 1
1510 1862 504 2783 1
3214 1862 2783 504 1
1705 2473 1601 2951 1
2357 3381 2185 3499 1
3668 3287 357 362 1
1388 2473 770 2608 1
2473 1601 2951 3584 1
1586 3143 504 1862 1
3214 3143 1862 504 1
80 2876 3761 2475 1
2475 1975 1801 3419 1
1173 3344 937 2106 1
1173 3344 2106 1799 1
748 1076 1293 1095 1
748 1293 1076 1162 1
1076 1095 1097 1293 1
937 3344 1648 2106 1
2106 3344 1648 1799 1
406 2313 2188 1761 1
1164 1300 1483 959 1
1307 2325 1483 2482 1
3357 2189 1890 1607 1
1607 2189 1890 3522 1
2708 3137 1796 2191 1
1796 2573 1474 2191 1
2093 2559 3276 3350 1
3350 2559 3276 3523 1
2193 1578 1797 1649 1
969 1797 2193 1942 1
1607 1890 1674 199 1
2387 2478 737 3751 1
2029 1453 1856 1207 1
2196 761 673 3593 1
2029 1640 1453 1207 1
2299 1641 1453 1133 1
2196 761 3593 2913 1
1640 2299 1453 1133 1
2029 1453 2299 1856 1
1761 410 2313 427 1
427 2313 1761 2188 1
427 410 2313 440 1
1969 3510 3110 2956 1
3655 2605 74 73 1
3989 2513 3667 3444 1
1238 1610 1951 1448 1
2023 2332 2265 2480 1
1621 3013 82 4005 1
3984 2426 3591 3592 1
2200 494 514 499 1
2200 499 511 494 1
511 494 1552 2200 1
1720 559 1314 3044 1
559 1314 3044 3677 1
1314 3677 559 2030 1
1845 2590 1930 631 1
1689 1289 2978 2786 1
3371 2786 1289 1689 1
1289 1689 3756 3371 1
295 1875 2000 1711 1
295 2229 2000 1875 1
1711 283 2000 295 1
2579 3520 1653 3042 1
3155 2973 2344 2483 1
813 112 2785 1393 1
2785 1393 1681 813 1
3155 2501 2973 2483 1
3465 640 1439 2003 1
640 3465 1439 940 1
779 1439 940 1602 1
2486 3969 3893 3554 1
1780 89 3014 2486 1
1780 4053 2486 2360 1
4044 3969 2486 3196 1
1544 1056 2043 2001 1
2043 2001 2850 1544 1
3919 3604 2495 2685 1
4034 2609 3120 4059 1
2256 3840 1058 2568 1
1359 2975 921 812 1
2975 4046 1653 2510 1
921 2975 1359 2338 1
2975 4046 3277 1653 1
1391 1120 126 1004 1
2858 2508 4048 1231 1
1515 2508 2329 1827 1
2214 1266 2137 2152 1
1548 2280 2410 3082 1
1928 3472 3798 3590 1
1253 2280 1548 3082 1
1515 1231 2508 1827 1
2492 1374 1059 1943 1
1614 738 692 1881 1
3278 2616 1978 214 1
2616 3596 2311 214 1
3278 214 3596 2616 1
2543 2827 2406 2219 1
4022 2525 2806 2713 1
2988 54 2448 55 1
1559 3118 2622 2378 1
1559 2378 2622 2459 1
3277 2622 2459 1653 1
3277 4046 2622 1653 1
2135 3919 2565 1714 1
571 573 3533 2020 1
679 1001 681 2453 1
1488 1384 2498 2297 1
2135 2407 2916 1714 1
1373 1384 2498 1488 1
3798 2757 2985 3664 1
3856 1833 1472 1620 1
2407 1714 2135 2565 1
991 3831 1958 2947 1
3586 2417 2285 1680 1
2500 1729 3292 3628 1
1070 1260 1032 21 1
1260 24 21 1070 1
24 1260 21 27 1
1260 21 27 1818 1
1032 1260 1159 21 1
1260 21 1818 1159 1
2567 3761 3932 2485 1
1801 3761 2485 3297 1
3932 2485 3761 3297 1
2227 1532 1879 2464 1
2227 1879 2427 2370 1
2916 2292 3425 2135 1
1065 1583 1055 3712 1
902 1022 752 841 1
1176 1583 1055 1065 1
1188 1022 754 1894 1
1055 1583 1176 1623 1
1583 1623 1055 2411 1
1055 1583 4026 3712 1
1583 2411 1055 4026 1
584 3858 592 594 1
91 93 2502 2302 1
2502 2740 2404 1985 1
2502 2855 93 91 1
2502 2740 1985 2855 1
2093 3276 322 2046 1
2378 1559 2637 3350 1
2503 2946 4142 3801 1
3059 2637 2046 3350 1
2378 2637 3059 3350 1
4057 582 3471 2900 1
927 2610 3695 2089 1
1518 1663 3364 3469 1
1518 3364 2653 3469 1
2177 2610 3695 2773 1
1147 1928 2151 3217 1
4023 1943 1374 1701 1
2758 1336 2160 1836 1
2379 1336 2758 1836 1
1309 1298 2858 2628 1
2628 2858 1309 1827 1
478 1945 1971 1428 1
2842 2713 1586 3143 1
2220 1971 1945 2990 1
2345 3511 1945 1971 1
2345 1971 1945 2220 1
2990 1971 1945 1428 1
478 1945 3511 1971 1
274 3136 280 2408 1
3176 2241 2398 3927 1
1695 2792 1341 2715 1
2469 3777 3884 3812 1
3968 774 1658 2244 1
2879 1278 2037 1540 1
3271 538 3010 3942 1
3696 3239 2404 2326 1
4058 3394 2514 3574 1
2238 2902 1813 1985 1
2902 3399 1985 2238 1
2855 3399 1985 2902 1
1885 3832 2921 2364 1
1711 2463 2222 1052 1
2921 3832 1885 2516 1
2105 1839 1756 3616 1
1603 2354 3057 2507 1
843 1455 33 2641 1
688 33 2249 38 1
776 1328 2737 2249 1
33 1455 2249 2641 1
2737 2277 38 2249 1
1603 2354 2507 2717 1
688 2249 1948 38 1
1948 776 2737 2249 1
2576 3309 2877 3293 1
2648 1517 3134 2810 1
2486 1940 2421 2983 1
2486 3014 2983 3893 1
533 1720 544 3044 1
1014 700 1535 2142 1
1940 3014 2983 2486 1
1014 1535 1466 2142 1
1265 179 2468 3138 1
2810 2648 4123 3134 1
3138 179 2468 3053 1
1096 1581 805 2521 1
468 453 1024 467 1
1024 468 467 1127 1
1179 3988 2254 2234 1
2035 320 864 317 1
1642 874 2434 3157 1
3501 3681 215 1762 1
317 1708 1292 313 1
1708 864 317 1292 1
451 1438 1392 1165 1
435 1165 1438 980 1
528 2258 538 1481 1
506 2564 4011 505 1
3271 538 2258 1878 1
1401 2703 3197 1277 1
1202 2887 955 3360 1
2660 3471 582 3351 1
1202 2064 2887 3330 1
1202 2578 2064 3330 1
2660 3471 4057 582 1
1202 1379 3360 1595 1
1650 3556 3827 2531 1
3471 4057 3928 2660 1
2356 2815 409 3685 1
2412 177 2219 1830 1
1200 2532 2083 2210 1
177 2543 2219 1830 1
2580 2532 1936 2083 1
957 1063 56 2261 1
2209 3773 3279 2015 1
567 3773 2209 2015 1
3835 3580 3298 2840 1
2840 3580 3298 2077 1
3973 3747 3779 2436 1
3613 2533 3285 2362 1
564 2209 567 3773 1
2317 2186 327 2377 1
2317 2186 2377 316 1
4098 3813 3395 2629 1
1399 826 845 1039 1
2628 1827 1309 2546 1
3360 3330 3384 627 1
2933 1071 2857 1499 1
1071 2792 1499 2933 1
1695 2792 2715 3222 1
2320 2298 3029 2247 1
3960 3886 3780 2589 1
115 2856 806 2147 1
4067 3886 3960 2589 1
3763 3780 3960 3886 1
489 460 485 480 1
489 476 510 493 1
843 1662 1108 1156 1
526 511 924 662 1
3412 1144 1716 1302 1
1144 1130 1763 1302 1
476 492 510 493 1
1144 1130 1966 1763 1
3412 2640 1716 1144 1
489 510 662 493 1
3071 2640 3412 1144 1
2628 2546 1309 2750 1
1537 1594 639 922 1
1677 1323 1243 377 1
343 2210 3520 2672 1
273 279 2549 274 1
1102 2339 908 960 1
1653 2672 4046 3118 1
2554 2766 3976 1581 1
2554 2766 3135 3976 1
843 2277 1455 2641 1
2277 1354 2641 843 1
1328 2277 2249 1455 1
1826 38 2737 2277 1
2277 1796 38 1354 1
1796 2277 38 1826 1
2672 3520 3118 1653 1
1459 59 61 1747 1
3317 960 2430 1102 1
59 1783 61 1747 1
654 348 2322 353 1
348 367 2322 353 1
353 2322 386 2772 1
353 654 386 2322 1
2750 2053 2953 3181 1
2281 3829 243 1287 1
2558 408 1706 423 1
1364 3420 556 1545 1
1125 2126 3169 2468 1
1538 1442 2591 2282 1
1538 2290 1224 2282 1
3558 556 3420 1545 1
572 579 2560 575 1
1335 27 21 1897 1
587 2560 3622 589 1
27 21 1897 1818 1
587 637 3622 2560 1
2686 3124 2679 2863 1
1188 1022 3319 150 1
1502 1022 150 3319 1
2886 814 135 1638 1
3271 1878 2287 3010 1
1615 3245 1592 2977 1
2452 135 1638 3065 1
814 3823 135 1638 1
135 3823 2452 1638 1
1014 2289 777 700 1
1493 1362 1094 2289 1
1493 2289 1094 1014 1
1793 1336 2379 2067 1
2583 1336 2379 1793 1
1538 2591 2290 2282 1
115 2856 2147 2845 1
961 127 2291 1393 1
1325 1403 2291 1767 1
3508 2856 115 2845 1
1981 3122 2176 2566 1
82 2566 3013 1621 1
2426 2566 82 1621 1
2489 2684 3903 2774 1
1030 2684 3903 3772 1
2630 3058 1441 254 1
2567 2485 3932 3716 1
455 2293 2638 1226 1
2631 2293 1226 1874 1
2142 2294 1014 1062 1
1014 2142 1466 2294 1
1014 2294 1493 1062 1
1493 1014 1202 2294 1
2335 106 2685 2444 1
3919 2685 2495 106 1
1097 1260 27 3437 1
1260 1818 27 3437 1
27 23 3437 1897 1
27 1818 1897 3437 1
2444 2685 3294 3022 1
3294 2685 3919 3022 1
2495 2685 2335 106 1
1907 3692 3467 3602 1
1233 1105 2574 2803 1
3148 2262 2226 2061 1
2803 1233 2028 2574 1
847 1241 2698 2300 1
2250 2349 320 331 1
2250 2903 320 2349 1
1785 2696 517 2759 1
2696 517 2961 1785 1
2548 2889 2586 1069 1
2586 3927 2548 2901 1
2696 517 516 2961 1
2759 2696 517 2329 1
3763 3529 3041 3886 1
2828 3060 3070 2321 1
3060 2922 3070 2321 1
2568 2577 2163 2153 1
2577 1982 2163 2153 1
1872 3060 2828 2321 1
2283 2699 3963 2936 1
3963 3030 2283 2936 1
3816 2699 2283 3396 1
3062 3524 1805 3268 1
3063 3062 1805 3521 1
1778 1273 1856 196 1
1856 1641 1778 1453 1
3063 3062 1080 1805 1
3521 3062 1805 3268 1
2532 2083 2580 1200 1
2533 4010 3285 2362 1
3062 3524 1080 1805 1
2103 3392 2580 3642 1
3672 108 3754 104 1
1473 2347 2989 1252 1
2583 2231 2758 1336 1
2309 1921 1605 2339 1
2309 1397 3653 2880 1
2585 1771 1650 1722 1
1026 2944 2585 1722 1
2021 4005 3132 3359 1
3525 3571 583 586 1
1242 1347 2132 2013 1
3132 4005 82 3359 1
3572 2494 3571 583 1
2188 2313 935 427 1
2175 3571 2494 3525 1
1197 127 1767 961 1
127 2291 1767 961 1
2833 2709 3455 2273 1
927 2588 2492 1280 1
343 347 2709 2273 1
1651 1119 1556 1760 1
1760 1841 1651 1119 1
1651 1556 1676 1760 1
2591 1426 86 821 1
2591 2290 86 1426 1
2591 821 86 2279 1
2591 2279 3457 2282 1
2591 3457 2290 2282 1
1193 925 961 738 1
738 1197 1519 961 1
1193 738 961 1197 1
2497 2054 1236 3017 1
2618 3909 3623 1693 1
2975 3277 3626 3050 1
2000 2064 1825 1255 1
1255 2064 1825 1202 1
833 1255 1832 1202 1
1243 2429 812 1750 1
664 1322 544 522 1
1665 1322 664 662 1
1322 1665 664 544 1
1537 562 1594 1327 1
1594 1132 1327 3417 1
348 366 2322 367 1
292 1366 284 262 1
292 1366 254 644 1
2975 3097 1359 2711 1
1669 827 3245 2498 1
2150 3347 1104 1713 1
2325 1300 1483 1164 1
1713 3347 1104 3135 1
2067 1336 2379 1836 1
1493 879 217 1135 1
1220 3748 3489 3405 1
3489 3748 2993 3405 1
1287 3829 243 2598 1
2970 871 3435 672 1
2594 1896 1640 983 1
2088 1080 1771 2585 1
2594 1640 3741 983 1
3513 2088 2944 1080 1
2944 1080 2088 2585 1
3716 3803 2485 2719 1
3111 2779 2088 3513 1
1639 266 2809 257 1
2719 3456 3220 3297 1
2851 3803 2719 2465 1
2485 2719 3220 3297 1
2851 3803 3716 2719 1
2090 682 84 103 1
1635 3304 1365 2272 1
3975 2600 1898 1173 1
3829 4138 243 2598 1
3393 2061 1757 1334 1
3588 566 571 568 1
3965 528 2333 3939 1
3723 2061 3148 595 1
2809 266 259 261 1
1481 2333 3616 1839 1
3723 1334 2061 595 1
3588 566 568 3743 1
4039 3998 259 3573 1
2727 3336 2901 3908 1
2713 3259 1866 1586 1
2727 2901 2319 3908 1
2727 3908 2319 3825 1
778 1941 230 223 1
778 3681 230 1941 1
1941 1381 778 3681 1
2336 1385 3897 3843 1
1125 2126 1779 3169 1
2273 2738 2484 2033 1
1470 3383 1751 1933 1
1470 3383 1933 2542 1
3073 2430 2847 3317 1
123 2115 129 2170 1
2959 1717 849 201 1
3607 1906 2959 201 1
2959 1906 1717 201 1
791 3711 1748 3070 1
1611 1509 331 2735 1
1611 331 2027 2735 1
566 1864 571 2020 1
3743 3588 566 3699 1
3095 2027 331 2735 1
3588 571 566 1864 1
2617 1888 2673 3009 1
4081 1254 2102 612 1
2102 4081 612 2681 1
3233 1462 2827 3673 1
2209 2015 3279 3743 1
1192 2343 1001 831 1
1001 2343 1192 1195 1
2610 3764 1110 3281 1
1110 125 2089 1646 1
280 3777 3028 2469 1
1677 1323 3097 812 1
2610 125 2089 1110 1
1323 2510 3097 812 1
2510 1323 3097 2579 1
882 3196 2421 2984 1
3196 2602 2421 2984 1
2612 3131 788 2195 1
613 268 281 275 1
281 268 613 1710 1
268 286 281 275 1
3131 2612 788 3914 1
779 1555 605 940 1
940 1072 1555 605 1
1072 1891 1555 605 1
2301 317 2005 2340 1
4070 3676 1473 2613 1
1473 1154 1094 2613 1
2354 2876 3057 2507 1
1473 2613 1094 1252 1
2613 3676 1473 1154 1
1846 101 2614 3644 1
3206 3356 2423 2781 1
1986 641 1773 227 1
213 227 641 1986 1
1715 2507 1603 2813 1
372 1755 2904 378 1
1696 1755 2156 371 1
1755 2156 371 2904 1
2351 1239 962 166 1
3177 2245 2762 1329 1
2617 122 3528 123 1
780 3177 2762 2414 1
3514 2762 2414 780 1
4019 2762 1329 3514 1
2427 2370 2740 1742 1
2370 1879 2740 1460 1
1370 685 2114 1437 1
1064 2621 2192 1577 1
1168 2180 1304 2164 1
2127 1577 2621 1064 1
2742 2699 3816 3396 1
2561 2742 3816 3396 1
3890 3366 2761 2743 1
2316 152 142 809 1
3362 3890 2761 2743 1
607 103 84 682 1
133 2624 2994 1972 1
168 2748 3468 3145 1
3145 168 2748 3377 1
2994 2624 133 3282 1
2727 2634 3927 2901 1
3381 3917 3732 3469 1
1213 2523 223 2627 1
1718 3381 3732 2357 1
1633 2358 1923 2892 1
2358 1925 3142 112 1
2586 530 2319 2901 1
4061 1932 2312 1666 1
2629 2884 3395 4061 1
3902 3792 1414 2693 1
3891 2015 2209 3743 1
2362 3325 314 3285 1
4010 3285 2362 314 1
3902 3844 896 2693 1
273 2363 267 257 1
1785 2696 2759 1515 1
1480 1351 1052 2142 1
1515 2696 2759 2329 1
1351 1840 1052 833 1
1228 833 2142 1062 1
1691 1893 2633 2860 1
2139 1194 1899 77 1
1752 2633 2022 1893 1
2139 2561 77 2760 1
1691 1893 34 2633 1
2760 77 2465 2561 1
1600 1065 3769 1975 1
1600 1176 1055 1065 1
1899 1194 3932 77 1
2663 1957 1286 1285 1
2876 1899 3266 1194 1
3911 2460 240 2255 1
1003 3387 2764 2981 1
1003 3920 2764 3387 1
100 2680 94 1869 1
2441 1852 1841 1760 1
2441 2073 1852 1859 1
2441 1859 1852 1760 1
2172 2200 514 499 1
2172 499 511 2200 1
2707 94 100 2680 1
2464 1460 1879 2370 1
1627 1299 1557 2768 1
1171 2096 2227 2370 1
2227 1879 2370 2464 1
1198 1662 1258 1108 1
2271 1662 1198 1108 1
1695 2639 1137 2107 1
2107 2639 1137 2415 1
3983 224 2753 2768 1
3071 998 3238 2640 1
3238 2237 2640 998 1
2237 998 1763 2640 1
2483 638 2344 3012 1
261 2320 259 4090 1
3983 2768 1557 1299 1
1116 1159 1691 2860 1
1116 1260 1691 1159 1
577 569 1728 588 1
569 577 565 588 1
705 2080 2805 3658 1
3570 1006 3695 1781 1
3570 1006 3472 3695 1
324 334 311 2375 1
1726 1394 2375 311 1
1726 311 2375 324 1
3093 338 328 2664 1
2187 2644 1245 178 1
2745 2187 3757 2644 1
1404 3587 3230 3476 1
2540 265 1804 3449 1
2686 3124 2771 2679 1
1652 1479 3249 872 1
2729 3249 872 1652 1
2774 2684 3903 1030 1
1835 2647 3719 3302 1
2647 161 862 3426 1
3691 147 3236 1598 1
3576 3509 3125 4064 1
2386 162 1924 743 1
2386 2891 1412 2406 1
1378 2091 2649 1005 1
4140 2201 1694 3476 1
274 3136 3777 280 1
1812 2389 1574 308 1
3510 1969 3136 2408 1
123 3528 2617 2296 1
186 2392 2762 780 1
2550 3704 2232 2651 1
2550 2232 3448 2651 1
2787 2700 3259 3595 1
1655 1140 819 1085 1
1085 819 1655 684 1
2296 3528 2617 124 1
2348 3033 3869 2932 1
453 2394 2124 431 1
3413 3633 4051 2790 1
1033 1379 2989 3360 1
3003 374 356 1834 1
1834 356 1034 374 1
1607 199 2395 195 1
2395 1582 2165 195 1
2788 2482 1236 1164 1
1615 1384 816 1046 1
2788 1164 1236 3017 1
2010 1236 3553 2788 1
2010 2482 1236 2788 1
1750 2063 2197 2656 1
1750 3447 2063 2656 1
1750 2197 1677 2656 1
3447 2104 2656 1750 1
1750 2104 2656 1677 1
3734 3249 487 1987 1
2402 487 3249 2462 1
2399 3452 1297 71 1
2169 3452 2399 71 1
4005 2021 2942 631 1
2268 3074 393 2400 1
2021 2942 631 2590 1
2402 3249 487 3734 1
1919 2467 2561 2799 1
2602 3554 2983 2671 1
2702 570 1884 545 1
1979 1919 2799 2467 1
2602 2421 2983 3554 1
1586 3143 3559 504 1
2842 3143 1586 1862 1
1919 2139 1899 2799 1
1345 1838 2446 2562 1
1919 2561 2139 2799 1
525 535 2172 514 1
2817 2307 1687 332 1
532 2172 535 514 1
2817 2131 1687 1530 1
292 318 323 326 1
1600 1919 2799 1979 1
449 980 1165 435 1
449 452 435 1165 1
2455 600 2915 598 1
1165 1438 1392 435 1
598 600 2915 2928 1
1600 1899 2799 1919 1
284 292 318 293 1
2174 284 292 318 1
2553 598 600 2455 1
355 353 1367 348 1
355 353 348 654 1
355 339 326 340 1
355 353 363 340 1
355 363 353 654 1
3743 3279 1340 3699 1
3331 2804 2257 1847 1
1340 3588 3743 3699 1
849 201 1114 198 1
2786 2584 2978 1324 1
1114 198 201 1175 1
1114 1175 201 2014 1
3912 2786 2978 1324 1
4003 2804 2257 3331 1
4003 2804 2068 2487 1
1392 2836 2007 1438 1
2164 3237 3545 3774 1
1438 2836 2518 1392 1
2805 3431 637 3846 1
3533 573 1853 2451 1
2070 1853 2451 3533 1
3581 2327 1833 1620 1
2419 4100 1889 2806 1
2031 484 509 2775 1
2420 2775 509 484 1
2806 2525 4011 2713 1
1413 370 346 369 1
3978 1944 2982 3385 1
2806 3165 4011 2525 1
734 2432 1704 2662 1
1413 370 369 1338 1
2806 3165 4100 4011 1
1889 4011 2713 2806 1
2806 4100 1889 4011 1
3173 3595 1450 1267 1
3173 1450 2899 1267 1
3173 3223 3882 2461 1
3882 3173 2525 4022 1
3064 3694 1592 2791 1
3286 2425 1080 3063 1
3775 3286 3105 3936 1
1314 3707 3677 2030 1
2972 130 1541 124 1
2963 3004 301 3139 1
3325 3285 2362 3613 1
3285 3613 3325 3265 1
3677 2030 3707 3153 1
559 1445 3044 1720 1
3504 2810 3838 1389 1
1517 1389 2810 218 1
2648 1517 2810 218 1
559 1445 1599 3044 1
559 1445 2865 1599 1
1332 3739 2669 1713 1
86 2279 821 2669 1
2669 1931 3722 2279 1
2165 993 1830 1582 1
2669 3739 3347 1713 1
3347 1931 3722 2669 1
1349 2412 1830 1582 1
2253 603 2262 1334 1
3504 2810 4123 3838 1
2253 603 2003 2262 1
2494 3571 583 3525 1
3140 2494 3636 3525 1
718 2729 1652 2180 1
508 4108 1527 2650 1
2650 508 3488 1527 1
1384 907 1373 1046 1
1488 907 1373 1384 1
1669 1373 2498 1488 1
390 389 1816 401 1
2365 1855 580 578 1
1855 1211 1728 2442 1
1855 2455 1728 578 1
1855 1211 2442 580 1
1432 2890 1138 2020 1
2502 1985 93 2855 1
1788 2086 969 2435 1
2435 969 1911 2086 1
1985 2798 93 2855 1
2263 3740 2436 4030 1
2326 2404 3696 2675 1
1656 2619 2949 2439 1
3343 3834 2232 3793 1
3135 3257 2676 805 1
3713 3010 2287 1973 1
1973 3805 2287 3713 1
2501 3054 2973 2483 1
736 1826 38 3119 1
1796 1826 38 736 1
317 2443 2005 2340 1
3842 3458 2501 3816 1
3842 2973 2501 3458 1
4 693 3 5 1
2548 2066 1069 540 1
2347 1764 3466 2608 1
1872 1729 2500 3628 1
2548 1069 2586 2901 1
1140 1061 703 1451 1
3594 1764 2608 3466 1
1078 1451 703 1061 1
3927 2634 2548 2901 1
3393 3755 1757 2061 1
2061 2262 1757 1334 1
2817 332 1687 2131 1
2821 2761 3263 2882 1
3117 2761 3263 2821 1
1210 2144 3232 4004 1
213 1109 227 1986 1
213 1109 1986 2683 1
1210 4004 1208 2144 1
1208 4004 1761 2144 1
4118 2823 4130 3332 1
2489 2593 3063 3521 1
3006 2593 2489 3521 1
2448 55 54 1498 1
1498 2448 1860 54 1
2217 37 31 35 1
3497 393 1755 3074 1
2449 1242 912 1186 1
2449 1186 912 2590 1
1242 1186 2449 2041 1
1186 63 1400 59 1
1186 1400 1459 59 1
2967 2687 647 136 1
2658 2966 3718 3994 1
1121 2688 3401 1705 1
679 357 341 2453 1
2831 3270 4069 3923 1
3923 2831 3270 4071 1
3555 671 2454 3851 1
3093 328 338 329 1
1848 2596 338 352 1
2784 496 3579 3536 1
3118 343 2833 2378 1
602 598 2455 588 1
2378 2871 3537 3059 1
2456 934 1890 3522 1
2456 1028 934 1580 1
413 691 2632 2691 1
2189 2456 1890 3522 1
2770 1485 3415 432 1
325 864 1504 2664 1
2386 162 743 2891 1
3796 3905 2080 1386 1
3796 2730 3292 1729 1
2500 3796 3292 1729 1
2457 628 3348 652 1
2622 3118 4046 3516 1
2371 847 2698 795 1
493 486 2306 492 1
2124 431 432 1485 1
3015 73 2467 1979 1
2698 1241 1788 2086 1
847 1241 1788 2698 1
2371 847 1788 2698 1
2320 3029 2408 2247 1
1231 2538 3824 3908 1
2469 3029 1452 2247 1
1370 1437 170 685 1
2469 3029 2247 2408 1
2469 2247 280 2408 1
2433 1193 2470 1672 1
2309 1605 1626 2847 1
281 2734 291 267 1
2734 660 281 291 1
918 1192 1344 1463 1
1814 2316 152 2534 1
1199 1574 1192 1463 1
1814 152 2316 809 1
2705 2534 152 1944 1
2448 3089 2049 2988 1
3956 1921 2848 1626 1
3332 3006 2489 2774 1
3678 2530 1250 376 1
1250 2530 3678 3666 1
1250 3987 2530 3666 1
3006 3521 2489 2684 1
440 410 2313 1575 1
541 2066 1866 2908 1
3081 3896 2920 2575 1
3316 3081 2920 2575 1
3896 2575 3081 2623 1
3544 2831 4069 4009 1
2044 2746 288 295 1
2468 854 1125 1684 1
2754 2746 2044 295 1
2044 3167 2746 2754 1
1773 3544 4069 4009 1
1140 1451 1222 2006 1
1222 2006 854 1174 1
1174 854 1125 2006 1
2470 1672 1193 1290 1
2004 1290 981 1614 1
2470 1290 1193 981 1
1540 789 2416 785 1
2816 789 2416 1540 1
1967 1630 3321 2237 1
3951 3624 2977 1592 1
1967 3321 1630 3688 1
2858 2776 2233 1231 1
3794 2472 2977 3951 1
1172 2710 1716 1302 1
1849 2710 1716 1172 1
3771 1920 143 3016 1
2139 77 1899 2760 1
3466 1473 2347 2989 1
1403 1661 1325 954 1
1148 1876 1661 1403 1
3856 3454 100 2680 1
2476 3436 3585 2862 1
3436 3183 3625 2862 1
2062 1810 2361 930 1
1249 1730 883 2677 1
1249 883 1248 2677 1
1730 1596 883 2677 1
1854 2714 2792 3930 1
1695 2715 1341 1137 1
3061 1004 1920 3771 1
1695 2715 1137 2639 1
2050 1021 1397 841 1
2040 650 1064 2116 1
2050 1397 1188 841 1
2050 1397 1739 1188 1
3771 3956 1739 2050 1
1104 3347 2360 3135 1
2360 3921 3347 1104 1
853 3587 3476 488 1
2342 2954 2716 2381 1
2244 3968 488 853 1
987 2912 2381 2716 1
1455 1077 2765 1409 1
2271 1409 1455 2052 1
2482 2385 1224 2013 1
2482 1483 1224 1164 1
2482 1224 1483 2013 1
2901 1069 2586 530 1
1657 3860 3438 2869 1
3552 2869 2620 4050 1
982 692 1494 1519 1
2721 2213 554 1960 1
3067 2721 2213 554 1
3189 2722 2590 996 1
996 2722 2590 1153 1
3212 1680 1927 2517 1
3750 2133 3212 2517 1
2227 3157 2870 2096 1
161 2133 3212 3750 1
764 609 1463 1099 1
764 1463 918 1099 1
764 1199 918 1463 1
3213 3380 3323 3369 1
3213 3440 3333 3487 1
3487 3213 3369 3047 1
3856 1472 2680 1620 1
3527 2680 3856 1472 1
2378 343 2833 2871 1
3697 1930 1845 2072 1
2419 515 2119 2260 1
515 3948 2260 2419 1
628 655 2496 652 1
1164 1089 2497 2163 1
1164 1224 2497 1089 1
2163 1089 2497 2153 1
2729 2784 2129 3237 1
2922 705 3796 2730 1
2270 3176 2233 2241 1
142 1892 2624 3671 1
2474 3413 2962 3879 1
59 1783 1747 1067 1
2731 933 1566 2207 1
1067 1783 1747 2108 1
1266 1783 1067 2108 1
1863 1422 1505 1484 1
1577 2733 2010 1236 1
1181 1505 945 979 1
2733 3553 2010 1236 1
2587 1397 2880 1894 1
2880 3653 2701 1894 1
681 3203 2453 651 1
2880 1397 3653 1894 1
3136 2469 280 2408 1
2444 2062 2324 2881 1
3381 1718 3732 3917 1
2601 1179 3988 3258 1
2601 1873 3889 4016 1
1957 1935 1285 3894 1
919 2457 652 628 1
3135 4038 1408 2676 1
1508 379 354 1954 1
379 1348 1954 1508 1
1954 1348 1525 1508 1
1595 1014 955 1202 1
1822 1014 1344 1535 1
341 349 2504 1883 1
2033 1554 2825 1504 1
2273 2738 3455 2484 1
3874 2761 2882 1271 1
249 3786 1837 2739 1
2507 2876 3057 2567 1
2398 3176 2604 2270 1
1271 3890 2761 2882 1
2690 232 243 2739 1
2746 2509 282 303 1
282 289 269 2509 1
2691 691 2632 3107 1
2770 2632 1523 1485 1
4063 3491 1591 2875 1
2511 4120 2048 3423 1
2511 1929 1781 2820 1
2875 1591 2181 3491 1
3139 301 2963 2906 1
291 2963 281 273 1
3301 481 3534 2512 1
507 2512 2166 481 1
507 481 512 2512 1
2166 2512 3534 481 1
2858 2597 2776 1298 1
1104 2556 1931 2150 1
3566 399 3368 402 1
3580 3444 2513 3298 1
2483 3054 3481 3541 1
2483 3054 3541 3030 1
2380 3164 3202 1777 1
3963 3054 3030 3204 1
2515 2968 1949 14 1
2515 2968 14 1679 1
1992 2948 3862 1733 1
3113 3464 4035 3649 1
3799 3464 3649 2276 1
3340 2517 3750 3615 1
3077 3897 1284 2367 1
2106 1799 1648 2528 1
3077 3897 3187 1284 1
3763 3041 2329 3886 1
1001 700 1353 1497 1
3529 3886 3763 3960 1
1731 1212 1685 87 1
3529 3886 3960 4067 1
1041 2210 347 356 1
2210 2853 347 356 1
1748 791 1678 3412 1
1748 3412 1678 1302 1
2696 3414 3041 2508 1
3041 3886 3529 4067 1
2607 3234 2542 3632 1
273 279 3765 2549 1
3234 1657 3860 3632 1
2184 279 3765 273 1
2542 1933 2607 3632 1
2996 251 2372 977 1
1219 251 2996 977 1
813 112 1393 1395 1
251 1219 2996 269 1
1278 3048 976 2749 1
3234 3860 2542 3632 1
3048 3576 2749 2874 1
1164 750 1236 2497 1
2482 1224 2385 2569 1
2482 750 1236 1164 1
1485 431 418 437 1
2750 2953 2388 498 1
2750 2388 3780 3034 1
1523 1485 431 418 1
2750 2546 1309 498 1
737 2478 1264 2310 1
737 2752 3751 2478 1
737 2752 2478 2310 1
2897 2305 2743 2839 1
2753 3115 3561 2491 1
655 667 2527 2460 1
3983 4049 2753 2924 1
2527 655 1056 667 1
2991 3115 3561 2753 1
3263 3362 2743 3648 1
2569 1518 2653 1418 1
1266 2108 2137 2152 1
1518 3364 2569 2653 1
2018 986 747 929 1
3785 4095 691 4015 1
3785 4015 691 4063 1
1470 2252 1751 3383 1
1907 2252 3467 3692 1
2059 2754 2044 295 1
3494 3255 2416 1609 1
1132 789 2416 2816 1
2697 2816 3494 3255 1
3494 3255 4112 2697 1
1969 2320 3029 2408 1
250 259 2927 247 1
2935 3756 2736 2472 1
250 259 2809 2927 1
576 3153 4007 2900 1
2535 3823 1477 3038 1
372 378 373 3074 1
1755 3074 378 372 1
3497 3074 1755 372 1
372 3497 3074 373 1
122 120 648 3528 1
122 3195 648 120 1
615 3596 3641 3849 1
648 3528 2617 122 1
3087 2900 3471 3140 1
2548 1069 2901 540 1
2901 2634 2548 540 1
540 1069 2901 3326 1
2348 884 2932 2886 1
884 2932 2886 826 1
2308 1305 1335 2359 1
3240 224 2753 3983 1
3352 3115 3240 3052 1
2770 2632 2691 413 1
4103 2770 3415 2691 1
2124 453 450 2394 1
2348 2886 2932 1579 1
3764 3281 2610 2773 1
3869 2932 1206 1579 1
3180 4068 3764 2773 1
2348 2932 3869 1579 1
1461 2543 2406 2219 1
3819 2162 671 1869 1
2175 3571 586 2824 1
3572 3571 2175 2824 1
347 1037 356 1034 1
970 1488 2547 1373 1
970 1373 2547 183 1
970 2547 703 183 1
2862 2620 3183 4050 1
873 2778 1096 1297 1
1096 2778 1581 1297 1
2399 2778 873 1297 1
2399 2778 1297 3452 1
3195 120 2780 648 1
2975 3097 4046 2510 1
1045 1054 2552 835 1
1870 1045 2552 835 1
2111 1045 2552 1870 1
1601 2864 3584 2782 1
3857 3690 3318 2555 1
1574 1812 1406 831 1
2783 824 3434 504 1
3214 2783 3434 504 1
1227 2557 1020 776 1
2557 1786 1124 776 1
2557 1826 776 811 1
2557 2737 1786 776 1
2557 2737 776 1826 1
1227 2557 776 811 1
3660 2274 252 254 1
1991 1289 3371 2786 1
2788 2163 1164 3017 1
283 2746 295 288 1
283 2746 288 289 1
1958 2947 3064 991 1
2800 2120 2331 1910 1
2665 1384 2498 1615 1
2297 2665 2498 2791 1
903 2793 529 1261 1
1983 2793 529 903 1
1395 2358 3300 1633 1
1983 2793 1182 529 1
3912 2795 1324 3831 1
3729 3836 2485 3958 1
2695 1946 2403 2276 1
1946 2276 2695 3464 1
3958 3729 3220 2485 1
1004 1417 878 3433 1
1417 1004 3061 3433 1
91 2798 2614 2855 1
1417 3608 878 3433 1
2798 2902 2614 2855 1
3608 1417 3061 3433 1
2881 1810 2361 2062 1
1055 3982 1600 3769 1
1872 2500 1729 3060 1
4114 2474 3982 3327 1
2881 1810 2438 2361 1
3215 2558 408 1706 1
2801 2084 1473 1154 1
1993 1154 2801 3907 1
1331 2057 203 2802 1
1548 1253 2802 2057 1
2569 2653 2127 1418 1
1307 2482 2569 2010 1
1105 2301 2803 1480 1
2803 2301 2059 2222 1
3102 2463 2028 2803 1
2803 1105 2574 313 1
3172 2803 2028 2574 1
3850 3018 3275 29 1
2903 2250 322 2093 1
25 3018 3275 3850 1
1796 2812 2573 2191 1
2093 2903 2250 2349 1
1572 1862 1510 1569 1
1732 2152 2344 1737 1
3963 2936 2699 77 1
1681 2852 1035 958 1
2551 1035 2852 958 1
1914 407 416 1696 1
1914 416 408 1696 1
3699 1340 2537 1983 1
1340 3699 3279 1983 1
376 3074 373 378 1
3267 3293 3441 3987 1
864 1017 2035 1292 1
1263 697 2350 951 1
3459 1258 14 2807 1
2807 1258 14 2101 1
1204 2134 1634 331 1
2101 1491 14 2807 1
1255 879 2578 1202 1
1491 2955 14 2807 1
2355 3987 385 3267 1
3728 3407 3403 4102 1
879 1376 2578 1202 1
3566 3293 3441 3267 1
1202 1376 2578 2148 1
1255 2578 2064 1202 1
1053 1061 2808 1524 1
4028 1790 2808 3862 1
4090 2809 259 261 1
261 2809 3308 4090 1
2901 530 2319 3908 1
984 3832 1885 2364 1
2581 1826 2557 811 1
1341 2100 2581 1227 1
1227 2581 2557 811 1
962 2582 166 1019 1
1779 2582 166 962 1
2126 2582 166 1779 1
3254 3767 404 4095 1
3254 409 2356 1523 1
2811 1781 2820 3999 1
2811 3056 1781 3999 1
2812 3562 2573 2191 1
3137 3562 50 2812 1
2812 3137 3562 2191 1
2813 2507 3057 1500 1
1349 1830 1356 993 1
993 1349 1830 1582 1
2838 2870 2941 3638 1
3886 1792 2589 3224 1
433 2626 943 2814 1
1829 2167 2594 2966 1
433 2814 943 2477 1
1583 1139 3131 2195 1
3996 2838 3674 2941 1
433 2626 2814 3502 1
2167 3995 2594 2966 1
2892 3299 1468 1675 1
409 2356 1723 2815 1
2892 3782 3299 1675 1
1540 789 1988 2816 1
1153 1737 2108 1111 1
2344 2973 3155 1732 1
2178 303 2754 1708 1
2178 3167 2044 2754 1
638 1732 2344 1737 1
3350 3637 3276 2046 1
1355 809 142 3671 1
2772 2322 2971 388 1
274 3510 3777 3136 1
642 617 4142 2946 1
1848 329 338 2596 1
274 3510 279 3777 1
2819 546 2793 903 1
3279 2183 4043 2819 1
2183 903 1545 2819 1
2819 2545 1182 2793 1
3279 4043 1182 2819 1
2511 1929 2820 3848 1
2811 3999 2872 119 1
119 3999 2872 926 1
1929 2820 3848 2811 1
295 1458 2229 2222 1
1480 1506 2005 1618 1
1204 643 1506 1480 1
1204 1480 1497 643 1
159 2718 2976 2822 1
295 2222 2229 1875 1
2059 1458 295 2222 1
2984 2602 1957 1593 1
2954 2912 2716 2381 1
3320 1496 2342 2954 1
1017 1611 1554 2825 1
1017 864 1509 2825 1
63 1315 1186 1976 1
3095 2738 2484 3455 1
1976 1315 1186 2041 1
1976 1186 1242 2041 1
2922 2328 3070 1602 1
1602 1439 940 640 1
2726 1904 647 2687 1
3573 1760 1841 1651 1
3581 2852 2327 2551 1
3573 3090 2598 1651 1
3573 1841 3090 1651 1
1005 1289 2935 1991 1
1358 3539 2342 1857 1
741 1224 2382 2013 1
2828 2321 3070 791 1
1216 756 3067 1256 1
933 2604 756 2204 1
1358 2342 978 1857 1
1358 2383 2342 3539 1
2958 2981 2516 1798 1
2516 1798 2383 2958 1
2458 516 2570 2961 1
1979 3982 73 3327 1
2036 3224 1990 506 1
2149 1782 2663 1957 1
2846 1764 2347 2608 1
3466 2347 2608 1822 1
3896 3420 561 2623 1
1026 1308 772 2585 1
3420 3896 3081 2623 1
3081 2575 3316 2623 1
868 2370 2427 1742 1
88 2385 2569 1307 1
1233 2463 2028 1466 1
1233 1466 2028 285 1
3326 540 1069 2787 1
1450 530 1069 3595 1
3287 3128 372 362 1
3595 2461 1450 530 1
1347 1242 2041 1976 1
1361 1976 1347 2041 1
2041 1347 2132 1242 1
3469 2185 1272 1418 1
2630 2924 2834 3660 1
2326 1961 1408 3629 1
2549 297 2906 301 1
2014 1475 1040 1175 1
2439 201 3679 3607 1
3139 2906 297 301 1
2836 419 2007 2081 1
2836 2518 419 2303 1
2836 419 2081 2303 1
2836 419 2518 1392 1
2167 2594 3995 983 1
4011 3559 3143 3214 1
3076 3559 4011 3214 1
3076 3214 4011 2564 1
1434 2468 1125 3053 1
2336 1990 1950 3108 1
2336 3843 2225 1950 1
2336 3843 1950 1990 1
587 3846 599 637 1
601 637 587 599 1
3902 3837 2693 1414 1
3638 94 2838 90 1
2401 1075 66 58 1
2464 90 2838 94 1
2623 903 1545 2183 1
4092 3468 1997 2447 1
3502 2626 2293 455 1
2626 2631 1874 2293 1
2843 462 1871 2094 1
2224 462 2843 2094 1
3305 462 2843 2224 1
2036 1990 2230 506 1
2630 2924 1585 2834 1
3943 3314 1220 3461 1
1493 1376 2613 1154 1
1928 1280 2492 2151 1
1280 2588 2492 2151 1
2097 1779 3169 3519 1
1183 3233 2827 2543 1
455 2293 1226 2631 1
2626 455 2631 2293 1
985 3011 2386 3019 1
2448 1230 2049 3089 1
3271 538 1878 3010 1
2330 3089 2049 2146 1
3213 3323 211 3369 1
2291 905 2154 1828 1
2154 1403 905 2291 1
905 1403 2154 954 1
74 2962 2428 2995 1
2962 3729 2045 2995 1
3002 3961 1868 2659 1
3736 3961 1868 3002 1
962 2351 2069 1239 1
962 1125 2069 2351 1
3958 3577 2995 3482 1
305 1106 2873 3627 1
305 1106 766 2873 1
945 979 1863 1717 1
2195 2146 1230 2242 1
1139 2450 2195 2242 1
2195 2450 2146 2242 1
2195 3021 2242 1230 1
761 1343 3593 2913 1
3641 615 2854 4012 1
2913 1343 1010 2058 1
1139 2242 2195 3021 1
845 1241 1788 1449 1
3214 3143 504 3559 1
38 1474 1918 2641 1
2650 4140 1694 488 1
3608 132 878 1002 1
1417 132 878 3608 1
2642 2909 579 3808 1
579 2642 3808 1757 1
1908 297 3839 2861 1
1796 1499 1826 2581 1
3839 297 301 2861 1
1776 1495 3246 1606 1
2641 33 843 32 1
3585 3436 3346 3625 1
3332 2823 2489 3006 1
1189 1090 889 1753 1
1090 1424 889 1753 1
3482 3327 3958 1979 1
3776 2110 2865 2974 1
73 2474 2962 3327 1
2865 3776 2974 574 1
3482 2962 3729 3327 1
1104 2867 2556 2109 1
3629 2867 2155 1104 1
2867 2556 2155 1104 1
2307 3162 332 2817 1
1358 1885 3008 2921 1
1939 1941 2957 1381 1
3008 2383 1358 2921 1
87 1442 2092 2109 1
4114 4024 2474 3327 1
2040 2654 1157 3499 1
3988 2254 2474 4114 1
113 3112 3915 2985 1
2985 3112 3590 113 1
2039 3672 3546 1259 1
3112 1093 113 1317 1
113 3112 1317 3915 1
1147 2980 3112 3990 1
3112 1147 3990 3274 1
3112 1147 3274 3217 1
1147 1928 3217 3112 1
3884 294 3627 1522 1
1110 2089 927 1646 1
1934 2655 883 1587 1
1587 2655 883 1596 1
927 1646 2089 2168 1
927 2610 2089 1110 1
1278 3048 2749 2874 1
3191 3576 2037 3048 1
1669 1431 1373 1917 1
1431 1974 1669 2769 1
1445 555 552 1720 1
402 2859 3368 2877 1
2877 1769 2859 3368 1
38 32 33 2641 1
2641 2249 33 38 1
2641 2277 2249 38 1
2641 2277 1455 2249 1
2277 1354 38 2641 1
2556 2867 990 2109 1
1249 2677 1421 1730 1
2867 990 2155 2556 1
2452 3823 2535 3038 1
1249 1730 1421 1098 1
1249 1248 1421 2677 1
1069 2908 2787 540 1
3326 2700 2787 3595 1
459 1024 467 2661 1
85 2566 1981 2248 1
459 467 472 2661 1
2248 1981 85 3035 1
3013 2566 85 2248 1
2505 224 221 1627 1
4082 3255 2697 4112 1
928 242 2627 251 1
1627 234 221 2595 1
2595 2505 221 1627 1
772 3194 3556 2531 1
2505 617 2595 221 1
3093 2664 1848 338 1
2374 1088 953 2708 1
953 1860 1088 1692 1
2594 3995 3718 2966 1
2223 2364 2844 834 1
2935 3925 3756 2472 1
3853 2110 2520 2974 1
890 1495 1606 3246 1
2444 2685 3022 106 1
3022 2685 3919 106 1
1399 826 916 845 1
2135 106 3022 3919 1
1467 1682 1802 892 1
2438 2361 2390 3023 1
1286 67 1291 2670 1
2322 654 386 669 1
528 538 2258 3271 1
681 3203 679 2453 1
1542 1785 1450 3882 1
3558 546 556 1545 1
1916 2888 2769 3339 1
1183 1462 1882 2827 1
3952 2841 2763 2888 1
1183 1462 2827 3233 1
260 273 257 274 1
3445 1462 1882 1183 1
257 261 260 274 1
544 2368 563 2890 1
2368 563 2890 1432 1
563 544 2890 1665 1
563 2890 1082 1665 1
1545 4043 546 556 1
3746 3233 1462 1183 1
3746 1462 3445 1183 1
3195 2712 2673 648 1
608 1382 685 3315 1
608 1382 175 767 1
1784 737 3568 2047 1
1421 1248 1049 2677 1
1715 2893 1171 2777 1
2850 4111 237 1544 1
1692 1724 953 2678 1
1724 811 953 2678 1
1071 811 2100 2678 1
1820 1728 2455 588 1
2392 2245 2762 3177 1
2392 1375 2245 3177 1
3630 237 2850 4111 1
1375 2245 1356 2392 1
780 2392 2762 3177 1
2815 405 3322 2681 1
394 2815 2356 405 1
1108 1662 1258 2101 1
3837 564 2894 4033 1
1468 3454 3527 2680 1
100 2680 1869 2999 1
789 785 2930 2682 1
2926 3069 1594 2682 1
3638 3564 2096 2895 1
1912 1664 1680 1158 1
704 3328 3495 3858 1
704 3328 3489 3495 1
3328 4099 3495 3858 1
4113 3838 3544 2493 1
231 240 3911 1768 1
3703 3911 231 240 1
3911 240 3703 2255 1
2255 240 3703 239 1
231 240 239 3703 1
2623 3156 3209 4025 1
609 1119 1556 3291 1
609 2445 1119 3291 1
1429 1870 1444 835 1
4013 3156 3209 2623 1
609 2445 3291 666 1
3658 591 595 3148 1
2898 3701 3164 2380 1
3058 1441 254 262 1
3058 1710 1441 262 1
2898 2380 3164 3202 1
1099 918 1195 1344 1
3148 3658 3431 2080 1
595 2061 3148 591 1
4079 3160 2335 2495 1
2057 1253 1492 893 1
4079 1794 2335 3160 1
3597 3531 4130 2017 1
3801 2503 737 2387 1
2017 4118 3531 4130 1
1544 2753 3561 3700 1
2753 3700 1544 2924 1
1009 1319 2128 1031 1
101 1813 2238 2902 1
3464 2286 3649 2276 1
3735 1946 3519 3388 1
2695 2276 2286 3464 1
1813 3781 2902 2798 1
1619 3171 1989 1560 1
1619 3171 1560 1023 1
2798 1813 2614 2902 1
2614 101 2902 1813 1
2388 498 3171 1989 1
1683 1562 2694 1891 1
2694 1282 1683 605 1
2694 1740 1282 605 1
3781 3159 3206 104 1
2903 2250 3708 322 1
2903 3708 2340 322 1
3781 1813 104 3356 1
2696 3041 517 2329 1
3041 517 516 2696 1
595 2061 3393 1334 1
3742 534 3353 4112 1
595 3755 3393 2061 1
595 3216 3393 3906 1
919 1710 2457 628 1
2329 3041 517 3886 1
595 3393 3216 1334 1
595 3906 3393 3755 1
3140 582 2494 3153 1
273 3765 2906 2549 1
291 2184 2906 273 1
2184 3765 2906 273 1
1202 1376 1493 879 1
291 2906 2963 273 1
879 1376 1493 217 1
2907 1837 3600 3786 1
3153 582 2900 3140 1
1888 3307 2741 2318 1
2474 3633 3413 3879 1
2625 2170 134 1368 1
1884 2702 543 2066 1
1387 2427 868 2227 1
2227 2427 868 2370 1
1885 3832 984 2516 1
3832 3926 984 2516 1
2911 1106 308 305 1
316 2377 3931 2911 1
2003 603 1146 2706 1
1296 2179 1800 1683 1
1106 2911 316 3931 1
2342 1496 2716 2954 1
987 931 2912 2716 1
3513 2425 2088 1080 1
2712 804 2673 648 1
3286 2425 3513 1080 1
1820 2455 598 588 1
2915 2455 598 1820 1
1081 2374 953 2708 1
2020 1138 1082 2890 1
2304 880 1009 1319 1
1867 640 2253 1439 1
2489 3521 3903 2684 1
2917 1613 2353 2189 1
1890 2310 2353 2189 1
2310 2917 2353 2189 1
2307 2817 2919 314 1
2307 2817 1687 1571 1
2307 1571 2919 2817 1
2920 3896 3714 2575 1
880 138 3127 3241 1
3144 3539 1358 1947 1
2921 2981 2516 2958 1
282 2996 269 289 1
1496 2912 2716 2954 1
2338 1359 3050 2975 1
3403 2295 3215 402 1
111 804 2673 2712 1
2975 3050 2711 1359 1
2923 245 1287 2829 1
2987 2923 4006 243 1
1390 1359 3050 2338 1
1287 243 245 2923 1
148 2965 2976 2822 1
2822 2965 2976 159 1
3052 224 1627 2768 1
3052 224 2505 1627 1
3240 224 3052 2753 1
159 2976 3861 3302 1
2753 224 3052 2768 1
3052 2505 2595 1627 1
642 3603 3446 2505 1
3352 3052 3240 224 1
1168 2180 3181 1304 1
3256 1345 3002 1650 1
1722 2562 1345 3002 1
1991 186 1273 1774 1
2957 1768 231 3911 1
2354 2717 2434 1642 1
2717 1387 1642 1123 1
2354 2876 2507 2717 1
2149 1387 2717 1123 1
2876 2149 2717 1123 1
2925 4037 382 3003 1
3181 1652 1304 2180 1
247 2690 3788 2927 1
2927 3090 259 2987 1
3252 544 1314 3044 1
2927 3788 3090 2987 1
3748 597 2993 3405 1
1325 1909 1767 1197 1
1830 2412 1568 1647 1
2758 4065 3669 2231 1
2441 1852 270 2723 1
1039 1383 2932 826 1
1039 2932 884 826 1
249 3600 3786 245 1
155 2524 2726 3236 1
249 3786 4006 245 1
3919 3379 1754 106 1
2150 1931 2279 1442 1
2379 2583 1773 3410 1
2938 2246 3408 3715 1
2938 3450 2246 3715 1
1773 4009 3410 2583 1
130 2318 2940 124 1
1541 124 130 2940 1
1773 4069 3410 4009 1
1728 2455 2915 1820 1
1212 2646 3453 2399 1
1212 1163 3453 2646 1
4001 2490 2732 3674 1
3546 2780 1259 2960 1
3546 120 1259 2780 1
3487 3440 3333 1381 1
1371 2149 80 2475 1
213 228 233 794 1
80 2876 2475 2149 1
2020 3967 3533 571 1
2263 2077 2332 3740 1
2388 2953 3171 498 1
261 2408 3510 274 1
2678 953 1692 1275 1
3756 3624 2472 3925 1
2649 2935 2091 2171 1
2091 2736 2171 2935 1
1786 2737 3119 1948 1
1826 2277 2737 1328 1
2737 1328 2277 2249 1
1948 2737 38 2249 1
3119 2885 1786 1948 1
3119 38 2737 1826 1
125 1110 2625 1646 1
125 3764 2203 2943 1
2625 125 2943 1110 1
274 3510 3136 2408 1
2837 163 2118 1337 1
343 3520 1559 3118 1
2633 3100 36 34 1
3100 3188 3477 1926 1
658 3810 644 2794 1
343 1559 2378 3118 1
2830 2540 2794 658 1
3399 2740 96 2855 1
1895 1460 2740 1879 1
2258 538 535 3316 1
3952 2763 188 3339 1
2628 3763 2508 1827 1
3439 2945 2427 2692 1
3439 2486 2427 2945 1
188 3952 3373 2763 1
1340 3588 3699 1803 1
1617 1864 3588 1803 1
1802 1682 1467 2112 1
1448 1610 1951 1858 1
2672 3520 343 3118 1
2947 4115 2499 178 1
3159 93 2798 3206 1
3138 3113 1992 3589 1
1733 2808 2948 3862 1
3113 1733 1992 3589 1
2949 901 2619 2123 1
2949 2619 3834 2439 1
2950 120 3528 121 1
123 3528 2950 120 1
1317 3112 3147 3915 1
1998 2038 2767 1942 1
1705 1601 1546 2951 1
2608 2473 770 2951 1
1705 2951 1709 2846 1
3584 2951 2473 2608 1
770 2951 2846 2608 1
3593 2913 1010 1494 1
1705 2951 1546 1709 1
2798 1985 93 3159 1
1985 4055 93 3159 1
1177 2952 2584 1324 1
4079 1141 2038 1794 1
2349 2559 2093 2134 1
2349 2559 3276 2093 1
3367 3622 570 572 1
2073 766 2247 270 1
2408 2247 280 270 1
119 2872 4101 2960 1
3720 2960 1316 2712 1
1316 104 1813 3356 1
1577 2010 3208 1236 1
2569 3208 2127 2653 1
1577 2653 2127 3208 1
3208 2010 2569 1236 1
1316 104 3356 3754 1
3023 3210 2390 2292 1
3148 3658 591 3431 1
3658 3431 3846 591 1
3817 1478 1561 1640 1
2755 1148 3027 1661 1
3027 2157 1148 2755 1
2756 730 2065 1456 1
3817 2299 1640 1561 1
1113 730 2065 2756 1
3443 3785 691 4063 1
1937 2245 3177 1329 1
3818 3785 3443 2572 1
4063 2572 2875 3443 1
2758 2231 2160 1336 1
3326 1069 2901 530 1
2901 3336 530 3908 1
530 3326 1069 3595 1
3326 2700 3595 530 1
3908 530 3478 3336 1
2309 3653 3073 2880 1
2309 1605 2847 3073 1
2309 960 2430 3073 1
2309 2430 1605 3073 1
2392 2245 2826 2762 1
2309 960 3073 3653 1
666 3466 2608 3606 1
1287 236 2829 245 1
245 236 2829 2782 1
3920 4091 2832 3880 1
1752 2765 2860 1077 1
2765 3188 3100 1926 1
2968 2720 16 11 1
1713 3347 3135 2766 1
11 16 14 2955 1
3549 3709 3619 3453 1
2968 16 14 11 1
3135 3347 3717 2766 1
1826 2277 1328 2708 1
1499 2708 1796 1826 1
1796 2708 2277 1826 1
1147 1943 1701 2151 1
1916 2008 2769 2888 1
754 876 2701 1894 1
3653 754 2701 1894 1
876 963 2701 1894 1
3335 2701 963 1894 1
2130 1732 3155 2973 1
1564 3039 1476 1477 1
1476 1477 3039 1190 1
4009 3991 4069 2231 1
1476 162 1536 1806 1
3195 2673 122 648 1
2673 648 2617 122 1
3720 2673 122 3195 1
1871 1971 1433 478 1
353 2322 2772 367 1
3491 3378 3785 4015 1
4015 3378 3736 3491 1
1253 2280 3082 3099 1
2736 3624 3957 2472 1
1199 1192 918 1463 1
2775 2420 507 3170 1
507 2939 512 2775 1
2031 2775 483 484 1
2775 484 2420 483 1
2282 3391 1442 3698 1
3743 568 3588 4117 1
2597 3825 2233 2776 1
3825 3908 2319 2776 1
3547 1953 4026 3131 1
2272 616 2330 3304 1
3743 3588 3358 4117 1
616 2049 2272 2330 1
3131 2450 2146 2195 1
2195 2146 3131 788 1
2788 2163 3017 1015 1
1956 1143 2163 3710 1
2980 3033 3112 3990 1
2230 2667 506 2564 1
3832 1003 3926 2981 1
1003 2764 3926 2981 1
2602 2983 1387 1957 1
1387 1938 1957 2983 1
3196 2486 2421 3554 1
1940 1938 2983 3014 1
16 14 3190 2968 1
2786 2978 4019 3514 1
277 289 2996 282 1
3206 3356 2781 2798 1
91 3206 2781 2798 1
2989 4070 1473 2613 1
4070 1379 2613 2989 1
1473 1252 2989 2613 1
4034 2900 3087 576 1
3981 1446 2248 2240 1
2061 575 3755 1757 1
2721 2642 3186 2213 1
2267 2792 1499 2581 1
507 520 519 495 1
519 495 520 1565 1
2263 2077 3740 4027 1
3285 310 3613 3265 1
3285 310 2275 2533 1
3285 310 3265 1420 1
310 2533 3285 3613 1
1600 2799 3958 1979 1
1220 3748 3405 3854 1
2608 1388 1344 1303 1
770 1388 2608 1303 1
3416 3635 3689 4136 1
3416 3635 1704 3689 1
2981 2764 2516 4056 1
3926 2764 2516 2981 1
2800 1870 1444 1817 1
2800 2111 1444 1870 1
1444 1078 2800 1817 1
3280 218 219 2668 1
401 3091 669 412 1
1575 2971 669 388 1
3480 4113 219 3280 1
669 3091 1575 412 1
4113 4123 219 3280 1
3596 2311 615 3641 1
2311 4107 3641 3596 1
2311 4107 3614 3641 1
3641 2311 615 4012 1
3555 1620 2999 620 1
2311 3614 4012 3641 1
3775 3286 2425 3105 1
1672 3142 1631 925 1
1787 1631 1672 3142 1
1898 1173 3000 1376 1
337 2998 1808 354 1
344 354 2992 337 1
1622 1294 3000 1376 1
343 2709 2833 2273 1
3260 212 1703 1028 1
2752 3261 2409 2478 1
2752 3261 2478 3313 1
3256 2659 3002 1345 1
2920 2575 3714 3037 1
3714 3037 2575 4083 1
1345 2446 2659 3002 1
3403 2541 2295 402 1
2522 3256 3002 1650 1
3851 110 1620 3569 1
1941 1381 223 778 1
1802 1301 1038 887 1
2228 223 1381 778 1
3343 3005 2863 4089 1
3440 223 1381 2228 1
3343 3621 3867 2232 1
3403 2541 402 4102 1
3333 1381 223 1941 1
3440 223 3333 1381 1
3247 2972 3078 2296 1
1742 2370 2740 2855 1
115 2856 3851 2397 1
2856 110 3508 3851 1
2370 2427 2740 1879 1
3103 3604 3919 3294 1
2572 943 1874 2060 1
2361 3160 3103 3294 1
3748 3461 1220 746 1
2784 2129 2529 3579 1
3774 2784 2129 2529 1
1638 2886 2348 135 1
1913 3168 1035 2818 1
2551 2818 1035 958 1
1628 3582 2318 1888 1
1638 135 2348 3065 1
2318 1628 815 3582 1
2363 628 267 257 1
2363 628 266 2457 1
3632 3383 1751 3467 1
961 1393 2291 1681 1
1389 1804 222 248 1
3109 3475 1389 222 1
3109 1389 1804 222 1
2299 1968 1641 1133 1
903 2082 1261 535 1
2504 341 678 349 1
3651 678 349 2504 1
349 2504 345 1244 1
1244 831 3651 1406 1
2504 3651 678 2937 1
678 2937 341 2504 1
535 3493 2082 3081 1
2082 903 3493 535 1
639 3069 2930 2682 1
3508 3581 2327 2551 1
2905 3581 3508 2551 1
125 2617 3009 2203 1
2730 705 2328 2922 1
2673 3009 1671 125 1
1666 2215 1932 1215 1
1824 1120 1391 1004 1
1824 3061 1004 1920 1
2300 2215 2698 1666 1
2215 2698 1666 1932 1
2008 3551 3341 3657 1
2730 2328 3070 2922 1
2270 933 2604 2398 1
2270 933 2241 2207 1
2969 3802 985 3011 1
985 1511 2386 3011 1
1511 2386 3011 2891 1
1317 113 2371 1093 1
1093 2371 1317 1449 1
3468 3145 2447 3507 1
1844 2308 856 23 1
168 3145 3468 3507 1
3854 1729 2828 1872 1
1872 3854 1729 3628 1
2942 1621 3012 2198 1
2693 3837 3404 1414 1
561 4033 1326 2894 1
1349 1356 2826 2392 1
993 1356 1349 2392 1
2392 780 186 1273 1
2392 2826 186 2762 1
2308 19 1305 3473 1
2057 1154 1492 1294 1
1388 2829 2473 2608 1
2829 2782 3584 3291 1
2366 2078 2871 1962 1
3291 2829 1388 2608 1
2404 3702 2440 2302 1
93 2404 2502 2302 1
1055 3015 1600 3982 1
1873 3015 1055 3982 1
2404 2440 2502 2302 1
2330 616 2049 2988 1
3015 1979 1919 1600 1
2160 2167 983 1896 1
2330 2988 2049 3089 1
3629 4038 1961 1408 1
3450 3687 2246 3557 1
3687 3635 2246 3557 1
120 1900 3546 1259 1
2568 2163 3017 2054 1
3017 2054 1236 3841 1
2788 3017 1236 3553 1
1198 25 3459 3018 1
3415 943 3200 2477 1
2075 3850 29 3018 1
3190 3459 2075 858 1
858 3459 2075 3018 1
3415 3818 3200 943 1
3415 943 2477 433 1
748 1260 1293 1691 1
3011 2406 2386 3019 1
1691 1260 1293 34 1
748 1260 1691 1116 1
4122 1733 1725 3020 1
4122 1733 3020 3498 1
3176 2270 2398 2241 1
3067 2604 3186 1256 1
3023 897 3210 2292 1
2841 3373 1632 2113 1
211 3440 3213 3487 1
211 3213 3369 3487 1
211 3440 3487 2228 1
3482 2962 2995 3729 1
2844 978 835 997 1
658 252 4141 3024 1
770 2608 2846 777 1
770 777 2846 893 1
2951 1764 1709 2846 1
1253 770 2846 893 1
1705 1709 3099 1253 1
2829 3584 2473 2608 1
2951 1764 2846 2608 1
3025 3000 3311 1993 1
3622 637 2849 577 1
577 570 588 2849 1
637 587 3622 2849 1
2850 1670 4111 2001 1
3422 3943 3461 3055 1
596 3328 3820 3578 1
4022 3165 2806 2525 1
3495 746 3748 3489 1
2756 2065 192 1456 1
2313 2144 1761 406 1
1034 356 347 2853 1
400 2144 406 1761 1
188 2563 3031 968 1
243 3786 232 236 1
245 243 1287 236 1
2386 162 2997 1924 1
3786 236 243 245 1
3771 2050 1149 1921 1
2281 243 236 1287 1
1039 1383 3033 2932 1
1039 1383 1317 3033 1
1949 858 2075 1159 1
858 3018 2075 1409 1
3018 1409 2271 3296 1
2271 1662 1409 1198 1
2052 2271 1409 3296 1
3112 1039 1317 3033 1
2400 2859 3215 3852 1
1039 3033 884 2932 1
3731 3517 1330 3922 1
2980 1039 3112 3033 1
2980 1039 3033 884 1
2765 42 3100 2860 1
1077 2765 2860 42 1
1116 1077 2860 42 1
3496 3750 161 3615 1
1116 2860 1162 42 1
2750 2388 3034 498 1
2546 2750 3034 498 1
2388 498 1989 3034 1
3383 1907 3467 3228 1
2248 1446 1981 3035 1
2248 1446 3035 2240 1
3395 3664 4120 2048 1
3813 2048 3395 4120 1
4070 3036 1473 3676 1
3750 3212 3615 2517 1
1233 1052 1466 2142 1
2876 80 2507 2866 1
80 2866 2149 1543 1
80 2149 2866 2876 1
1515 3824 2696 2508 1
2287 3037 3417 1973 1
1984 1441 262 254 1
2274 1441 244 254 1
2763 3373 3938 2841 1
2888 2841 1916 2008 1
1018 3141 331 1634 1
3040 201 2439 3607 1
1656 201 2439 3040 1
1634 3141 331 2422 1
2422 3095 3219 3398 1
3381 3469 2185 1272 1
812 1243 3042 2429 1
3506 2181 2615 1591 1
1866 2713 1586 2842 1
1623 1919 3266 1600 1
3266 1176 1286 1623 1
1623 1600 3266 1176 1
1591 2615 3506 2659 1
3309 917 2877 3293 1
2921 2383 1358 3144 1
2921 3144 1358 1947 1
2921 2958 2383 3144 1
1570 2876 2475 1176 1
2475 2876 1570 2149 1
2053 2180 3181 1298 1
2053 2180 718 3181 1
2053 718 2953 3181 1
2550 3875 2439 3704 1
2995 2962 2428 2045 1
3879 3633 3413 2428 1
3793 2439 2232 2550 1
4085 3556 387 3043 1
2522 4085 3043 3556 1
3341 984 1431 3225 1
2550 2439 2232 3704 1
3934 3511 2986 2345 1
2878 3555 2454 3851 1
1431 2844 1917 2223 1
3225 2844 1431 2223 1
2093 3276 2046 3350 1
3045 2568 3840 2256 1
3045 1464 2599 1714 1
3045 2256 2599 1464 1
1001 1192 831 299 1
2093 2349 2250 3276 1
60 1266 64 616 1
3213 1939 4073 3047 1
3047 1939 4073 2957 1
3145 2839 3289 2897 1
3468 2839 3289 3145 1
2748 2839 3468 3145 1
1973 1132 3417 1327 1
1327 1973 2287 3417 1
1301 1802 2111 904 1
3145 2748 3221 3377 1
2011 1215 990 2109 1
2444 2038 2062 2335 1
576 581 3083 3068 1
1202 955 1595 3360 1
3360 3151 955 1595 1
1745 1181 3051 979 1
1587 2655 1596 1589 1
3051 1745 979 1906 1
2636 1181 3051 1745 1
2600 1173 2964 1898 1
3011 2386 2406 2891 1
1412 2891 3007 1461 1
3883 2036 506 3224 1
2386 743 1412 2891 1
3487 3213 3047 1939 1
1468 2892 112 813 1
3487 1939 3047 1381 1
3510 279 3110 2956 1
3357 1674 1561 1607 1
3357 1890 1674 1607 1
3357 1890 1264 1674 1
1444 835 2789 1429 1
2789 1917 1429 835 1
746 3314 3055 3461 1
3815 3538 2513 3490 1
3690 1835 3518 2074 1
2077 3580 3298 3444 1
3298 3580 3815 2513 1
3318 2074 3518 165 1
2746 289 3167 2044 1
2044 2746 289 288 1
3102 2044 2059 313 1
2099 1378 1774 1727 1
3582 1352 1888 1350 1
2826 2392 1398 1349 1
957 1137 1695 2261 1
957 1137 2261 1660 1
957 1660 2261 56 1
2905 1352 2147 3582 1
2178 2044 842 313 1
313 2178 2044 2059 1
2147 1352 2918 3582 1
2091 3560 3887 2171 1
2091 2736 3560 2171 1
4064 521 656 3509 1
3146 1177 2584 1324 1
3400 3013 3386 3359 1
2786 3146 2584 1324 1
3350 3637 3523 3276 1
3059 3503 2046 2637 1
684 1350 815 1628 1
255 284 1366 262 1
1993 1154 4036 2801 1
3081 3558 3420 2623 1
3775 3936 3105 2779 1
2056 1311 1954 840 1
3950 2618 3354 2034 1
4134 3950 3204 3354 1
1323 364 2211 2532 1
1883 368 2904 371 1
3287 1883 2904 3128 1
368 2156 2904 371 1
1323 2532 3042 364 1
3665 3774 3545 2071 1
1969 3029 3136 2408 1
685 1382 1370 3315 1
2114 1490 1370 2837 1
2114 685 1370 3315 1
2642 3367 579 2909 1
3163 930 1810 913 1
3136 3029 2469 2408 1
3136 2469 3777 280 1
3494 3805 1973 3713 1
1810 930 3163 2361 1
3713 3942 1973 3494 1
3996 2838 2941 3638 1
1343 1753 1189 2913 1
2516 2958 2383 2921 1
2535 3130 1477 1447 1
2202 2535 1447 3130 1
2202 1814 1447 1218 1
3144 2958 2383 3539 1
3674 2352 3996 2941 1
2577 2335 2038 3066 1
2916 1672 2470 1290 1
2462 491 496 487 1
951 719 1402 787 1
2444 3160 3294 2685 1
621 3505 3166 3355 1
3743 3166 3184 3284 1
3743 3166 2125 3358 1
3186 3067 2721 2213 1
1450 3173 2461 3595 1
3595 3173 3259 1267 1
1450 3173 3882 2461 1
3882 1450 2899 3173 1
2171 2472 2736 3957 1
3174 504 2405 3214 1
3174 504 3214 3434 1
2445 245 2829 2782 1
3174 504 3434 3830 1
2159 1105 1497 1204 1
2574 1497 1526 2159 1
1497 1480 1233 643 1
2128 3178 963 1031 1
1031 3178 963 3335 1
1992 1733 4028 3075 1
1319 3178 2128 1031 1
120 1900 926 3546 1
584 3328 3858 594 1
3328 3858 704 3820 1
1257 1385 3187 3077 1
1257 1385 3077 2336 1
1257 3187 1999 3077 1
2117 561 3156 560 1
2039 2872 926 3546 1
1900 2039 926 3546 1
926 119 3546 2872 1
926 119 120 3546 1
2117 560 3156 4031 1
3078 121 2950 3528 1
3247 3078 3804 2950 1
2926 789 2682 785 1
789 3069 2926 2682 1
2416 789 2926 785 1
2928 600 593 3986 1
2991 3561 237 1544 1
3548 3279 3599 3284 1
621 3548 3101 3355 1
2086 1788 2698 1932 1
3548 3355 621 2125 1
2355 3111 3080 1645 1
3987 1645 2355 3080 1
543 553 2702 545 1
1645 3111 3080 2481 1
2702 1884 543 545 1
2066 1884 2702 548 1
639 891 966 2930 1
2930 639 2682 966 1
1777 2931 3250 1172 1
1172 1302 2931 1740 1
1296 3250 2179 2931 1
1296 3250 2931 1740 1
3658 2080 2805 3431 1
1253 3082 2802 1492 1
1701 1943 1374 2151 1
1943 2492 1374 2151 1
2492 2588 1374 2151 1
3253 640 3148 3646 1
1699 1162 2934 1116 1
2922 3253 2328 640 1
3253 640 3646 2328 1
1963 2072 2449 912 1
3838 237 2991 3115 1
237 3115 3838 1804 1
2935 3371 1289 3756 1
3109 3737 3115 3838 1
2693 3844 896 2898 1
3115 3838 3737 2991 1
896 3844 3789 2898 1
1741 1406 1199 1574 1
3838 3115 3109 1804 1
1741 1812 1406 1574 1
1406 1741 1531 1812 1
2343 341 678 2937 1
1411 2937 2343 1487 1
896 2898 3789 3202 1
2924 3660 2274 4049 1
317 2059 2005 2443 1
3167 303 2746 2754 1
507 2512 2939 3170 1
303 3167 842 2178 1
2178 303 3167 2754 1
507 3170 2939 2775 1
303 2746 2509 3167 1
303 2509 842 3167 1
1706 1914 408 3215 1
1696 1914 393 408 1
1769 3215 393 2859 1
3851 620 1620 3555 1
1007 2003 1423 603 1
3851 3555 671 620 1
2096 2838 90 3638 1
3086 1790 4028 2079 1
3476 3409 2201 3230 1
3086 2120 1790 2079 1
3442 3409 3476 3230 1
2449 912 1242 1963 1
2449 2590 2072 1845 1
1963 1845 2449 2072 1
557 3184 3284 1617 1
557 2199 3184 1617 1
2486 3969 3554 3196 1
2421 2486 2983 3554 1
2871 1559 2637 2378 1
2871 2637 3059 2378 1
2010 2482 2788 2325 1
2010 2482 2569 1236 1
3557 3635 2246 734 1
3715 3557 2246 734 1
3090 243 3788 2598 1
247 3788 238 3797 1
3090 2923 2598 1651 1
2667 2405 506 3076 1
3544 1986 1773 227 1
1175 2140 1040 1809 1
1593 1285 1957 2663 1
2564 2667 506 3076 1
2602 2671 2983 3894 1
2983 1938 3894 2671 1
1387 1123 1957 1938 1
791 2321 3070 1748 1
3711 1602 1748 3070 1
3992 3224 3883 506 1
506 505 4100 3992 1
1899 2760 3297 3958 1
3297 3456 3220 3958 1
2851 2719 77 2465 1
4087 2288 3094 1573 1
2288 3682 3094 1573 1
3681 215 1762 1941 1
1941 1381 3681 215 1
1381 1941 3779 215 1
1941 215 1762 1768 1
1941 1768 3779 215 1
1266 1692 64 616 1
2432 3300 1704 2235 1
2662 2432 1704 2235 1
3799 179 3113 3567 1
2101 1491 2807 1108 1
3388 3799 3567 179 1
621 3358 3166 3505 1
3743 3166 3358 3184 1
313 2301 2059 2803 1
313 317 2059 2301 1
2253 2003 640 3148 1
3098 734 2432 1704 1
1381 1939 3047 2957 1
2957 231 1939 3849 1
1705 1546 3099 1709 1
198 201 1656 2959 1
2503 737 3568 3801 1
3568 1478 1784 3718 1
3718 2047 3568 2503 1
423 2257 1706 3331 1
3990 3033 3199 1206 1
3915 3112 3147 2985 1
3102 295 2463 2222 1
3102 288 2028 2463 1
506 3198 2564 505 1
2565 3919 1464 1714 1
1601 236 3401 2864 1
1601 2864 3401 1546 1
1714 1754 3919 1464 1
1231 3908 3824 2776 1
3376 3270 4113 4071 1
1621 82 3132 4005 1
1179 3258 1953 3104 1
4114 2002 4024 4109 1
2198 2021 2942 4005 1
2942 1621 2198 4005 1
1742 2440 1903 1772 1
3515 113 4080 3664 1
2985 4080 113 3664 1
1772 2692 1903 882 1
2440 2692 1903 1772 1
1335 2968 1949 2515 1
3106 2070 2451 3533 1
1335 1305 2968 2359 1
2982 4017 3680 3758 1
3205 2696 516 2961 1
1432 3967 3106 2020 1
1563 1843 1977 2970 1
901 1262 2686 3343 1
3108 2036 1501 1990 1
901 3834 3621 3343 1
4079 2495 2335 2488 1
2971 2322 669 388 1
1040 846 1758 2190 1
1758 1802 1038 731 1
3756 3624 2736 2472 1
901 3621 1262 3343 1
1432 2890 665 1138 1
2974 3776 760 574 1
2824 2865 2974 1599 1
1138 665 1082 2890 1
2501 3054 2483 2283 1
1138 665 1983 1082 1
3573 3090 3797 2598 1
3906 589 585 579 1
2029 1640 1207 983 1
3906 589 579 3755 1
3210 867 1749 1011 1
1388 1287 2473 2829 1
1287 1601 2473 2829 1
3563 4027 3211 3542 1
1673 4037 382 2925 1
3138 179 3113 1265 1
1657 3860 2869 2771 1
3785 2572 4063 3443 1
1725 1733 3075 3114 1
3075 1733 4028 3114 1
1725 1733 3114 3020 1
1242 2041 2449 2132 1
3115 617 2595 3603 1
3552 2771 2869 4050 1
3983 2768 2753 4049 1
4032 3385 3978 2910 1
3356 3781 2798 3206 1
3399 2740 2855 1985 1
1695 3116 1341 2792 1
165 4127 2418 4047 1
3978 1944 3650 2982 1
3318 4017 165 2982 1
3978 3385 2982 3318 1
1695 3116 2792 1854 1
1695 988 1341 3116 1
2985 3112 3274 3798 1
2007 2257 423 3331 1
2312 1932 990 1215 1
2719 2465 3803 3220 1
2122 2898 3202 3250 1
2485 2719 3803 3220 1
2122 3250 3202 2179 1
3220 3729 3803 2485 1
2995 3729 3803 3220 1
249 2739 2987 4006 1
3220 2465 3803 2995 1
3145 2748 2839 3221 1
2933 2988 2857 1071 1
1590 730 2756 1456 1
2618 3342 3909 1693 1
1883 349 345 3406 1
615 3634 3849 3703 1
3406 1883 3128 371 1
2960 3195 3546 2780 1
3634 214 615 3849 1
2991 2753 3561 1544 1
2753 1544 2991 3643 1
119 2960 3546 2872 1
517 2961 3223 516 1
1381 1941 2957 3779 1
215 1768 3779 2460 1
1743 2016 1029 1185 1
337 2817 332 1922 1
1743 2417 2016 2285 1
2992 354 2998 337 1
2079 2120 1078 1817 1
3075 3086 2079 2331 1
1692 1724 2678 1266 1
2331 2120 3086 2079 1
2331 1910 2120 2079 1
2771 3860 2869 3124 1
2771 3860 3124 2686 1
666 3594 2608 3466 1
2686 1262 3124 3005 1
2608 3584 3594 666 1
791 3943 3422 1678 1
1983 529 525 903 1
1887 2386 3264 1511 1
91 2502 3126 2302 1
684 1178 815 1350 1
3126 2855 2502 91 1
642 3229 4142 3382 1
2946 2503 4142 3229 1
2992 2998 332 337 1
2294 1711 1832 1052 1
1052 1711 1466 2294 1
2202 1059 3130 1447 1
2948 3053 3133 2808 1
295 288 2463 1711 1
1528 3230 487 1404 1
3102 288 2463 295 1
1404 3230 3442 3476 1
1109 248 3134 1389 1
2683 1109 3134 1517 1
2683 1986 3544 3134 1
154 3340 2976 2647 1
154 3479 2976 3340 1
2599 1754 106 1714 1
2647 3496 3426 154 1
3828 3496 3615 154 1
3003 356 382 1834 1
3003 382 2925 1834 1
3139 3004 301 2861 1
3496 3828 3426 154 1
2599 3840 106 1754 1
2362 2861 3944 3004 1
1714 106 3919 1754 1
3414 3041 516 2696 1
616 1692 1275 2678 1
616 1692 2678 1266 1
1099 1521 1535 285 1
3777 294 3888 2549 1
1521 1595 1535 285 1
3777 294 2549 2269 1
2549 294 3888 3765 1
2549 294 3765 297 1
2549 294 297 2269 1
3414 2696 516 3205 1
968 2563 3031 2977 1
3258 1055 3972 4114 1
3958 3836 2485 1801 1
4067 3041 516 3414 1
968 3794 2977 3031 1
1254 404 3460 3645 1
3736 404 1254 3645 1
291 3004 2963 3139 1
3007 162 1806 1643 1
743 2891 162 3007 1
1412 2891 743 3007 1
4134 3950 3354 2034 1
2739 243 2690 2987 1
853 2244 3587 488 1
2785 112 961 1393 1
1393 112 961 1612 1
1869 2162 671 96 1
1631 1612 961 112 1
488 3587 1694 2244 1
2707 1675 1468 4000 1
95 2707 100 3454 1
2707 4000 1468 3454 1
3454 1468 2707 2680 1
3454 2707 100 2680 1
2116 2205 3045 2657 1
1026 2944 2391 2585 1
2469 2873 1452 3884 1
2192 3841 2733 2621 1
2038 2324 2767 1942 1
2097 2582 2126 1779 1
1942 2038 2324 3066 1
1872 3791 3854 3628 1
3791 3895 3854 3628 1
3402 2070 3605 1770 1
2534 1218 2592 1814 1
2314 2070 3605 3402 1
3705 1253 2846 2084 1
1369 2705 1814 809 1
1214 1946 2239 3519 1
642 2946 4142 3229 1
2918 1352 1888 3582 1
2918 804 1888 118 1
2343 2937 678 831 1
4081 3685 405 3460 1
3857 3861 3518 1835 1
516 517 3165 3223 1
3857 1835 3518 3690 1
2656 2197 1677 3203 1
2508 3824 4048 1231 1
1771 3524 1345 1722 1
1231 3824 4048 2776 1
1722 3524 1345 2562 1
1898 3733 3618 3036 1
57 748 1076 1699 1
1409 1752 1159 1077 1
1409 1455 2052 2765 1
1898 3000 3618 3733 1
1898 3000 3025 3618 1
2508 3824 3414 4048 1
2458 515 3259 4022 1
4022 515 3259 2119 1
405 3767 3460 3685 1
389 1816 361 390 1
1816 361 363 389 1
3254 3767 3685 404 1
1515 2696 2329 2508 1
2696 2508 3041 2329 1
115 3508 3581 2878 1
1317 3112 3990 3147 1
3199 3990 1206 3147 1
3147 3112 3990 3274 1
2152 2137 1737 2108 1
1319 880 2128 3241 1
1644 145 2571 3306 1
2344 2152 2137 1737 1
2128 880 3127 3241 1
813 112 1468 3026 1
813 112 3026 2785 1
2335 1794 2038 2062 1
962 166 1239 3027 1
962 1019 166 3027 1
4079 2038 2335 1794 1
3035 1446 1981 2076 1
3035 1446 2076 2662 1
3161 2220 1945 2990 1
2662 2076 1704 1446 1
3839 2861 3944 3752 1
1908 2861 3839 3752 1
3752 2861 3944 2362 1
3161 1945 3830 2990 1
634 3161 3175 2990 1
192 3149 2384 2756 1
3331 1847 1706 3407 1
98 2654 2358 1925 1
473 466 474 3301 1
473 3301 465 466 1
474 1513 3301 466 1
1513 465 3301 466 1
3195 2780 3242 648 1
3195 3242 2712 648 1
1327 3032 3805 1132 1
1132 2926 1327 3032 1
2388 2032 3171 2953 1
3351 3471 3928 2660 1
1479 2032 2953 3171 1
3108 1990 1950 2230 1
3175 3174 2667 3877 1
3246 2666 2236 3870 1
583 2660 3928 3675 1
143 3246 3154 4078 1
3154 3246 2236 3870 1
2694 1891 1072 605 1
2694 1683 1891 605 1
1104 2109 2556 2150 1
796 1442 2556 2109 1
2668 3994 1276 3244 1
3348 266 259 1639 1
1639 1668 2927 3348 1
3657 3492 2832 1003 1
1943 1374 3038 4023 1
2592 2997 1369 1924 1
3492 3920 2832 1003 1
1476 3039 1536 162 1
2636 1180 3411 2026 1
528 3463 538 3271 1
1525 345 1348 368 1
1584 345 3406 1348 1
3271 538 3942 3463 1
3010 1878 2287 3037 1
3010 3037 2287 1973 1
2026 1745 2636 1180 1
1555 1439 1423 940 1
3051 979 945 1906 1
1996 3737 2991 3115 1
2883 313 1105 2035 1
317 1292 2035 313 1
1105 2301 2035 313 1
2301 317 2035 313 1
864 1017 1509 2035 1
864 2035 1509 320 1
1018 1204 331 2035 1
3699 2537 1803 1138 1
3324 2035 320 331 1
1204 3324 331 2035 1
2412 2219 1349 1830 1
3162 2377 3001 2817 1
2543 2827 2219 1830 1
559 3044 1599 2175 1
3506 3961 1868 3491 1
2027 2738 2484 3095 1
3252 1314 3707 3044 1
2817 3162 2377 314 1
3162 2362 3752 314 1
3961 3736 1868 3491 1
1177 2952 4087 3874 1
2964 1622 3000 1173 1
1173 1622 3000 1376 1
1173 2964 1898 3000 1
1607 1890 199 3522 1
2075 3850 25 3647 1
3936 3955 3775 3286 1
2075 25 3850 3018 1
518 3863 517 3165 1
4021 2321 2828 3461 1
3955 3775 3286 4130 1
3854 2828 1220 4021 1
4021 3748 1220 3854 1
4021 3748 3461 1220 1
985 2098 2969 3019 1
213 3049 641 228 1
2098 3997 2969 3445 1
3997 3445 2098 4092 1
1997 3445 3997 4092 1
1847 3374 2295 1831 1
2541 1847 2295 1831 1
402 2541 2295 1831 1
3811 3169 179 3519 1
2590 1153 2722 2021 1
2722 1930 2590 2021 1
2590 1153 2021 2942 1
1930 631 2590 2021 1
2790 3842 4051 2605 1
313 3102 3172 2803 1
313 2803 3172 2574 1
2502 1985 2404 93 1
1985 2404 93 4055 1
93 2514 2404 3696 1
3696 2404 93 2675 1
2762 3177 1329 2414 1
1441 2274 2630 254 1
3950 2618 3204 3354 1
1785 1450 3882 2461 1
119 926 122 3180 1
1785 2461 3882 3223 1
3180 119 926 3947 1
3056 3947 3180 2773 1
3882 3173 4022 3223 1
1536 3039 1476 1564 1
3433 1004 3061 3771 1
3234 3860 1657 2686 1
1824 1417 1004 3061 1
2258 3316 535 3081 1
3493 3558 2082 3081 1
1657 3860 2771 2686 1
2994 4041 2624 3282 1
1267 3173 3259 2899 1
1591 3961 3506 3491 1
1591 3506 3961 2659 1
3506 3491 2181 1591 1
1675 3299 4000 3182 1
3298 2077 3444 3989 1
3315 1337 1490 175 1
3315 175 1370 1337 1
2298 1452 2247 2073 1
928 2523 1213 2627 1
1053 1524 2808 3133 1
2948 2808 3133 3918 1
3029 2298 1452 2247 1
3138 3133 3918 2948 1
525 526 529 1983 1
2537 2020 1138 1082 1
827 1384 1615 2498 1
1412 1806 1643 3007 1
1615 3245 2498 1592 1
143 3246 3185 3154 1
3185 1824 1776 143 1
1776 3185 143 3246 1
2926 3069 1132 1594 1
3138 1265 3113 3150 1
3150 1265 3113 3799 1
576 2030 3153 3707 1
3083 2030 3707 1314 1
3153 3707 4086 3140 1
1897 19 3389 3190 1
1305 2968 16 3190 1
1897 19 3190 1305 1
2910 3518 2635 165 1
2831 3544 4069 3270 1
2447 3759 1462 3746 1
3233 1937 1462 3673 1
659 3576 3191 2874 1
2284 113 3515 3365 1
3929 3191 2037 2879 1
2284 113 4080 3515 1
1887 2386 2997 1924 1
2422 331 2559 3095 1
2997 162 1369 1924 1
1924 1369 3039 162 1
1230 3421 3684 1503 1
2422 331 3095 3141 1
357 362 3192 376 1
357 3287 3192 362 1
3441 917 3566 3273 1
627 2528 2161 2148 1
3545 2071 3125 3665 1
2161 3193 2528 627 1
3665 2071 3125 3509 1
3392 3194 2580 2531 1
772 1936 2580 1308 1
3874 2466 4020 1271 1
2136 4057 3179 3295 1
2047 737 3568 2503 1
3882 3173 2899 2525 1
2899 2525 3259 2713 1
3173 2525 3259 2899 1
3720 2712 2673 3195 1
3290 3117 3263 2821 1
3720 2960 2712 3195 1
2288 3117 2821 3874 1
1413 1880 367 1842 1
1413 1333 1880 1842 1
1842 367 380 366 1
651 1204 1390 2159 1
921 2645 2975 2338 1
1646 133 2170 1972 1
1110 2115 2170 133 1
2338 3277 2134 2645 1
1110 133 2170 1646 1
2453 341 1001 1411 1
1411 2343 1001 1195 1
97 1869 3819 100 1
2454 3819 3555 3964 1
1952 3964 3819 2454 1
3819 671 2454 3555 1
3652 3762 508 4084 1
2465 2561 1396 2995 1
1317 1383 795 3199 1
795 1317 3199 3915 1
3958 3456 2995 3577 1
3686 1250 3293 385 1
3084 376 1250 385 1
385 3686 1250 3084 1
3200 943 2060 2477 1
401 386 669 3091 1
669 2971 1575 3091 1
620 3555 671 1869 1
1869 671 620 96 1
3555 2999 1869 620 1
325 1504 1037 1848 1
325 1504 1848 2664 1
325 329 3093 1848 1
325 3093 328 2664 1
325 328 3093 329 1
325 2664 1848 3093 1
1595 1014 1202 1252 1
1202 1379 1595 1252 1
2691 3107 2632 432 1
3861 2976 2647 3302 1
3302 2976 2647 154 1
2404 1961 2440 3702 1
2227 1879 1532 1642 1
874 2227 3157 1642 1
2756 2384 2065 1113 1
2384 3020 2065 1113 1
594 3656 586 3853 1
3096 3437 2182 3610 1
3284 3505 557 3101 1
3284 2125 3166 3355 1
3288 564 3902 4137 1
3204 3984 3541 3354 1
2198 2021 1737 2942 1
3289 2305 1997 2447 1
3468 3289 1997 2447 1
3468 3289 2447 3145 1
2633 3100 1691 2860 1
2765 3100 2633 2860 1
1116 2860 1691 1162 1
634 3175 1950 3877 1
634 3175 3877 2990 1
554 2213 3067 2604 1
3067 2604 2213 3186 1
2288 3290 3117 3094 1
354 840 1954 379 1
516 517 3992 3165 1
4067 3992 3948 516 1
1522 2479 3110 294 1
3110 3888 294 2479 1
3110 294 3888 3777 1
3749 3662 387 3269 1
2216 104 1316 3754 1
3848 104 2216 108 1
2216 108 104 3754 1
77 2760 2465 2719 1
1899 2760 3932 3297 1
3932 2760 2719 3297 1
60 3547 1953 1179 1
1179 1953 3258 3547 1
2272 60 3547 1953 1
2485 3932 2719 3297 1
3547 1179 2601 3258 1
1378 2091 3526 2649 1
3526 2113 1632 2649 1
3967 3533 4105 1770 1
2134 2422 2559 3277 1
133 2168 927 2202 1
1163 881 1685 1426 1
1685 1426 881 2290 1
1538 2290 1426 1685 1
927 2168 2492 2202 1
927 2588 2202 2492 1
3277 2422 2559 3219 1
2155 2751 3243 1104 1
2155 2556 2751 1104 1
2897 2305 3289 2447 1
3156 4031 560 4013 1
2460 3129 1768 240 1
2400 385 2859 3218 1
3566 3368 2877 402 1
2990 1945 3830 1428 1
3590 2985 3664 3798 1
2437 2099 1727 1378 1
2204 789 785 1216 1
933 2204 756 1216 1
2604 756 2204 1256 1
1818 2022 3389 3437 1
1276 2966 3244 3994 1
1949 3190 3389 2075 1
1854 3684 3222 2242 1
1695 3222 2639 2242 1
1695 1854 3222 2242 1
1276 1829 3244 2966 1
3135 2360 4038 3670 1
3135 2360 3670 3717 1
2885 3119 736 38 1
2204 789 1216 933 1
2589 1501 3883 3224 1
1501 3224 1990 2036 1
4087 3094 3865 1573 1
1519 692 1494 1909 1
1519 692 1909 1197 1
2952 3094 3865 4087 1
3226 2117 3156 4031 1
2729 3249 2402 3734 1
3321 3778 3227 1630 1
3370 1777 3120 3179 1
1934 1139 2655 3121 1
3121 1139 2655 1589 1
4023 1374 2452 1701 1
1374 2452 3038 4023 1
1374 2452 2535 3038 1
2124 450 453 446 1
980 3123 451 438 1
3237 2784 2129 3774 1
213 641 227 228 1
641 2376 1773 227 1
641 2376 227 228 1
3769 3327 1600 1975 1
3769 4024 3327 1975 1
3327 1975 1801 1600 1
3327 1975 3836 1801 1
3327 4024 3836 1975 1
1679 2968 14 11 1
1679 2968 1335 2515 1
1883 371 2904 3128 1
1789 2460 3129 1762 1
3131 1583 2612 4026 1
1953 3131 788 3914 1
4026 3131 1953 3914 1
3997 3468 1997 4092 1
3997 3468 4092 3507 1
1739 1188 1894 3319 1
3266 1899 2876 1801 1
1123 2876 3266 1194 1
1570 3266 2876 1176 1
3905 1386 2805 2080 1
2968 1654 2720 11 1
1229 1502 3319 1894 1
3204 3984 3354 2618 1
3354 3984 3623 2618 1
3135 3670 4038 3257 1
136 2689 3306 647 1
2633 34 36 2022 1
2167 3991 2966 1276 1
2966 3991 3923 3631 1
571 3701 3789 568 1
3844 3701 568 3789 1
2838 2464 2227 90 1
2096 90 2838 2227 1
3923 3991 4071 3631 1
1577 1418 2127 2653 1
3137 3706 1498 50 1
1498 1860 3137 54 1
3138 179 3053 3113 1
3138 3113 2948 1992 1
2904 1755 2156 2268 1
4015 404 3736 3645 1
2537 526 1983 529 1
1983 526 665 525 1
1375 2827 1356 3673 1
1830 2827 1356 1375 1
4015 3645 3736 3378 1
2827 1356 2219 1830 1
3955 3329 4130 3531 1
3597 3531 3955 4130 1
399 3955 3329 3937 1
1219 282 2996 269 1
2144 4072 1338 3232 1
3231 3709 1332 3453 1
3231 86 1426 1332 1
3231 1625 1426 86 1
1390 3050 3530 2338 1
2338 3050 3530 3277 1
3277 3626 4046 2975 1
774 494 499 514 1
3291 2608 1388 1344 1
3606 1822 1344 1521 1
3606 1822 2608 1344 1
2376 227 3630 1773 1
1031 963 1700 3335 1
2976 3479 3683 148 1
3683 3479 3727 148 1
901 1262 3234 2686 1
901 3234 1262 2835 1
2965 3683 2976 3302 1
1031 1700 1229 3335 1
2601 3988 4016 3889 1
1961 2945 3439 3702 1
957 1660 56 883 1
1961 2360 3439 2945 1
2634 540 2901 3336 1
2901 540 3326 3336 1
957 1137 883 1934 1
1934 1137 883 2655 1
1736 3235 3868 2629 1
4098 2629 3395 3235 1
2514 1851 3239 3574 1
673 2196 2582 932 1
2514 4077 1851 3574 1
2988 2857 2448 54 1
2722 1153 996 1111 1
3337 2868 556 3548 1
3338 3374 1847 3941 1
2804 3374 1847 3338 1
1561 1968 2299 1133 1
2487 3374 2804 3338 1
3482 3655 74 73 1
2467 73 3655 3482 1
1979 2467 3482 73 1
2933 2857 2988 54 1
3482 74 2962 73 1
73 2962 3482 3327 1
125 2773 2610 2177 1
125 3180 2773 2177 1
3360 2887 955 3151 1
3303 1635 1583 3152 1
3006 2684 2489 2774 1
1730 2169 1596 2677 1
192 1725 2331 2065 1
1725 3114 2331 2065 1
561 3156 560 3896 1
4062 2117 3156 3226 1
560 562 3226 1537 1
1725 3114 3075 2331 1
3242 1980 2712 648 1
91 3206 2423 2781 1
2658 2594 3568 3718 1
2594 3718 2658 2966 1
3912 3831 1324 2499 1
4043 3599 556 3548 1
4116 3865 1324 2499 1
3831 4116 1324 2499 1
3629 3940 1961 3243 1
148 3683 2976 2965 1
3349 491 2201 4140 1
2536 3349 491 2201 1
496 491 3349 4140 1
2660 3351 582 583 1
3245 827 1615 2498 1
583 3351 3928 2660 1
2019 1994 2158 429 1
1951 429 1238 1994 1
1994 429 1238 2158 1
3140 582 3351 3636 1
2425 3524 1771 1080 1
2960 4042 1482 3242 1
3524 1805 2562 1080 1
1771 1080 3524 1722 1
1722 1080 3524 2562 1
3603 3115 1996 3352 1
2096 90 2227 2370 1
2898 3701 3789 3164 1
671 96 3248 620 1
620 96 3248 2238 1
3248 3399 96 2855 1
3603 3115 3352 3052 1
2390 1011 1749 1578 1
642 3603 3352 3446 1
236 245 3786 3600 1
3136 1969 3110 3812 1
3493 2623 3558 3081 1
74 2790 2605 2561 1
1204 2134 3324 1506 1
921 1359 1390 2338 1
2338 3277 1634 2134 1
905 958 1035 3168 1
2154 1828 905 3168 1
3168 958 1035 2818 1
3170 483 2166 2512 1
3170 2166 483 2420 1
2775 2420 3170 483 1
3170 2512 2939 483 1
3170 483 2939 2775 1
3030 3541 3354 3204 1
3030 3054 3541 3204 1
2694 2179 1683 1282 1
2931 1282 2179 2694 1
2931 1740 1282 2694 1
3284 3355 3505 3101 1
3251 2997 1887 1511 1
3251 1511 2982 3385 1
2982 3251 1887 1511 1
1227 1112 1020 2557 1
663 544 2368 3252 1
2368 544 1314 3252 1
2368 1314 3083 3252 1
3179 4057 2609 4034 1
4057 4045 3179 2609 1
3263 3362 2761 2743 1
2882 3362 2761 3263 1
1364 556 564 3773 1
1545 3773 556 1364 1
2209 3279 4043 3548 1
556 1364 564 2868 1
556 2868 564 3548 1
1467 2251 771 892 1
642 3737 1996 3603 1
2879 1540 2697 3255 1
642 3737 3603 617 1
2816 1540 2416 3255 1
1470 1100 1751 2252 1
1785 2538 2696 1515 1
2538 2961 2700 2461 1
2538 2696 2961 1785 1
1802 904 731 892 1
846 892 1758 1690 1
1758 1802 731 892 1
3258 4114 3104 2254 1
2601 3258 3988 3889 1
3258 1055 4026 3972 1
3258 4026 1055 3889 1
3547 3258 2601 3889 1
2525 4022 3259 2713 1
1355 2624 1972 2341 1
2480 1850 2265 2023 1
3262 2611 806 2397 1
3262 3248 3640 620 1
557 3101 1182 3284 1
620 3640 3262 2397 1
3743 3284 3184 1340 1
1617 3284 1182 1340 1
2995 2561 1396 2428 1
1570 1782 1286 2663 1
1570 2149 2663 895 1
2149 1782 1570 2663 1
3890 3724 3366 2305 1
871 1619 3187 1257 1
3264 2386 985 1511 1
2982 3264 3758 1511 1
3100 2633 3477 3188 1
2765 2633 3100 3188 1
3296 3188 2052 29 1
912 1247 3189 2590 1
912 1247 1459 3189 1
3042 2579 2510 1653 1
1521 1595 1822 1535 1
1323 3042 2510 812 1
1595 1014 1822 1535 1
2102 1254 4081 391 1
3043 3556 3827 1650 1
1722 2522 1650 3556 1
3265 310 3004 2963 1
3265 310 2963 1420 1
2234 1576 3633 75 1
2234 3633 3988 3879 1
2247 270 2441 2073 1
642 4119 617 2946 1
3772 3268 1805 1994 1
2102 4037 387 3269 1
4085 387 3556 3269 1
1122 204 3344 2600 1
1173 1122 3344 2600 1
3648 2897 2743 2839 1
3923 3270 3376 4071 1
3713 3271 2287 3010 1
2703 1800 3430 3197 1
3923 3376 3994 4071 1
3379 2495 2488 106 1
3379 2488 1754 106 1
642 3382 2505 3446 1
2868 3288 564 3548 1
3288 3548 621 2125 1
3192 3287 378 372 1
3018 2271 3275 3296 1
2052 3275 2271 3296 1
3287 3128 2904 372 1
2342 2383 2725 3539 1
372 1755 371 2904 1
2898 3164 3789 3202 1
2645 2975 3277 1653 1
1560 2388 3171 1989 1
3277 4046 3516 2622 1
2338 2975 3277 2645 1
3288 2526 4137 3902 1
3278 1978 3380 214 1
3278 3849 231 3596 1
2125 3358 2526 3902 1
2823 2593 4130 2489 1
2314 3535 3979 2070 1
2823 2593 2489 3006 1
2139 2760 1899 2799 1
2139 2561 2760 2799 1
2581 1341 2267 2792 1
1925 1631 1787 3142 1
3396 2699 2936 77 1
2742 2699 3396 77 1
2561 2742 3396 77 1
4022 2119 3259 1889 1
2419 2806 1889 4022 1
4022 2419 2119 1889 1
4022 1889 3259 2713 1
1889 2806 2713 4022 1
4013 3156 4031 3209 1
2163 2497 2054 2153 1
1015 2163 3017 2568 1
2568 2163 2054 2153 1
1475 846 1038 1040 1
3935 645 362 3283 1
362 358 3283 679 1
1475 846 1040 2190 1
2545 1182 550 3599 1
3074 2859 393 2400 1
3068 4034 4059 576 1
4034 3087 4059 576 1
2729 2462 2129 2784 1
2402 2462 2729 2784 1
1666 2698 2284 3365 1
1932 2698 1666 3365 1
2784 2462 496 2402 1
669 386 2971 3091 1
2459 2378 3219 3350 1
3277 3219 3350 2459 1
4034 3471 2609 3087 1
609 666 3291 3606 1
3291 666 2608 3606 1
1056 1544 2043 1585 1
655 667 1318 1056 1
2500 3292 1386 2643 1
3052 2768 1627 2491 1
2753 2768 3052 2491 1
3840 2577 1058 2568 1
3796 3905 1386 3292 1
2500 3796 1386 3292 1
2383 1798 2725 3539 1
3294 3604 3919 2685 1
2958 1798 2383 3539 1
496 491 4140 3409 1
496 487 491 3409 1
3774 3536 2529 2071 1
2784 3579 2529 3536 1
3774 2784 2529 3536 1
3296 3188 2633 2765 1
3296 29 2075 1752 1
2075 3018 29 3296 1
3296 2765 2052 3188 1
3018 3296 3275 29 1
2052 3275 3296 29 1
1955 2395 1582 1133 1
1133 1955 1641 1582 1
1955 195 1582 2395 1
199 1905 1955 195 1
2962 3413 73 74 1
2962 3413 74 2428 1
2260 506 2405 3076 1
2260 506 3076 4011 1
1196 3538 2513 2099 1
2260 4100 506 4011 1
3945 2633 36 2022 1
2633 29 3945 3188 1
2508 3414 3529 4048 1
3296 29 2633 3188 1
3414 3529 3041 2508 1
3138 3053 2468 3133 1
3138 3053 3133 2948 1
130 124 3307 2318 1
130 1628 2318 3307 1
2461 2700 530 3595 1
2296 124 3307 130 1
2622 3118 2833 2378 1
1903 2427 868 882 1
868 2427 1387 2421 1
2692 2427 1903 882 1
2692 3196 2427 882 1
1923 3310 3300 1633 1
3782 3310 4014 3416 1
3073 2430 1605 2847 1
402 4102 3424 399 1
3311 1294 1331 1492 1
4118 3424 4102 399 1
1993 1294 3311 4036 1
2880 3653 3073 2701 1
1264 3313 2353 2310 1
2484 2027 3095 2735 1
2478 3313 1264 2310 1
2310 3313 2353 2917 1
2752 3313 2478 2310 1
3326 2787 1069 3595 1
2278 3432 2536 2201 1
3432 3349 2201 4140 1
2536 3432 3349 2201 1
2625 1110 2170 1646 1
2278 3432 2201 1527 1
3432 2201 1527 4140 1
1646 2170 2625 1368 1
2625 2943 2170 1110 1
1646 1972 2170 1368 1
2272 60 3304 1365 1
2272 1365 3131 3547 1
1837 226 3786 2907 1
2258 2920 538 3316 1
2258 3081 2920 3316 1
3081 3316 3493 2623 1
4140 491 2201 3409 1
3771 1739 3956 3428 1
3427 1188 3319 150 1
3409 491 2201 3230 1
487 491 3409 3230 1
2689 647 1529 3306 1
1229 1502 3870 3319 1
1223 1529 3306 134 1
3563 3211 4030 3542 1
2263 3740 4030 3211 1
1652 2129 1304 3237 1
3237 2129 3545 3774 1
1220 3461 3314 746 1
1967 3321 3314 3238 1
1967 3314 3321 3688 1
2385 1518 3364 2569 1
3364 1518 2385 1845 1
2614 101 2855 2902 1
1657 2620 3438 3632 1
1657 3438 2620 2869 1
1112 828 2557 2581 1
2267 2581 2674 828 1
736 1826 3119 828 1
2903 3324 320 2349 1
2159 1204 1018 2035 1
2646 3453 2399 3452 1
1212 2646 2399 2169 1
1730 2169 1212 2399 1
506 2230 2564 3198 1
1695 1854 2792 3222 1
2362 3944 314 3325 1
2844 1707 978 997 1
2844 1795 978 1707 1
3944 3325 2362 3004 1
1814 152 2705 2534 1
3185 3246 1495 3154 1
2578 2106 2528 2148 1
1495 3246 2236 3154 1
2106 3193 2528 2161 1
487 3409 3442 3230 1
1404 3230 487 3442 1
517 3886 3041 4067 1
4067 517 516 3041 1
4067 517 3992 516 1
2578 2528 3330 2148 1
1202 3330 2887 3360 1
1202 2578 3330 2148 1
4003 3374 2257 2804 1
4003 3374 2804 2487 1
2705 1814 2534 2592 1
517 3886 4067 3992 1
2587 1739 3319 2519 1
4075 2577 2163 2568 1
3228 1907 3467 3602 1
2761 3924 3366 1271 1
2761 3366 3890 1271 1
3250 1172 2931 1740 1
2557 3119 1786 2737 1
2557 3119 2737 1826 1
2924 1544 1056 1585 1
3117 2761 2821 3874 1
3334 3079 3615 3828 1
3725 3079 3615 3334 1
3367 579 3622 572 1
3622 2560 572 579 1
3622 637 572 2560 1
3446 3052 224 2505 1
3446 3052 3352 224 1
3446 3382 2505 224 1
2738 347 1554 2033 1
1554 347 1037 2033 1
1616 347 2033 1037 1
3184 3505 557 3284 1
3184 3505 3358 557 1
3184 3284 1617 1340 1
2563 3339 1068 2769 1
1395 2358 1612 98 1
2358 1612 98 1925 1
612 3256 404 1254 1
3115 3109 222 617 1
2522 3043 1650 3556 1
3109 3115 222 1804 1
3115 234 222 1804 1
3115 617 222 2595 1
2595 3115 234 222 1
3135 2766 3257 3976 1
2967 2972 2170 2689 1
136 3201 1972 2967 1
2203 2296 130 2170 1
2881 2361 2438 3023 1
3342 3745 2938 1693 1
4016 2474 3633 3413 1
3741 1784 3345 1478 1
1784 1674 3345 3357 1
1784 3345 1478 3357 1
2502 2740 2440 2404 1
2402 2462 3249 2729 1
3579 2462 496 2784 1
2482 750 2569 1236 1
3161 2986 1945 2220 1
2986 3511 1945 2345 1
2986 2345 1945 2220 1
2317 2817 3001 2377 1
2186 2911 327 2377 1
2317 327 2817 2377 1
2719 2760 2465 3456 1
3456 2760 2465 2561 1
2719 2465 3220 3456 1
3297 2760 2719 3456 1
3456 2561 2465 2995 1
3456 2465 3220 2995 1
2315 839 1181 1745 1
3458 2973 2501 3054 1
659 3353 527 521 1
3353 534 531 539 1
3353 531 527 521 1
1244 3651 349 2504 1
2343 2937 831 1406 1
1943 1374 3130 3038 1
2202 2535 1218 1447 1
2202 1374 3130 1059 1
138 759 3127 876 1
1316 2960 3356 2712 1
3356 104 3206 2423 1
1210 2971 1208 388 1
1575 388 1208 2971 1
3588 568 571 4117 1
2654 650 2040 1925 1
3499 1272 1064 650 1
3499 2654 650 2040 1
42 1081 810 1926 1
42 1926 810 2765 1
2751 2556 1931 1104 1
2294 1832 1711 1202 1
3869 1147 1701 3274 1
2985 3112 3147 3274 1
4051 3842 3155 3816 1
3197 1562 1251 1277 1
2605 3842 4051 3816 1
2263 3740 3211 4027 1
4022 3165 3948 2806 1
4022 3948 2419 2806 1
3909 3342 2938 1693 1
3361 141 136 139 1
3361 1972 139 136 1
1972 3361 2994 3201 1
2994 3361 1598 3201 1
3203 357 376 680 1
2821 2761 2882 3874 1
525 535 1261 2172 1
532 1261 535 2172 1
2082 903 1545 3493 1
564 2209 3773 556 1
3842 2501 3155 3816 1
3842 2973 3155 2501 1
2448 3089 2988 55 1
3674 2732 2352 3470 1
3467 2208 3383 3228 1
2682 789 3069 2930 1
789 1216 2930 785 1
3764 4068 3180 122 1
2727 2634 2901 3336 1
2773 3999 3281 1781 1
3611 3074 376 378 1
3504 218 1389 3475 1
218 219 3475 3504 1
3365 1788 2371 3540 1
2209 3284 3279 3548 1
3285 2275 3787 4010 1
2131 1687 1530 1808 1
357 1883 3287 3668 1
1883 3128 3287 3668 1
3994 3480 3280 4071 1
3376 3480 3994 4071 1
3482 2561 2995 74 1
74 2962 2995 3482 1
2638 2293 949 1226 1
2450 2330 2272 2146 1
3304 2272 2450 2330 1
3189 1247 1459 996 1
1459 1247 1747 996 1
3482 3729 2995 3958 1
3482 3729 3958 3327 1
2995 3729 3220 3958 1
3327 3836 3729 3958 1
3120 4045 3179 3766 1
2015 3773 3279 2183 1
3279 1182 3599 3284 1
3279 2819 1182 1983 1
3489 746 3748 1220 1
3764 4068 3281 2773 1
1468 3299 3454 4000 1
1675 3299 3182 4060 1
1157 2235 98 3300 1
2358 1157 98 3300 1
3485 2796 3511 2121 1
1395 2358 98 3300 1
473 3301 474 2512 1
736 2581 1826 828 1
828 3119 2557 1826 1
3303 67 1583 1623 1
67 3303 1583 3152 1
3131 1635 2272 2450 1
3304 2272 1635 2450 1
3305 451 462 2224 1
3305 462 451 3123 1
3305 2843 894 2224 1
3306 1811 1223 134 1
2106 3975 1898 1173 1
4016 3015 3982 73 1
3402 1777 3120 3370 1
3982 3015 1979 73 1
3402 3370 3120 4059 1
3784 2098 3483 2969 1
2982 4017 165 3680 1
985 1511 3802 3758 1
3982 2474 73 3327 1
3680 3802 3784 3483 1
4016 2474 73 3982 1
261 257 3308 2809 1
3372 4122 2384 3020 1
3149 4122 2384 3372 1
4086 3153 2494 3677 1
962 3027 1239 1661 1
1239 3027 1876 1661 1
1475 2190 1040 3312 1
2619 1475 2123 3312 1
3606 3466 1822 1521 1
1521 3466 1822 1595 1
3438 3383 3632 2620 1
1657 2208 2620 3632 1
1726 1420 300 310 1
1420 310 2963 660 1
3348 2927 259 2987 1
3573 1859 2441 1760 1
259 2723 2987 1841 1
608 1382 3315 175 1
3315 1382 1370 175 1
1233 1535 1466 285 1
2605 3842 3816 2561 1
2790 3842 2605 2561 1
2561 3842 3816 2742 1
3857 3978 3318 2910 1
3318 3385 2982 165 1
3458 3054 2501 2283 1
3458 3054 2283 2699 1
3085 2943 2170 2625 1
1637 2106 2528 2578 1
3176 2213 2889 554 1
554 2213 2604 3176 1
1742 2855 2502 3126 1
3000 1294 3311 1993 1
2605 3413 74 73 1
2605 3413 73 4051 1
734 1704 3635 2246 1
2602 3894 1957 1285 1
3633 3413 4051 4016 1
2602 3894 2983 1957 1
2983 1938 1957 3894 1
2993 3328 704 3820 1
3654 881 1685 1163 1
3654 2382 1685 881 1
962 1019 3027 2755 1
3254 409 3685 2356 1
2755 3027 962 1661 1
1019 2157 3027 2755 1
3067 1256 1757 2226 1
575 3067 1757 2226 1
218 2810 3504 1389 1
3732 3469 2185 3381 1
4113 219 4123 3504 1
3732 3381 2185 2357 1
3505 3184 3166 3284 1
3505 3358 3166 3184 1
912 2590 2072 2449 1
3735 3388 3519 179 1
3388 2276 3464 3799 1
899 725 2085 2403 1
2085 899 2403 1946 1
1818 3389 2075 1949 1
1796 3137 2812 2191 1
3389 1818 2075 2022 1
2946 617 4142 3801 1
1940 3014 1642 1938 1
1387 1938 1940 1642 1
1780 3014 1642 1940 1
3554 2486 2983 3893 1
2983 1938 2671 3014 1
154 3691 3727 3340 1
2424 3338 1847 3941 1
2571 2517 3340 147 1
2804 3338 1847 2424 1
455 1553 1226 2638 1
455 472 1553 2638 1
3331 2804 1847 2424 1
2424 2541 4118 3941 1
99 100 97 3390 1
3391 1911 1442 2556 1
2282 1911 1442 3391 1
845 1093 1449 1788 1
3174 2405 2667 3214 1
1200 3642 2103 2580 1
2741 3307 2617 124 1
732 3864 3392 3642 1
3009 2617 1888 3307 1
2150 2669 3347 1713 1
3347 1931 2669 2150 1
2360 3921 4143 3347 1
1713 3739 3347 2766 1
3347 2221 3717 2766 1
2742 3458 3816 2699 1
3348 266 1639 628 1
2457 628 266 3348 1
343 3520 1962 1559 1
3350 2378 3219 3537 1
2559 3095 3523 3219 1
1941 1768 2957 3779 1
3350 2559 3523 3219 1
1939 1768 2957 1941 1
3397 2365 3721 3768 1
3350 3537 3219 3523 1
3478 530 2538 2700 1
3478 530 2700 3326 1
101 2238 3248 2902 1
2238 96 3399 1895 1
3248 2902 2238 3399 1
2310 2189 1890 3357 1
3248 2238 96 3399 1
1511 162 2386 2891 1
2997 162 2386 1511 1
2997 2386 1887 1511 1
2474 3413 73 2962 1
3401 2281 236 2688 1
3401 2688 236 1601 1
1106 2186 316 2911 1
4016 2474 3413 73 1
3413 73 4051 4016 1
1428 3830 2990 3434 1
2783 824 504 1510 1
634 2220 3161 2990 1
634 3486 3161 2220 1
1200 2103 3363 2083 1
3364 88 2569 2653 1
88 3364 2385 1963 1
2771 3124 2869 2679 1
2263 4027 3211 3563 1
2263 3211 4030 3563 1
1967 2237 3238 998 1
3404 2894 1326 1414 1
3611 385 3074 2400 1
385 3074 2859 2576 1
2400 385 3074 2859 1
2400 2859 393 3215 1
2541 1847 1831 3941 1
2721 2213 1960 2642 1
3367 548 2642 572 1
2642 548 3367 2909 1
3531 2823 4130 4118 1
3531 3329 4130 2823 1
2177 2610 2089 3695 1
3056 1781 3695 1006 1
1280 3695 927 3472 1
3056 2773 3695 1781 1
1280 2177 2089 3695 1
3339 2888 2769 2563 1
3952 2763 3339 2888 1
3548 3279 4043 3599 1
3279 1182 4043 3599 1
2491 1804 3115 3561 1
1693 3408 2240 3715 1
2490 4136 2732 3470 1
2240 1704 3408 1446 1
621 3288 2526 3532 1
2926 789 1132 3069 1
3985 279 2479 278 1
1132 789 2926 2416 1
1132 2416 2926 3032 1
2956 279 3110 3985 1
621 3532 3337 3548 1
3532 3548 621 3288 1
3350 2378 3537 3059 1
3370 3179 3120 4034 1
385 3074 2576 376 1
2949 2619 901 3834 1
1319 3241 2128 3178 1
2399 3453 873 2778 1
3335 3178 963 2701 1
321 1744 1687 3730 1
2636 1180 3826 3411 1
1515 1231 3824 2508 1
3375 3232 4004 2929 1
3173 2570 4022 3223 1
2461 2961 2570 3223 1
219 3994 2668 3971 1
791 3071 1678 3412 1
3994 3280 219 2668 1
3994 3480 219 3280 1
984 3959 3899 3341 1
984 3899 3225 3341 1
2605 2790 74 3413 1
1378 2649 2099 1005 1
1939 3380 3213 4073 1
2605 3413 4051 2790 1
942 2357 1157 3381 1
2654 942 1157 3381 1
1005 1378 1774 2099 1
1491 2955 2807 1108 1
1378 3526 2099 2649 1
2851 2719 3716 77 1
3932 77 2719 2760 1
1899 77 3932 2760 1
561 3420 1364 2623 1
81 2851 3716 77 1
639 1251 1537 922 1
3500 2961 2700 2538 1
985 3802 3784 3758 1
2910 3318 165 3385 1
344 345 1244 1584 1
3646 3148 3723 2253 1
2981 3387 2764 4056 1
3920 4088 2764 3387 1
3478 2538 3500 2700 1
3353 1609 4112 539 1
2288 3117 3290 2821 1
2364 1795 2844 1707 1
539 3463 4112 534 1
1657 2620 2476 3552 1
1657 2869 2620 3552 1
1657 2771 2869 3552 1
1065 4109 1055 3769 1
4119 2946 3971 617 1
1801 3836 2485 3761 1
2475 3419 3761 80 1
2117 560 3226 1537 1
639 3226 1594 1537 1
3273 3597 399 3955 1
3395 3664 4080 4120 1
1748 791 3422 1678 1
3422 2321 791 1748 1
2659 2446 1868 3002 1
399 3531 3597 2017 1
2407 2135 3425 2565 1
2017 4118 399 3531 1
399 3329 3955 3531 1
399 3531 3955 3597 1
2424 4118 2541 4102 1
2653 1518 3469 1418 1
3857 1835 3719 3302 1
2141 3427 3771 3609 1
3771 3427 1739 3428 1
2674 2581 1796 736 1
3359 4005 3013 3386 1
1748 2603 3412 1302 1
3711 1602 2603 1748 1
3412 2603 1144 1302 1
3428 3427 3319 150 1
3890 2305 3366 2743 1
277 2996 2372 977 1
3971 3994 4119 219 1
1219 2996 277 977 1
2693 3792 1414 3430 1
3404 2693 1414 3430 1
3145 2897 3289 2447 1
3277 3626 3516 4046 1
3277 2422 3219 3398 1
3512 2424 4118 3338 1
3023 2361 3575 3294 1
2361 3103 3575 3294 1
3577 2760 3456 2561 1
3577 2561 2995 3482 1
402 2541 1831 3941 1
3338 2424 4118 3941 1
2205 1464 3045 1714 1
2256 2205 1464 3045 1
3577 2561 3456 2995 1
3877 2667 2564 3214 1
3472 1280 3695 1006 1
2667 2405 3076 3214 1
2564 2667 3076 3214 1
2192 2205 3045 2116 1
2717 2876 2507 2866 1
2876 2149 2866 2717 1
1874 2042 1201 1610 1
1563 1201 1843 2970 1
1558 1201 1563 2970 1
502 1428 3434 824 1
502 824 3434 2783 1
3214 2783 2990 3434 1
2990 1971 1428 502 1
2476 3436 2620 2208 1
1428 3434 2990 502 1
1569 2783 1510 824 1
2476 2620 3436 2862 1
3436 2620 3183 2862 1
2966 3991 3631 1276 1
2966 3631 3994 1276 1
2462 3579 496 491 1
2440 1961 3439 3702 1
3439 2740 1961 2440 1
3439 909 1961 2740 1
3632 2208 3383 3467 1
3440 3783 773 2228 1
3416 3689 4014 2732 1
621 2125 2526 3288 1
3083 2413 2368 3979 1
1777 2179 3202 3250 1
1777 2931 2179 3250 1
2125 2526 3288 3902 1
2901 3326 530 3336 1
3336 530 3478 3326 1
1097 3437 27 23 1
1097 23 27 2323 1
2779 3267 3441 1645 1
1686 3845 3598 1736 1
2511 3423 2048 3848 1
264 268 284 262 1
284 264 262 255 1
3874 4020 2761 1271 1
1492 1253 3705 2084 1
4020 3924 2761 1271 1
3117 4020 2761 3874 1
4098 2048 3423 3598 1
2511 3848 2048 1929 1
2068 2804 3331 3512 1
3331 2804 2424 3512 1
2487 2804 2068 3512 1
806 804 2918 118 1
3423 3598 3848 4104 1
3423 3598 2048 3848 1
2507 2567 3057 1500 1
2463 288 1466 1711 1
1052 1466 2463 1233 1
1711 1466 2463 1052 1
2420 2166 483 484 1
3153 3707 3140 576 1
2447 1462 1997 3746 1
1653 3118 4046 2622 1
1997 1462 3445 3746 1
1494 1019 2157 1010 1
3593 1010 1019 1494 1
1980 2712 111 3644 1
3793 3343 4128 2232 1
3277 3516 3219 2622 1
3277 3398 3219 3516 1
2622 2833 3516 3219 1
3608 1155 3433 2141 1
2787 3595 3259 1267 1
2820 2216 2872 108 1
2378 2871 2833 3537 1
1963 3364 2385 1845 1
2261 988 1341 1695 1
3116 988 1341 2267 1
2441 2298 2247 2073 1
2441 2298 2073 1859 1
2164 3665 3125 3576 1
2874 3576 4018 3125 1
3447 680 2063 2656 1
680 2104 2656 3447 1
3448 2232 3867 2651 1
4128 3343 3867 2232 1
621 2125 3166 3358 1
3381 2357 1157 3499 1
2654 3381 1157 3499 1
2332 2480 2023 3667 1
2480 3451 1850 3667 1
3599 3101 556 3548 1
2656 2104 3203 1677 1
90 96 1869 1454 1
90 96 1460 2370 1
3599 1182 550 3101 1
1869 90 2162 96 1
556 3599 550 3101 1
3548 3284 3599 3101 1
3284 1182 3599 3101 1
1253 3082 1548 2802 1
1656 2619 201 2123 1
1656 201 2619 2439 1
3368 917 399 3566 1
3566 917 399 3273 1
917 4131 399 3273 1
516 3992 3948 3165 1
2772 2971 1210 388 1
2500 3796 1729 3060 1
3446 3603 3052 2505 1
642 3603 2505 617 1
3737 3115 1996 3603 1
3737 3115 3603 617 1
642 3603 1996 3352 1
3446 3603 3352 3052 1
3604 3160 2495 2685 1
3103 3160 3604 3294 1
3541 3481 1621 2426 1
3294 3160 3604 2685 1
515 516 4022 2458 1
1125 2468 3169 3053 1
1972 3361 3201 136 1
2687 3361 1598 141 1
3722 3698 2279 1931 1
2591 2279 86 3457 1
2591 86 2290 3457 1
2458 516 4022 2570 1
1258 858 1198 3459 1
1198 1258 3459 2807 1
516 3223 3165 4022 1
516 3165 3948 4022 1
515 516 3948 4022 1
858 3190 3459 14 1
2540 2794 265 3449 1
2807 2955 14 3459 1
1949 3190 858 14 1
2514 3394 4077 3574 1
2693 896 3792 3462 1
2399 3453 2778 3452 1
2946 3801 3971 617 1
3054 3481 3541 3204 1
1153 2942 2590 2137 1
584 3578 3858 3328 1
1468 3299 4000 1675 1
1448 2572 1874 2060 1
2349 331 3276 2559 1
3276 2349 2250 331 1
2559 331 3276 3095 1
128 131 129 2115 1
128 133 131 2115 1
2170 129 131 2115 1
131 2115 133 2170 1
3482 73 3327 1979 1
541 1866 2899 1267 1
536 2899 541 1866 1
1456 1301 192 887 1
2624 139 1972 2341 1
1038 1802 887 731 1
3161 3830 3175 2990 1
4087 1573 3865 4076 1
3277 3530 3626 3050 1
3277 3530 3398 3626 1
2973 638 2344 2483 1
531 534 3463 539 1
2973 3054 3481 2483 1
2344 638 2973 1732 1
3140 582 3471 3351 1
2136 4045 4057 3928 1
1172 2380 3250 1777 1
1946 2276 3464 3388 1
1445 574 760 555 1
1445 574 2865 1599 1
1423 3465 2003 1007 1
3465 1423 1439 940 1
1750 2104 1677 377 1
1928 3472 2151 3798 1
3500 2696 2961 2538 1
3500 2696 3205 2961 1
3606 3466 2608 1822 1
1790 1078 1061 1053 1
2564 3076 506 4011 1
1790 1061 2808 1053 1
3396 2699 2283 2936 1
1202 1825 1711 2887 1
219 4119 3971 617 1
2123 3312 1475 1040 1
3312 2190 1040 2140 1
2468 1684 1125 2126 1
3504 219 3475 3109 1
3479 141 3727 137 1
154 3727 3479 3340 1
1441 1056 655 919 1
2274 2924 1441 2630 1
3109 219 3475 617 1
3481 2426 3541 3984 1
998 1144 1966 1763 1
2640 998 1763 1144 1
3071 998 2640 1144 1
2455 600 1855 2915 1
2915 600 593 2928 1
3994 3631 2668 1276 1
2924 2630 2274 3660 1
2984 1387 1957 2602 1
868 1387 895 2984 1
3483 168 2418 4127 1
4017 2418 165 3483 1
3603 2505 2595 3052 1
3603 617 2595 2505 1
2476 2620 2862 3552 1
3270 2831 3544 4071 1
2633 3188 3945 3477 1
3270 3544 4113 4071 1
3544 4123 4113 4071 1
2657 2433 1714 1672 1
2657 2205 1714 2433 1
2433 2470 2407 1672 1
2407 2470 2916 1672 1
2358 1925 2040 3142 1
2799 2467 2561 3577 1
2799 2561 2760 3577 1
2467 3482 2561 3577 1
413 3767 3254 4095 1
2532 2083 2579 3042 1
3042 1323 2510 2579 1
513 2333 3762 3488 1
81 2936 3963 77 1
81 3932 1194 77 1
3495 746 3489 3688 1
3636 582 583 2494 1
3636 2494 583 3525 1
3636 582 3351 583 1
3490 3538 2513 1196 1
128 3092 123 2979 1
3350 3059 3637 2046 1
3444 3490 2513 1196 1
3350 3059 3537 3637 1
2070 1853 2413 2451 1
2262 603 2003 2706 1
3263 2743 2761 3639 1
3117 2761 3639 3263 1
192 2384 2065 2756 1
3551 3657 2832 3341 1
3492 4091 2832 3920 1
3492 4040 4091 3920 1
2008 3492 3551 3657 1
2545 3599 550 556 1
2366 1775 1962 3520 1
4048 2776 2858 1231 1
2985 113 4080 2284 1
2230 1950 3877 3855 1
1950 3175 2230 3877 1
3081 3316 535 3493 1
3362 2897 2743 3648 1
1609 3255 4112 3494 1
337 2131 1808 2998 1
1213 2523 1042 223 1
617 3737 3109 219 1
219 3737 3109 3504 1
219 4113 3737 3504 1
4118 3941 4102 3424 1
1922 337 2817 327 1
2992 337 332 1922 1
402 4102 3941 3424 1
3638 2895 2096 1512 1
2096 3638 90 3564 1
1923 3098 3310 3416 1
2242 2330 2146 3089 1
2422 3095 3398 3141 1
3372 3498 3020 1113 1
2210 2532 2083 2579 1
1936 3194 772 2580 1
2211 1936 2580 2532 1
3513 3105 2088 2425 1
2708 1860 1499 3137 1
1766 230 3501 1762 1
3501 641 3681 230 1
1793 2379 3501 2067 1
3286 3105 3513 2425 1
4021 2828 1220 3461 1
1220 2828 3943 3461 1
2814 2626 2293 3502 1
3748 597 3405 3854 1
2622 3118 3516 2833 1
3507 168 3377 2418 1
579 3367 2642 572 1
2642 575 579 572 1
575 579 1757 2642 1
575 2642 1757 3186 1
516 3223 2570 2961 1
115 2905 3581 3508 1
516 3223 4022 2570 1
2331 2065 2111 192 1
3371 1689 3925 991 1
2840 3298 4027 2077 1
1689 3694 3925 991 1
3989 3298 2513 3444 1
2561 2605 74 3655 1
3482 2561 74 3655 1
2467 3655 2561 3482 1
3486 2986 3161 2220 1
1631 112 961 925 1
3142 112 1631 925 1
2975 3626 2711 3050 1
261 274 3510 260 1
3510 1719 1969 261 1
3572 2865 584 2824 1
3853 2865 2974 2824 1
3425 3919 2565 2135 1
3425 3103 3919 3294 1
3425 3919 2135 3294 1
576 2900 3087 3140 1
3153 2900 576 3140 1
3514 1329 2414 2762 1
2097 1779 3519 932 1
3585 3346 3436 3228 1
617 3737 3115 3109 1
2841 3731 3551 3517 1
3355 3505 3166 3284 1
2210 2083 3520 2579 1
3650 1944 1887 2982 1
3724 3759 1462 2447 1
3286 2593 3063 4130 1
3063 3521 1805 3903 1
3824 2538 3500 3478 1
1250 3987 3293 385 1
2355 1645 3987 3267 1
2530 2355 3987 385 1
2460 667 1789 3129 1
4086 2175 2494 3525 1
3994 3280 2668 3631 1
3532 3288 2868 3548 1
1202 2064 1825 2887 1
3402 1777 2380 3120 1
3337 3532 2868 3548 1
2578 2724 2064 2528 1
1637 2528 2724 2578 1
3112 3217 3274 3798 1
3217 1928 3798 3112 1
3217 1928 2151 3798 1
1056 2924 1585 2630 1
474 1513 3534 3301 1
3109 3504 1389 3475 1
2166 1513 3534 474 1
3301 3534 474 2512 1
2166 2512 474 3534 1
2570 3173 3259 3595 1
1390 3530 1634 2338 1
1656 201 3040 2959 1
3277 2422 3398 3530 1
2338 3530 1634 3277 1
1494 1909 2157 1325 1
2755 1494 2157 1325 1
1019 1494 2157 2755 1
3595 3173 2461 2570 1
3337 3548 556 3101 1
621 3548 3337 3101 1
218 2648 4123 2810 1
218 2810 4123 3504 1
1766 230 2376 3501 1
2376 641 3501 230 1
2697 2816 3255 1540 1
3277 3398 3516 3626 1
3498 1113 3372 2286 1
3372 3020 2384 1113 1
138 876 3317 754 1
960 138 3317 754 1
3134 227 3544 4111 1
3134 1986 3544 227 1
3350 3537 3523 3637 1
3501 2583 2379 1793 1
1697 3026 1472 2785 1
1697 958 1681 2785 1
4015 4095 404 3645 1
1457 2544 1424 1310 1
1214 2544 1457 1310 1
3106 1770 3533 3967 1
3701 3164 2380 4105 1
3083 581 2413 3535 1
1812 308 327 2186 1
3535 2413 3979 2070 1
1812 2186 2389 308 1
85 3122 1981 2566 1
4123 218 219 3280 1
1003 2832 3959 3880 1
4123 219 218 3504 1
3484 1632 3538 3543 1
2841 3551 1916 2008 1
2725 3320 2342 3539 1
3632 2208 2620 3383 1
3657 3551 2832 3492 1
2208 3436 2620 3383 1
1093 113 2371 3540 1
3365 3540 2371 113 1
3346 3602 1907 3228 1
3538 3543 1632 3821 1
3484 2841 1632 3543 1
3140 4086 2494 3525 1
1907 3692 3602 263 1
2673 1888 1671 3009 1
4140 3476 1694 488 1
3012 3481 1621 3541 1
3346 1907 3602 263 1
488 3476 1694 3587 1
3896 561 3156 2623 1
2164 3237 1304 3545 1
3237 2129 1304 3545 1
4018 2164 3125 3576 1
4010 3787 3285 2919 1
3547 2601 60 1365 1
1873 3547 2601 3889 1
2601 1873 1365 3547 1
3671 141 137 139 1
2976 148 3671 3479 1
3671 3479 148 4096 1
3109 3475 222 617 1
1495 1824 1776 3185 1
1776 1495 3185 3246 1
2507 80 2876 2567 1
2208 3585 3436 3228 1
2208 3228 3436 3383 1
1212 1332 1713 873 1
688 1948 2885 38 1
873 3549 1713 1096 1
1332 3739 1713 3549 1
3119 2737 38 1948 1
3119 38 2885 1948 1
1713 3619 2766 2554 1
873 1332 1713 3549 1
3190 14 1949 2968 1
1713 3739 2766 3619 1
2994 1972 131 133 1
1972 131 133 2170 1
128 133 2994 131 1
2564 2230 3877 3855 1
2230 2667 2564 3877 1
2940 134 130 2689 1
3175 2667 2230 3877 1
2186 308 327 2911 1
141 2571 3340 147 1
2196 673 2582 3593 1
2582 2196 1779 932 1
2731 1566 1278 2207 1
1742 2740 2502 2855 1
2440 2427 1903 2692 1
4039 3090 3797 3573 1
3302 2647 3426 154 1
2213 548 2889 554 1
100 3964 2999 3819 1
100 2999 1869 3819 1
2878 2454 3555 3964 1
3576 3665 3125 3509 1
1668 2739 2987 249 1
249 1668 3348 2987 1
2982 1887 3264 1511 1
2982 1944 1887 3251 1
2982 1511 3680 3385 1
3558 1545 3420 2623 1
3493 1545 2082 3558 1
3493 2623 1545 3558 1
3559 2260 1586 2405 1
2260 3076 2405 3559 1
3076 2405 3559 3214 1
3560 3373 3887 2171 1
3560 2736 3957 2171 1
3561 237 947 1804 1
2812 3744 2573 3562 1
50 3137 3706 3562 1
2905 2852 3581 2551 1
1162 2860 3100 42 1
1116 1162 2934 42 1
3638 95 3564 2895 1
1668 2739 2927 2987 1
259 3573 3090 4039 1
3321 1630 3565 2237 1
3238 2237 3321 3565 1
3227 4097 3966 3565 1
1431 2223 1917 1974 1
2789 1974 1917 2223 1
385 2859 3218 2877 1
2877 3293 3566 385 1
385 3566 2877 3218 1
2831 3991 4069 4009 1
813 112 1395 2892 1
1395 112 2358 2892 1
3640 111 2238 101 1
3640 2611 2397 111 1
3135 3717 3257 2766 1
3574 3394 4077 3617 1
691 3254 4095 413 1
2632 691 413 3254 1
1479 718 2953 2032 1
590 592 4002 3571 1
3571 4052 592 4002 1
3570 1006 4125 3590 1
3112 1928 3798 3590 1
590 4002 3572 3571 1
2951 1764 4110 1709 1
3057 2876 1194 2567 1
4085 3556 3072 3269 1
3057 2567 81 1500 1
3345 2299 3817 1561 1
3574 1851 3239 2326 1
2326 3574 1851 2011 1
2913 1343 3593 1010 1
2196 2913 3593 1494 1
2196 3593 1019 1494 1
1264 2310 1890 3357 1
1814 2705 152 809 1
2348 2980 3869 3033 1
2196 3593 2582 1019 1
2840 3878 3835 3580 1
3560 968 3373 3794 1
2841 3952 3373 3583 1
3583 968 3373 3560 1
2297 1384 2498 2665 1
1296 1562 2703 1277 1
2703 1562 3197 1277 1
3584 2864 2951 1764 1
3584 2864 1764 3594 1
3584 1764 2951 2608 1
2114 1606 2118 2837 1
1518 2266 3469 2185 1
1518 2185 3469 1418 1
3585 2862 3436 3625 1
1480 2803 1233 1052 1
1052 2463 2803 1233 1
161 2133 3586 1680 1
1472 1697 1833 3527 1
3476 2201 1694 3587 1
3589 1733 1992 4122 1
1346 2959 3040 3607 1
3607 1906 1346 2959 1
2830 3810 2794 1016 1
3981 3592 3591 2248 1
3591 2426 2248 3592 1
3592 2566 2248 1446 1
3981 3592 2248 1446 1
3710 1143 2163 1982 1
4075 3710 2163 2577 1
3710 1982 2163 2577 1
612 4085 3809 3043 1
3256 612 3043 4085 1
612 4085 2102 3809 1
612 4085 1254 2102 1
4085 612 1254 3256 1
1287 2598 2923 1651 1
1601 3401 1705 1546 1
154 3691 3340 3615 1
3725 3615 147 3236 1
3340 2517 3615 147 1
3615 147 2517 1927 1
1705 2688 3401 1601 1
23 2182 1897 2308 1
1897 2182 23 3437 1
2527 1670 2850 2001 1
2296 2617 3307 124 1
225 3596 2311 2616 1
3725 3334 3615 3236 1
3278 2616 3596 225 1
2702 570 572 2264 1
1884 570 2702 2264 1
2264 3367 570 572 1
1176 3266 1801 1600 1
1801 3297 2485 3958 1
3266 1600 1899 1801 1
2653 3208 88 2569 1
2480 2332 2265 3973 1
1850 2067 1363 1793 1
3056 3999 2773 1781 1
1929 1781 2820 2811 1
3965 2333 2138 3939 1
2907 1837 239 3600 1
2924 4049 2369 3983 1
2274 3660 4141 4049 1
3024 252 4141 2274 1
3601 153 2718 152 1
177 1205 1412 1461 1
3111 2391 2481 2944 1
3111 2481 2391 377 1
373 3497 3074 2576 1
2534 2316 152 3601 1
718 1479 2953 1652 1
3609 3427 3428 150 1
3945 2022 36 3610 1
2814 2293 1874 1821 1
378 3074 2268 3611 1
130 2972 2296 124 1
130 2972 2170 2296 1
3085 130 2170 2203 1
3448 3867 1092 3612 1
2537 1138 1983 1082 1
1326 3404 1414 3197 1
718 2729 872 1652 1
3404 3430 1414 3197 1
3939 2333 3616 528 1
3488 1839 2105 3616 1
3616 2333 3488 1839 1
3201 1598 2687 3361 1
2580 3642 3392 2531 1
3617 3868 2393 2011 1
3574 3617 1851 2011 1
2554 3619 2766 1581 1
3549 3619 1713 1096 1
94 3638 3996 95 1
3549 3739 1713 3619 1
3564 94 3638 90 1
2649 2113 1632 3887 1
1818 3437 34 2022 1
1293 1260 3437 34 1
1260 1818 3437 34 1
2022 34 36 3437 1
3904 1937 1329 3620 1
1937 1329 3620 2245 1
3132 2021 2198 4005 1
2198 1621 3132 4005 1
3132 2021 1737 2198 1
3749 3642 3662 3269 1
2718 142 152 3671 1
3343 1262 3005 3621 1
1316 3356 1813 2712 1
901 3834 3859 3621 1
3645 4095 3460 413 1
3378 4095 3645 3785 1
1144 2603 1130 1302 1
991 2786 3371 1689 1
2618 3592 3623 3909 1
3909 3592 3623 3981 1
1026 1308 2585 2391 1
3775 2425 3286 2593 1
3286 3105 3936 3513 1
2270 2241 2597 2207 1
3624 3951 2472 3925 1
3624 3951 2977 2472 1
2898 2380 3202 3250 1
1689 3694 3756 3925 1
1202 1466 955 2887 1
2028 2887 285 1466 1
2159 2883 1105 2035 1
2883 1105 2574 2159 1
178 1791 2665 1046 1
2297 1791 2665 178 1
2297 2665 2791 178 1
252 644 3810 292 1
2003 1256 2226 2262 1
658 252 644 3810 1
3735 1946 1214 3519 1
2830 2794 3810 658 1
831 678 3651 2937 1
2964 3000 3025 1898 1
1838 1994 1238 1805 1
1345 1805 2562 3524 1
1345 1838 2562 1805 1
3019 1183 2406 1205 1
2098 4092 3445 3746 1
3268 1838 1805 1994 1
3524 1345 1805 3268 1
2248 2566 1981 1446 1
188 3339 1068 2563 1
188 3339 2563 968 1
1200 3363 2210 2083 1
3527 1472 3856 1833 1
3527 3454 3856 2680 1
3654 1163 1685 1212 1
3654 1163 1212 2646 1
2646 3452 2399 2169 1
2148 2528 2161 2106 1
305 3627 2396 294 1
2471 3627 305 294 1
3965 3463 2333 528 1
539 3463 3942 4112 1
2460 667 3129 2243 1
3037 538 1878 2920 1
3055 3943 3071 1678 1
3025 2964 1567 3000 1
2102 2681 612 3809 1
3547 4026 1365 3131 1
3864 2531 3392 3642 1
3988 3633 2474 3879 1
4051 3806 3155 2130 1
1179 64 60 2173 1
1468 3663 3299 2892 1
813 2892 1395 3663 1
1179 64 2173 1086 1
113 2985 3664 3590 1
3798 3112 3590 2985 1
3071 3238 3943 3055 1
3943 3314 3461 3055 1
3943 791 3071 1678 1
3904 1937 3620 3759 1
3890 3759 3724 2447 1
3389 3190 4135 2075 1
3389 2075 4135 3850 1
3944 3770 3839 3752 1
1326 2894 1401 4062 1
1401 3404 3197 2703 1
3404 2894 1401 1326 1
679 3668 678 341 1
358 679 3668 678 1
349 341 3668 1883 1
349 1883 3668 3128 1
3287 362 3668 3128 1
575 2642 3186 2721 1
3186 3067 575 2721 1
575 2721 1960 2642 1
2795 1177 1324 4116 1
131 2972 2170 2967 1
3640 3248 101 2238 1
3640 3569 2238 111 1
3640 111 2397 3569 1
3262 3248 101 3640 1
3640 2611 3262 2397 1
3674 2490 2732 3470 1
3674 2352 2941 3910 1
814 2334 135 3823 1
1476 1190 814 1477 1
3983 2753 3643 2924 1
2841 3583 3373 2113 1
2763 3952 3373 2841 1
2753 1544 3643 2924 1
3887 3583 3373 3560 1
3663 3299 3454 1468 1
2892 3663 813 1468 1
4064 3576 2874 3125 1
1846 2614 3356 3644 1
1846 101 3644 1980 1
1980 3644 111 101 1
705 3253 3148 3646 1
705 3148 3658 3646 1
4111 227 3544 1773 1
4111 1670 1773 3544 1
3630 4111 2850 1670 1
2296 3307 2203 130 1
2271 1198 3018 25 1
25 3018 2271 3275 1
473 2512 474 483 1
473 470 483 474 1
2166 483 474 2512 1
1205 2543 1461 177 1
1461 2543 2219 177 1
97 2162 3819 1869 1
1869 3819 3555 671 1
1759 3498 3372 3649 1
3464 3498 4035 3649 1
3150 3113 3589 3649 1
3822 1944 2534 3650 1
2403 1946 1214 2276 1
1780 2486 2427 3439 1
2945 2486 2427 3196 1
563 2368 2413 1432 1
563 1432 2413 3106 1
2413 2070 2451 3106 1
3461 2321 2828 3422 1
1397 754 960 3653 1
960 754 3317 3653 1
3073 960 3317 3653 1
2309 1397 960 3653 1
3459 2075 25 3647 1
3459 25 2075 3018 1
858 1198 3459 3018 1
2298 1452 2073 1859 1
2160 3669 983 2167 1
3489 3314 1967 3688 1
3807 3690 1698 2074 1
4047 3318 2418 165 1
3690 4047 3318 2555 1
984 3832 3899 3959 1
3341 3899 3225 3657 1
2937 1406 2504 3651 1
3658 3846 595 591 1
2773 3281 3695 1781 1
1006 2177 3695 3056 1
1448 2042 1858 2060 1
3659 1673 2925 4037 1
2042 1201 1610 1563 1
2817 2307 3162 314 1
2307 2362 3162 314 1
3660 2924 2834 4049 1
3236 147 2687 1598 1
3225 1974 1431 2769 1
3341 3225 1431 2769 1
2223 3225 2844 2364 1
3798 3590 3570 3664 1
3798 3472 3570 3590 1
671 3262 3661 2397 1
2253 2003 3148 2262 1
2253 2262 3148 3723 1
2253 1334 2262 3723 1
3148 2003 2226 2262 1
1981 2566 2076 1446 1
3444 2513 3667 1196 1
3451 2513 3667 3989 1
3162 316 3001 2377 1
2377 3162 316 3752 1
2317 2377 3001 316 1
1292 2035 864 317 1
4022 3882 3165 2525 1
3669 2160 983 1836 1
2039 108 2872 3672 1
2872 2216 3672 108 1
1937 2245 3673 1375 1
3233 3673 2827 1375 1
3233 1937 3673 1375 1
2243 3129 2460 240 1
2136 4057 3295 3928 1
3928 3295 2136 4097 1
1599 2865 3572 2824 1
1599 3572 2175 2824 1
1033 1376 3676 1379 1
3733 1154 1993 3907 1
1379 1376 3676 2613 1
2613 1376 3676 1154 1
3036 3733 1993 3907 1
1033 3036 3676 1376 1
1845 2590 2072 1930 1
1845 1930 3697 631 1
559 3044 2175 3677 1
3510 3110 3777 3136 1
3510 1969 3110 3136 1
680 2104 3678 376 1
3980 680 3678 376 1
3678 2104 680 3447 1
2439 201 2619 3679 1
2439 3679 2619 2232 1
1305 16 2968 2720 1
1305 2720 3473 16 1
1849 2640 1763 1716 1
2136 3966 1849 2710 1
4097 3966 1849 2136 1
4017 3680 3483 165 1
2982 3680 165 3385 1
2632 431 409 1523 1
3254 2632 409 1523 1
3463 538 2333 528 1
528 538 2333 1481 1
3617 3876 1851 2393 1
3617 3876 2393 3868 1
1326 561 3156 2117 1
1326 561 2894 3156 1
3156 1326 2117 4062 1
1326 2894 4062 3156 1
3256 4085 3043 2522 1
1722 3002 1650 2522 1
2522 4085 1254 3256 1
3256 3043 1650 2522 1
81 4093 3030 4134 1
1854 53 3930 3684 1
2659 2615 2446 1838 1
658 229 4141 2540 1
241 1557 2540 4141 1
658 4141 229 3024 1
2924 2274 2369 4049 1
2274 4141 2369 4049 1
853 3587 1404 3476 1
2413 2451 563 3106 1
3416 1704 3310 3689 1
3691 3828 3615 154 1
2960 1482 3754 3356 1
1482 1846 3760 3242 1
2960 1482 3760 3242 1
1482 1846 3356 3760 1
2960 1482 3356 3760 1
2301 2005 2059 2222 1
2059 1458 2222 2005 1
1770 3106 1432 3967 1
3939 2333 2138 513 1
406 2188 395 400 1
406 1761 2188 400 1
3708 3693 2340 322 1
2990 2783 502 3434 1
3694 1592 3624 3951 1
2477 2814 943 1821 1
2610 3281 927 3695 1
3769 3418 4024 1975 1
2898 3202 3462 2122 1
2898 3202 896 3462 1
2728 3900 631 3697 1
1663 2728 1518 3697 1
1663 3900 2728 3697 1
2279 3698 1442 1931 1
3698 3391 1442 1931 1
192 2065 2111 1301 1
2015 3279 3743 3699 1
3881 3488 1694 2105 1
513 3488 2105 3616 1
3616 2333 513 3488 1
3737 3838 4113 2493 1
2924 4049 3700 2834 1
3700 2753 3561 241 1
2753 4049 3700 2924 1
2980 884 2348 1638 1
2440 3702 2692 1772 1
615 3703 3849 3641 1
3641 3703 2854 615 1
3610 2022 36 3437 1
3096 3437 3610 36 1
3826 1180 3704 3411 1
1253 3082 1492 3705 1
3970 1498 50 54 1
3562 47 50 2812 1
3706 3970 1498 50 1
50 3706 47 3562 1
2903 320 317 3708 1
2903 317 2340 3708 1
317 3693 2340 3708 1
3231 86 1332 3709 1
4075 3710 1956 2163 1
2610 125 2177 2089 1
1748 791 3412 3711 1
1065 3712 1055 4109 1
3131 4026 2612 3914 1
4026 3712 2612 3914 1
3714 2575 3896 4083 1
2371 795 2698 2284 1
2284 3365 2371 113 1
3715 2246 3408 734 1
2466 1177 2584 3146 1
2795 1177 3146 1324 1
3356 3644 1813 2712 1
3644 101 2614 1813 1
3356 2614 1813 3644 1
1551 1961 2740 2404 1
1985 2404 1551 2740 1
3714 562 1537 1327 1
2567 3716 81 1500 1
1500 3716 81 2851 1
3135 3347 2360 3717 1
3347 4143 2360 3717 1
3135 3670 3257 3717 1
1485 431 432 2632 1
559 2175 3572 3677 1
922 2926 1327 1594 1
1327 2926 922 3032 1
132 878 126 1417 1
1835 3807 3690 3719 1
3719 2647 862 3426 1
3807 2647 862 3719 1
119 2960 4101 3720 1
119 2960 3720 3195 1
2348 884 3033 2932 1
2348 2980 3033 884 1
600 593 3721 1855 1
2744 3721 3895 597 1
2221 3722 3739 3347 1
2669 3722 86 2279 1
3347 3722 3739 2669 1
86 3457 2279 3722 1
4135 3850 3610 3389 1
2182 3389 3610 3437 1
3696 3574 2514 3239 1
3090 2987 243 2923 1
3090 243 2598 2923 1
1287 2598 243 2923 1
3658 3148 595 3723 1
3723 2262 3148 2061 1
3723 1334 2262 2061 1
3724 1462 1997 2447 1
2601 2173 2214 3806 1
2173 1732 2214 3806 1
2752 2917 3313 2310 1
2729 2462 1652 2129 1
2729 2462 3249 1652 1
1711 1466 2887 288 1
1202 1466 2887 1711 1
4008 3079 3725 3334 1
155 3725 2524 3236 1
155 3334 3725 3236 1
3727 141 147 1598 1
1769 3728 2859 3368 1
1769 3728 3215 2859 1
3215 1769 2558 3728 1
2316 2202 1218 1814 1
2474 4024 3729 3327 1
3729 3879 2254 2474 1
2474 2254 3729 4024 1
734 2662 1704 2240 1
734 1704 3408 2240 1
3715 3408 2240 734 1
3730 1571 1687 321 1
1744 2275 1687 3730 1
3730 1420 2275 3285 1
413 2632 1523 2770 1
413 3254 3767 1523 1
413 2632 3254 1523 1
1323 2532 2579 3042 1
1104 2360 3629 3135 1
3629 3243 2360 1104 1
2368 544 563 1314 1
1314 563 2368 2413 1
2841 3953 3731 3517 1
3731 2841 3484 3953 1
2266 4121 1663 3917 1
85 3917 3732 1718 1
2240 1446 3035 2662 1
1608 2886 1638 814 1
1376 1294 3733 1154 1
1898 1376 3733 3036 1
1898 3000 3733 1376 1
3000 1294 3733 1376 1
1376 1154 3733 3676 1
3036 1376 3733 3676 1
2757 4080 2985 3664 1
872 3249 3734 1987 1
2729 3249 3734 872 1
2097 3735 3519 3811 1
3811 3519 179 3735 1
3269 3556 3072 3864 1
3324 2301 317 2035 1
50 2933 54 1499 1
1499 2792 2714 3930 1
2714 50 2674 1499 1
50 2714 2674 3974 1
53 2933 54 50 1
2933 2792 1499 3930 1
260 273 279 3738 1
260 273 3738 1539 1
821 86 2669 1332 1
1332 86 2669 3739 1
1332 86 3739 3709 1
3739 3913 2766 3619 1
2594 3741 3718 3995 1
659 3742 527 3353 1
3742 4112 3255 4082 1
4082 2879 3255 3742 1
659 656 527 3742 1
1695 2715 2639 3222 1
3743 2125 3166 3284 1
2209 3743 3279 3284 1
1369 2592 2705 1944 1
2592 1447 1369 1814 1
1369 1814 2705 2592 1
2812 47 3744 3562 1
2287 3037 3714 3417 1
2287 1878 3714 3037 1
3010 538 1878 3037 1
3771 1921 1920 3016 1
1180 1745 3051 1906 1
2636 1745 3051 1180 1
2098 3445 2969 1183 1
2098 3746 3445 1183 1
2265 2332 3474 3973 1
3973 2332 3474 3747 1
2263 3740 2332 3973 1
2729 2129 1652 3237 1
564 2209 556 3548 1
3773 2209 4043 556 1
2925 4037 3003 3749 1
374 3642 3749 3003 1
3212 2133 161 1680 1
161 3212 3615 3750 1
2301 1204 1105 2035 1
1204 3324 2035 2301 1
3728 3403 2859 3368 1
3728 3403 3215 2859 1
3215 2859 3403 402 1
2859 3368 3403 402 1
642 4142 617 2505 1
3229 2387 4142 3382 1
2387 2478 3751 2409 1
3751 2752 2409 2478 1
1981 85 2357 1718 1
3035 1981 85 2357 1
85 1718 3732 2357 1
316 1908 3931 3752 1
3776 1184 580 760 1
2803 3102 2463 2222 1
2803 3102 3172 2028 1
639 3226 1537 1251 1
1780 2360 3439 909 1
3439 2360 2486 2945 1
1780 2360 2486 3439 1
2945 4044 2486 3196 1
1845 631 3697 2728 1
2110 2520 3753 594 1
1591 4015 3961 3491 1
2216 3754 3672 108 1
2560 579 3755 575 1
2262 2226 2061 1757 1
3666 2355 377 3080 1
2104 2355 377 3666 1
583 4052 4002 3675 1
3227 3928 2136 4097 1
3371 1689 3756 3925 1
3757 2187 178 2644 1
2982 1511 3758 3680 1
3758 3264 985 1511 1
3417 4083 3714 562 1
2588 1374 2202 2492 1
2492 1374 2202 1059 1
2741 124 2617 648 1
804 648 2741 2673 1
2673 648 2741 2617 1
3759 1937 1462 3233 1
3724 3620 1462 3759 1
3904 3620 3724 3759 1
1846 1980 3760 3242 1
1846 3644 3356 3760 1
1846 3644 3760 1980 1
2186 2911 2377 316 1
1939 1768 231 2957 1
1923 2432 1157 3300 1
2432 1157 3300 2235 1
2475 2876 3761 1801 1
2567 80 2876 3761 1
1801 3419 3761 2475 1
2662 1704 2076 2235 1
2138 3762 4084 513 1
513 3762 4084 3488 1
3763 3780 3886 1792 1
3763 3780 1792 3034 1
3281 3764 1110 123 1
123 2617 3764 2203 1
3764 123 2943 1110 1
3764 123 2203 2943 1
122 4068 123 3764 1
3281 4068 3764 123 1
3764 122 2617 123 1
2750 2053 2388 2953 1
2466 1329 2414 3514 1
1298 2750 2628 1309 1
1372 3484 3815 3490 1
1372 3543 3484 3490 1
3953 2841 3484 3543 1
4026 1583 2612 3712 1
1583 2411 4026 3131 1
1796 50 3137 1499 1
50 1499 1796 2674 1
3137 2812 50 1796 1
3766 1849 3179 1172 1
3766 2710 1849 1172 1
3767 3685 405 2356 1
1845 2728 3697 1518 1
3364 1518 1845 3697 1
29 3296 2633 1752 1
3130 1374 2535 3038 1
2202 1374 2535 3130 1
488 497 774 2244 1
488 1694 497 2244 1
2577 2153 2568 3840 1
3851 2856 3569 2397 1
2365 3768 580 1855 1
3768 1855 2442 580 1
3397 2365 3768 580 1
1600 1065 1055 3769 1
3956 2050 2309 1397 1
3956 1397 1739 2050 1
3839 3931 1908 3752 1
2601 3988 2173 4016 1
1841 2923 1651 1119 1
3090 2923 1651 1841 1
4019 1329 2466 3514 1
2584 1329 2466 4019 1
3191 1278 2037 2879 1
2970 871 672 1999 1
2920 3272 1878 3714 1
3037 2920 1878 3714 1
2274 252 4141 3660 1
136 1904 2571 147 1
1904 647 3306 145 1
2687 136 1904 647 1
2571 1904 145 147 1
1927 2571 1644 145 1
2687 147 1904 136 1
3903 3772 1805 3898 1
3521 3268 1805 3772 1
1280 2177 3695 1006 1
1916 2008 3551 3341 1
3773 2623 1545 2183 1
2623 3773 1545 1364 1
2015 2623 3773 2183 1
1522 3110 3884 294 1
2989 1379 2613 1252 1
1973 3805 1132 1327 1
1132 2416 3032 3805 1
1132 2816 2416 3494 1
2164 3774 3545 3665 1
3774 2529 3545 2071 1
3937 3936 3775 2779 1
554 2889 3176 2548 1
554 2066 2889 2548 1
274 3777 2269 280 1
274 3777 279 2549 1
274 3777 2549 2269 1
2284 3515 2884 3365 1
1624 3587 1528 853 1
3100 2633 36 3477 1
2633 3945 36 3477 1
746 4099 2914 3778 1
3688 746 3778 4099 1
583 2914 4052 3675 1
2265 3474 215 3779 1
4033 1414 2894 3837 1
3443 2572 2875 2060 1
3443 2572 2060 3200 1
3200 2572 2060 943 1
2060 2875 1448 2572 1
720 2388 3780 2750 1
2546 720 3780 2750 1
3960 2589 3780 2388 1
3763 720 3960 3780 1
3763 720 3780 2546 1
1897 19 1305 2308 1
2308 3473 1305 2720 1
2182 19 1897 2308 1
1985 2902 1813 3781 1
1230 2242 3684 3421 1
2448 1230 3684 1970 1
2242 3089 1230 3684 1
561 558 3896 560 1
3420 558 3081 3896 1
3156 4013 560 3896 1
3896 3156 4013 2623 1
901 3312 2835 1262 1
1262 2835 2542 3312 1
3440 211 3783 2228 1
985 3784 2969 2098 1
985 3784 3802 2969 1
3758 3784 3680 3802 1
3701 571 3789 3164 1
3967 3533 3701 4105 1
571 3164 3701 3533 1
1999 672 3187 871 1
1999 3187 672 2506 1
3157 1171 2434 2893 1
236 3847 3786 232 1
942 2176 2357 1718 1
942 1718 2357 3381 1
2176 1981 2357 1718 1
3954 1675 2707 4000 1
95 94 100 2707 1
3157 1171 2893 646 1
2777 2893 1171 646 1
1982 2577 2038 3066 1
2153 2577 1982 3066 1
3787 1571 1687 3730 1
3730 2275 1687 3787 1
3787 2307 1687 1571 1
3787 2275 1687 2307 1
2307 1571 3787 2919 1
2690 243 3788 2987 1
2987 3090 243 3788 1
3788 243 4138 2598 1
123 3528 2296 2950 1
3247 2972 1541 3078 1
2227 2870 1532 2838 1
2227 1532 2870 3157 1
1171 2096 646 3157 1
1991 2762 3514 780 1
3991 2831 4069 3923 1
3923 3991 2831 4071 1
3080 377 1750 2481 1
2148 3790 1033 1376 1
2161 3790 1033 2148 1
1033 3790 3036 1376 1
2960 2780 3242 3195 1
2960 3242 2712 3195 1
3360 2148 1033 1379 1
1202 2148 3360 1379 1
3902 896 3792 2693 1
4123 2683 3544 3134 1
2550 3793 3448 2232 1
3277 2559 3350 3219 1
1003 3920 2832 3880 1
3373 3560 3794 2171 1
188 3794 968 3031 1
3886 3224 2589 3883 1
2689 2972 2170 130 1
1838 1238 2446 2562 1
3811 2097 3169 3519 1
1265 2468 179 3169 1
3797 3090 3788 2598 1
247 3090 3788 3797 1
3866 4039 250 247 1
241 2540 2830 4141 1
241 4141 246 4049 1
3028 3777 294 3884 1
2469 3812 3884 1452 1
3777 3110 294 3884 1
1621 3132 82 2426 1
638 3132 1621 2426 1
2550 3411 2651 3800 1
2636 3411 3826 3833 1
2550 2651 3448 3800 1
4142 2503 3801 2387 1
4005 3386 3359 631 1
3400 3359 3386 3900 1
2955 16 3459 3647 1
3190 16 3647 3459 1
3414 2696 3205 3824 1
3802 1511 985 3011 1
4017 3758 3784 3680 1
3701 571 566 568 1
4141 658 2830 252 1
2830 658 3810 252 1
1837 226 2907 2854 1
2854 1837 239 2907 1
2995 3729 2045 3803 1
3804 3078 121 2950 1
2567 2876 1899 3761 1
1801 2876 3761 1899 1
3932 3761 2567 1899 1
2133 2417 3586 1680 1
188 968 3794 3373 1
1472 1833 2852 2327 1
1833 2327 1472 1620 1
3943 3238 3314 3055 1
2173 3633 3806 4016 1
2173 4016 3806 2601 1
579 3808 3906 1757 1
3721 593 3768 1855 1
3895 3721 593 3768 1
3809 4085 387 3043 1
3809 4085 2102 387 1
2102 2681 3809 3659 1
2411 4026 1873 1055 1
1873 2411 1365 4026 1
1873 4026 3889 1055 1
3547 1873 1365 4026 1
3856 1620 2680 2999 1
3964 3856 2999 1620 1
2878 1620 4074 3964 1
2878 3555 1620 3964 1
3964 1620 2999 3555 1
3811 3799 179 1265 1
1265 3811 3169 179 1
2085 725 2695 2403 1
2403 725 2695 2286 1
1196 3667 1727 2099 1
2513 3451 3667 2099 1
2099 1850 3667 1727 1
3667 3451 1850 2099 1
3813 4080 3395 2884 1
261 3814 2320 4090 1
3045 2192 2256 2205 1
1059 1374 3130 1943 1
1330 3484 3815 1372 1
983 1640 3817 2029 1
983 3741 3817 1640 1
3818 2572 3200 943 1
1280 2588 2151 3472 1
1837 249 652 239 1
239 249 3600 1837 1
3253 705 2080 3796 1
3780 2388 1792 3034 1
3780 2589 1792 2388 1
2589 1560 1792 2388 1
1869 96 1895 1454 1
3111 2088 2944 3513 1
3077 1385 3187 3897 1
1854 3116 2792 2714 1
2266 1663 4121 2728 1
3820 3328 3858 3578 1
2797 3328 3820 596 1
1723 2356 418 394 1
2356 394 1723 2815 1
405 394 2815 3322 1
159 3822 153 2718 1
3978 1944 3822 3650 1
2452 1638 3823 3038 1
2366 2210 1775 3520 1
2579 3520 2672 1653 1
2439 3679 2232 3704 1
3633 2173 3806 2130 1
2173 1732 3806 2130 1
2597 2241 2233 3825 1
2241 3927 2233 3825 1
2987 2923 1841 2431 1
2445 2923 1119 2829 1
2431 2923 1119 2445 1
3875 3704 2550 3826 1
3826 3704 2550 3411 1
3826 3411 2550 3800 1
3827 3556 387 2531 1
3043 3556 387 3827 1
595 589 3906 3755 1
3755 575 579 1757 1
1428 504 3830 3434 1
2609 4057 3471 4034 1
4057 2136 3179 4045 1
3831 4116 2499 2947 1
3831 2795 1324 4116 1
3225 3899 984 3832 1
3832 1003 3959 3926 1
3833 3411 3800 2606 1
3834 2619 2232 2439 1
3834 2439 2232 3793 1
3429 4094 3901 1819 1
2551 2845 3508 2905 1
2905 1352 3582 1350 1
1801 1975 3836 3419 1
673 1214 932 2097 1
2097 1214 932 3519 1
2097 1214 3519 3735 1
2222 1875 2373 1604 1
1875 2222 2373 1711 1
3902 564 3837 4137 1
3837 564 4033 4137 1
2624 1972 139 3361 1
1972 2624 2994 3361 1
3838 1389 1804 3109 1
1389 3134 3838 248 1
4123 3134 3544 3838 1
3544 4113 4123 3838 1
3893 3014 2983 2671 1
3554 3893 2983 2671 1
2269 297 301 3839 1
2425 3524 3062 3268 1
3063 2425 3062 3521 1
3063 2425 1080 3062 1
3521 2425 3062 3268 1
2425 3524 1080 3062 1
3646 640 1867 2328 1
1179 2173 60 2601 1
2256 2488 3840 1754 1
3045 3840 2599 2256 1
2192 3892 2733 3841 1
3553 3017 1236 3841 1
2621 1236 3841 2733 1
4051 2130 3155 3842 1
3902 3743 4117 3844 1
3844 4117 896 3789 1
3598 4104 3423 3845 1
3650 1944 2592 1887 1
3339 2888 2563 968 1
3031 827 3245 2563 1
3031 2563 3245 2977 1
4124 595 599 3846 1
4124 3846 591 595 1
2256 2488 1058 3840 1
2488 2577 1058 3840 1
1673 2815 3322 2681 1
236 226 3786 3847 1
1327 3805 2287 1973 1
2416 3494 3805 1132 1
3848 2216 2820 108 1
2511 3848 2820 3946 1
2511 3423 3848 3946 1
3184 3743 3588 3358 1
4032 3978 159 3857 1
159 4032 153 3822 1
3596 3849 615 214 1
1939 4073 3849 3278 1
2311 3596 615 214 1
2957 4073 3634 3849 1
2957 3849 1939 4073 1
3278 214 3849 3596 1
2967 131 1972 2170 1
3201 131 1972 2967 1
2234 2173 3988 3633 1
1179 2173 3988 2234 1
1179 2601 3988 2173 1
4016 3988 2173 3633 1
2979 1900 120 1259 1
29 2022 3850 2075 1
3851 671 3661 2397 1
2454 671 3661 3851 1
2257 1847 1706 3331 1
3407 1847 1706 2295 1
3238 3565 2640 2237 1
3565 2237 1849 2640 1
3341 3657 3225 2008 1
2769 3341 3225 2008 1
1916 2008 3341 2769 1
3852 3218 2859 402 1
3852 2859 3215 402 1
3394 1736 3876 3617 1
3394 1736 1686 3876 1
1736 3235 1686 3876 1
3868 1736 3876 3235 1
3571 594 586 3853 1
586 3571 3853 2824 1
2266 3917 1663 3469 1
1518 2266 1663 3469 1
2807 2955 3459 25 1
25 1198 3459 2807 1
2687 3361 141 136 1
3201 3361 2687 136 1
3970 1970 1498 55 1
1498 55 54 3970 1
2135 3022 3294 3919 1
3854 2828 4021 1872 1
1179 2601 60 3547 1
1265 2468 3169 2126 1
1265 3811 2126 3169 1
595 3755 2061 591 1
1601 2864 1546 2951 1
2951 2864 1546 4110 1
3584 2864 1601 2951 1
1764 2864 2951 4110 1
2026 2315 2636 1745 1
2026 839 2315 1745 1
3572 584 3571 2824 1
2107 2639 2415 1139 1
4006 3786 243 245 1
2739 3786 232 243 1
123 120 2979 1900 1
128 2115 129 123 1
3956 1739 2519 3428 1
2332 3989 2480 3667 1
2263 3989 2480 2332 1
3989 2077 2332 2263 1
901 1262 3859 3312 1
901 3859 1262 3621 1
991 3912 1958 3831 1
991 3912 1689 1958 1
991 2795 3912 3831 1
991 2795 2786 3912 1
991 2786 1689 3912 1
3871 3861 2635 2910 1
3138 2948 3918 1992 1
1992 3862 3918 2079 1
3862 2808 3918 1790 1
1790 2808 3918 1053 1
2079 1790 3862 3918 1
1992 2948 3918 3862 1
1849 2237 1763 2640 1
3863 3992 517 3165 1
115 2856 2397 806 1
3508 2845 115 2905 1
3508 2856 2845 110 1
2856 110 3851 3569 1
732 3864 3642 3269 1
732 3864 3269 3072 1
3474 2265 2023 2332 1
1177 2952 1324 3865 1
1177 3865 1324 4116 1
123 2950 129 2979 1
123 2979 129 128 1
238 3797 3866 247 1
3343 3005 4089 3867 1
4128 3343 4089 3867 1
3868 3235 2312 2629 1
765 1502 150 3870 1
2236 765 150 3870 1
3154 3870 2236 150 1
3154 3246 3870 4078 1
3870 1502 150 3319 1
3327 1801 3958 1600 1
1600 1899 3958 2799 1
1979 3327 3958 1600 1
3327 3836 3958 1801 1
1801 1899 3958 1600 1
153 3861 152 3871 1
212 2315 3872 4132 1
1346 1180 3875 3873 1
3873 3051 1346 1180 1
1254 3256 3736 2522 1
404 3256 3736 1254 1
1716 1144 1763 1302 1
1716 2640 1763 1144 1
3071 2640 1678 3412 1
2952 3117 3094 3874 1
2952 4020 3117 3874 1
1177 2584 3874 2466 1
1346 3607 3875 1180 1
3040 3607 2439 3875 1
192 2384 1725 2065 1
192 3149 1725 2384 1
3175 3174 3877 2990 1
3835 3815 3298 3580 1
3879 3633 2428 75 1
2234 3633 3879 75 1
2962 3879 2045 3729 1
3920 4088 3880 2764 1
1003 3880 3926 2764 1
1003 3920 3880 2764 1
513 4084 2278 3881 1
513 3488 4084 3881 1
513 3488 3881 2105 1
518 3165 517 3882 1
1770 3979 1432 3106 1
3605 2070 3979 1770 1
3979 1770 2070 3106 1
3056 2177 3695 2773 1
2610 3281 3695 2773 1
3681 1762 230 1941 1
3501 3681 1762 230 1
3883 1501 2036 3224 1
3727 147 141 3340 1
3727 141 3479 3340 1
3937 2779 3566 3441 1
3192 376 3885 378 1
3192 3885 372 378 1
680 362 376 3980 1
3885 3980 376 362 1
1823 1819 4088 4106 1
3920 1819 4088 1823 1
3920 1819 3880 4088 1
4067 3886 2589 3883 1
2091 2113 3526 2649 1
2113 3373 1632 3887 1
2113 3887 2649 2091 1
1147 2980 3869 2348 1
3777 3888 279 2549 1
2549 3888 279 3765 1
3110 279 3888 2479 1
3110 3888 279 3777 1
2617 3307 3009 2203 1
2444 3160 2062 3294 1
3889 1873 1055 3982 1
3988 2474 3982 4114 1
3988 3258 2254 4114 1
3547 3258 3889 4026 1
1873 3547 3889 4026 1
551 1274 760 1184 1
3776 574 1184 760 1
3675 2660 582 583 1
3849 3596 3641 231 1
2882 3890 2761 3362 1
3724 3904 3366 3924 1
3724 3890 3366 3904 1
3795 3743 3891 2209 1
2483 638 3012 3481 1
3481 638 1621 2426 1
2905 1035 2852 2551 1
3892 1015 2568 4075 1
3892 1015 3841 2568 1
3841 3553 2733 1236 1
3791 597 3854 3895 1
2198 1621 638 3132 1
3012 1621 638 2198 1
3012 638 1621 3481 1
1230 3684 1970 1503 1
3684 3089 1230 2448 1
2666 1502 1229 1861 1
3081 558 2920 3896 1
3896 558 3272 560 1
2920 558 3272 3896 1
3077 3897 2367 2336 1
2336 3897 2367 3843 1
137 1598 3361 141 1
3727 141 1598 137 1
3772 1994 3898 2019 1
2019 1994 3898 2158 1
1030 3772 3898 2019 1
3341 2832 3959 3657 1
3657 2832 3959 1003 1
3899 1003 3959 3832 1
3328 3495 3748 3489 1
1930 3900 631 3359 1
3922 4091 2832 3492 1
1372 3878 1330 3901 1
2526 3792 4137 3902 1
2526 3358 3792 3902 1
679 3203 2063 680 1
680 3203 357 679 1
2656 680 2063 3203 1
680 2104 3203 2656 1
2739 243 2987 4006 1
1002 1155 3433 3608 1
362 3287 3192 372 1
362 376 3885 3192 1
362 3885 372 3192 1
1030 3772 3903 3898 1
2684 3521 3903 3772 1
3120 3179 1777 1172 1
2380 1777 1172 3120 1
3120 3766 3179 1172 1
3295 4097 1849 2136 1
1630 2237 1849 3565 1
4097 3565 1849 3966 1
3084 3885 376 373 1
373 645 3084 3885 1
3885 645 3084 3980 1
3885 3980 3084 376 1
536 2713 2899 1866 1
3702 2945 3439 2692 1
2414 3904 3924 1271 1
2513 3580 3815 3490 1
3090 1841 259 2987 1
513 2333 3616 3939 1
2070 3370 3402 2314 1
2070 1777 3402 3370 1
2070 3370 2314 3535 1
705 3905 2805 2080 1
3796 705 2080 3905 1
3796 705 3905 2730 1
2857 1860 54 1499 1
2933 2857 54 1499 1
595 4139 3216 3906 1
579 3808 585 3906 1
3088 2347 1473 2084 1
2801 3088 1473 2084 1
2846 3088 2084 2347 1
3676 1154 3907 1473 1
3907 1154 2801 1473 1
3036 3676 3907 1473 1
3812 3029 1452 2469 1
3927 2901 2319 2727 1
4087 2952 3094 3874 1
1177 2584 2952 3874 1
3909 3408 2240 1693 1
1693 3909 3623 3981 1
1693 2240 3909 3981 1
2148 2528 3330 627 1
1202 2148 3330 3360 1
2786 2466 2584 3146 1
3912 2795 2786 1324 1
2795 3146 2786 1324 1
3777 3028 2269 280 1
2469 3777 3028 3884 1
3464 1113 3498 2286 1
3320 2954 2342 3539 1
3851 3569 1620 620 1
3581 3508 2327 1620 1
3851 110 3508 1620 1
115 3508 2878 3851 1
2960 2216 1316 3754 1
3122 82 2176 2566 1
2312 3868 2393 3235 1
1944 3601 2534 152 1
3822 1944 3601 2534 1
4032 1944 153 3822 1
3739 3913 2221 2766 1
3347 3739 2221 2766 1
3739 86 3913 3709 1
3400 3122 85 3013 1
3400 3013 85 3386 1
3013 3122 85 2566 1
1705 1121 3099 1546 1
3914 2612 788 786 1
625 3914 788 786 1
1055 4026 3972 4109 1
3914 3712 2612 786 1
1055 3712 4026 4109 1
4116 2346 3865 2499 1
3918 2808 3133 1053 1
3252 1314 3083 3707 1
3921 1931 3347 1104 1
3921 1931 4133 3347 1
2751 1931 3921 1104 1
236 3600 3786 2907 1
3786 226 236 2907 1
2966 3923 3994 3631 1
2966 4065 3923 3991 1
2584 1329 3924 2466 1
3924 1329 3904 2414 1
2978 2024 4019 3514 1
3925 3694 3624 3951 1
3832 3959 984 3926 1
1813 3781 2798 3356 1
3356 1813 2614 2798 1
3927 2586 3176 2233 1
3176 3927 554 2548 1
3927 2586 2319 2901 1
2102 3659 387 4037 1
2102 3659 3809 387 1
4032 3857 159 3861 1
4032 3861 2910 3857 1
2868 4137 564 3288 1
2846 3088 3705 2084 1
3675 2660 4057 582 1
2660 4057 3928 3675 1
2914 583 3928 3675 1
659 656 3929 3576 1
2327 3508 2551 110 1
3508 110 2327 1620 1
115 2856 3508 3851 1
3314 3321 3055 3238 1
3314 746 3321 3688 1
3489 746 3314 3688 1
3812 3029 2469 3136 1
1372 3878 3901 3429 1
1330 3878 3835 3901 1
1854 2714 3930 53 1
2714 3930 50 1499 1
2714 53 50 3930 1
3931 1106 305 2471 1
2471 3931 3839 305 1
3931 2377 305 2911 1
1106 2911 3931 305 1
3839 305 3931 3770 1
3931 3770 305 2377 1
2567 3932 81 3716 1
3716 3932 81 77 1
2567 2876 1194 1899 1
1194 3932 2567 1899 1
1871 462 3933 2094 1
358 3935 362 3283 1
3936 2779 1645 3513 1
3937 3441 3936 2779 1
1645 3441 2779 3936 1
2148 2106 3790 1376 1
2161 2106 3790 2148 1
2423 104 3754 3356 1
3672 104 3754 2423 1
3955 3936 3775 3937 1
3954 3674 1675 3182 1
1675 2732 3182 3674 1
3954 3182 1675 4000 1
3938 2841 1632 3484 1
3938 3373 1632 2841 1
2728 3900 3386 631 1
2972 124 1541 3078 1
124 3078 2296 3528 1
2296 2617 2203 3307 1
3229 2503 4142 2387 1
4119 3971 2946 2503 1
1961 3239 3940 3629 1
3629 2155 3940 3243 1
291 2184 3139 2906 1
2184 3765 297 2906 1
2184 2906 297 3139 1
402 2541 3941 4102 1
3713 3010 1973 3942 1
3271 3010 3713 3942 1
3713 3942 3494 4112 1
2828 2321 791 3422 1
3943 2828 3422 3461 1
2990 3174 3214 3434 1
3174 3830 3434 2990 1
3779 2460 1768 3911 1
2106 1799 2528 3193 1
29 2022 3945 3850 1
3946 3848 2820 108 1
3946 3423 3848 4104 1
2164 1168 2749 1304 1
2749 2164 1304 4018 1
2164 3545 1304 4018 1
2811 3947 3056 3999 1
3947 3999 2773 3056 1
3948 3992 506 4100 1
515 3948 2419 4022 1
3948 4100 506 2260 1
3883 3992 506 3948 1
3571 594 592 4052 1
3571 4052 586 594 1
3429 3949 1819 1823 1
3017 2054 3841 2568 1
2788 3017 3553 1015 1
1015 3017 3553 3841 1
3892 1015 2733 3841 1
2733 1015 3553 3841 1
3057 3342 3950 2034 1
4134 3057 3950 2034 1
2921 3832 2516 2981 1
3951 3064 1592 1615 1
1615 3951 2977 1592 1
3031 3951 2977 1615 1
3238 3565 3321 3055 1
3952 968 3373 3583 1
3878 3815 3835 3580 1
3731 3517 3922 3551 1
1330 3953 3484 1372 1
1372 3953 3484 3543 1
94 3954 2707 95 1
3996 3674 3954 3182 1
94 3996 3954 95 1
3953 1330 3731 3517 1
3731 3953 3484 1330 1
3028 766 2469 2396 1
3273 4131 399 3597 1
3441 3273 3566 3937 1
3771 1921 3016 3956 1
3957 2977 3794 2472 1
2171 2472 3957 3794 1
3560 3957 968 3794 1
3341 3959 3899 3657 1
123 1900 926 120 1
2110 597 2520 2974 1
2365 597 2974 3397 1
2365 597 2110 2974 1
3422 3943 3055 1678 1
2136 1849 3179 3766 1
2136 2710 1849 3766 1
3179 3295 1849 2136 1
2546 3780 3034 2750 1
3003 3269 3749 4037 1
3529 3763 720 3960 1
720 3960 3780 2388 1
3691 147 1598 3727 1
3691 147 3727 3340 1
3691 147 3340 3615 1
3390 100 97 3819 1
3819 1869 3555 2999 1
1967 2237 3321 3238 1
3813 2884 3395 2629 1
3771 2050 1921 3956 1
2022 29 2633 1752 1
29 2633 3945 2022 1
1970 55 3970 3962 1
81 3030 3963 2936 1
81 3963 3030 4093 1
534 3463 3965 531 1
531 3965 527 3939 1
1448 2615 2896 1858 1
1448 1858 2896 2875 1
3055 3565 3966 1678 1
404 3961 3736 3256 1
2578 2064 3330 2528 1
2739 2690 2927 2987 1
2927 2690 3788 2987 1
3967 571 566 3701 1
488 774 3968 2244 1
2486 89 3014 3893 1
2486 89 3893 3969 1
2360 4143 2486 3969 1
47 1498 3706 3970 1
3706 47 3970 50 1
2440 3702 3439 2692 1
2662 1446 1704 2240 1
119 3720 122 3195 1
1958 3064 3694 991 1
3805 2416 3032 1609 1
2416 1609 3805 3494 1
3719 2647 3426 3302 1
2447 1997 4092 3746 1
3507 3468 4092 2447 1
1997 3445 4092 3746 1
2365 3397 2974 580 1
3776 2365 2974 580 1
3776 2365 2110 2974 1
1953 625 3972 3914 1
1953 3972 625 3104 1
3972 4026 1953 3914 1
3972 3914 625 786 1
2500 3628 3292 2643 1
3971 3801 2946 2503 1
4119 2658 3971 2503 1
3646 3148 3658 3723 1
2855 2798 93 91 1
3740 3747 3973 2436 1
2480 2332 3973 2263 1
3740 2332 3973 3747 1
3763 3780 3034 2546 1
2326 2867 3239 3629 1
2925 3003 1834 374 1
2925 3003 374 3749 1
3642 3269 3749 3003 1
2933 3930 1499 50 1
50 2714 3974 53 1
3193 1799 3975 2106 1
1799 2600 3975 1173 1
2106 1799 3975 1173 1
1096 2554 805 1581 1
2554 3976 805 1581 1
2554 3976 3135 805 1
3135 3976 3257 805 1
4082 2879 2697 3255 1
2935 3371 3756 3925 1
2171 2935 2736 2472 1
122 2617 2673 125 1
122 3180 3764 125 1
125 122 2617 3764 1
1200 3642 3977 2103 1
2608 3291 3584 666 1
2445 2782 3291 666 1
3291 2782 3584 666 1
2413 3979 2070 3106 1
3068 3083 2314 3535 1
3666 2104 3678 3447 1
3283 645 362 3980 1
3885 645 3980 362 1
3909 1446 3981 2240 1
3339 2763 1916 2888 1
2888 2763 1916 2841 1
2763 3551 1916 2841 1
3982 1979 1600 3327 1
3982 3015 1600 1979 1
1873 3015 3982 4016 1
3983 4049 1557 2768 1
3240 2753 3643 3983 1
2850 4111 1544 2001 1
16 3190 17 19 1
4135 17 3190 19 1
16 3647 17 3190 1
3190 4135 3647 17 1
3984 2426 3541 3591 1
2956 279 3985 278 1
600 3986 2744 593 1
2530 3987 2355 3666 1
2355 1645 3267 2779 1
1645 3267 3441 3987 1
592 4052 594 3778 1
4099 594 2914 3778 1
3858 592 594 3778 1
3858 4099 3688 3778 1
1892 3671 148 4096 1
3282 4041 2624 1892 1
1892 3671 4041 2624 1
3988 1179 2254 3258 1
3988 3258 4114 3889 1
3988 2254 3879 2474 1
2693 3792 3430 3462 1
3642 732 2103 3392 1
3642 732 3977 2103 1
2927 247 259 3090 1
2927 3788 247 3090 1
2494 2175 4086 3677 1
2102 3322 3659 4037 1
2781 3356 1846 2614 1
3356 2781 1846 1482 1
4112 1609 3713 539 1
539 3271 3713 3942 1
539 3942 3713 4112 1
2332 3989 3667 3444 1
3989 2077 3444 2332 1
1177 4087 2952 3865 1
3310 2432 3300 1704 1
3310 3098 2432 1704 1
3310 3098 1704 3416 1
3869 3033 3990 1206 1
3990 3033 1317 3199 1
2980 3033 3990 3869 1
3147 3990 1206 3274 1
3990 3869 1206 3274 1
3314 3055 3321 746 1
3489 1220 3314 746 1
3056 3180 2177 2773 1
2878 3851 3508 1620 1
3074 393 2859 1769 1
3074 3497 393 1769 1
2576 3497 3074 1769 1
2260 3076 3559 4011 1
506 505 4011 4100 1
1759 4035 4122 3498 1
1759 3589 4122 4035 1
4035 3498 1759 3649 1
3150 3589 1759 3649 1
691 3785 3443 3993 1
3993 3785 3443 3818 1
3993 413 691 3785 1
94 3564 95 97 1
3564 95 3638 94 1
2729 3237 1652 2180 1
3861 2647 1835 3302 1
2594 983 3741 3995 1
983 3669 3995 2167 1
3533 2070 4105 1770 1
2070 3402 4105 1770 1
2070 1777 3164 4105 1
95 3996 3182 3638 1
94 2838 3996 3638 1
95 3996 3954 3182 1
4130 3775 3286 2593 1
3997 168 2418 3483 1
3507 168 2418 3997 1
3705 2084 2801 1492 1
1253 893 2084 1492 1
2320 3998 2298 2247 1
2320 3998 2247 259 1
250 2320 259 3998 1
2967 1541 2972 2689 1
2689 1541 2972 130 1
3756 3694 3624 3925 1
3507 168 3145 3377 1
3947 119 926 3999 1
2811 3947 3999 119 1
3521 1805 3903 3772 1
4129 3722 86 3739 1
3739 3722 86 2669 1
3739 86 4129 3913 1
1675 4001 4014 2732 1
1675 4001 2732 3674 1
3782 4014 3299 1675 1
1196 3821 2099 3526 1
1196 3821 3538 2099 1
3490 3821 3538 1196 1
590 4002 582 3572 1
3572 3677 2175 2494 1
583 4002 582 3675 1
923 419 2007 2257 1
2007 923 2257 3331 1
2698 1788 2371 3365 1
2284 2698 2371 3365 1
1055 1623 1600 3015 1
1873 1623 1055 3015 1
1623 2411 1873 1055 1
1055 1176 1600 1623 1
3816 3458 2501 2283 1
2418 168 3377 4047 1
165 4127 4047 2074 1
3282 1892 2624 142 1
2144 4072 3232 4004 1
3375 3232 4072 4004 1
2144 4004 1761 400 1
3831 2499 1958 2947 1
3831 3912 1958 2499 1
3678 2104 2530 376 1
2530 2104 3678 3666 1
2530 2355 2104 3666 1
3722 3457 2279 3698 1
4006 245 2923 2431 1
4006 2923 245 243 1
249 2739 4006 3786 1
2739 243 4006 3786 1
404 4015 3736 3961 1
2030 581 4007 2143 1
3494 2816 2416 3255 1
1332 3709 3739 3549 1
3549 3709 3739 3619 1
3739 3709 3913 3619 1
53 55 54 2933 1
2988 1275 1091 2857 1
2988 1071 1275 2857 1
4032 3861 3871 2910 1
4121 3400 85 3386 1
2266 4121 85 3386 1
4121 85 3400 3917 1
85 2266 3732 3917 1
2703 2693 3404 3430 1
1326 1401 3404 3197 1
2703 3430 3404 3197 1
3862 2808 2948 3918 1
2993 3328 3820 2797 1
2278 4108 3432 1527 1
4108 3432 1527 4140 1
1670 2991 4111 2001 1
3240 2753 2991 3643 1
2991 3240 3115 2753 1
1996 3115 2991 3240 1
3028 2396 3884 294 1
297 2471 3839 294 1
294 3627 2396 3884 1
2872 2960 3672 2216 1
2960 3754 3672 2216 1
155 4008 3725 3334 1
2902 1985 2798 3781 1
923 4003 419 2257 1
2068 4003 3331 2804 1
2960 3754 1316 3356 1
2712 2960 3356 3760 1
3752 314 3770 2377 1
2307 2919 4010 314 1
4010 2533 2275 2307 1
2533 2307 4010 2362 1
2307 4010 2362 314 1
4010 2275 3787 2307 1
2307 3787 4010 2919 1
1784 3357 737 1264 1
737 2310 1264 3357 1
3025 3000 1567 3311 1
3000 1294 1567 3311 1
2522 3256 3736 3002 1
1069 2908 1267 2787 1
1069 2908 541 1267 1
2550 3411 3704 2651 1
4011 1889 2713 3143 1
3234 1262 3860 2686 1
3860 1262 3124 2686 1
3234 3860 1262 2542 1
4012 3614 226 3641 1
3915 1317 3199 3147 1
3223 517 3165 3882 1
2265 3973 3474 3779 1
3973 3747 3474 3779 1
2798 3356 2781 2614 1
91 2798 2781 2614 1
2773 4068 3281 3999 1
3448 2651 3612 3800 1
4085 1254 2102 391 1
4001 3416 3782 4014 1
3782 1633 3299 4014 1
1675 4001 3782 4014 1
3791 3748 3854 597 1
3834 2619 3621 2232 1
901 2619 3859 3834 1
3834 2619 3859 3621 1
584 2110 594 3853 1
584 2865 3853 2824 1
1317 113 3915 2371 1
2284 2371 3915 113 1
2630 2274 3660 254 1
2075 4135 3647 3190 1
3459 2075 3647 3190 1
3864 3194 3392 2531 1
3378 4095 3785 4015 1
4015 4095 3645 3378 1
1645 3111 2481 3513 1
3925 991 3694 3064 1
3803 2465 1396 2995 1
2851 1396 3803 2465 1
277 2746 283 289 1
658 644 252 244 1
658 252 3024 244 1
244 252 3024 2274 1
252 244 644 254 1
2274 244 252 254 1
405 2681 2815 3685 1
4016 3988 2474 3982 1
4016 3988 3633 2474 1
4067 3041 3414 3529 1
3318 2418 165 4017 1
3967 2020 566 571 1
1864 573 571 2020 1
3533 573 2451 2020 1
2973 3481 638 2483 1
3856 1620 4074 1833 1
4074 1620 3856 3964 1
3162 3001 332 2817 1
3742 534 527 3353 1
3791 3748 4021 3854 1
3741 3345 3817 1478 1
3741 1478 3817 1640 1
3223 3882 3165 4022 1
1638 4023 3065 1147 1
3769 4114 4024 4109 1
3972 3104 4114 2002 1
4017 3784 3483 3680 1
3528 120 648 121 1
2617 124 3528 648 1
3139 2861 301 297 1
562 3417 1594 1327 1
3714 3417 562 1327 1
571 3533 3701 3967 1
3372 3498 2286 3649 1
3265 3004 301 2963 1
3325 3004 301 3265 1
3712 4026 4109 3914 1
4109 3914 4026 3972 1
2182 3389 4135 3610 1
125 3764 2610 2773 1
125 3180 3764 2773 1
131 2972 1541 3247 1
131 1541 2972 2967 1
1621 2566 3013 2248 1
2426 2566 1621 2248 1
1725 3020 3114 2065 1
4013 4083 3896 2575 1
3896 4013 560 4083 1
2749 3576 4018 2874 1
1733 4028 2808 3862 1
1666 3365 2884 4061 1
2629 1666 4061 2312 1
2629 2884 4061 1666 1
4061 1666 3365 1932 1
3998 2298 2247 2441 1
3998 2247 259 2441 1
3327 4024 3729 3836 1
4029 1920 143 3771 1
1824 4029 1920 143 1
2276 1946 3735 3388 1
2276 3388 3735 3799 1
2276 1946 1214 3735 1
1058 2488 3710 2577 1
3837 2894 3404 1414 1
2575 3896 4013 2623 1
3851 3661 115 2397 1
3226 560 4031 562 1
4031 562 560 4083 1
3226 2117 4031 560 1
4013 4031 4066 3209 1
3822 3978 159 4032 1
3822 1944 3978 4032 1
153 4032 159 3861 1
153 3861 3871 4032 1
4063 2572 3491 2875 1
2875 3491 2181 2572 1
373 2025 2576 3084 1
3812 2469 3777 3136 1
1739 1188 3319 3427 1
3428 1739 3319 3427 1
600 593 2744 3721 1
3986 2744 593 3895 1
1958 2947 2791 3064 1
1958 2791 3694 3064 1
561 4033 564 1364 1
4033 564 2894 561 1
3881 1527 2278 1694 1
3881 3488 1527 1694 1
2650 1527 3488 1694 1
3370 4034 3120 4059 1
4034 2900 3471 3087 1
3501 1670 1773 1766 1
3767 3254 2356 1523 1
3085 2203 2943 125 1
3085 125 2943 2625 1
3570 1006 1929 4125 1
2091 3560 2113 3887 1
3560 3583 2113 3887 1
2113 3583 3373 3887 1
3778 3675 3227 1630 1
2914 3928 3227 3675 1
2011 2393 990 2312 1
3055 3565 3227 3966 1
3321 1630 3227 3565 1
3589 3113 1733 4035 1
3199 1317 3990 3147 1
4073 3380 3213 3369 1
2488 2335 2577 106 1
2488 2577 3840 106 1
137 2624 3671 139 1
1886 2873 766 1106 1
2450 2330 2146 2242 1
4003 2257 923 3331 1
1287 236 1601 2829 1
2829 236 1601 2782 1
1601 236 2864 2782 1
4036 1294 1492 1154 1
4036 1154 1492 2801 1
4036 1294 3311 1492 1
4037 3322 3659 1673 1
3811 3735 179 3799 1
1953 3258 3972 3104 1
3258 4026 1953 3972 1
3258 1953 4026 3547 1
3114 3086 4028 3075 1
250 4039 259 247 1
250 3998 259 4039 1
3429 1823 1819 4040 1
4040 1823 1819 3920 1
2542 3383 1933 3632 1
3247 2950 129 2296 1
129 2972 3247 2296 1
131 2972 3247 129 1
1147 2980 3990 3869 1
3990 1147 3869 3274 1
3869 2348 1579 3065 1
3864 3556 3662 3269 1
3269 387 3556 3662 1
3864 3556 2531 3662 1
2531 3662 3556 387 1
3864 3556 3194 2531 1
2919 1571 3787 3730 1
3833 3411 3826 3800 1
2256 3892 2568 1058 1
3047 2957 4073 3634 1
4073 214 3634 3849 1
4041 137 2624 3671 1
1892 3671 4096 4041 1
404 4095 3460 3645 1
2960 2780 1259 4042 1
2960 4042 1259 3672 1
1259 3672 4042 3916 1
3691 3334 3615 3828 1
2379 2583 3410 2758 1
2379 1336 2583 2758 1
3746 3759 1462 3233 1
2878 3851 2454 3661 1
4043 3773 1545 2183 1
4043 2183 1545 2819 1
4043 2545 1182 2819 1
4043 1182 2545 3599 1
3773 4043 1545 556 1
556 4043 2545 3599 1
2316 809 142 1355 1
3601 2316 152 142 1
2707 4000 3454 95 1
3954 4000 2707 95 1
3954 3182 4000 95 1
2360 3969 2486 4044 1
2945 2360 2486 4044 1
4045 2136 3179 3766 1
2811 2216 2872 2820 1
3848 2216 2811 2820 1
3364 1663 1518 3697 1
2771 2869 4050 2679 1
3690 2074 3318 4047 1
4048 720 3529 2508 1
1939 3213 3333 3487 1
3875 3607 3704 1180 1
3826 3875 3704 1180 1
3607 3679 2439 3704 1
3875 3607 2439 3704 1
1278 3191 2037 3048 1
3929 3576 2037 3191 1
3191 3576 3048 2874 1
3464 3498 3649 2286 1
241 4049 246 2834 1
2768 241 2753 4049 1
4049 1557 2369 3983 1
4049 4141 2369 1557 1
4049 241 3700 2834 1
2753 241 3700 4049 1
3487 3440 1381 2228 1
3213 4073 3369 3047 1
2976 2718 148 2822 1
3958 3456 3220 2995 1
2413 3979 3106 1432 1
288 2044 295 3102 1
3102 2059 2044 295 1
3552 2620 2862 4050 1
2296 3078 2950 3528 1
3247 2296 3078 2950 1
3571 583 586 4052 1
4053 4143 2486 2360 1
1551 4054 909 1961 1
1985 1551 2404 4055 1
3944 2861 301 3004 1
301 3325 3944 3004 1
3839 2861 301 3944 1
3755 3906 1757 579 1
3393 1757 3216 1334 1
3393 1757 3906 3216 1
3393 3906 1757 3755 1
1930 631 2021 3359 1
3359 4005 631 2021 1
3909 2938 3408 1693 1
968 3952 188 3339 1
968 3952 3339 2888 1
188 968 3373 3952 1
3703 3634 3849 3911 1
2981 4056 2516 1798 1
3239 1851 2155 2867 1
3239 2155 3940 3629 1
3239 2867 2155 3629 1
3967 2020 1138 566 1
1803 566 3699 1138 1
1803 1864 2020 2537 1
3110 279 2479 3985 1
3609 3427 3771 3428 1
3796 2730 3905 3292 1
3849 3703 231 3641 1
3849 3911 231 3703 1
1698 2074 4047 4127 1
2074 3690 1698 4047 1
3733 1154 3907 3676 1
3036 3733 3907 3676 1
4057 2900 3471 4034 1
93 4058 2514 3696 1
3868 3235 3876 2393 1
313 3102 2803 2059 1
2803 1480 2301 2222 1
704 3495 3688 3858 1
704 3495 3489 3688 1
704 3328 2993 3489 1
3957 2977 968 3794 1
2171 3794 3957 3560 1
3535 3068 4059 2314 1
3535 4034 4059 3068 1
4034 2609 4059 3087 1
1675 4014 4060 2732 1
1675 4060 3182 2732 1
3235 2629 4061 2312 1
3872 2026 3833 4132 1
704 3489 1967 3688 1
1689 2786 2978 3912 1
1401 2117 4062 3226 1
3995 4065 2966 2167 1
4065 2167 3669 2231 1
3981 3592 3623 3591 1
3545 3665 3125 2164 1
4018 3545 3125 2164 1
3532 4137 2868 3288 1
3491 4015 3785 4063 1
2572 3491 3785 4063 1
2098 3997 2418 3483 1
3784 2418 4017 3483 1
3784 2418 3483 2098 1
3507 3997 2418 2098 1
656 4064 659 521 1
1372 3815 3580 3490 1
2255 1837 239 2854 1
2255 2854 239 3703 1
2617 3009 2673 125 1
1729 2730 3060 3796 1
3781 3159 2798 3206 1
3858 4099 3778 594 1
4083 4031 562 4066 1
2356 2815 3685 405 1
3924 3904 3366 1271 1
3875 1180 3826 3873 1
1923 3310 1633 3782 1
3782 3310 1633 4014 1
3443 2572 3200 3818 1
3443 3818 3200 3993 1
1801 3419 3836 3761 1
104 3845 1686 3394 1
3598 3845 3423 1736 1
3481 3984 3541 3204 1
95 99 3564 2895 1
3180 926 4068 3947 1
4068 926 3180 122 1
3947 926 4068 3999 1
3083 3535 3979 2314 1
4065 2758 4069 2231 1
215 2460 1762 1768 1
1992 4028 3862 2079 1
1992 4028 2079 3075 1
3075 4028 2079 3086 1
1033 3676 4070 1379 1
1033 1379 4070 2989 1
1033 3036 4070 3676 1
3360 2161 1033 2148 1
3697 3900 631 1930 1
3400 82 3122 3013 1
3013 82 3122 2566 1
3688 746 3321 3778 1
746 3778 3227 3321 1
746 3321 3227 3055 1
2879 2697 3929 4082 1
659 3191 3929 2879 1
659 3576 3929 3191 1
3994 4071 3280 3631 1
3343 3005 3867 3621 1
1210 3232 380 676 1
2144 400 1338 4072 1
2144 400 4072 4004 1
4073 3278 3380 214 1
3369 4073 214 3047 1
4073 3380 3369 214 1
4073 214 3849 3278 1
3047 4073 214 3634 1
531 528 3965 3939 1
531 3463 3965 528 1
1937 3620 3673 2245 1
2955 16 14 3459 1
3190 16 3459 14 1
3218 3566 2877 402 1
3368 399 4102 402 1
4074 1620 3581 1833 1
2423 3356 1482 2781 1
3356 3754 2423 1482 1
1058 2577 4075 2568 1
1058 3710 4075 2577 1
3892 4075 2568 1058 1
3359 4005 82 3013 1
2508 3529 3041 3763 1
3824 3414 2696 2508 1
4116 4076 3865 2346 1
1177 4076 3865 4116 1
4009 4069 2758 2231 1
4069 3991 4065 2231 1
3822 3601 153 2718 1
4077 3876 1851 3617 1
3574 4077 1851 3617 1
143 4078 3154 150 1
3154 4078 3870 150 1
2284 3515 4080 2884 1
2602 3196 2421 3554 1
3138 3113 3053 2948 1
4096 3479 3727 137 1
4096 3479 137 3671 1
2130 2973 3155 3842 1
2103 1936 2580 3392 1
1936 3194 2580 3392 1
413 4095 3460 3767 1
3322 405 4081 2681 1
3460 1254 4081 612 1
4081 3685 612 2681 1
4081 1254 3460 391 1
3742 534 4082 656 1
3742 656 4082 659 1
659 2879 4082 3742 1
659 4082 3929 656 1
2879 4082 3929 659 1
3714 4083 560 562 1
567 3795 3891 2209 1
567 2209 3891 2015 1
564 3795 567 2209 1
2079 1790 3918 1053 1
3731 2841 3938 3484 1
1147 1928 1943 2151 1
1928 2492 1943 2151 1
3781 3356 104 3206 1
376 2576 3084 373 1
3084 376 385 2576 1
385 2576 3686 3084 1
3243 3921 2360 1104 1
928 242 2523 2627 1
3934 2345 2986 2220 1
125 3764 2943 1110 1
2610 125 1110 3764 1
2305 3724 1997 2447 1
2138 3762 3652 4084 1
4084 3762 508 3488 1
1621 2426 2248 3591 1
3795 568 3891 3743 1
566 568 3743 3891 1
1854 3930 3222 3684 1
2102 4085 391 3072 1
2898 3844 3789 3701 1
1194 2876 3057 2354 1
2873 2396 3627 3884 1
3194 2531 772 2580 1
3864 2531 3642 3662 1
3677 3707 4086 3153 1
1330 1372 3815 3878 1
3674 3470 2352 3910 1
3570 1929 1006 1781 1
3410 4009 2758 2583 1
3410 4069 2758 4009 1
3535 3370 4059 4034 1
3397 3721 3895 3768 1
3874 2288 3094 4087 1
1177 4087 3865 4076 1
3256 3961 3002 2659 1
3736 3961 3002 3256 1
3777 3110 3884 3812 1
413 4095 691 3785 1
3785 4095 3645 413 1
4027 3298 3989 2077 1
4089 3005 3726 1092 1
4089 3005 1092 3867 1
3448 4089 1092 3867 1
4090 2320 259 250 1
250 2809 259 4090 1
4090 2809 3308 250 1
4090 3814 2320 250 1
4104 104 3848 108 1
104 108 4104 3845 1
104 3845 3598 1686 1
1147 1943 4023 1701 1
3920 1819 4091 3880 1
3904 3759 3724 3890 1
3340 3750 3496 3615 1
1929 3056 1781 2811 1
297 2471 1908 3839 1
3448 2651 3867 3612 1
676 3232 3375 2929 1
676 1210 3232 2929 1
2296 129 2170 123 1
2972 129 2170 2296 1
131 2170 2972 129 1
4093 3204 3030 4134 1
4093 3963 3030 3204 1
3180 3947 4068 2773 1
2773 3947 4068 3999 1
3896 3272 3714 560 1
2920 3272 3714 3896 1
3927 2727 2319 3825 1
2811 2820 2872 3999 1
3641 4012 2854 226 1
3353 534 527 531 1
2485 3297 3220 3958 1
77 2719 3716 3932 1
3917 85 3122 1718 1
2020 3967 3106 3533 1
3106 2451 2020 3533 1
3624 2977 3957 2472 1
3173 4022 3259 2525 1
4096 137 3727 146 1
1003 3880 3959 3926 1
4112 1609 3494 3713 1
3713 1609 3494 3805 1
3362 3890 2743 2897 1
2938 3715 3408 1693 1
2938 3745 3715 1693 1
3799 3388 3735 179 1
3886 3883 4067 3992 1
2790 3633 4051 2130 1
2790 2130 4051 3842 1
3227 3675 4097 1630 1
4097 3675 3295 1630 1
3227 1630 4097 3565 1
3295 1630 1849 4097 1
1630 3565 1849 4097 1
3506 1868 3961 2659 1
3365 3515 2884 3395 1
2884 3515 4080 3395 1
3395 3515 4080 3664 1
1736 1686 4098 3598 1
1686 1736 4098 3235 1
4099 594 3858 3328 1
3948 3992 4100 3165 1
3948 3165 4100 2806 1
3584 2864 3594 2782 1
3584 2782 3594 666 1
3358 4117 896 3902 1
4117 3844 896 3902 1
3358 896 3792 3902 1
3028 2469 3884 2396 1
1736 4098 3813 3423 1
1736 3813 4098 2629 1
1736 2629 4098 3235 1
3416 3689 3310 4014 1
4101 2216 1316 2960 1
4101 2960 1316 3720 1
3666 3987 2355 3080 1
3403 3368 4102 402 1
1985 2798 3781 3159 1
2819 546 2545 2793 1
4043 546 2545 2819 1
1294 1263 1567 1331 1
1567 1294 1331 3311 1
3807 1835 3690 2074 1
2161 3193 3975 2106 1
3429 4094 1819 3949 1
4094 3550 4126 3949 1
3850 2022 3945 3610 1
594 2520 3656 3853 1
594 2110 2520 3853 1
413 2770 4103 2691 1
4103 413 3993 3785 1
556 4043 546 2545 1
2624 137 2994 3361 1
2994 137 1598 3361 1
2994 137 2624 4041 1
3696 4058 2514 3574 1
4104 3598 3848 104 1
3598 104 4104 3845 1
3946 4104 3848 108 1
3484 3543 3538 3490 1
3538 3543 3821 3490 1
3533 3164 4105 2070 1
1777 3402 4105 2070 1
3916 3672 1482 2423 1
2960 1482 4042 3672 1
3672 3754 1482 2423 1
2960 1482 3672 3754 1
4042 3672 1482 3916 1
3701 3164 4105 3533 1
2713 3259 1586 1889 1
3953 1372 1330 3517 1
2878 3851 3661 115 1
3774 2129 3545 2529 1
2039 2872 3546 3672 1
1900 2039 3546 1259 1
47 1970 1498 3970 1
1970 3970 47 3962 1
2976 152 2718 153 1
153 2976 152 3861 1
2976 2718 152 3671 1
159 3302 3861 3857 1
3861 3302 1835 3857 1
2900 582 3471 3140 1
2266 4121 3917 85 1
2266 3732 3917 3469 1
2480 3989 3451 3667 1
2576 1769 2859 2877 1
3074 1769 2859 2576 1
3546 3195 120 2780 1
597 3328 2993 2797 1
597 3748 2993 3328 1
527 534 3965 531 1
3992 3224 3886 3883 1
2311 225 4107 3596 1
2311 225 3614 4107 1
1944 153 3601 152 1
3822 1944 153 3601 1
3715 3450 2246 3557 1
3417 3037 3714 4083 1
3948 4100 2419 2806 1
2418 168 4047 4127 1
1698 4047 2145 4127 1
2491 3115 1804 1627 1
2015 3743 566 3699 1
3891 3743 566 2015 1
3510 3110 279 3777 1
1777 3402 2380 4105 1
3799 3567 3113 3464 1
1265 179 3113 3799 1
3388 3799 3464 3567 1
4098 2048 3395 3813 1
3331 1706 423 3407 1
3346 1907 3436 3228 1
3383 2252 1751 3467 1
2542 3438 3632 3860 1
154 3479 3727 3683 1
3479 148 4096 3727 1
2002 4109 3972 786 1
1065 786 4109 3418 1
3418 4109 2002 786 1
1065 3712 4109 786 1
3712 3914 4109 786 1
4109 3914 3972 786 1
1372 3901 1330 3922 1
3517 1372 1330 3922 1
3866 3797 4039 247 1
4080 3813 3395 4120 1
2757 4080 3664 4120 1
2951 4110 1546 1709 1
589 3846 2560 591 1
3055 3321 3227 3565 1
3072 4085 3269 2102 1
2102 387 4085 3269 1
3685 3460 4081 612 1
3740 2436 3973 2263 1
571 568 3789 4117 1
3844 568 4117 3789 1
3743 568 4117 3844 1
3267 385 3293 3987 1
3273 399 3937 3955 1
4057 4045 2609 3471 1
1944 3385 3978 4032 1
3931 3752 3770 2377 1
3839 3770 3931 3752 1
3480 4113 3280 4071 1
3504 4113 3737 3838 1
3630 1670 1773 4111 1
124 2972 2296 3078 1
3429 1819 3901 4091 1
3429 4040 1819 4091 1
4091 4040 1819 3920 1
1055 4109 4114 3769 1
2002 3104 4114 4024 1
1055 4114 3982 3769 1
3258 3972 3104 4114 1
3889 4114 3982 1055 1
3889 3258 4114 1055 1
3031 3794 2977 3951 1
4116 2346 2499 4115 1
2947 4116 2499 4115 1
3815 3484 3538 3490 1
3580 2513 3444 3490 1
3546 2960 3672 2872 1
3988 4114 3982 3889 1
4016 1873 3889 3982 1
4016 3988 3982 3889 1
4023 1701 2452 3065 1
4015 3736 3961 3491 1
1868 2181 2446 3506 1
3506 2446 1868 2659 1
1868 3491 2181 3506 1
3890 2447 3724 2305 1
584 594 3571 3853 1
3571 584 3853 2824 1
305 2873 2396 3627 1
305 2873 766 2396 1
1823 4126 1819 4106 1
3949 4126 1819 1823 1
4094 4126 1819 3949 1
2993 3328 3748 3489 1
3994 2658 3244 3971 1
3971 3994 2658 4119 1
4119 3718 2658 2503 1
2647 161 3426 3496 1
3828 161 3615 3496 1
161 3828 3426 3496 1
154 3615 3340 3496 1
154 3340 2647 3496 1
3728 4102 3403 3368 1
1138 1803 2020 2537 1
2269 294 297 3839 1
3149 4122 1725 2384 1
4122 3020 1725 2384 1
3138 3113 3589 3150 1
1759 3649 3589 4035 1
3649 3113 3589 4035 1
3544 4111 1670 2493 1
1609 3353 4112 3742 1
3742 534 4112 4082 1
3617 1736 3876 3868 1
1364 4033 564 4137 1
3752 3944 314 2362 1
3613 310 3004 3265 1
3325 3613 2362 3004 1
3613 3004 3325 3265 1
2957 3779 1768 3911 1
3743 4117 3358 3902 1
4103 3785 3993 3818 1
2648 2683 4123 3134 1
2810 3134 4123 3838 1
1773 227 3630 4111 1
4105 1777 3164 2380 1
587 4124 589 585 1
587 589 4124 3846 1
587 4124 599 3846 1
589 3846 591 4124 1
3936 3441 3937 3955 1
4120 2048 4125 2511 1
3570 4120 4125 2511 1
3883 3992 3948 4067 1
2288 3290 3094 3682 1
4137 4033 3837 1414 1
4137 3792 1414 3902 1
4137 3837 3902 1414 1
3084 3980 3678 376 1
2377 3162 3752 314 1
2910 3861 2635 3518 1
3922 3901 4091 3429 1
3546 2960 1259 3672 1
3429 3878 4094 3949 1
3769 3982 1600 3327 1
3769 4114 3327 4024 1
3769 4114 3982 3327 1
1372 3901 3922 3429 1
1372 3429 3922 3492 1
3517 1372 3922 3492 1
3683 154 2976 3302 1
2938 3745 3450 3715 1
3576 3509 4064 656 1
659 656 3576 4064 1
3429 3878 3901 4094 1
3901 3878 3835 4094 1
4123 3280 4113 4071 1
4123 4113 3504 3838 1
3924 1329 2414 2466 1
2584 3924 4020 2466 1
2952 2584 4020 3874 1
3908 2538 3824 3478 1
597 3721 3895 3397 1
1892 142 2718 3671 1
3402 3370 4059 2314 1
3601 2718 142 152 1
3618 3733 1993 3036 1
3618 3000 1993 3733 1
3618 3000 3025 1993 1
3359 631 3386 3900 1
247 3090 3797 4039 1
259 4039 3090 247 1
3483 4127 2418 165 1
3495 4099 3688 3858 1
4027 3989 2263 2077 1
3571 583 4052 4002 1
3778 592 4052 4002 1
4031 4083 560 4013 1
2947 2499 1958 178 1
1958 178 2791 2947 1
123 120 2950 2979 1
3575 3103 3425 3294 1
2062 3160 2361 3294 1
3793 4128 3448 2232 1
3448 4128 3867 2232 1
3448 4128 4089 3867 1
4051 3633 3806 2130 1
2002 3972 625 786 1
3972 625 3104 2002 1
3769 4109 4024 3418 1
168 3468 3997 3507 1
3863 505 3992 3165 1
2017 3332 4118 4130 1
3963 3030 3054 2283 1
3816 3458 2283 2699 1
3842 3458 3816 2742 1
2576 2025 3293 3686 1
3084 2025 2576 3686 1
153 3861 159 2976 1
2965 3302 2976 159 1
2976 159 153 2718 1
4131 2017 399 3597 1
4132 839 2315 2026 1
4132 2315 3872 2026 1
2914 594 4052 3778 1
4052 4002 3675 3778 1
2221 4133 3722 3347 1
3921 4133 2221 3347 1
3944 3770 3752 314 1
3857 4032 3978 2910 1
2034 3342 2618 1693 1
2034 3745 3342 1693 1
2034 2618 3623 1693 1
2925 4037 3749 387 1
3659 4037 2925 387 1
3749 3269 387 4037 1
505 4100 3992 3165 1
505 4100 3165 4011 1
3460 3685 3767 404 1
2182 3389 19 4135 1
3389 19 4135 3190 1
3925 3064 3694 3951 1
4096 3671 137 4041 1
3390 100 3819 3964 1
3964 3819 3555 2999 1
3416 4136 3689 2732 1
2728 4121 3386 3900 1
2266 4121 3386 2728 1
2053 718 2032 2953 1
4122 1733 1992 1725 1
1725 1733 1992 3075 1
2608 3584 1764 3594 1
3329 3775 4130 2823 1
2823 3775 4130 2593 1
2865 2110 584 3853 1
2314 3370 4059 3535 1
3924 1329 3620 3904 1
3924 3620 3724 3904 1
746 2914 3227 3778 1
2914 3675 3227 3778 1
3835 1330 3815 3878 1
3878 1372 3815 3580 1
1065 4109 3769 3418 1
3418 4024 2002 4109 1
3633 4051 3806 4016 1
3928 4057 3295 3675 1
3928 3295 4097 3675 1
3799 3464 3113 3649 1
1540 1988 2037 2697 1
2879 2697 2037 3929 1
1540 2697 2037 2879 1
2503 3568 2658 3801 1
527 3965 2138 3939 1
3829 238 4138 2598 1
3797 3788 238 2598 1
3788 4138 238 2598 1
4139 589 585 3906 1
4124 4139 589 585 1
4139 585 3216 3906 1
3227 3928 4097 3675 1
4122 3020 3372 3498 1
4122 4035 1733 3498 1
4122 3589 1733 4035 1
3343 2686 2863 3005 1
2863 2686 3124 3005 1
4013 4031 4083 4066 1
4045 3471 4057 3928 1
589 591 2560 3755 1
589 2560 3622 579 1
926 120 119 122 1
122 119 3195 120 1
119 3195 3546 2960 1
3629 2155 3243 1104 1
1851 990 2155 2867 1
2867 2011 1851 990 1
2161 3975 3790 2106 1
2618 3984 3623 3592 1
3541 3984 3623 3354 1
4089 3005 2863 3726 1
2872 2216 4101 2960 1
2221 3722 4129 3739 1
3739 4129 2221 3913 1
4143 3921 2221 3347 1
3347 2221 4143 3717 1
4134 3204 3030 3354 1
3354 2618 3623 2034 1
3767 3254 3685 2356 1
3832 3926 2516 2981 1
3293 917 3566 3441 1
2877 3293 917 3566 1
2877 917 3368 3566 1
3566 3267 3441 2779 1
3923 4065 4069 3991 1
4141 246 4049 3660 1
1835 2647 3807 3719 1
2910 3518 3318 3857 1
2910 3861 3518 3857 1
3573 2298 3998 2441 1
3573 2298 2441 1859 1
3923 4071 3994 3631 1
3376 4113 3480 4071 1
2314 2070 3979 3605 1
3669 4065 3995 2167 1
3658 3431 2805 3846 1
2387 3751 4142 3382 1
2387 3801 4142 3751 1
3718 3568 2658 2503 1
2098 3507 3997 4092 1
3949 3550 2840 4094 1
2933 54 2988 55 1
659 3576 2874 4064 1
3329 3775 3955 4130 1
3273 3441 3955 3937 1
3329 3955 3775 3937 1
2312 3235 2393 1932 1
2312 2393 990 1932 1
1780 89 2486 4053 1
4143 89 2486 3969 1
4053 89 2486 4143 1
1961 3243 2360 3629 1
909 2360 3439 1961 1
3158 2360 909 1961 1
3629 2360 1961 4038 1
1736 4098 3423 3598 1
1615 2498 2665 1592 1
1615 3064 1592 2665 1
2665 3064 1592 2791 1

End
