MeshVersionFormatted 1
Dimension 3

Vertices
4094
-0.02613460086286068 0.00175722676794976 0.014782211743295193 1
-0.02596500888466835 -0.00018522265600040555 -0.0064131328836083412 1
-0.025949195027351379 -0.0026131020858883858 0.003408217104151845 1
-0.025813441723585129 -0.0055504366755485535 -0.0032259461004287004 1
-0.025783626362681389 0.0030855843797326088 -0.012456636875867844 1
-0.025776010006666183 -0.0041337148286402225 -0.015137333422899246 1
-0.025320511311292648 -0.0019974964670836926 0.0083949081599712372 1
-0.025251956656575203 0.0044257557019591331 0.011077533476054668 1
-0.025390526544452709 0.0031626949404105317 -0.0029809392994619472 1
-0.02509615570306778 -0.0069285747595131397 -0.01215108297765255 1
-0.024944934993982315 -0.00082669529365375638 0.014239788055419922 1
-0.024897113442420959 -0.007140647154301405 0.0045168204233050346 1
-0.024909737391574278 -0.0049418248398450416 0.00049360750370105577 1
-0.024897113442420959 -0.0044118440710008144 0.018818514421582222 1
-0.024897113442420959 -0.0043935468420386314 0.050399243831634521 1
-0.024897113442420959 0.00086685840506106615 0.016732649877667427 1
-0.024793246300799252 0.007284367280169712 0.012145026979664219 1
-0.024868950247764587 0.00039521916187368333 -0.018965963274240494 1
-0.02485945075750351 0.0071655688807368279 -0.010288928635418415 1
-0.024840103462338448 0.0041715959087014198 0.046099435538053513 1
-0.024774114345773618 0.0055367432714399948 0.037469348273241082 1
-0.024777266117502469 0.0037457652300582306 0.055918598913970795 1
-0.024754327621367315 -0.0065225440895076911 0.012218665947996785 1
-0.024737179279327393 0.0013574340846389532 0.063700497150421143 1
-0.024683646857738495 0.0063591869547963142 0.024830246344208717 1
-0.024212505668401718 0.0070014833472669125 -0.014382516033947468 1
-0.023905097504098045 -0.0068491371581846918 0.060208456501520083 1
-0.02382744743960941 -0.0075673741624432585 0.03025730464602356 1
-0.023925770739963919 -0.0064075278936780678 0.0176282436174824 1
-0.023843402195637905 -0.0064993387510852386 0.031588897243543766 1
-0.02384503185749054 -0.0055075148120522499 0.050461132079362869 1
-0.02384503185749054 -0.0054460045542932718 0.019029251053402075 1
-0.02384503185749054 0.0061053452081978321 0.047527939081192017 1
-0.023665495860860728 -0.0072207870203390206 0.054248716492109161 1
-0.02355449666668008 -0.0068345418597594489 0.043510047323397083 1
-0.023538175970315933 -0.0080473544076085091 0.047601375728845596 1
-0.023439237945672549 -0.0088510140377749385 -0.013481911636338474 1
-0.023430367931723595 0.0086941393092274666 0.021226510405540466 1
-0.02331899106502533 0.0087574664503335953 -0.010621457360684872 1
-0.023394696618545586 -0.0082958993965558253 0.0098142989491634518 1
-0.023087156141448087 -0.0066522206145116416 -0.018709195737914498 1
-0.022865638721889563 0.0083609669662549398 0.036464950547187749 1
-0.022851846308271438 -0.0084560575545593389 0.030496620606144349 1
-0.02279295027256012 -0.007549789734184742 0.03146178275346756 1
-0.022453273985699809 -0.0089323742260150486 0.016923220499367661 1
-0.022363165300639247 -0.0090303048902535023 0.051310957359579995 1
-0.022143215429356693 -0.0098975970514198399 -0.0019220929068808103 1
-0.02218223363161087 0.0098128486424684525 0.01741718128323555 1
-0.022177446633577347 -0.0033033746294677258 0.066988356411457062 1
-0.022184505679889544 0.0096807825929758392 0.0046262608944012094 1
-0.021876001730561256 -0.010179992765188217 0.057731512933969498 1
-0.021383805200457573 0.0012733347248286009 0.067457906901836395 1
-0.021377883851528168 0.0086204027757048607 0.058789901435375214 1
-0.02138760656852285 -0.0099844898064584738 -0.015804240742394636 1
-0.021329201757907867 -0.010179992765188217 -0.011380179785192013 1
-0.021214829757809639 -0.010179992765188217 0.016732649877667427 1
-0.021214829757809639 0.0087574664503335953 0.036722190678119659 1
-0.020845605060458183 0.00031510344706475735 -0.022784434258937836 1
-0.020504925303207924 -0.0092052113839994187 0.031018477552571609 1
-0.02058179290107736 -0.0095114388760300823 0.063869691774170678 1
-0.020426614210009575 0.0047994251362979412 -0.021536432206630707 1
-0.020297631621360779 -0.010045110248029232 0.017784731462597847 1
-0.020280221477150917 -0.0099031291902065277 0.053324352949857712 1
-0.020261335205420943 -0.0091279111802577972 0.046657383036810621 1
-0.019966065952852531 0.0087574664503335953 0.055581813461117305 1
-0.019915271550416946 -0.0044521442614495754 -0.022425316274166107 1
-0.019841279834508896 0.0087574664503335953 0.026931991800665855 1
-0.019479234847197175 -0.010178150801030602 0.03068829019987579 1
-0.019472295418381691 0.0075678261928260326 0.064094781875610352 1
-0.019456670615433411 0.0087252270654577264 0.020411889631922892 1
-0.019110666587948799 0.0098095471039414406 0.027253460139036179 1
-0.01900453120470047 0.0098095471039414406 0.053988732397556305 1
-0.018788130953907967 0.0090800020843744278 -0.00010064655361929908 1
-0.018632093444466591 -0.0084776859730482101 -0.020695561543107033 1
-0.018490584567189217 0.0094735492020845413 -0.017018299549818039 1
-0.018380410969257355 -0.010469499975442886 -0.017899997532367706 1
-0.018354617059230804 -0.010623995214700699 -0.008498786948621273 1
-0.018116099759936333 0.0085068931803107262 -0.019615404307842255 1
-0.018058586865663528 -0.010179992765188217 -0.0074652140028774738 1
-0.01773584820330143 -0.010292569175362587 0.061573255807161331 1
-0.017511607666969235 0.0095760845220121543 0.060154677532087246 1
-0.016911828890442848 -0.0051318593323230743 0.069518133997917175 1
-0.016874011605978012 0.0033981706947088242 0.069450043141841888 1
-0.01622636616230011 0.008959691971540451 0.065085217356681824 1
-0.015214450657367706 -0.0099970344454050064 0.066538862884044647 1
-0.014852011605410914 0.0040088804864313963 -0.023201981921658572 1
-0.014720424078404903 -0.0019979635253548622 -0.023042075335979462 1
-0.014691927470266819 -0.010179992765188217 0.025359714403748512 1
-0.014426401816308498 -0.010179992765188217 0.017308790236711502 1
-0.013499568216502666 -0.010179992765188217 0.034968722611665726 1
-0.013499568216502666 -0.0091279111802577972 0.01743403822183609 1
-0.013033514842391014 -0.0091279111802577972 0.025966044515371323 1
-0.012920292094349861 -0.0094224940985441208 0.010247691534459591 1
-0.012880374677479267 -0.0066822399385273457 0.06959601491689682 1
-0.012798181734979153 -0.010179992765188217 -0.0064131328836083412 1
-0.01266667153686285 -0.010179992765188217 0.040009941905736923 1
-0.01242823373499505 0.0097161758799159878 -0.0004453841756994397 1
-0.012547685764729977 0.0098095471039414406 0.0096185784786939621 1
-0.012986490638325193 -0.00017954241441337621 0.069899829016098119 1
-0.012070538476109505 -0.011561943218111992 0.064634107053279877 1
-0.012002068571746349 -0.0095427278429269791 0.068235523998737335 1
-0.011905506253242493 -0.0091279111802577972 0.035510703921318054 1
-0.011746100150048733 -0.0091279111802577972 -0.0064131328836083412 1
-0.011681011446677962 -0.0091279081884908762 0.0096043692418308398 1
-0.011340034194290638 0.0087574664503335953 0.0097741493955254555 1
-0.012367266784245821 0.0072087571719424374 0.067734170016859246 1
-0.011130898259580135 -0.010638345032930374 -0.01509721577167511 1
-0.010833535343408585 -0.0096490820869803429 -0.019683482125401497 1
-0.010813553921741026 -0.0091841335110613882 0.04223387194227618 1
-0.010245229117572308 0.0095226159319281578 0.036560330539941788 1
-0.010238117538392544 -0.010179992765188217 0.047698900103569031 1
-0.01018041092902422 0.0098095471039414406 0.042204488068819046 1
-0.010120574822563943 0.0091124014284306495 0.014399903855689806 1
-0.0099734030663967133 0.0080516887828707695 -0.021127428859472275 1
-0.0098355729132890701 0.0049829534254968166 0.069761335849761963 1
-0.0098295984789729118 0.0036070463247597218 -0.022671332582831383 1
-0.009698222391307354 0.0088137499988079071 0.049347162246704102 1
-0.0088537820290739023 -0.0030420818535922128 0.070110356347509423 1
-0.0096419379115104675 -0.0091279111802577972 0.045270349830389023 1
-0.0095575358718633652 0.0098217921331524849 0.030201058834791183 1
-0.0095442580059170723 -0.010277592577040195 0.06521451473236084 1
-0.0091201663017272949 0.0087574664503335953 0.042931176722049713 1
0.0069747521008769351 0.0036833418649424728 0.022673783628417543 1
-0.0087365414947271347 0.0098095471039414406 0.066033773124217987 1
-0.0086577404290437698 -0.00022330628416966647 -0.019643871113657951 1
-0.0084714479744434357 0.0087711624801158905 0.029274769127368927 1
-0.0088270927946559122 0.0078148237998883936 0.068263825710422679 1
-0.0081271054223179817 -0.0034654631745070219 -0.022820128127932549 1
-0.0077363502425259701 -0.0065071286716131957 -0.021494846442835433 1
-0.0075377761386334896 -0.0091279111802577972 -0.010621457360684872 1
-0.007124622818082571 -0.0092549705877900124 -0.01833772100508213 1
-0.0070961554344758015 -0.0092843013332019851 -0.015017739740061013 1
-0.0062369250470701663 0.00076318583978976355 0.07086859984912533 1
-0.0063754006626572839 -0.00019977746529549522 -0.018835724417966 1
0.0070933155628158584 0.00095546906791484348 0.027640363798625556 1
-0.0063737239688634872 -0.0039274799637496471 -0.020979851484298706 1
-0.0063737239688634872 -0.0033926917240023613 -0.058803867548704147 1
-0.0063758116923999025 -0.003225710815258629 -0.062011979775301498 1
-0.0063737239688634872 -0.0034383462206338863 -0.054834942296686437 1
-0.0063736927566702675 0.0013783782040803312 -0.046405795637684766 1
-0.0063752133963744535 0.0020730450303636165 -0.065501894888627232 1
-0.0063737239688634872 0.0021586072821202233 -0.0478781914729981 1
-0.0063952608619399429 0.0019774291427826127 -0.019948756364310299 1
-0.0063735623843967915 -0.0027160600293427706 -0.021345188841223717 1
-0.0063729765824973583 0.0016726170433685184 -0.024860752746462822 1
-0.0063072261400520802 0.0033365590497851372 -0.020681964233517647 1
-0.0061386274823108117 -0.0041901126451478945 -0.060347427504173864 1
-0.0060651921667158604 0.0025516825262457132 -0.065509282052516937 1
-0.0059981201775372028 0.0025516825262457132 -0.047547385096549988 1
-0.0058190501295030117 -0.0099008576944470406 0.05234154686331749 1
-0.0057463429770740568 0.0065998928695083191 -0.020218479578458556 1
-0.0057566608302295208 -0.0045445426367223263 -0.054402150213718414 1
-0.0057566608302295208 -0.0039274799637496471 -0.055019211024045944 1
-0.0057566608302295208 0.00224315095692873 -0.066126346588134766 1
-0.0057158679701387882 -0.0040866094641387463 -0.064891137182712555 1
-0.0056200897478676367 0.0024097536811152277 -0.067603620893544394 1
-0.0057415721079287687 0.0098051990132226215 -0.013984867313243771 1
-0.0054924705428572715 0.0031324501075299166 -0.02420725047284961 1
-0.0054518245160579681 0.0031588983256369829 -0.020248910412192345 1
-0.0053513027312279016 -0.0048530912848777693 -0.061245617450505607 1
-0.0054481290280818939 0.0025516825262457132 -0.025400184094905853 1
-0.0054450933821499348 -0.004854004830121994 -0.020581124350428581 1
-0.0051855519564337144 -0.0017425074970607592 -0.068201102394978508 1
-0.0049537187442183495 0.010094833560287952 -0.01543043740093708 1
-0.0048310658894479275 0.0025516825262457132 -0.026017248630523682 1
-0.0047895143224361853 0.0031687456648796797 -0.025405659903910718 1
-0.0047907914454914102 0.0015434920470734116 -0.019035161069740101 1
-0.0048081359701669562 -0.0048357534635679053 -0.063627719520644208 1
-0.0047784099112521249 0.009581711421232833 -0.017558038336160518 1
-0.0046936902217566967 -3.6020486732013524e-05 -0.018100066110491753 1
-0.0045225345529615879 -0.0014592275256291032 -0.031570814549922943 1
-0.0045225345529615879 0.0010090247960761189 -0.021697806194424629 1
-0.004512472078204155 -0.0028152195736765862 -0.025905445218086243 1
-0.0045040284038958475 -0.002272887946917742 -0.030711745204111587 1
-0.0044879438107764255 -0.0040793750644742702 -0.066969103937151123 1
-0.004364276265579144 0.0013002475904613131 -0.034834424092617694 1
-0.0044464375823736191 -0.0021753923501819372 -0.020260142162442207 1
-0.00443676533177495 0.00188513717148453 -0.020907463505864143 1
-0.0043127489722427472 -0.003465531424695808 -0.020079319842748758 1
-0.0043896939605474472 -0.0016290927305817604 -0.034946922212839127 1
0.0068916296445399941 -0.0091225704757302677 0.048982398734732799 1
-0.0041454406455159187 0.001694650505669415 -0.069520197808742523 1
-0.0040492787957191467 0.0019346193876117468 -0.01898377388715744 1
-0.0039721963119061648 -0.002296154776305894 -0.069470613235184539 1
-0.0040779758142632698 -0.0017868080030093198 -0.033458781024661162 1
-0.0034794051595822689 0.0019348003897708629 -0.021936739689570214 1
-0.0035219762939959764 0.0019529458368197083 -0.027664752677083015 1
-0.0034853008110076189 2.1071158698759973e-05 -0.017629457637667656 1
-0.0029879332448199247 -0.0082851596049968723 0.06836951767331946 1
-0.0035864228651785917 0.0098107116517196068 -0.014443046084729247 1
-0.0033117011189460754 0.0097987568005919456 0.056106284260749817 1
-0.003268479136750102 0.0087574664503335953 0.054655387997627258 1
-0.0025705462157468964 0.0091657652065536364 -0.0066337420485839309 1
-0.0030316056217998266 -0.0023933080956339836 -0.032543342560529709 1
-0.0029798769392073154 0.0013175563653931022 -0.028485499322414398 1
-0.0030757270568318017 0.002547877681073877 -0.069746803135774485 1
-0.002860191510990262 -0.003590479027479887 -0.068893872201442719 1
-0.0031076389853668751 -0.0091279111802577972 0.008394252519038161 1
-0.0027708909474313259 -0.0048787943087518215 -0.019543511793017387 1
-0.0051867728268193483 0.002959227566949003 0.030004048429910928 1
-0.0028285986342405497 -0.004228046731941785 -0.065239010491886448 1
-0.0023420371580868959 -0.0022292973008006811 -0.070569850504398346 1
-0.0020125448866535477 -0.003058709235154374 -0.02249082458237121 1
-0.0021544317100358496 -0.0023851688410957248 -0.027688634186559414 1
-0.0020090073812752962 0.0016779933357611299 -0.07047291100025177 1
-0.0019881683401763439 0.0031687456648796797 -0.02577483095228672 1
-0.0019617227371782064 0.0025516825262457132 -0.026418339461088181 1
-0.0018289097351953387 0.0019362034508958459 -0.018135007470846176 1
-0.0015971985412761569 -0.0048530744388699532 -0.065349303185939789 1
-0.0015303395921364427 -0.0030018852557986975 -0.02752288244664669 1
-0.001294866531103246 -0.0034536961524243223 -0.019543919119503771 1
-0.00061788591106570138 0.0031608183022575655 -0.018527395253793086 1
-0.001130187479465889 -0.0020912933192143838 -0.033430888230974419 1
-0.0017914378151993923 0.0087654278339105406 0.019444536474355179 1
-9.0020235802512616e-05 0.0039467210881412029 -0.018665736541152 1
-2.7086492991656996e-05 -0.0091279111802577972 0.055279731750488281 1
7.6795471402581195e-05 0.0019356365428765628 -0.02768444588444403 1
0.00071452110309669662 -0.0031329115848031581 -0.024043212637796792 1
0.00087408769166604763 -0.00180063789161306 -0.019476532929357023 1
0.00084699090803042054 -0.010179992765188217 0.056711729615926743 1
0.00083328245527773247 -0.0024017836011216076 -0.028257172038868419 1
0.0012684412067756261 0.0019381481688469648 -0.01807766128331428 1
0.0012949444353580475 -0.0022140971850603819 -0.070488721132278442 1
0.0016787493568695591 0.002553509887217956 -0.02657272586430201 1
0.0014449023874476552 -0.0033328190911561251 -0.020742867141962051 1
0.0016131397966568713 -0.0098504763399536524 -0.01521251571261174 1
0.0017047471277632908 0.0013158067679934565 -0.027227057862168069 1
0.0016804577317088842 0.0098095471039414406 0.057513315230607986 1
0.0016978280618786812 0.0024686255492269993 -0.069911584258079529 1
0.0019572377442528496 0.003153728913743362 -0.018316783887151702 1
0.001950388506425127 -0.010182015649259567 0.066775318628592928 1
0.0028157069746804629 -0.0048515958120509866 -0.064687192204250663 1
0.0029850662685930729 0.0017927209846675396 -0.069520197808742523 1
0.0027889354607115845 -0.0023516644228295199 -0.031085523333738652 1
0.0030724017415195704 -0.0039689242839813232 -0.068284615874290466 1
0.0029647859849429208 -0.0042307913504666447 -0.065786433776764741 1
0.0031907539814710617 0.0019346193876117468 -0.022314868867397308 1
0.0031910387770064576 0.0025621420045606647 -0.025532168870210925 1
0.0032522804103791714 0.0018288207938894629 -0.02791481651365757 1
0.0032716861460357904 0.0020291549153625965 -0.017975836992263794 1
0.0034480136819183826 0.0031814253889024258 -0.024326859042048454 1
0.0035513122566044331 -0.0026587925385683775 -0.069158919155597687 1
0.0037622610107064247 0.00060740142362192273 -0.017658254131674767 1
0.0039698244072496891 0.001896941801533103 -0.021573476493358612 1
0.0040351152420043945 -0.0065081254579126835 0.069852322340011597 1
0.0039467679972786229 -0.0021395665918535547 -0.027682427654250108 1
0.004054855089634656 -0.0030086444457992929 -0.020620265044271946 1
0.0040587661787867546 -0.002968404209241271 -0.025880036875605583 1
0.0040655061602592468 -0.0017100592376664281 -0.034840881824493408 1
0.0040676044300198555 0.001212403061799705 -0.03492370992898941 1
0.0040928229482994176 0.0016655532407685025 -0.017827225486578349 1
0.004100156482309103 -0.0010450846748426557 -0.02036157064139843 1
0.0041112541221082211 -0.00013143666728865355 -0.0197577103972435 1
0.0041163484565913677 0.0010090247960761189 -0.022314868867397308 1
0.0041245114989578724 0.00068183592520654202 -0.017942745238542557 1
0.0042546801269054413 -0.00835457444190979 0.068646274507045746 1
0.0044032079167664051 -0.0048543242737650871 -0.020179139450192451 1
0.025602776557207108 -0.0043901782344581749 0.0065325337275762953 1
0.004060817671835559 0.0026096125935140355 -0.023608384620766622 1
0.004460605327039957 0.0031322918366640806 -0.018070200458168983 1
0.0047760608702259247 0.0025464650544832828 -0.067213442366548928 1
0.0049080317839980125 0.0026852206792682409 -0.018416395410895348 1
0.0050419429317116737 -0.0048530744388699532 -0.050699770450592041 1
0.0050419429317116737 -0.0048530744388699532 -0.025400184094905853 1
0.0050419429317116737 0.0025516825262457132 -0.057487465441226959 1
0.0049767006791122401 0.0026168813406755352 -0.021481380448587072 1
0.0049812413585010188 -0.00035033332993563045 -0.067619276392037117 1
0.0053951404968500555 0.0013973827792775071 -0.066402299026042388 1
0.0052658356726169586 0.002327790018171072 -0.017839381471276283 1
0.0058074092985980954 0.010579547590402489 -0.015050296588365155 1
0.005337283480912447 -0.0039395359344780445 -0.020456545054912567 1
0.0053388550877571106 -0.0037257252261042595 -0.020674813538789749 1
0.0053504747338593006 -0.0045445426367223263 -0.025400184094905853 1
0.0053498441521775573 -0.0038054305559819829 -0.024404628757349878 1
0.0053504747338593006 -0.0035371831618249416 -0.03883800283074379 1
0.0053504747338593006 -0.00028119797934778035 -0.043021131306886673 1
0.0053504747338593006 4.8277267086659198e-05 -0.020171297257155035 1
0.0053504747338593006 0.00050755072152242064 -0.019865347072482109 1
0.0053504747338593006 0.00093374430434778333 -0.018905548378825188 1
0.005428964311433573 0.0008324232687458087 -0.046611483908690722 1
0.0053504747338593006 0.0012817483411707621 -0.04538803070805205 1
0.0053504747338593006 0.0016260879347100854 -0.047614455223083496 1
0.0053504747338593006 0.0021909032948315144 -0.018808869644999504 1
0.005569054468298848 0.0019522640867679021 -0.052188233046416878 1
0.0055968500854565494 -0.0041420414470785729 -0.065508659474130565 1
0.0057151028886437416 -0.0025482249911874533 -0.066273748874664307 1
0.0057423400886690169 0.0095948472772676447 -0.0046170252731474407 1
0.0057360776700079441 -0.0045885485596954823 -0.062693700194358826 1
0.0058633033186197281 0.0025128975976258516 -0.058270040899515152 1
0.0059052510187029839 0.0024816102813929319 -0.064716048538684845 1
0.0059103779066363646 -0.0039535618457676803 -0.039614091312448592 1
0.0059418268501758575 0.0010347358183935285 -0.051316834986209869 1
0.0059469868429005146 -0.0047377622686326504 -0.051489502191543579 1
0.0059675378724932671 -0.0039274799637496471 -0.050699770450592041 1
0.0059646662946993157 -0.00042097758281047773 -0.044164499936843744 1
0.0059675378724932671 -0.00022510133567266166 -0.064275160431861877 1
0.0059675378724932671 0.00039196174475364387 -0.066126346588134766 1
0.0059675378724932671 0.00064907135674729943 -0.047254502773284912 1
0.0059675378724932671 0.0016260879347100854 -0.057487465441226959 1
0.0059889801777899265 0.0087574664503335953 0.0013271777424961329 1
0.0059900633059442043 0.00059449905529618263 -0.061597328633069992 1
0.0060438173823058605 -0.0029080312233418226 -0.040243811905384064 1
0.0065067850146200128 -0.0082607375179722577 -0.019654211055739331 1
0.0061051542870700359 -0.0031286175362765789 -0.060875706374645233 1
0.0061392774805426598 -0.010179992765188217 -0.014829780906438828 1
0.0050169798746602743 0.0098384100279397101 -0.016781830032458697 1
0.0064841639250516891 -0.0029928344301879406 -0.063669860363006592 1
0.0066301980446000653 0.00055914226365637093 -0.06289249248199226 1
0.0067245899699628353 0.001216094708070159 -0.01998470164835453 1
0.0069249229492389149 0.0062323294827032532 -0.019759438999792683 1
0.0084097622175490841 0.0021744937627486416 0.069880302632536084 1
0.0077992272563278675 -0.010179992765188217 0.058371677994728088 1
0.0078697362914681435 0.0098095471039414406 0.057642415165901184 1
0.0081344982609152794 -0.0091090397909283638 -0.011989754624664783 1
0.008215753361582756 0.0098095471039414406 0.0041569727472960949 1
0.0084980642423033714 0.0087300529703497887 0.05621599406003952 1
0.0092726123547845016 -0.002356014629820183 0.070873131481565863 1
0.0098967095836997032 0.0087574664503335953 0.01081093680113554 1
0.010032648044404563 0.011102968612889012 -0.014885850612600993 1
0.01034760195761919 0.0087574664503335953 0.024097217246890068 1
0.010635611709770234 0.0085573181694839091 -0.018490928617572802 1
0.011062553691483573 0.0098139605871983438 0.011554607311146487 1
0.011013854295015335 0.0098077515140175819 -0.010406309738755226 1
0.011027574462230724 0.0087571003706584643 0.045036000844102371 1
0.011533060807185514 0.0098095158463458818 0.048313854042472043 1
0.011524440846717124 -0.0091668661997336646 -0.003720588926240307 1
0.011643457226455212 0.0087574664503335953 0.029995927587151527 1
0.011975822038948536 -0.0091279111802577972 0.013100465759634972 1
0.012069101694074868 0.0049882200751228106 0.069455390466617695 1
0.012662460096180439 0.0055811344645917416 -0.0196089968085289 1
0.012624342196597594 0.0014784009384104552 -0.020760007876896611 1
0.012787076310974949 -0.010089785049841891 -0.0054040280630299285 1
0.0129277054220438 -0.010179992765188217 0.013000267557799816 1
0.01296059097124928 -0.01009635724633676 0.0064840220557654017 1
0.012860355498938698 -0.0091202777336051883 0.058026416876162716 1
0.013519761609354978 0.0098094299178503423 0.04311558526081509 1
0.013827222846263587 -0.010179992765188217 0.020249835464544761 1
0.013898375444114208 -0.0091279111802577972 0.022674517706036568 1
0.013982460834085941 0.0071837198920547962 0.068810664117336273 1
0.014265218749642372 0.010570921935141087 -0.0071070585399866104 1
0.014683051034808159 0.010694080963730812 -0.014463379047811031 1
0.014952612109482288 -0.0091279111802577972 0.040533825755119324 1
0.015103192999958992 -0.0063395053148269653 -0.021180469542741776 1
0.015470626763999462 -0.010166284628212452 0.058047134429216385 1
0.015482759103178978 -0.0091279111802577972 0.02923237532377243 1
0.015506044961512089 -0.0098692653700709343 0.067995920777320862 1
0.016035415232181549 -0.010179992765188217 0.040503107011318207 1
0.016122579574584961 0.0098489206284284592 0.0051131304353475571 1
0.016285374760627747 -0.010179992765188217 0.026878746226429939 1
0.016046537881088212 0.0099161342795141914 0.062815331118851903 1
0.016244065536951624 0.0047811456330582678 -0.019357573017980082 1
0.016799245029687881 0.0016220557736232877 0.070930458605289459 1
0.017074486240744591 0.011449155397713184 0.0089603234082460403 1
0.017106283456087112 0.0097867622971534729 0.013263099826872349 1
0.017167117446660995 0.0093552349135279655 -0.015173975378274918 1
0.017174884676933289 -0.0098555004224181175 -0.017830459401011467 1
0.017210051417350769 0.010823815129697323 -0.0022657995577901602 1
0.017386788502335548 -0.0036480918060988188 0.070397526025772095 1
0.017763173162595524 0.0059405720996143253 0.069310663186588822 1
0.018341457471251488 0.0024405613075941801 0.069891750812530518 1
0.018316702683829452 0.0098090367202123725 0.022091200742915856 1
0.018453797325491905 0.010270041413605213 0.018066145479679108 1
0.018748127927593068 0.0094571591161029343 0.066763265415171455 1
0.01876990869641304 -0.0011336536845192313 -0.020103681832551956 1
0.019116871058940887 0.010442065075039864 -0.012387914583086967 1
0.01966925710439682 -0.0066231042146682739 0.069613553583621979 1
0.019786698743700981 0.0046018445864319801 -0.018133198842406273 1
0.019816331565380096 -0.010179992765188217 0.013576406985521317 1
0.019757855277114759 -0.010016449356058943 0.022241558505435605 1
0.02017761766910553 0.0098095471039414406 0.0094885118305683136 1
0.02019365131855011 -0.010057021863758564 -0.011889856308698654 1
0.020532792434096336 -0.010208504274487495 0.064714483916759491 1
0.020728986975655613 0.0097243404998280849 0.040605362995465494 1
0.020766233894470253 -0.01005878343761101 0.03363807562733577 1
0.020822817331812224 -0.01001199680069146 -0.0026750509222032808 1
0.020873924488473493 0.0097676431643194898 -0.001770475505349655 1
0.020868411287665367 -0.0091279111802577972 0.013576406985521317 1
0.020877990871667862 0.0098095471039414406 0.018091348931193352 1
0.02120780386030674 -0.0092425467446446419 0.065854765474796295 1
0.021277554333209991 -0.0097708497196435928 0.014628487639129162 1
0.021279381588101387 0.0097931083291769028 0.05395001545548439 1
0.021563616679617776 -0.0090981108359362694 0.0014910401839631961 1
0.02153044193983078 0.0025151465088129044 0.069332465529441833 1
0.021607106551527977 -0.0094412975013256073 0.020940974354743958 1
0.022410515462591644 0.0083244029015287994 0.04688848572490055 1
0.022369842976331711 0.0094052702188491821 0.063341349363327026 1
0.023081317543983459 -0.0075219320133328438 -0.012008591555058956 1
0.023215318098664284 -0.0031366178300231695 -0.017349027097225189 1
0.023136928914093725 -0.0047698515468321155 0.068142374594502703 1
0.023525575515319985 -0.0075172903287190991 0.03287110154394253 1
0.023616265505552292 0.0084691904485225677 0.049777727574110031 1
0.02365383692085743 0.0071795783005654812 -0.012029165402054787 1
0.023811999708414078 0.0012578258756548166 -0.015984969213604927 1
0.023814238607883453 0.0061914599500596523 -0.0065962369553744793 1
0.023912921547889709 0.0037676179781556129 0.066955193877220154 1
0.024325249716639519 -0.0056710736826062202 0.03146178275346756 1
0.024500597268342972 -0.0065478081814944744 0.063024215400218964 1
0.024502664804458618 -0.0046546757221221924 -0.010778866708278656 1
0.024442916650923786 -0.0064570946027211742 0.036958382290656754 1
0.024550694972276688 -0.0064977090805768967 -0.0074652140028774738 1
0.024627177516273923 -0.0053686609387823712 -0.0059730971920092177 1
0.024550694972276688 -0.0054456279613077641 0.013576406985521317 1
0.024550694972276688 -0.0043935468420386314 0.014628487639129162 1
0.024537964372586023 -0.0042283090902422577 0.036187765151852319 1
0.024550018789980095 -0.0040634676571583523 0.049563208928770947 1
0.024550694972276688 0.0050751823000609875 -0.0053610517643392086 1
0.024550694972276688 0.0061272634193301201 -0.0053610517643392086 1
0.024550694972276688 0.0061272634193301201 0.049347162246704102 1
0.024569258093833923 -0.0042657116428017616 0.065577909350395203 1
0.025041095393445602 0.0012495722088371537 -0.011383855193189206 1
0.025163557380437851 0.0036206550430506468 0.040088847279548645 1
0.025107826294111416 -0.0033597704542901604 0.02891280647052482 1
0.025247037410736084 0.006238770205527544 0.06128118559718132 1
0.025525595992803574 0.0043694181367754936 0.051720462739467621 1
0.025602776557207108 -0.0043935468420386314 0.013576406985521317 1
0.025602776557207108 -0.0043839826248586178 -0.0064226971007883549 1
0.025602776557207108 -0.0033414657227694988 0.014628487639129162 1
0.025602776557207108 -0.002902141772210598 0.04760635644197464 1
0.025602776557207108 -0.0027856493834406137 0.036166373640298843 1
0.025599305762498119 0.0030843716565650855 0.025299320994505256 1
0.025602776557207108 0.0040231016464531422 -0.0053610517643392086 1
0.025609513744711876 -0.003277200972661376 0.063684843480587006 1
0.014517515897750854 0.0098156477324664593 0.0012199311167933047 1
-0.021235496057408931 -0.0057573250187540033 -0.0061564306865547419 1
-0.020202058383708688 -0.0063054081256103938 0.02911919075592696 1
-0.021522845297166932 -0.0062538505517292248 0.034035510987319328 1
-0.0055187148879058618 0.0040012582250616739 0.044597105516387757 1
-0.020989153304312086 0.0046543119365154905 -0.0086749596266978233 1
-0.019920933657929428 0.0050428906305477767 0.0030183427275475377 1
-0.010193131468073267 -0.0057952672452836048 -0.016427811597391668 1
-0.010093257899481069 -0.0037243435932632759 0.039635660187127851 1
-0.011037753362675269 -0.0049179696395309381 0.048176394340632443 1
-0.0056185255247676313 -0.0045674563473224175 0.012626083469774823 1
-0.013808395593306304 0.0030760933640304761 -0.0038751784027935164 1
-0.013832597564696333 0.0042672202965239906 0.013953017977857083 1
-0.013953478040021521 0.0054800493571713809 0.026713188699084782 1
-0.011261227718697803 0.0048074094709128195 0.059993184106011774 1
-0.00039054386251186892 -0.0053671849765161419 -0.016654045664944325 1
-0.00056495072816341438 -0.0041567994730601111 0.0066140717057652466 1
-0.0017714101874487752 -0.0034565890109750468 0.04990392730390307 1
0.00027384996824348333 -0.0046925783464183933 0.058970452304917237 1
-0.00055662397918709492 0.0047938479663629857 -0.016279597455659222 1
-0.0063277813212577862 -0.0036697763763827631 0.04388077320748815 1
0.00058087077946879099 0.005119271357736984 0.058790395839861474 1
0.011865170022517043 -0.0047064293981643806 -0.016704414929981495 1
0.011828674737471385 -0.0025354217397064518 0.008134051201962372 1
0.013623862661017864 -0.0036006459024080506 0.02552268981184885 1
0.010659548445448063 -0.0025532919939247772 0.03617983063615509 1
0.010286760053343804 -0.0023801849356457185 0.04740040284994966 1
0.01420434155906128 -0.0033447452450189757 0.06651108511098057 1
0.010472085369553142 0.0051397095643264225 -0.016211257103635395 1
0.011041058579184991 0.0064335343408052489 -0.0021459491638965403 1
0.01095525291894436 0.0037448563268314187 0.0037409617004114395 1
0.0080382826020129923 0.0036975470205332954 0.045323331104141711 1
-0.006900035899193962 -0.0054273721804166683 0.0076097903226703487 1
0.021819687576545798 -0.0044728404960457657 -0.005616404566604098 1
0.020842551907051834 -0.00464849556384332 0.0083247379757556625 1
0.019942020736821119 -0.004995997308149782 0.014991363939570469 1
0.018944143491873205 -0.0049813635102607026 0.027625419713962977 1
0.019410793286349089 0.0058991416140109169 -0.0036051853828679035 1
0.020326412013070141 0.00336582281732479 0.018211355475973787 1
0.020931512863213885 0.004452919619921553 0.029685911444624302 1
0.0037278461348431505 0.0074021376566765062 0.068625600879645934 1
0.020923379915886046 0.0023417761527785544 0.048229835938700304 1
0.019173888352837856 0.0052465150913122488 0.057966218711461258 1
0.0039311224590664398 0.0040253274852966514 0.053368273631312795 1
-0.00024993203711122687 -0.0091265703303179783 0.02621126052132676 1
0.017329495417348625 0.0016076325775792905 -0.0012540195742330848 1
0.016654515440158869 -0.00039124365603075326 0.012581517181628615 1
0.018199464755396157 -0.0059478311873311408 0.051906584106214723 1
-0.0065566052886958052 -0.0091279111802577972 0.014323128282313819 1
0.024550694972276688 0.0061272634193301201 0.010700744294872513 1
0.00090498341871571763 0.003172382295042481 -0.021644901828373246 1
-0.0066375525128602921 -0.0017733031663383447 0.0021076308095553781 1
-0.0047445742391446152 0.00079941837234577496 0.0084997124334819495 1
-0.00059451947296650098 -0.0091279111802577972 0.019933582083465008 1
-0.0059277218360516545 0.0020849591457443159 -0.030372969549714676 1
-0.0064698063894775516 0.0033321210656563145 0.020288106256957778 1
0.024550694972276688 -0.0064317706588983056 0.026303882548121563 1
-0.0026397825262498486 0.0087562127737640123 0.0097353098108257565 1
-0.00021478766854327903 0.0087602927626328174 0.044090620051162113 1
0.011726319715896442 -0.005131473539583719 0.030638061341045516 1
0.0051106686553116813 0.0013014464275411847 0.014163545134909594 1
0.0047581714619037239 0.0015962989560904192 0.0074256827718241969 1
-0.0070153099225152169 0.0025109732833928475 0.038708085415806302 1
-0.0058820158290103291 -0.00044575537617606013 0.057093877126481805 1
-0.024390585543502163 -0.0011989904534450094 0.05893083323775869 1
-0.013666280156037864 -0.0015243486179413264 0.029228018895666296 1
0.0043349852674923785 0.0031695008287154652 -0.021846484531973021 1
0.020407206059985996 0.00090343051861608268 0.022139180827230001 1
-0.019743152553389692 -0.0012340880820597888 -0.011569531374840852 1
0.016726369051818249 -0.0028581569957976433 0.034367384199901034 1
0.00079402933795290592 0.0038266019003030463 0.02488095014230152 1
0.022601538112081754 -0.0019339319575446684 0.0062225806953662482 1
-0.018387735457618033 -0.0042064906870141012 0.033732270972879258 1
-0.019229138465293002 -0.003812371236635905 0.055293735582253062 1
-0.00026943927366053998 0.0033631809626434119 0.017410100781052221 1
-0.019511849955440665 -0.0016964662293210207 0.0031068174630537147 1
0.018630188969060033 -0.001313342784740728 0.042254997472857846 1
-0.016380735153172767 -0.0066487478527241179 0.043863496167186218 1
0.01018725011694376 -0.0041125340023473525 0.053621837528702587 1
-0.014974285976480636 -0.006104631094364819 0.057758319968535025 1
0.00012349534096680421 -0.0091275515096715196 0.031407273689418931 1
-0.013730178893526434 -0.00099745816857204424 0.0003120577048193424 1
0.012502657653887996 0.0010769406073592753 0.03188662735451378 1
-0.0055295705108905106 0.0025516825262457132 -0.033036017510751241 1
-0.01855410546559606 -0.0080654008816208878 0.049748635624742764 1
0.0040569177293506399 -0.003197119672032457 0.047850697995783689 1
-0.0053343884148482797 0.0023833972914155976 -0.0075187139913077848 1
-0.0195785504382977 0.001759814906508143 0.018685323519765606 1
-0.0036341960770919167 0.0024718647812495345 -0.067343966089286361 1
0.014379685826933046 0.0030543758649130572 0.065493564322197259 1
-0.019689558964399858 0.0036107680731418228 0.011846122054498051 1
0.0057773565443831176 0.0015920301665536664 -0.0019023656897791243 1
-0.023837284857996886 -0.0055503887824300008 0.045820566972975936 1
-0.022156147747018594 0.0097701986597625978 0.011507937339486055 1
-0.0042853370845933767 -0.0045119388708758463 0.036460771154973835 1
0.0031665998955253266 0.0087685098612743477 0.048366107629117777 1
-0.015227535421057103 0.0095831616277338178 0.023426832460649829 1
0.011596574327115982 0.0060897157910005219 0.06292605120320198 1
0.012074756703052794 -0.0025694114313267904 0.019322742843357704 1
-0.0020771998318748243 -0.0091329475901388985 -0.0040229189668032871 1
-0.015699441971764396 -0.00040833149206229564 0.013582496487940797 1
-9.5675639924867363e-05 -0.009126481371719574 0.046068444979547075 1
0.0071866639975797335 0.0054588214707018733 -0.0075366788436069905 1
-0.01989753090419067 0.0087574664503335953 0.039846754564217463 1
0.011978508988291106 -0.0020655248209066244 0.0014081056669593775 1
-0.022611457854509354 0.0073628739919513464 0.053158920258283615 1
0.0062818724294196656 -0.0091229656613244572 0.043039622639761382 1
-3.4918364414529904e-05 -0.0048530744388699532 -0.030607728605931146 1
0.02043674374763501 -0.010013497718043333 0.027831848772150867 1
-0.0083297921442231308 -0.0021511085106870635 0.032932782486727478 1
0.0084450141996876213 0.0017874734232917542 0.058007872435944595 1
0.0010597654491202528 0.0029790614251356535 0.046694637230335678 1
0.0053829606263205432 -0.0058367687808009534 -0.012889735593127762 1
0.014324519924336837 -0.002471142251650767 0.061571146372135739 1
0.025586990972009074 -0.00016364760674532214 0.031828275464392534 1
0.0020462653820309332 -0.00042394804465844242 0.058312499740283068 1
-0.016629580004791474 -0.0019120326443522215 -0.018361950978452099 1
-0.018815778860272355 -0.00056462392563634686 -0.0038594379080295177 1
0.0099711452288688933 0.00076409031365997119 0.063640490230942856 1
0.011376312673012739 0.0087574664503335953 0.03789905050809373 1
0.017510210590164256 0.00071184137883113796 0.029245526965880144 1
-0.0034029931128965562 -0.00039252810446506329 0.033767409273091929 1
0.007363966011372753 -0.0024821013339139538 -0.0080126418404284274 1
-0.0053065050888554226 0.00093632209910836091 0.049379398218018067 1
-0.013714883215644817 0.00155931200202643 0.038033780204938243 1
-0.0080379486490192234 -0.0028083290721428638 0.02517628473366022 1
0.024565410993154489 -0.0054309119469434126 0.0081197905256168348 1
0.025031594708560284 -0.0049620965502795563 -0.0027794092375931076 1
0.0086310698137806331 0.0050329316653839051 0.011459911348235857 1
0.0049265270357737425 -0.00093637302859063778 0.040480869874418256 1
0.011044616965557513 -0.0089856054872904517 -0.018834992326900508 1
0.015217685606330633 -0.0091279111802577972 0.034883100539445877 1
-0.005707996245952137 0.0097990241249315633 0.060408336076098662 1
-0.0016790496540279275 0.0025516825262457132 -0.057456617039789125 1
-0.024871130946284598 -0.00049428411213188125 0.040964727720991689 1
0.016014587620061131 0.0011114853371352745 0.048010520859751098 1
0.00038668595045492765 0.0016954361808843783 0.0029333603203304005 1
-0.01065139191271451 -0.0014582834406128579 0.01895872619267194 1
0.013664706464442136 -0.0027941939702712379 -0.0074462316476307661 1
0.020910081844090749 0.0097185573576112818 0.024326728479649364 1
0.0019689434938560679 -0.00041411226759797303 0.064792148973497499 1
-0.021053561009466648 0.0089187342673540115 -0.0053610519571520854 1
0.008146028834353617 0.0056233045884152739 -0.018186343628487443 1
-0.013255655311174 -0.0098428677803231654 0.0021103744300161264 1
0.00091414666775447477 -0.0091245174601196615 0.037741570383024434 1
0.022584838247840435 -3.1071094779414881e-05 0.042499463881101027 1
0.0099425011544004675 -0.0091273193907037472 0.036196460468487117 1
0.01917847453494264 -0.00075718802360937845 -0.014628992113911594 1
-0.016739965055055938 0.0031361662029068251 -0.01913849636124999 1
-0.017131476323420308 0.0037408342078132889 0.041346883224917023 1
-0.0090333523758108127 -0.00089527570205878313 0.014190112270266784 1
0.0022375109545643597 0.008754402138508921 0.013598620166663525 1
-0.0063237915511816407 -0.0039770044611448551 -0.034052883022947449 1
-0.0054453256718933543 -0.0048539265536654075 -0.023980399610890449 1
-0.0054468981082688517 -0.0048534492766798987 -0.044821752270313632 1
-0.0054475255531875972 -0.004853122382918823 -0.053165457302531298 1
-0.0053003542406287203 -0.0048536560042523116 -0.034687455405122851 1
-0.0054455881274208338 -0.0048538396221563815 -0.027776272160999815 1
-0.0054463987535531781 -0.0048535711235135164 -0.039500290754672845 1
0.024202344782748221 0.0076555042857869094 0.054045435341008641 1
0.025602776557207108 -0.0043868096268777183 -0.00051133953036872591 1
-0.013807391959575636 -0.00023638561480723199 0.023727792356807411 1
0.0098568789094060326 0.0087441415921565308 0.050364378446096821 1
0.0054278197862989968 -0.0044671975842826301 -0.027376780845066624 1
0.0055485821671531236 -0.0043464352034285033 -0.031961804240610341 1
0.0057608546353765475 -0.0041341627352050794 -0.035887675590276238 1
-0.019851520676186587 -0.01012875619463682 0.025976437773474411 1
-0.010979881300633812 0.0016165460146465944 0.011433596663263152 1
-0.012890780724131171 -0.00070604122695948053 0.05519465893950104 1
-0.00065847861326900404 -0.0028156784802350942 0.042262724801039896 1
-0.0042571003290246736 0.0034647649970653551 0.069979553040946968 1
0.022751380054764358 -0.0021149915611046186 0.013058299403511327 1
-0.0063175953608851495 -0.0091279111802577972 -0.0004377182779946474 1
0.018031952432990023 -0.0075601509813980755 0.03719171103941539 1
-0.0055950382356348607 0.0089776328880784833 -0.00019390164445450616 1
-0.024261963869938355 -0.0018670692413935159 0.055119513250470036 1
0.012232701155705024 0.0028720860684877717 0.040079191234453762 1
0.019283878858254139 0.0059450650428917494 -0.0087729324008272002 1
-0.017310846520604464 0.0030851669075575884 0.050979046641941334 1
0.00027404988404204086 -0.001750880358396696 0.013617964915857966 1
0.0063409518206828377 -0.004578295113309397 0.015446940722311613 1
-0.017413519357078921 -0.001331469015350332 0.062560587624967842 1
0.018158960874036741 -0.00027688526627462728 0.0049316980008174277 1
-0.0094997577977586189 -0.0030937936489556848 -0.0091409685480873942 1
0.0048910185236816697 -0.0048530744388699532 -0.034304657236319425 1
0.0049688069184175565 -0.0048530744388699532 -0.036650189855871831 1
0.020433210933283156 0.0048519597430433468 0.042361160239933943 1
-0.00090511928843441287 -0.0041126698318804866 -0.066788088323425934 1
0.016461553170552781 -0.0046396379008069085 0.022315542673115901 1
-0.0013676429124732338 -0.009422458895552278 -0.0054408334340872036 1
0.018007386107048658 -0.0049437165506192281 0.056841756863540253 1
-0.00041193023872499623 0.0042089965559744934 0.011969954525000957 1
-0.018137292458851172 -0.0100073367174089 -0.003382546534183975 1
-0.0031765894229663838 -0.0061289170084138445 -0.011906817693452405 1
-0.0032554457075222401 0.0097042622059233807 0.066212081515125115 1
-0.011179486540416643 0.0027746504136417385 0.051336681472378479 1
0.012712902389466763 0.010316681116819382 0.00094558659475296736 1
-0.012140338295867468 0.0007293106098425476 0.044971532945465457 1
0.0012392905991162684 0.0035381685680589436 -0.0079654060672953511 1
-0.0070677219054439966 -0.0091268302132676525 0.020935807747602488 1
-0.0056202328134003394 0.0087659814737619003 0.031444987227867857 1
-0.0068965778818566876 0.0087569836489537374 0.0092264534524892049 1
-0.010938339435724746 -0.0018404923566564041 0.064476289163674039 1
0.0031109774802228359 -0.0045274196167747844 0.025665229045113383 1
-0.0092722402650087018 -0.00081939562294915873 0.0071659873359508066 1
-0.0090705891819331478 -0.0005915302934395597 0.051701307209619012 1
-0.0021677700331699627 0.0087792990621983879 0.05014527093962081 1
0.024550694972276688 0.0047586777353588747 0.022697780936415484 1
-0.0032841216569296479 0.001049094538610364 -0.042565210979949385 1
0.0074430612999416002 -0.0091279111802577972 0.019670296372670877 1
-0.0026381538018729633 -0.0058797677213225609 -0.0073860281202645078 1
-0.021498869124787223 0.00068704994428805987 0.0076244610121501879 1
-0.009808660950511694 0.0094649759121239185 0.022381196264177561 1
0.020640728271694424 0.0098019122320214189 0.029577451648137423 1
-0.018319429372434259 -0.0052768946778503764 0.022501130397047923 1
-0.00034837345108152469 -0.0048530744388699532 -0.051415215991401697 1
0.0043619500405915855 0.0021364353075557989 -0.016108193426398156 1
0.00028784033008798877 -0.00076519078471631679 -0.012666261833081878 1
0.01996807474642992 0.010131906718015671 -0.0070525125483982265 1
-0.0032397808214523274 -0.0018708739577385223 -0.04763398138078067 1
0.018813152424490852 -0.0057290686878970955 0.064262874790429844 1
0.024550694972276688 0.0061272634193301201 0.025021072253336624 1
0.0077707608170360714 -0.0098441020210581764 0.0023470646176978276 1
0.024550694972276688 0.0061272634193301201 0.016895498364729217 1
0.024607079392958288 0.0060707319300909801 0.037060188886990253 1
0.022862586819083281 -0.00080539274886560293 0.05057015035599096 1
0.0058401813422929456 0.0087574664503335953 0.041738153833706673 1
0.012992736223435579 0.0023312286568904473 0.069880219357057183 1
0.0054486967412644399 -0.0054135384336464676 0.037772004155239673 1
-0.02004873193419868 -0.0012880608370997649 0.023921312684540532 1
0.020223848782120437 0.0048557561047046244 0.023592336954113363 1
0.022016697664943699 -0.00042180095853731528 0.00066333474894526606 1
0.0013329222872062079 -0.002036240646737597 0.035565419933911956 1
-0.024861811051782156 0.0011796445907465542 0.032216797533809786 1
0.024440821589525749 0.0062374233869163373 0.042610848830486804 1
0.024550694972276688 0.0061272634193301201 0.028334515873471612 1
-0.0057348081322206928 0.0087919252272017166 0.04720968356374608 1
0.024550694972276688 0.0061272634193301201 0.0045059902250158077 1
0.015790629681528476 -0.0032517440848180141 -0.0027991514750330066 1
-0.0021866469258581584 0.0099623453719824267 -0.016059144224797067 1
0.021483630687751831 -0.0092560346963083857 0.0037527832238788781 1
0.021407834239326715 -0.0094233195095626814 0.0074528245900961441 1
-0.01566839581255627 0.0056180776349920424 0.055534912063957588 1
0.024539425584306516 -0.0064571757460913891 0.052366625949811521 1
0.00014853775045023995 -0.0048530744388699532 -0.044761290875459804 1
0.0023132605731911639 0.0094446328622246941 -0.0086422321113466781 1
0.012287896126508713 -0.0096347453072667122 0.0014299290487542748 1
0.004546762977766676 -0.0096569502645065409 -0.00097505561576028202 1
0.0027230963522927548 -0.0091279111802577972 0.0026576794953867538 1
0.0053906547256612489 -0.0038908874012191222 0.0027669030843950563 1
0.0056647520233790221 -0.004225897075460199 0.0093572314638522818 1
0.0039506252977409726 -0.004562168232299056 0.054353121278627486 1
-0.0013898739159752922 0.0013092982496543525 -0.030913328908202583 1
0.017893427712655369 -0.0062419844620458225 0.0025019824240445831 1
0.01666676250588239 -0.0047981763625773279 0.0088988468203519879 1
0.020190968039571124 0.0035110867326556233 0.012066084865945619 1
0.013429986825008176 0.0016318803651713619 0.052154631534611549 1
0.0040956336353890404 0.0010954547590321479 -0.027673266737467644 1
0.0041050689713410431 0.0010560870170253926 -0.025232585083747684 1
0.0060077444087459205 -0.0012246429879576937 -0.017077793020572992 1
-0.0064125332324795796 -0.0021892136248452569 -0.065316798438067827 1
-0.021588655327940409 -0.010030886346271512 0.0081430529067961985 1
-0.022748926205042347 -0.0094348096492310445 -0.0061500026893432829 1
-0.015595418944386936 -0.0040670025324948764 -0.022575164836721322 1
0.024550694972276688 0.0048914025474715364 0.010931431525899576 1
-0.0069954057577340228 0.003437503653526546 0.00011668753662944362 1
-0.004770214004511694 -0.009863549984709185 0.067534393329613598 1
-0.0045497863606208224 0.0048749155683675141 0.059525707434392984 1
-0.022947830306002295 -0.0084866262355692852 0.033982643216094573 1
0.0014581556147893464 -0.0048486084904294331 0.066823293247984014 1
0.017801898218600769 -0.0068683123487574211 -0.0082910375069694623 1
-0.0057434040469119402 0.0029811238526986118 0.0042066749103990544 1
0.020989136543049371 -0.0036016669461833672 0.0026398277208656267 1
-0.0080309143842077178 0.0034399739881326853 0.066021128421664008 1
-0.017802169593858989 0.0096616585447111148 0.0226173726112322 1
-0.018616178318984721 0.0039878916306178153 -0.014801555937083332 1
0.005830671376822384 0.0046442256163118055 0.06354751675248671 1
0.02453405484047072 -0.0065826559122605594 0.030382207443787758 1
-0.024494931484491635 -0.0067812609373330713 0.017621449016812618 1
-0.024316201242443502 -0.0069926156330052183 0.021138373231568985 1
-0.018832643451367741 -0.0060004862628052023 0.0068713560734115125 1
0.0056773495952678957 0.00875902373315488 0.027134003288253852 1
-0.0011550646434911147 -0.0026940806151360833 0.029362242050791097 1
-0.018231062461395803 0.0035270246441566674 0.060833678476208276 1
-0.0021807853790026129 0.0025516825262457132 -0.051816871102884632 1
-0.0059426272768876237 -0.0091277486873754428 0.031088089343892612 1
-0.021784099750220776 -0.010022180620580912 -0.0060946853482164443 1
-0.0019017807157479122 0.0017564911747739705 0.055597101320364765 1
-0.0092656170018017292 0.0089396610856056213 0.021918051410466433 1
0.0059356352312731038 -0.0039406332843965651 -0.044943211376341878 1
-0.021255768032213886 0.0087230536355747592 0.042262769131878708 1
-0.014330927874913597 0.0098095471039414406 0.047111748590116374 1
-0.0038484723807830591 0.0057594254875830168 -0.011352765465989696 1
-0.0021706537652451605 0.0011440729144914785 -0.002089066041616901 1
-0.023235114663864617 0.0084807843830068778 0.027690000160321238 1
-0.017907185161470641 0.0097745783195348317 0.0088744763738895904 1
-0.02384503185749054 -0.0054722856148609819 0.032458932525997762 1
0.0084212699963230279 -0.0091279111802577972 0.025692612656289349 1
-0.014790851116926334 -0.0041283671446035765 -0.0037159307469820401 1
0.024785249027735951 -0.0039729627758309854 0.020752024277661263 1
0.025390109469715264 -0.0030862074447486586 0.022051541982844074 1
0.024571409698454467 -0.0064317706588983056 0.057652176745332753 1
-0.0043902389777395554 0.0039770930543351788 0.063374205082638954 1
-0.006425084667418068 0.0048266748463212019 0.054314346446640599 1
-0.0063737239688634872 0.0022747864996795139 -0.057921329624637051 1
-0.00019739064616755737 0.0096765072433411571 -0.017299492176361595 1
0.0030786303021346504 -0.00098722193667844936 -0.052331617886472191 1
0.02083922334898133 -0.0004824078527582282 0.05541638670348064 1
-0.019815187540350634 -0.0058689941328878472 -0.015822148632785308 1
0.0050419103096364304 -0.0048531070609451965 -0.045240264632412694 1
-0.0048166410588646423 -0.001134371097145718 -0.012312318717597324 1
-0.022266911342740059 -0.0091279111802577972 0.022178775532709145 1
0.02552949635706725 0.0015159981324764944 0.057511573124276447 1
0.021363931694159954 0.0039809508912576948 0.038558843106671063 1
-0.005695991126945717 0.0039300331541068309 -0.016668047082348283 1
-0.013858309325702761 0.0048318264790236038 0.064565736839457766 1
-0.0063736780077785693 -0.0039276330373850992 -0.045459067565354276 1
-0.0058229474374439823 0.0025516825262457132 -0.040493479067888395 1
-0.0019796822473040492 -0.0023667944708585017 0.021361546003485766 1
-0.0063737239688634872 -0.0039274799637496471 -0.02900569382906925 1
-0.0063737096872520478 -0.0038204088501289282 -0.04102399946797048 1
-0.0063736275427313726 -0.0039271453119833471 -0.035638732012053601 1
0.0068890619147301303 0.0051443952251333611 0.069500121364452411 1
0.0073421575639761308 -0.0046929957884461852 0.064846174774499152 1
-0.0153352809719142 0.0026886403692096801 -0.0096870927928044814 1
-0.020622246569428137 0.0014644101830544394 0.037221965587679699 1
-0.00593957480444509 0.0020602369353150936 -0.036867247594836297 1
-0.0063734824304927497 0.0016411250903320576 -0.03984332994433594 1
0.0016066571052221002 -0.0091588652794266888 -0.0071827897136209646 1
0.020954963483116325 0.0097937451590719687 0.047077433937005926 1
-0.0087958071380853653 0.0087643144652247429 0.03610297292470932 1
0.0061896179588212322 -0.0091273543319675965 0.031726458034945254 1
-0.020169218234152277 0.0050363392103733896 0.055879659986102136 1
0.0065901847441625343 -0.0091279111802577972 0.0070319919124980385 1
0.012670603185667198 0.0098080439219409288 0.030506152552788126 1
-0.0060339205428771355 0.0025516825262457132 -0.05713473267780337 1
0.020337351745490194 0.0016336416213358405 0.061994833642834021 1
-0.0062684949511577119 -0.0056478391364301337 0.064668846819984624 1
-0.00097810941088954766 0.0087636911492522881 0.029132744944315298 1
0.010370441941895832 -0.0066018984251514836 0.00022895786629736193 1
0.0050992003746152866 -0.0029979966523985112 0.020772791743475523 1
0.024550694972276688 -0.0064669136536896574 -0.0053075228855646661 1
0.024550694972276688 -0.0056060084816049374 -0.0044196032069553958 1
0.0077836929354935993 -0.0060708697858310994 0.00026027828068444787 1
0.024550694972276688 -0.0064977090805768967 0.0034613680866454229 1
0.015752805923290168 0.0025672028523162087 0.055403690174649599 1
-0.014351376798003912 0.0093116485513746738 0.051667947322130203 1
-0.025600575841963291 0.00090632680803537369 0.0072428752901032567 1
-0.00051821651868522167 -0.0088046304881572723 -0.018958806060254574 1
0.0089050644818496859 -0.0061876509478534861 -0.0027476384794786531 1
-0.0005215311206843541 0.0051295412189925511 0.052618599808290707 1
0.017840517717448958 -0.0042957573034635406 0.0061140478800512377 1
-0.010859223073124473 0.009692905138765931 -0.012920161055696487 1
0.017592237989025771 -0.0046014511378957568 -0.016697493535920642 1
0.024654506719416255 -0.0053418162601162594 0.0021047209543141885 1
0.019961322467294953 -0.0031704974792527529 0.047070734518489137 1
0.0089229268487542868 -0.01002411637455225 0.067420497536659241 1
-0.0014013175650442681 0.0050446091680980409 0.0071085649198550302 1
0.015683208638699521 -0.010169560244779368 0.052848734782803643 1
0.015802642455473456 0.0098314460868255127 0.053684681138352765 1
0.01239057949695738 0.0091912498878652313 0.035961664050367909 1
0.018007882658254894 -0.0038259574965162991 0.0036150658529261392 1
-0.016219908872725633 0.0063853820562997108 0.0065053395968682143 1
0.0013276825250066095 0.0023159912266570346 0.070087088516374005 1
0.0079947348792979763 -0.0041659301188538556 0.026529678614257257 1
-0.012031910000432916 -0.005658178412071317 0.021865671249989598 1
-0.016209214939251412 0.0048876002485651856 0.034131571182273855 1
0.015303427802484061 0.0080141915626877648 0.052412669536196436 1
0.017524240573931014 -0.0012329547909696167 0.037990102420824894 1
-0.016332858976721841 -0.010179992765188217 0.045219517856217438 1
-0.024821363389492035 -0.0068127340637147427 0.0086027667857706547 1
0.010763359841346583 -0.0062509407208604468 0.0038490161587178056 1
0.010385502702463101 -0.0076125793280657017 -0.0023275901326600969 1
-0.0018005447198094803 -0.0091279111802577972 0.0027741508526639633 1
-0.0034448399312985308 6.0314203789596986e-05 0.066138159514907965 1
0.002088420886328538 -0.0091279111802577972 0.0076743703246476263 1
0.012587329001377785 -0.0075921922313217927 -0.00057171354975895999 1
-0.0043104378597631308 -0.0059814627793058446 0.0027088575899277593 1
-0.025414268120718994 0.0026330782782550666 0.0029469279279846074 1
0.02450744147015857 -0.0064825808332844726 0.047081075154290296 1
0.014543095499035461 -0.0060794160942176404 0.034662661544103066 1
-0.0058000675053302472 0.0016681389847929017 0.01285686446916545 1
0.0030933879571423345 -0.0016162138220666535 -0.010308010780678991 1
0.0064441454985718315 -0.0023451975761438286 0.032573538042374776 1
0.00048182002922268893 0.0092170653446644636 -0.017939971048458916 1
0.013417073496630426 0.00033746697761247228 0.043752139562963747 1
-0.013561573082137932 0.0096417616297179605 0.063243677751081639 1
-0.0063593642163224003 0.0089476455229576309 0.0182893058985646 1
0.013168140702864152 0.0033105435954093021 0.058691392377031533 1
-0.00028507837659105112 0.0084793281156382069 0.067493292936712565 1
-0.015063700487158112 -0.0069395631721823267 0.0011199197439136081 1
0.011720608534872407 0.0072574283615107951 0.068760745497249962 1
-0.0099677068353451956 0.00323050618308517 0.0071637924344709709 1
0.017072926959511747 0.0098017923996518153 0.035138306305641964 1
0.0012295598754775215 0.003722038152434748 0.039846592859744373 1
0.018578762971127746 0.0098449030213557144 0.057096886412900824 1
0.0071993260284174869 0.010171244712267482 -0.016403630428116815 1
0.0030074762264587643 0.0087548466825010419 0.052043090724402469 1
-0.022849036160568353 -0.006061662704107555 0.012015539566403584 1
-0.0040126211035674949 -0.0091279111802577972 0.051130656914428751 1
-0.015036198972196307 -0.0075187538413703358 0.048372506749183107 1
-0.010267104181804444 -0.0091279111802577972 0.015587836586969155 1
0.014038299759931724 0.0011122165132009944 0.036476684888816412 1
0.011107106566578581 0.0040333157641279675 0.050155828085114089 1
0.0097108835597284147 0.0062478130137195121 0.036945396814805492 1
0.016155698830790762 0.0039809899188633733 0.030372125989232304 1
-0.013752282837726589 0.0096867352208182822 0.031763643253771255 1
0.013519598599481561 0.0041211472341332704 0.043187377921787333 1
-0.0057309583674277371 -0.0015692750951449134 -0.065412789878258687 1
-0.0021702579067540838 -0.00014270481478473044 0.03784171219478373 1
-0.010896840423248157 -0.0091279111802577972 0.019155148119289468 1
-0.018578379498340236 -0.0044141319817416107 0.016621148193315533 1
0.010216559751628216 -0.0095052893480131392 -0.00062880852066897822 1
0.015170361157020132 -0.01015600042281728 0.062757695973333791 1
0.015185534154895458 -0.0099926250448524809 -0.014835511341601115 1
0.011722583090016715 -0.0093664761488661506 -0.0015666951548827311 1
0.0041342862253251293 0.0017718502704187093 -0.018532175412667343 1
0.019321214519374876 -0.0028959270994356168 -0.009091688451688805 1
-0.018277889236066432 -0.0046437262756426094 -0.0040083697908022652 1
0.025602776557207108 0.0038581892448631126 0.0010234122778996369 1
-0.003877098003873051 0.0035750553011038603 -0.019893879241180891 1
0.018892136283899005 -0.010118950425642906 -0.00089816128935045546 1
0.013657534093096469 0.0098554038890571408 0.054471865862973187 1
0.0018193219480914316 -0.0054706652740862576 0.017249366705261251 1
0.016784848451040803 -0.00067458587456502631 0.020560264219350931 1
0.025327484271499893 0.0034793361926674258 0.034411917586268742 1
0.024665833459693629 0.0045437381369595195 0.027639402609667438 1
0.0081296571477550775 -0.0046246687270849619 -0.015550574638613797 1
0.00019442532736550734 -0.0091219513959970647 -0.010783975780623092 1
-0.024807062931358814 0.0039901490090414882 0.051199803128838539 1
0.016260608185016862 -0.010098966609823097 -0.011721812357555596 1
0.018163461238145828 0.010632940102368593 -0.0073268570704385638 1
-0.02057239696365645 -0.0094500914971313802 0.02559741175076756 1
-0.018421118892640826 -0.0082448562907533694 0.0028983476677747534 1
0.014654429891704561 -0.0066325518120294675 0.069659938731423066 1
0.010901669188249065 -0.0065289707739671996 0.069766786474464826 1
0.0024817712044331941 -0.0048122699494899494 -0.051226260382587242 1
0.020679766268503423 -0.010070542246392413 -0.00016347748348313762 1
-0.017295204228624517 -0.0029718956415892713 -0.0070068097941138555 1
-0.021748719339661115 0.0042702205985104026 0.016962981848352484 1
-0.0024775397527167209 0.0033237746034832085 0.035104301688590793 1
-0.022748719195901389 -0.0031795358665586198 0.014638343799077922 1
0.011070873324902844 -0.0060039513146932172 -0.0087019557784274466 1
0.012535606246535344 -0.0069857199843465665 0.016606090873580278 1
-0.016909733085420802 -0.0042571403614541578 0.0015630539684283321 1
0.0097529755010261725 0.0064145684578345548 0.047340622703219509 1
-0.0046944064514975624 0.0062809482673758226 0.027951875525287818 1
-0.010167978936806321 -0.0096539519727230072 -0.0085172951221466064 1
0.0020797686937117851 0.0025536903001301108 -0.029629413204886747 1
-0.014361918990022496 0.0096176701113271593 -0.0033605143404290688 1
-0.0061347503053437932 -0.0048664483220833389 0.053720748905474791 1
0.016978475870271958 0.000197749819250864 0.058652974118272805 1
0.024550694972276688 -0.0064977090805768967 0.0086246514007313722 1
0.010074141352311975 0.0069932066012888998 0.057756087651768373 1
-0.0071469878650059987 -0.0091279111802577972 0.0097754751861012634 1
0.0065237352181843579 0.0086439084621738656 -0.014426778359209953 1
0.013866316451009076 -0.0055526846038325538 0.017239242538499341 1
-0.02483556792140007 -0.00029242236632853746 0.053349707275629044 1
0.015617741420898125 0.0052436219752831845 0.0040472390637923562 1
0.0086743119940695685 -0.0091227571969307985 0.057134250421605665 1
0.0074620467940782198 0.0027532938235757397 0.036105050163661445 1
0.013175654528393121 -0.0081718954420069122 -0.0023566716039661898 1
-0.024340995587408543 0.0057746940292418003 0.04251318983733654 1
-0.024981954906655942 -0.0070502516149863565 -0.0025878483323102689 1
0.020872826850544528 0.0098127331282133589 0.013043797014530324 1
0.0053504747338593006 -0.0038909402144910246 -0.033350528147312916 1
0.0053504747338593006 -0.0020003519599392857 -0.028679061217809224 1
0.022001701165830775 0.0018613064884811339 -0.0063046208041781333 1
-0.007450431474006829 0.0093502357353517952 -0.0031604376577288652 1
0.015371511899462174 0.0076311636518926629 0.020775651069966244 1
-0.019528543097229272 -0.0054394963990853466 0.0032046594980529651 1
0.0053504747338593006 -0.0026064707737150478 -0.031725928985445462 1
0.017420767572561054 -0.0062197415075068993 0.011101974368790579 1
0.015369788207585687 -0.0067910269234276004 0.010702534505321418 1
0.011956611976067443 -0.0081240820724469039 0.0057466730422664879 1
-0.0017838033304278115 -0.0048530744388699532 -0.048273540885248052 1
-0.024741567327893906 0.0039755364179561679 0.021105455956631325 1
-0.0086913060805911616 -0.0059378753484245058 0.058936153667542623 1
0.0096569363959133625 0.0098095471039414406 0.05294652096927166 1
-0.002904860305322195 -0.0095252514897263951 -0.01373151413329938 1
0.0054138440243232571 -0.0018722785999472108 -0.012646973170860163 1
-0.02477374815643419 0.0057479457042468318 0.03182738380811885 1
-0.0094296073207705451 0.0037968643076356063 0.02536964026191325 1
-0.0028175822929685699 0.0054920006963200601 0.0014670659802585742 1
0.0082799464731196128 -0.0020192797117601097 -0.016380039572954124 1
-0.010936503337100962 -0.010216084731258235 0.05852375642967559 1
0.0065578983190255503 0.0087574664503335953 0.033170984159537495 1
0.024644866849991471 -0.0051047401963959915 0.023687458620419523 1
-0.0056447108917743322 -0.0091279111802577972 0.040565938409754046 1
-0.02384503185749054 -0.0068357365418743867 0.023229025913798839 1
0.01241042394950227 -0.0081056917290937957 0.0080706994463138598 1
0.0032753630853479018 0.0018255840930388333 -0.025404515691452419 1
0.014684761754434781 -0.010143528694953299 -0.0010355148264369024 1
-0.0016310507189581263 -0.0012680632997694888 -0.039995030811513392 1
0.00065262279904456798 0.0019346193876117468 -0.024651174125163593 1
-0.016662254833542247 0.0035265717638787771 0.027277060577133243 1
-0.021056922778673447 -0.0040227041816505065 0.03568249335125314 1
-0.0066804839282171239 0.0015277591763332597 0.061852282286395263 1
0.0030987416874766016 0.00084055206778933529 -0.047659519991272707 1
0.020867662829421197 0.0098159191524852772 0.0079962450978672984 1
-0.024163740687072277 0.0047804988571442664 0.018979580141603947 1
0.0065659665129452066 -0.0091279111802577972 0.012604311437460148 1
-0.017308503111889993 0.0020536779151975044 0.00031143359705067708 1
-0.015202172440726323 -0.010206737365933426 0.053957624271726901 1
-0.0093381643249116023 0.0093783849748407238 -0.0007879705649714258 1
0.01308722401771625 0.0098087955129411847 0.036770414507600005 1
0.0015862392238726623 -0.0048100438952281555 -0.058796650134842955 1
-0.024139082100523287 0.00796220830351573 0.016586224201255346 1
0.0055100633689901899 -0.001437610251135416 0.070908926096914321 1
-0.0089557411070895661 0.0094824171732133533 0.060378597900031375 1
0.0075705867796311424 0.0065043786317453009 -0.011956890757339876 1
0.011955655787417339 0.0064198264005014367 0.056345095504488747 1
-0.019587006301633382 -0.010179992765188217 0.038507638034883461 1
-0.0071988947259281821 -0.0091279111802577972 -0.0047202173898434896 1
0.015232451362992901 0.009866994411899678 0.056801909201408048 1
-0.0051018872166485553 0.0033796319977224755 0.02524784977138524 1
-0.021007522520172871 -0.0054947344044512982 -0.011910044148869561 1
-0.010574255050442273 0.0042308370094194057 0.047432274816632612 1
-0.01571302051121037 0.0094535627721701026 0.016903954289642389 1
-0.021419255647695604 0.008582530762743559 0.030570993473393281 1
-0.0054472361430382837 -0.0048533480980687766 -0.049245458972984359 1
0.015702633719858704 -0.0048059244191131518 0.01280677947288422 1
-0.021096444515144724 0.0046452888930262129 0.021844229933388526 1
-0.017845307602099524 0.0053834321425342306 0.024019607577243193 1
-0.0026871280085036153 -0.0048530744388699532 -0.057184746314753135 1
0.020308754869848164 -0.0011714422194122102 0.034110456004804411 1
0.0054154194441513436 0.0021782062466366866 -0.033094818239784128 1
0.013454783966788285 -0.0057416832425591108 0.03866457506531587 1
0.01108766754684618 0.0046463173682877983 -0.010974633116451662 1
0.011181776467271068 -0.0046313187956853056 -0.011869179259499365 1
-0.0032975375100169368 -0.0095185946603120637 -0.016599726681352255 1
-0.018299155391378712 -0.010126074791475622 0.0098765432774001911 1
-0.024869875019884996 -0.00030825783158537189 0.036273199336603772 1
0.025602776557207108 -0.0005478106584893166 0.0030726504922899064 1
0.0054288137800518107 0.0021648119075358802 -0.049598566931095614 1
-0.02088654998468897 -0.0054966865473982914 -0.00034227089439792984 1
-0.017590311972615524 0.0097738713527794948 0.014071722057621219 1
0.012415754177805981 -0.0063000887399680423 0.019331561660096915 1
-0.015027276670465724 0.0097972595841587708 0.028132847253189385 1
-0.0097414081503254275 -0.0091279111802577972 0.010914797880236677 1
0.011208420425347736 -0.0096188269626684489 0.0083005969034805321 1
-0.01705340602755373 -0.0087526053937566402 0.055837158445359018 1
0.0035231940003516708 0.010387047468787228 -0.014995167667883572 1
0.0050419429317116737 0.0025516825262457132 -0.026478676822243506 1
0.010555894106594325 -0.0054553510416173239 0.022402659723654541 1
0.010906250186751202 -0.010039697677043984 0.063290609210601631 1
0.014381493136471961 0.0098046797479599494 0.046971655789559009 1
0.012885484971085322 0.0080922058039236099 0.049102607826849491 1
0.017294182056560772 -0.0068014249737046121 0.014150926159814236 1
-0.018356098019023586 -0.0080742300884256088 0.057196084956247471 1
-0.0091539215499669337 0.0044589813354036422 -0.010987102520127605 1
-0.00033032924503392769 -0.00043818475567931588 0.070882114141863933 1
-0.0034632776890245543 -0.0033663362456074117 -0.042461308973914584 1
-0.021920444971321507 0.00415179523230025 0.029412625840695119 1
0.0096641872930587971 -0.002460546062624018 0.041504956748409337 1
0.0054453077445234472 0.0020808872719709137 -0.044334620441386863 1
0.0089188912369651992 0.0087574664503335953 0.039504821901992462 1
0.0054662082202741723 0.0021274174705138587 -0.046350678184485822 1
-0.015412189709056074 0.0094457892158038362 -0.00051719065827883839 1
-0.006096631170781369 -0.0055342315739183032 0.048705722929710142 1
-0.0023469179973303941 -0.00485318254116453 -0.032696700387172831 1
0.012958334293216467 -0.010144449304789305 0.00050237751565873623 1
0.001534063488709804 0.0025516825262457132 -0.044850835346984697 1
-0.0016871575475708787 -0.00088724573997836552 -0.066643021617780837 1
-0.0041266467707531751 -0.0026241323108049316 -0.037396006711810911 1
0.0014240482123568654 0.0089511009864509106 -0.0027515679830685258 1
0.016874732610475573 -0.0059477549432390706 -0.001016642763457044 1
0.0050419429317116737 0.0025516825262457132 -0.037564990448131094 1
-0.0024526768042925037 -0.0048532729065233812 -0.029564302929892566 1
-0.014855282506082087 -0.010144695045764339 -0.0030328684584056765 1
0.011532304910365479 0.0060801583007184358 0.04304940510215137 1
-0.019746048331902903 0.0087187667665295995 0.022763210237509882 1
0.024550694972276688 0.0061272634193301201 -0.00042753076966170044 1
0.016002373084948767 0.0046552896257306096 0.061238944144758382 1
0.0054310086746810534 0.0021626170145757724 -0.037729709036363038 1
0.0032228716265052209 -0.010179571002085799 0.061300457743686532 1
0.0054331598414316205 0.0020942309378599163 -0.041103036414078212 1
-0.0050375952437381926 -0.0022395557882406245 -0.016659318016284088 1
0.01415897176858695 0.010002077965902327 0.014785412107578683 1
0.0053903883251674393 0.0022032371170559255 -0.026561783068771137 1
-0.015271865787849231 -0.010159390734638816 -0.00093936750176633376 1
-0.0063734047079681807 -0.00045565267945128231 -0.040343443307633731 1
0.021442330442368984 -0.0096060736104846001 0.01778473099693656 1
-0.016235318340803745 -0.0071267708739385146 -0.0032502585364188861 1
-0.0091805757043652413 -0.0091279111802577972 -0.0063039443241447099 1
-0.0060160203602071692 0.0025516825262457132 -0.052341058887176675 1
0.014547576145522566 -0.010104638424175406 0.0082234814720995759 1
0.005043432740803956 0.0025501926485169556 -0.047462373677428053 1
0.025602776557207108 2.0711265915865796e-05 0.019082997069135098 1
-0.014461813603467731 0.0064501403312526859 0.037979036881058185 1
0.0060260705649852753 -0.0039331899024546146 -0.056182604283094406 1
0.0040745770965144017 0.0064959253041870961 0.057589380877544637 1
-0.021228897315819308 -0.0098457158206091498 0.060800602354070088 1
-0.018430895028248795 0.00036635022211388874 0.045596808693301127 1
0.0050442116728974373 0.002549413786245239 -0.042221208280333843 1
0.01709290483863633 0.002049024547491602 0.039146785089537416 1
-0.020761357439578271 -0.0032671697700383103 0.029630020860321807 1
0.021389276895477646 -0.0059788312325897925 0.018874214933439697 1
0.0069790467251258865 0.0097021971906045418 -0.00023002626292567292 1
0.025440437456276537 0.0012751277494484105 0.062325542015846842 1
0.0058740226688665824 -0.0046861416829662057 -0.055365602229186114 1
-0.0063787512185454988 0.0072659224051763015 0.057474290373761776 1
-0.015803155822099766 -0.0066188314907503921 0.014607899607318299 1
-0.011861262183352459 -0.0037662328535009492 -0.022697646482326937 1
-0.0083006648349401475 -0.00031572752929126622 -0.014986568413203484 1
-0.0021095756324380978 0.0025516825262457132 -0.035471496054890958 1
0.014623123298145104 -0.010143077832152032 -0.0041281031737435041 1
-0.00041619975301724889 -0.0063187838270074605 0.063689079800253443 1
-0.014076670614401826 -0.0065457376955268317 0.063802236103892185 1
0.024624924332971164 0.0050647647216537882 0.034605535323815058 1
-0.001907041519847455 0.0098095471039414406 0.06050793397851735 1
0.014886069570360467 0.0098162021992228912 0.051481716452880653 1
-0.0063737235353379029 -0.00055354128075607578 -0.049890759395579867 1
0.024822792838373992 0.0043051927670992984 0.032508574038145929 1
-0.015000534703122915 -0.01062121608310348 -0.011413946223467135 1
-0.0080095600221619691 0.006379736722957669 -0.017331336059679653 1
-0.012868477457816928 -0.0043686182997443677 0.025550550159048366 1
-5.6604896524310548e-05 0.0025513599562053042 -0.063802561262093618 1
-0.0036022246349602938 -0.01022827997803688 0.06602979451417923 1
-0.01339543630221772 -0.00085938194301292848 0.050155982192856212 1
-0.0069179333189007845 -0.0047436574884839018 -0.01381238511278724 1
-0.012307720933812934 -0.0068248319348800154 0.0540842784898301 1
-0.021388131592494319 -0.0016830634777088428 0.050527642093950019 1
0.014027174133802268 -0.006592159225543761 0.020920887324820739 1
0.017772933660763195 -0.0070642481409982213 -0.0037473809005479706 1
0.0068305402039413963 0.0087520101536570204 0.049677085264156123 1
0.024655318076435555 0.0052561518962276387 0.039812329311380297 1
0.013600524713644728 0.0080125829953428315 0.044974581497761276 1
0.0016614657000326766 0.0032618263555204779 0.031775483952964027 1
-0.012668522822946539 0.0096714971787826877 0.02606365310893316 1
-0.01459028806405769 -0.0066598342350694933 -0.017624969203492474 1
-0.0092857094173963203 0.0045500003946198552 0.022380626353090356 1
0.013168198455501445 -0.00082773103285091563 0.056197477397160009 1
-0.010485314933404944 -0.0043329492853539436 0.0082962754260860853 1
-0.021046020815904409 0.0037779343594565745 0.033097855584985729 1
0.025407305424065111 0.0049829123142340935 0.056158360497816841 1
-0.010992595055236747 -0.0054912732601544983 0.030109966603451964 1
-0.0058058017334978781 -0.003728083745985713 -0.0043774765510149636 1
0.0026147925527766347 0.008743759710341692 0.055435691028833389 1
0.023180506494054204 -0.0012626656105351167 0.060205606303972703 1
0.024550694972276688 -0.0052757795251133742 0.019718559589847483 1
-0.02304673502303152 0.008467808046731114 0.031578316215599943 1
-0.0073338187792309243 0.0060834288897101225 0.0024801799834182968 1
0.0054881840172418704 -0.0028335698078296037 -0.015291146074580283 1
-0.01512413103986864 -0.0067316290481393756 0.031739934938158736 1
0.00079808160095441705 0.0025516825262457132 -0.035060106176871574 1
0.022992542756996387 -0.0037813031496209161 0.010544491696637971 1
-0.01149240202673091 -0.0027164364940341071 -0.022933412230303311 1
-0.016815307957798398 -0.0063009348247343852 0.0031219523422906107 1
-0.0066027071972156381 0.0020387236596806349 0.033826055348062475 1
-0.0063734781027917006 -0.00094739771130028386 -0.043166872971606665 1
0.016250916146544867 -0.01014155138750527 0.0096937646801815904 1
-0.0089769958560683202 0.007357836030110876 -0.0031321245732867024 1
0.014867618918918739 -0.010119811986774058 0.0029103030983222292 1
0.012689170719950222 0.0081773439052931843 0.055354070332437881 1
0.002320707765165434 -0.0022222179292356956 -0.059241155110702347 1
0.013426589946181988 -0.010124846499094012 -0.012172151430853286 1
-0.019871476170210567 0.0051453000959891873 0.026112847712312228 1
0.020750058966415772 -0.010116546601981575 0.038952072524209555 1
-0.013031032878523108 0.0020883533536322756 -0.019776438276037433 1
-0.0043821215902528025 0.0087701729606377166 0.024766750799289215 1
0.020843470631670073 0.0098188337567383776 0.0031395672920789064 1
-0.0063737239688634872 0.002256535853213316 -0.051975260598538429 1
-0.016305059304508481 -0.0081609516852435542 -0.0010955464063873155 1
-0.013076278792346121 -0.0018479039011689313 -0.013470959857336809 1
-0.023856443705838264 -0.0054464754736195838 0.025443724955178156 1
0.0026925416939116093 -0.0047714654601099448 -0.054358246856640709 1
0.025602776557207108 7.9138784615629358e-05 -0.0024462897601507222 1
-0.0063733783972904079 -0.0013380127959563186 -0.035612175802909873 1
0.014807349422969728 -0.0095158656672426779 0.050213042582960936 1
-0.0072411319515481984 0.0098066256981984741 0.063324155600484475 1
-0.00010922051319280784 0.0025516825262457132 -0.048356514011453369 1
-0.012275595094602522 -0.0096574061248115867 -0.0011273889904027277 1
-0.0023395092260686014 0.0025516825262457132 -0.041724672735405158 1
-0.019882146234109339 0.0087574664503335953 0.036314566369042629 1
0.017623258142418601 -0.0061303495071549675 0.0044380270613234452 1
0.018220287055587786 -0.0014511996157530683 0.066446615290354158 1
-0.011798849133570512 0.0034447008567092471 -0.015675319075389282 1
-0.019924611271775867 0.0087574664503335953 0.04606417451535956 1
-0.014095747843384743 -0.010179992765188217 0.030164218507707119 1
-0.0033681155872347089 -0.0014782403264333892 -0.04389729878055678 1
0.018610059604854408 0.0041568902006453665 -0.013616290283408201 1
0.0050419429317116737 -0.0048530744388699532 -0.039803370007045619 1
-0.00019307248294353485 0.0012565029901452363 -0.034906676039099693 1
0.024550694972276688 -0.0064977090805768967 0.0014959377351024209 1
0.012695621568467177 0.00067662345873676537 -0.0028210956037369693 1
-0.015431302652750599 0.0098095471039414406 0.043697956199410699 1
0.01201251047046104 0.0072703823592886428 0.0070059158790494623 1
-0.018695948645472527 -0.0066502045374363661 0.066763609647750854 1
0.011116639834952221 0.00043803227301600237 -0.013112219408779088 1
0.016561174821799567 -0.0075645105197054661 0.00072117112765658403 1
-0.006016233914690269 0.0020490092340313586 -0.039764037815362877 1
0.0088819686191034478 0.0087574664503335953 0.043592152912019309 1
-0.011757770859753358 -0.0091395818899624223 -0.000602533761747427 1
0.0069043934997211941 0.0068177706875137967 0.060546594687024127 1
0.016546095080830405 -0.0075163896694044434 0.0049675611033437586 1
0.0044306755345088038 -0.0073342323893590879 0.058997210583094366 1
-0.024883501419613804 -0.0023550504165130923 0.038041288721648824 1
-0.01658719532527073 -0.010155428594391634 0.04812989924618246 1
0.013950785708666778 -0.008999515386614327 0.0049771519040451451 1
-0.0045655125455008709 0.0087637862289007707 0.02867501813709631 1
-0.0063731162030513273 0.0016639248592172386 -0.028996136789297498 1
-0.0018756401921812206 0.008754827051603362 0.014007490949460383 1
-0.011718544203201673 -0.0013394366320590265 -0.017576605350117343 1
0.014158764464630023 -0.0014648774427262598 -0.01717147953598341 1
-0.0025466469432000034 0.0025516825262457132 -0.045032748223476103 1
-0.020425513159971008 -0.0013698276763048443 0.015280065479949572 1
-0.0027961985277453758 -0.0014351743593484971 -0.059972369171273902 1
0.015703937292520925 0.0014619078791518678 0.0083833557332708333 1
-0.010438734027317967 0.0022487659970191224 0.0033480522597079806 1
0.020566230574191418 -0.0048659654525750667 0.038448068078019475 1
-0.0040671955468985031 -0.00064953412199231209 -0.054927883499103866 1
0.013979190632822359 0.0098053151806692905 0.049351913466335454 1
0.024550694972276688 -0.0040411117726538688 0.042635911364202563 1
0.010624162318685799 -0.0091279111802577972 0.029901520976644322 1
-0.019957102907410994 0.0087574664503335953 0.031682188520661146 1
0.010080666410717132 0.0087574664503335953 0.016231525249812973 1
-0.0015759863582373228 -0.0048443825536429131 -0.061787199224008195 1
0.025606641199363987 -0.0031329092036117999 0.055840533317197405 1
-0.018981768867957147 -0.0072832344258930218 -0.002450585311001337 1
0.024857126176357269 0.0048739592311903834 0.044718004763126373 1
0.0027524905502941985 -0.001659994433186757 -0.0623806783016616 1
-0.012469510547816753 -0.0091279111802577972 0.030738374218344688 1
0.016585595898514542 -0.010116833433799041 -0.0089295641911873204 1
0.016275035769408232 -0.0081242523682160759 0.012127106075118667 1
0.020901569849741612 0.0064210713607307946 0.014985155158868424 1
0.0017387102084215999 -0.0048530744388699532 -0.022440815146401227 1
-0.012932729635275263 0.00074552707122958392 0.0068552533716741753 1
-0.011634591208973236 -0.0047128791946791154 0.010837591924905712 1
-0.011512835864625788 0.0027703453337940688 0.032364085515090783 1
0.012457685215017821 -0.008026360229921493 -0.0051137508162395354 1
-0.0081072859813993599 0.0060684770245770289 0.027648408938380577 1
-0.024867207541555109 9.9271389102918023e-05 0.047755185696670879 1
-0.0036050036208438996 0.0011766685460809704 -0.039533181679171796 1
-0.019087954367227693 0.0098095471039414406 0.032974619153025631 1
0.019595072824348768 -0.0034345437534111377 0.032626001114859464 1
0.025564206245357834 0.00078488369264889245 0.044445075960913107 1
0.011011689356948524 -0.0099703534841553108 -0.01632767721775203 1
-0.0057288776916120613 0.0025516825262457132 -0.036705451622035062 1
0.025601434265953901 -0.0027087484621053232 0.041105186977807212 1
-0.0090311787797634595 0.0092528417853614976 0.056269294038151452 1
-0.017222370915842982 0.0097392182633474593 0.0026850462517247881 1
-0.0063734164925370812 -0.0016233049375037622 -0.031176888672223201 1
-0.005460912084600679 0.0087552147133512018 0.014455756454358154 1
-0.021327272433328204 -0.0064425308850445187 0.054406806230540498 1
-0.025849532304635315 -0.0019978511745681665 -0.011545646670912927 1
-0.021689386193708426 -0.0032767132986046901 0.011608242090477013 1
0.00052360510227822637 0.0060246484534915521 -0.014599322229403416 1
0.019355988572764295 -0.0018926377767224652 0.050660565167465359 1
0.0018507252231809469 0.0087569393269565608 0.0051111673763489397 1
-0.012869125670019219 0.0092825063175055386 0.015888217897777585 1
-0.025039055304861862 -0.0069894131872497486 -0.0073694656549814098 1
-0.012899235716658622 0.006586564375289569 -0.0087322701702033378 1
0.0097014335438253812 0.0014216404003612895 -0.020371124486028163 1
-0.01174544956230239 0.0012701848908665812 -0.022736327700902653 1
0.017104957894368254 0.009800100881658079 0.050445640333898499 1
-0.020579524824267774 -0.010180672371238904 0.052172958161166592 1
-0.017373851691544935 0.0073337731395179623 0.030091565731325265 1
-0.019003494193645616 -0.0084272945044705609 0.028883456701993378 1
-0.0019141731334624426 0.0031728191874805713 -0.021324848420632297 1
-0.015185111612738894 0.0098095471039414406 0.04052272007508128 1
-0.0038744221440299778 0.0098223891118655021 0.064721843606011548 1
0.00084566846886404844 0.00011171141708601505 0.052028029815168263 1
-0.0065633124115502131 0.0053114092555850284 0.069585445587127259 1
0.014944933129607823 0.0048131223656216792 0.024469960714819935 1
-0.0016882550428665016 0.0052053735323967371 0.069615517519168071 1
0.020769075007472108 0.0097979389438001916 0.034994910225932055 1
0.019938994031790083 0.00019564490604607055 0.03159576001851315 1
-0.004472884855151976 0.0012194883071832735 -0.031219782980616621 1
0.025465130414353498 0.003360673570923478 0.029645112881631533 1
-0.0052483669847870427 -0.00061981644531745503 0.016778036403044091 1
0.014584218218005899 -0.0080130395595646633 0.0011034049168465595 1
-0.0038755517802312876 0.001705404387010438 -0.030406346958850354 1
0.020541275061112876 -0.010128765475171726 0.0022770234354381903 1
0.020339418459915427 -0.010143029437414512 0.0054232757605806557 1
0.021227684071714246 -0.0092818015860367149 0.003839790248023168 1
0.014870998946772056 0.0036800693064159128 -0.0061439474669983734 1
-0.017048318445822337 -0.010207490858766641 0.052472286013531676 1
-0.011689082253724337 -0.0011106349047622643 -0.021342973224818707 1
0.01383964014607396 0.0080911288402439937 0.051240022558266922 1
0.0060579834960476711 -0.0037963739319091267 0.058474114437606355 1
-0.016770883519665627 0.0073127730649210996 0.026491369480065998 1
-0.016798422277441258 -0.00072769297439273853 0.0092546670413312087 1
0.021289202723936019 -0.0091279111802577972 0.0056655437458017419 1
-0.0059105338074905926 0.0025516825262457132 -0.044020432082219188 1
0.0049693012486824216 0.0087549814306426728 0.019493181613089904 1
-0.014123883225261855 -0.0071964929410077948 -0.0023570765532911213 1
0.016948272481425681 -0.00058988417526653885 0.053189012304940719 1
-0.023785296682479386 -0.0070349620892618562 0.057228586496814622 1
-0.006373373462794445 0.0016479089575585576 -0.036615844678386293 1
0.017074661776483865 -0.0083076986661979636 0.010350366812037692 1
0.01201540672823676 0.0062545527992311925 0.053046187388920266 1
-0.0081679755626677866 -0.0029782104489795157 -0.018826132782262705 1
0.0040257635957080123 -0.0091247810188482339 0.051580368510252578 1
-0.014518422043530354 -0.0039749445871023704 0.012196943740114628 1
-0.0059873002778612818 -0.0051587884980917329 -0.01823537098203043 1
-0.0020494805488258669 -0.0055006664278413869 0.015945998248443893 1
-0.0063156586277868217 0.001690967937698641 -0.042350054559482715 1
-0.013343127325384721 0.0042879564723102897 0.0053898264352247654 1
0.018137465235444836 0.0060770477446207361 0.047705205446049691 1
-0.0030610386884791555 0.0025516825262457132 -0.038494359954084074 1
-0.015147619664098383 -0.0048409885474950563 0.051567207564611056 1
0.019997885374074334 -0.0036540407363422883 0.00027768354666674153 1
-0.015576399397104979 -0.010401993989944458 -0.0074559599161148071 1
0.0015892525351245905 -0.004927446383747423 -0.0045761949811883012 1
0.009834278862142911 0.0052058075175397288 0.026094132389587171 1
-0.0096419381443411112 -0.0091279111802577972 -0.0085172951221466064 1
0.025602776557207108 -0.0013429455121746195 0.0086947192301886824 1
-0.012479234610424194 0.0095957519466284523 0.034196756884889143 1
-0.013010052669283486 0.0093226913314040892 0.017849164572740404 1
0.015051011613985029 -0.010131103202035212 0.00076574932408906334 1
0.024558173334901564 -0.0041669382465795053 0.056673638645832282 1
0.0061987488985916391 0.0087574664503335953 0.037380454536177297 1
0.012750779864886212 0.0083727506758724084 0.053272173129371152 1
0.0055564283975400031 0.0087369063403457403 0.055825842544436455 1
0.0076804485489689617 0.008749331223215492 -0.018330577729684369 1
0.018200532421496721 -0.0012653432719121089 0.02687686866592856 1
0.015592877327985913 -0.0046797069971470243 0.018893877956913063 1
-0.013544685164712722 0.0094111627517744177 0.020163737229413795 1
-0.012773266610901959 0.00080302357138390085 0.01598753599614022 1
-0.018045526275859401 -0.0084987148547193483 0.032728659958076757 1
0.013191672442724426 -0.0091279111802577972 0.019155233805883663 1
0.0096553197546646354 0.0098873117353879113 -0.0012562287161910883 1
-0.015143992214485225 0.0069808420606880771 0.0031766177377806418 1
-0.0071908344852435252 0.0056017070534285299 0.033580658135437806 1
-0.021722816308395142 0.0029855648768878831 0.052104884094973207 1
-0.0053138273226803001 -0.0048531529873617821 -0.056733343512230874 1
-0.0054458803262301238 -0.0048537636406340021 -0.031108303825481919 1
-0.003192237424163484 -0.0073911630802705767 0.057072279192860141 1
0.01645718448457226 0.0039686141443845335 0.019924987389089002 1
0.02462535971342214 0.0048735029849900652 0.0058990782063775525 1
0.024550694972276688 0.0048334206338646922 0.016071656960231842 1
-0.010275722536395249 0.0045562861731632907 -0.019394852632640121 1
0.015676894242605027 0.0015106296328723564 -0.010811018023495777 1
-0.017080464903116162 -0.010122329028817559 0.021879920398118851 1
-0.0063733098615117835 -0.00082431975387036935 -0.026619808664039703 1
0.011063203085321357 -0.007915109108538777 0.0096487594311096495 1
-0.024880026910581485 -0.001836716783398105 0.031437329676561834 1
0.0073293683882582825 0.008762571841893791 0.046550382441197337 1
-0.0059653964980104553 0.002041029193389218 -0.034274262227843848 1
0.017234413083389712 -0.0083191671821651551 0.0033667138577641357 1
-0.017385292501712765 -0.010561248127585601 -0.013330781206086885 1
-0.024042163927968138 -0.0073099510066590529 0.025486694907334195 1
0.024550694972276688 0.0050419613627803346 -0.0024159418819669782 1
-0.005241998984767229 -5.9767550744175138e-05 -0.016132204650305695 1
0.024550694972276688 -0.0064647398697376011 0.023356386919067416 1
0.010351280883922591 -0.0067693526353464649 0.0076077551112301144 1
-0.0063736533664060461 -0.0039271141879495403 -0.023952412251362479 1
0.0048482529206600056 0.0098265233607225076 0.060682766552496908 1
0.0082846473687748483 -0.0023447371673198337 -0.01319246494077638 1
0.025571732194854455 0.0033947808067748544 0.020661024371573741 1
0.00084913121886100932 -0.0048464005043143063 -0.010239176250811837 1
0.023466532303597291 -0.0075818717492562946 0.00076802878089060351 1
-0.012850758278812234 0.0061144132756480981 0.05047670511903795 1
0.013891811428182198 0.0015531731935847467 0.021758365554356267 1
0.010124103424816514 -0.0072975537166188641 -0.020328460107059486 1
-0.015516514057823338 -0.0059507177452761909 0.0069854285887085057 1
0.018748777317337147 -0.0069651146616961377 0.0094451694997626772 1
0.018468738789723591 0.0060924667080256316 0.063188506201743364 1
0.013506154827587555 -0.0091220555514143885 0.053796377687495026 1
-0.012360846918384722 0.0061786846843564997 0.003271490639781455 1
0.014341146891307515 -0.0091254358127422115 0.046140344048049162 1
0.015295659164884104 -0.0095887707732724425 0.044702383068484286 1
-0.0065049617551267147 0.0093062533996999264 0.052726723253726959 1
0.025602776557207108 0.0037374839649536688 0.0056964296608252186 1
-0.013719864473264993 -0.00076998389846306026 -0.0066983506358184374 1
-0.024838957908023221 -0.004006330834862926 0.013795749068288128 1
-0.01059324498015239 0.0019205902782093319 -0.00098280363226280155 1
-0.015355703298914822 -0.010095083157440099 -0.0048567623133910229 1
0.015228213510115758 -0.0079854564131908844 -0.0010029055192281996 1
0.0025245141698322354 0.0095724632688752101 -0.017383249530463152 1
0.010360215297722221 0.008750593773178347 0.047765618346615732 1
-0.012396878639857728 -0.0049156984830739485 -0.0012686838908648084 1
0.02281830245343168 0.0017021218878507719 0.014294286319478249 1
0.020730677598419699 -0.0017730519435882434 0.0694306815156195 1
0.011352706334361322 0.0062392491226040047 0.039452853778012963 1
0.013972723857615565 0.0024706999746696217 -0.016747858080112542 1
0.016336043776516911 0.0050890336757543559 0.035265645764624369 1
0.016120931874029035 -0.010179992765188217 0.035841914101870896 1
0.010101540552824235 -0.0075360599280901832 0.013405970323646826 1
0.011874104478110803 0.0098599665885237536 0.059730853373155715 1
0.0061937848222389704 0.0017825247564256491 -0.011813938867333824 1
-0.017723477828862508 -0.0065458698422690758 0.00021601446407840095 1
-0.0026194396620441468 0.0059376140420321182 0.032340597818647385 1
0.01436774045623483 -0.0092124306734347027 0.0020716302603380294 1
0.01620644851587652 -0.010179992765188217 0.031180721192423586 1
-0.0090226878712336873 0.0056582913753525322 0.0093747311638069809 1
0.019322930356046163 -0.0048390313030421588 0.0020344192559634002 1
-0.022277845745551507 8.0122371759309171e-05 0.00028226620010794685 1
-0.0044079999118967223 0.0025516825262457132 -0.059021347398676365 1
-0.0020309004343603988 -0.0048530744388699532 -0.038773330233809328 1
-0.013326055235947381 -0.0071639950034735186 0.019178096085827805 1
-0.024878010707055417 0.00021164630361289113 0.024160370032431527 1
-0.0078694812071465753 0.0064389519064074916 0.017842198750846024 1
-0.0062142731205867456 0.0066440396469318952 -0.0090632332157869269 1
-0.0098011797676319182 0.0010690766914353883 0.028503860082235443 1
0.018135813194896211 -0.0014342289284926884 0.023528488305867731 1
0.0097960694693028927 0.0059662745334208012 -0.019681544043123722 1
-0.018945107561402566 0.006195806636166889 0.015582798751849241 1
-0.015881757941602216 -0.0077648973648522159 0.0054502202646412165 1
0.017541404008412913 -0.00045941911761045168 -0.0059641400169534297 1
-0.024867517903307143 -0.004384792182722406 0.029914346516193829 1
0.024550694972276688 -0.0054571844430691867 0.0051166299677804627 1
-0.014670543332232102 -0.0045928427722665517 0.019368160438676237 1
0.004517684392482138 -0.0091279111802577972 0.017191816813285722 1
0.010735654919280869 0.0069405597145945413 0.04937733383964453 1
0.012116529040647629 0.0017895135174428346 0.070422843695675558 1
0.010554119619840303 0.0017450243602949258 -0.0071680320342147538 1
-0.019592374504085314 -0.010179992765188217 0.043118855683835014 1
-0.0065060525644152888 0.0060507324549793464 0.006713255884692809 1
0.0013831585461523965 0.00851179116873374 -0.013641001549966251 1
0.016153406548722663 -0.010179992765188217 0.01669715411427989 1
0.023030532471066203 0.002952644161094625 0.044186335517279567 1
0.015864905224600032 -0.0030716147456129293 0.029634961345175442 1
-0.0082998909701721812 -0.0062171293012605513 0.0042059917560412913 1
-0.009715028809789512 -0.00019902239413435651 -0.005421524936149438 1
-0.0037222894958340927 0.0048584361600775665 0.066782588301086618 1
0.01590383881070281 -0.0088162335769427988 0.0022834628868670056 1
0.020439945171453699 -0.010081338350034569 -0.0072956610838730198 1
-0.017609569339258054 -0.0020640536886656876 0.050696081830858539 1
-0.0059788710315656479 0.0082430067668552622 0.063722989863216326 1
-0.0072920527948316938 0.0069385390456981264 0.015698787833606738 1
0.017467707665230699 0.0013747263403086449 0.034413141804772111 1
-0.0086797332889200565 -0.0066967960381287056 0.01571085589136478 1
0.014239348965792483 -0.001577355177959079 0.039669522988338944 1
-0.012903081726180135 -0.010085684250665663 0.051067636077684372 1
-0.0094173286721176246 0.0035570054852086604 0.016332488672159595 1
0.0093245409102829715 -0.002924678831059806 -0.0028541768770014618 1
0.014450643473912046 0.0075331204895574501 0.0392401709999744 1
0.01585776939558799 0.00080007471488139812 0.017119930759036828 1
-0.0028617539593391913 -0.01010982240138761 0.060470387697522138 1
0.0012389787021052463 0.010194547347171965 -0.01494003874740199 1
-0.0085700486546744954 -0.0027410227215622679 0.01069777838890593 1
0.012004384517006583 -0.0075275801093986593 -0.0032039616337680866 1
0.0085787091789107355 -0.0065309460997456902 0.01518551609548534 1
-0.0064363971552450815 -0.0028274635781798392 0.020197189352037358 1
0.019072673653807617 -0.0021811004813295258 0.069740390682532113 1
-0.011393670170247313 0.0097481778642941469 0.06195794003829324 1
-0.0077822813675896474 0.0097854537771689138 -0.0096017060709928399 1
0.011985460809462466 0.0024808771527073756 0.027279605135424805 1
0.017856882066072454 -0.0071905652707064437 0.01952410948693457 1
0.01190727973193321 -0.0060606035501883336 0.049640971527866576 1
-0.023780423189495765 -0.0065623180917310136 0.036501293172994158 1
-0.024318791925907135 -0.0028216572245582938 0.06190873496234417 1
0.02064214331354744 -0.0041174803782310556 0.060547291500487301 1
0.0088117521812645771 -0.008036931541903939 0.014747748887564192 1
0.023060082327648251 -0.00086726105866333171 0.033537199562353015 1
-0.024865145559857579 0.0028262048549430245 0.027955226819140967 1
-0.010671164935802054 0.0034862475489262881 -0.0072447550902530033 1
0.0037246837974763049 0.0083884113711944243 -0.014959438784097789 1
-0.010769963274480265 -0.0010323132392678395 0.059719482650957355 1
0.0079337213898186786 -0.010115674521928396 0.062612053144874599 1
0.023437567886200158 -0.0032935220613268664 0.0027343219278285133 1
0.011477832119436154 -0.0048026979385882539 0.014541790529340955 1
0.015108980896004541 -0.0069550077745377421 0.060576327508885468 1
-0.022201032975334545 -0.0075177953875566368 0.055310195955628909 1
0.013080789964558503 0.0050458262669283707 0.0466501773585054 1
0.0086902917240080108 0.0046587682763037106 0.066317103787470175 1
-0.022673988862744354 -0.0019305741766217062 0.0256353479236252 1
-0.011164801246967273 0.0051932034517259071 0.036004803946453744 1
-0.024882315672864051 -0.0043983181268616098 0.024366430468888027 1
0.024564269374307505 -0.0041916832388615641 0.061032953467029555 1
0.014550502199467841 -0.010124526159067494 0.0047430114542775098 1
-0.016304092736209905 -0.0080476658259285867 0.051804568429851393 1
-0.019232933299970868 0.0047818922204717678 -0.0031710040957617759 1
0.0062523341361048262 -0.0060557264293037635 -0.0034335162763378499 1
-0.019227143439660779 -0.010248059859604766 0.059415185269774483 1
-0.015730456952811982 -0.0056077139348461895 -0.011616633038064218 1
-0.010850627049693121 0.0097133228191784837 -0.0028869372825864039 1
-0.0081996633629566867 -0.0065053455250957577 0.0010472166812094744 1
-0.0013171748471341759 0.007703462642179199 -0.018074846683287654 1
-0.016715846231225576 -0.0014512510807087855 0.019349001613812183 1
0.018393627503168954 -0.0073821379977574838 0.02993264927223243 1
-0.0173327343905645 0.0044643229050017217 0.045692569183327425 1
-0.0060539505936416322 -0.0020825875171120059 -0.0082053737615471033 1
0.019348233905620748 -0.0062429466889817762 0.007389753950529823 1
-0.025454798713326454 -0.0062395057175308466 -0.0076885145390406251 1
-0.0057018541829740102 0.0078055090388661754 0.068383247775597164 1
0.0041861490096804493 -0.0091279111802577972 0.022161754024124056 1
0.022957682629883444 -0.0080907214229701402 0.0038493964434217261 1
0.024105745902632897 -0.00063734825709914941 0.027570763750112241 1
0.0066534640221472176 8.482426326546436e-05 -0.015042077317999024 1
0.012077064688508178 0.0098506408463287787 0.056865193143983202 1
0.018278986517512207 -0.0055101871137899208 0.00056841933042601361 1
0.022472481067416551 -0.0085759229854370338 0.0068444557990361664 1
0.015091875102370977 -0.0096539519727230072 0.024776631966233253 1
0.012417369386092943 0.0098095471039414406 0.045786037854636037 1
0.018232488311287067 0.0073964885337165038 0.0023192826667189424 1
-0.014445287928103996 0.0064600067386144716 -0.00065542956619175246 1
-0.009968295147246637 -0.0091274885963025069 0.013689996480895908 1
-0.00031710177359359562 0.0097274592085941393 0.06607839861589794 1
0.0048897230328810272 -0.0048530744388699532 -0.030100254938358342 1
0.016492822781269571 -0.010131497022723927 -0.0007208602747443651 1
-0.012043861790957176 -0.0020522143251803212 0.014601125421998351 1
0.0083802488817024713 -0.003475163388716603 -0.01881815546496168 1
0.0048233633369606666 0.0035178605998870435 0.05869691052445429 1
0.0038749928936904778 0.0055160479117583785 0.010088664805349095 1
-0.024281304651640842 -0.0058071669311888265 0.052323980161871841 1
0.022767838239269193 -0.0082772075800042824 0.027611483965701893 1
0.0006527007413560475 0.00030328689730215879 -0.067309076483349647 1
-0.011303735896945 0.0094588533975183964 0.01208995608612895 1
0.015541344217843613 0.0098087955129411847 0.025832770338865454 1
0.016600673129884651 0.0029944611395972143 0.043763996949118193 1
-0.011227337269836161 0.0097302611200017035 0.064551400913565385 1
-0.012308084460529908 0.0019415672468020766 0.019120175252373927 1
-0.0080043876965722599 0.0071392548032868184 0.031383914552122638 1
-0.015912310921887492 -0.003502961541623877 0.047104432265264368 1
0.021710031082926372 -0.0052945291457781969 0.050547616584059409 1
-0.015779779106899289 -0.010171082067471884 0.0019782965493927592 1
0.0015870657599171461 0.0025516825262457132 -0.038020612944771624 1
0.01420838328077511 -0.0079104221734991615 -0.011817840138067038 1
-0.01747686313258829 -0.010218191655622176 0.054619673608260623 1
0.0085263704184796625 -0.010113580538576167 -0.015390850567375781 1
0.0088969578861847164 0.0087502270368773026 0.048891504162761529 1
-0.021913826535237046 -0.0099476274111225602 0.0036669309977776614 1
0.020363510319982594 -0.0063340350148560097 0.0027356879843619081 1
0.021169389376632628 -0.0098066736307815833 0.029199843027801538 1
0.010405777847173231 -0.0040646818135078554 0.059228349427684332 1
0.014830125654024981 0.0084495098710036399 0.034338332353657221 1
0.010149270931799658 -0.0065832281970682601 -0.0055133971470695013 1
0.020584362044814009 -0.010186677528678981 0.058599609653893048 1
-0.024889714557642505 -0.0044050810989312121 0.021592472445235125 1
-0.024897113442420959 -0.0044070972647972315 0.027011427271234487 1
0.01029758164623738 0.0056577588808862421 0.033438934710689053 1
0.020712694730490942 -0.010132360948231452 0.043382542357679091 1
0.01589579051339958 -0.010172835861346284 0.047650335136390901 1
-0.020534993977820309 -0.0084149879890977643 0.014788122441638501 1
0.012750110353184478 0.009830235481086318 0.0044285604924123962 1
0.012861939084410771 -0.0091279111802577972 0.03255981161582823 1
0.016064362348404346 -0.0051307673740617864 -0.012784054651721463 1
0.014344800108701344 -0.0073347032505227212 -0.0093072359157703021 1
0.022460068983505464 -0.0025100933895744618 0.028815224125878877 1
0.010860928010594635 0.0050793538127207301 0.029858972349470294 1
-0.019883533791414148 -0.0077395389394520932 0.017198736353352517 1
-0.02226603016150993 -0.00016448618927012961 0.028531238986036527 1
0.020845960413912894 -0.0061691508635573688 0.00082287249033545138 1
-0.010831815842676796 -0.0046473238811081249 0.0013427733283807167 1
-0.019078454554621958 -0.01003660316101551 0.015553149269532928 1
0.022800910948829103 -0.0006622350087334023 0.026800663823325212 1
-0.0022999901723795872 0.007540583786537703 0.068513233574177185 1
-0.0095439494930774412 0.0062179016778106571 0.013058338929879889 1
0.020643005352087358 -0.010161856853412816 0.051645970769582605 1
0.017949024853761538 0.0054456971401849958 0.053057410645726749 1
0.017554753277744341 -0.0081124848986086819 0.034582851978126744 1
0.020250890303722922 0.00085571385180373066 -0.010114578786771659 1
0.017825404204374291 0.0036155678624867349 0.02692529285766183 1
0.0096764058644112621 -0.0091355890485820112 -0.0077792037808033666 1
0.0092534879924228274 -0.0091606632141804888 -0.0045590430017743988 1
0.021339636456647538 -0.0060050939128932874 0.054377763913656854 1
0.0043236127505389558 -0.0091253341885942987 0.056206991086046973 1
-0.025498963623961934 -0.0038583496444600991 -0.0094348771284417619 1
0.019834833581155741 -0.0092096492474293534 0.00095311370114318757 1
0.0099948528455645162 3.8815178737905993e-05 0.023252313746535701 1
0.021721011526128091 -0.0013127403055938681 0.065078661289870485 1
-0.0053166384211342415 -0.0055908114899182971 0.017699692492892102 1
-0.0051326359712328806 0.0057348131985208266 0.011233195264967088 1
0.012148933397023467 0.010836945274015049 -0.010996454576293802 1
-0.0088966430823138962 0.0096437658161846428 0.063255769628013922 1
-0.0059959936011246872 0.0097569046549324107 0.066122927319671551 1
0.0053243445234333504 0.008756010908751468 0.0098676982472234512 1
-0.019223800098802948 -0.01023681819320307 0.057201952034205902 1
-0.0085622816250610287 0.0064629671719991745 0.046141556949095851 1
-0.00068894949747656028 0.0025082516151504379 -0.069829193696927 1
0.024550694972276688 -0.0063795240069700991 0.01534482683994607 1
-0.012024953222086101 -0.01043193954134978 -0.011060228377815453 1
0.024550694972276688 -0.0064977090805768967 0.020408891290013269 1
-0.0030518956524812559 0.0025516825262457132 -0.060860733127913458 1
0.021198895203534733 -0.00035653351358963688 0.037224583626582368 1
0.001560917640920628 -0.0014641242964727622 -0.041603337751467455 1
-0.019945477568721861 0.0087574664503335953 0.050854897186695024 1
0.021949527761528462 0.0058469596700300476 0.036686931644883618 1
0.016224265774467464 -0.01013258490825663 0.0078877354218372386 1
-0.014143933008865166 -0.0039679707316300876 0.001021900203514405 1
-0.02384503185749054 -0.0066437902247367215 0.020487359813653645 1
-0.0018419722334858785 0.0018835562080277992 0.060984745741411162 1
-0.0047075081857972422 0.0087574664503335953 0.041614242869599687 1
-0.018827197892405834 -0.0036628072433154421 0.026433048491840663 1
-0.013859677151235442 -0.0097289136577069987 0.021944588162936977 1
0.0050435909822085763 0.0025500344585057382 -0.030893352723777127 1
-0.014521395455382507 0.009746893874741324 0.0012637449066956003 1
0.021672002451366849 0.0059453507080187862 0.050807171212648314 1
0.010166805682689867 -0.0093250303051280459 -0.0025298900376466431 1
-0.013910741367886626 -0.0079363390235776734 0.010389793014392319 1
-0.014835924523991828 -0.0061233345985479059 0.0097345367600113197 1
-0.010472449197428143 -0.0077830115945314365 -0.0071539249323460423 1
0.021455361049669854 -0.0095926063643702007 0.024729044450975721 1
-0.021128617545951595 -0.0073096144011929823 0.049067443585573904 1
-0.024882736963195193 -0.0022471003905383817 0.026071898435039199 1
-0.015930972613861116 0.0095814304463772253 -0.011268295310360502 1
0.0012861973651837738 0.0066777860968187932 -0.012700891000416733 1
-0.012324758592605697 -0.0097065696228147615 -0.0032021886888698825 1
0.019382647594012554 -0.0088309855590735752 0.010454131129622412 1
-0.015567429122589294 -0.0035899478652044741 0.0086850726177258985 1
0.010818313362920629 -0.0071637162954959355 0.061984512535706741 1
0.022886596613103896 -0.0064338280575062731 0.013551474580517576 1
0.023167935392780808 -0.0025917262739105842 0.016183374455565121 1
0.024550694972276688 -0.0064823113671332771 -0.00092307739945962164 1
0.0058699562911225045 -0.00030165282612560918 0.061764256113227764 1
-0.013241344319116803 0.0059074405615210284 -0.01253585432175335 1
-0.021827466530607197 -0.0017742357883006005 0.033129107652617194 1
-0.014296430077725589 0.0053858490746506154 0.047120511553675741 1
0.0092834102804570176 -0.0091279111802577972 0.012844188660909608 1
0.0071693814931429898 0.0035939296372485999 0.03152655808217996 1
-0.0065643896838874036 0.0097868546805418982 -0.011717843345479342 1
-0.024874641254820674 -0.00092945458126094662 0.028320454753390314 1
-0.01995269701223901 -0.0060494007898453687 0.060283309167881632 1
0.0030851484895784587 0.0025526248629388669 -0.039691490880131616 1
0.0058713543457111512 -0.0091508476596361878 -0.0058137895654914017 1
0.0025676981761229047 0.009888599464482237 -0.015950210426654645 1
0.023252599640812367 -0.0077919234257239215 0.025715420969025824 1
-0.013979290643938283 0.0053364643679837294 0.0096805623757311634 1
-0.021022305235936286 0.004965355427912467 0.044328061070157805 1
-0.004991703040316221 0.0054377642672420907 -0.0032648032855276533 1
0.024578887182617488 0.0060989976747105497 0.032697352380230929 1
-0.015321231995009121 -0.0097352655284937833 0.010109670355404681 1
0.010545440230100862 -0.0047255144876348128 -0.020871924430712077 1
-0.011490179217338947 0.0073473531337471054 0.046071728814748997 1
0.0034726586713805683 0.0076206504449850745 0.061084798690052448 1
0.018459494045536103 -0.010128271843950213 0.037184253041512058 1
0.002885398849484952 0.0098470904891558037 -0.01668377322903114 1
0.014878614951681834 -0.0031374516666166511 0.01602308114793367 1
0.024983890127878692 -0.0034846555037922585 0.030772611516032878 1
-0.011482864575893169 -0.0052336373983996719 0.017307021972434809 1
0.013047324385855621 0.0098375548721807149 0.052237846477070485 1
0.014077590861998671 0.0054645672348686931 0.010387530385782644 1
-0.0067309472426051618 0.00076357922661303738 -0.0027747118625924606 1
-0.0019393702586194485 -0.0017408486494590581 -0.0087778171223488535 1
-0.016944549323434931 -0.0078515388958270791 -0.014140744181726339 1
-0.0063957533679711107 0.0087668951462726557 0.027381176499577303 1
-0.014457654396165044 -0.0022959418551258934 -0.009738021759563259 1
0.011856752797439201 0.007655313106391331 0.051341079523561192 1
-0.023499034509013202 -0.0078467714766477098 0.019799864626355752 1
-0.024838531389832497 0.0048078193794935942 0.041798938065767288 1
0.0062155398358383091 0.0087447554839006798 0.052632516920062301 1
0.021180361569819155 -0.0078086374144052907 -0.00069673297269831093 1
0.0028931114256022009 -0.0042417515674580243 0.06166727076456182 1
-0.0084602077881374034 0.0072390336134460437 0.020245055559587301 1
0.01833616443837598 -0.010141631153473244 0.0073776839641128845 1
-0.015364439758384491 -0.010161008721412302 -0.0064757523719159351 1
-0.00012471842961595371 -0.0091272787707030942 0.050941904998164818 1
-0.017176668585920984 0.00031499116251766228 0.032455181293707523 1
-0.016896858813315149 -0.0097940998268507776 0.013174693289837648 1
0.0046778449847086016 -0.0063162216528664574 -0.0085414617718053872 1
0.025346830846532782 0.0037965658635240951 0.044418999687297733 1
0.0066015523136653325 0.0087741597286532143 -0.016232532359205656 1
-0.016637859328111636 0.0077142572366869543 0.045605473189721961 1
0.022798159077724398 0.0078843704866094644 0.021979164053137774 1
-0.003760151912323941 0.0088008297219651383 0.0046676389905366666 1
0.004530571216589542 0.003384067485594216 0.018936285792486306 1
0.024617549490481769 -0.0053787734726931258 0.010802973182300404 1
-0.0032330663079432188 0.0049794298354484826 0.022165361047637288 1
0.014051134378726985 -0.0089880412712182653 -0.0016604983412671346 1
-0.010730488172684636 0.0094964768882949517 -0.017441436429966248 1
0.023486383868833029 -0.0075613921811360238 0.006147685899086484 1
0.0059183411634727541 -0.0039766763015134697 -0.041844410347756114 1
-0.022855632172979437 -0.0086361800004983464 0.058621365595717977 1
-0.0078123497188586606 -0.006469448943324285 -0.0074819642440409808 1
0.014894433515119378 -0.0026116754436373364 0.049766529593899871 1
0.024510281582242485 -0.0064273051303617235 0.041820006217830233 1
0.016046097464757946 0.010084519798201247 0.02224735557858545 1
0.010983752314980095 -0.0076276128496317866 0.015325620394625017 1
-0.005408835284693032 -0.0091279111802577972 0.0037235019907161026 1
-0.0049160470190809024 0.0050613272693426897 0.015831247195870628 1
-0.010398534001889155 0.0097554810794151896 -0.0063809338019371799 1
0.008260270194703722 0.0051953225670240809 0.04059977747958881 1
0.023003028010973273 -0.0080286731170539014 0.024042715685021566 1
-0.014235197739739313 0.00058998852571992848 0.0034791135566252379 1
-0.011959447059780359 0.0092523596249520779 0.0045828910660929978 1
-0.021826764190012275 -0.0077219900792330053 0.015900509277406466 1
0.011153428880385166 0.0080666430050172488 0.052884027459980242 1
0.017188208427004668 -0.0056925365310448832 0.029404261627290582 1
-0.0077337251984108731 0.0097666880683334872 -0.013289494692163485 1
-0.021447640210660628 -0.01010810482902655 0.012749053733200195 1
0.018839855316605765 -0.010115253377818947 0.0014135827345049977 1
0.01146750098008025 0.0087304442721897867 0.049888570477718823 1
-0.018398541235436217 -0.010178491004612926 0.048736595958727522 1
0.012500815635094064 0.0045570483522636707 0.036034596550377128 1
-0.018145896623014295 -0.0080813337317120829 0.046073406771575391 1
0.022403346470436205 -0.006788930486723542 -0.00018089039055840949 1
-0.020314400553948866 -0.00950793383971189 0.028837170533327655 1
0.015097089081021859 -0.0084415802875987597 0.020641072127370409 1
-0.021976748828949046 -0.0016941061622591277 0.045703613740337705 1
0.0069216344739668288 0.0053694188285650923 0.01627667430300947 1
0.01617159800616004 -0.0071814762029631957 0.0028110935545539971 1
0.00045836754875296917 0.0098333957633248356 -0.01561418428835681 1
0.020934045542961587 0.0026864114686741317 0.033278822100356369 1
0.020556418121251505 -0.0077372809754240133 0.017021491052625969 1
-0.0051164560204255902 -0.0091279111802577972 -0.0068284527704936893 1
0.00032465732222659545 -0.0091279111802577972 -0.00059686962594603392 1
-0.011914832459593688 0.0074515547839800961 0.014675190721681794 1
0.018664006953177749 -0.01013952366209574 0.032693793149352925 1
0.0098358946556937766 0.0092111760945595561 0.052557988016945889 1
0.0098643970647117867 -0.0071226788247352509 -0.011851344410566738 1
0.025566118596083778 0.00061825446658184688 0.053780498028332513 1
0.013834458410653684 -0.0088735048948967374 -0.0060041323589549436 1
0.023711771078637558 -0.00058246692539015189 0.067294563779282168 1
0.01903792714279982 -0.002768132769596881 0.017246960486162612 1
-0.00898611924697219 -0.0053338246876139172 0.019407806439595277 1
-0.014106784147805635 0.0034701223986745044 0.0017096663941794379 1
0.022582969873293383 -0.0084650373184252236 0.013635716560947092 1
0.022059894455422717 -0.0072441715384188501 0.0024142590961133688 1
-0.012934545196721462 0.0023808302389001067 0.027365626710563373 1
0.017125792273259666 -0.0090319784303505447 0.0049355196690777318 1
-0.0067084234804861481 -0.0023887434317678637 0.06164387979904478 1
-0.01326654152944684 -0.0091279111802577972 0.021700041368603706 1
0.019497059817338083 0.0034743744843402278 0.065975755015351537 1
0.021307553931494177 0.0030631855291779284 -0.0019605253190337207 1
-0.00996082067161147 0.0068547848681684408 0.017770223708254009 1
0.0089390267419707705 0.0056045369094972972 0.01948981528350056 1
-0.014887272877932905 -0.0053396489550928614 0.002660786722477197 1
-0.013726881185857322 0.0063025340456186211 0.019951856597462025 1
0.024550694972276688 -0.005300538456793443 0.016687257028440358 1
-0.022601602620706106 -0.0028507812684557634 0.037787115360139199 1
-0.0159213199123132 -0.01014698998817881 0.019194687679843395 1
0.0082251901366752356 0.0013019314396309314 0.052244593590448932 1
-0.015090348494022868 0.00096006131112170491 -0.015531662098930884 1
0.010026202520940844 0.0012725344033555222 -0.016687142441868114 1
0.017400560700854065 -0.0055603785745873685 0.016543768352812554 1
0.014710887683604772 -0.0082397809262689421 -0.003764263683368913 1
-0.010757217377053534 0.0022368648769016085 0.022054151838580918 1
0.0093613379736847118 -0.0063197144435079861 0.01122189701314196 1
0.014496667991274205 0.0063065985134054077 0.054514096756404527 1
0.018343277492998546 0.0028039078994840563 -0.0066831465902425623 1
0.008697012672200799 -0.0055371451890096068 -0.020505203865468502 1
-0.01735242026743105 -0.010159328985651533 0.0047781745751694906 1
-0.021650693288513326 -0.0019269870161882916 0.018948130964188029 1
-0.0039863202913582932 -0.0046621588500929487 0.059302499305632549 1
0.019697486356333376 0.0052015702630068281 0.034314939132743486 1
0.014692726131587992 0.0072979526896049599 -0.010647816828273975 1
-0.015159373789963761 -0.0059467708010016102 -0.00079948062176355848 1
0.0029256233462470935 0.0067426243333517898 -0.01549457658748218 1
0.017097208169201097 0.0098001879300605929 0.045205044906743902 1
0.00025806204136088313 -0.001665333515500215 -0.034888867000813464 1
0.025602776557207108 1.6613745606888918e-06 -0.0057125699950826905 1
-0.0018090408479729866 -0.00150501987523873 0.058078627977208815 1
0.014648706415381157 -0.010159577238214377 -0.0056058889205099398 1
0.010127095828991704 0.0098268688003666938 0.056043347336202962 1
0.014666571728990675 -0.0070653347372961845 0.018913137638241966 1
0.007733406840139373 0.0062739957676491293 0.050269229158718495 1
0.012868977963992599 0.007195023225763271 0.037807065708894014 1
0.018878741281844448 -0.010135368441271365 0.03489852362295439 1
0.01597807933723738 0.0059167401246519964 -0.0010696942976742248 1
-0.017818536793672572 -0.0091671613991817294 0.052886465660442541 1
-0.0013890416008312792 -0.003009258237074501 -0.03736371084265161 1
-0.0011694897893646413 -0.0040380857625713796 0.0549038546425029 1
0.0030602372284158157 -0.00023841224192065269 -0.034878272687118544 1
0.0012253144167718904 0.0087602536205341839 0.024759070853880856 1
-0.00057817302262956431 0.0066295627871317594 -0.015348122369356334 1
-0.021072773212480102 0.0019840134065997853 0.041445219374414491 1
0.016659087585396047 -0.0086523247279502013 0.0064227428126362321 1
0.02499372837388282 -0.0034237868802135529 0.024879722569880854 1
0.01599242435243612 0.0052507554820670575 0.040646193020469713 1
0.023299508450455985 -0.0077482783252713888 0.0078939890834129368 1
-0.02392439835890104 -0.0054010239271362597 0.038981486643099805 1
0.010846051895886956 0.0038988305029602171 0.054890264760746259 1
0.017243719847733329 -0.0085725307536692174 0.0082746820149194981 1
-0.004836139637882023 0.0098095471039414406 0.063252079239862827 1
0.018876291747928153 -0.0084185759122476916 0.0023557267159708167 1
0.0094693505615520805 -0.0091279111802577972 0.014781952301761787 1
-0.017198322934590088 -0.0085106437886208405 0.030381997276979291 1
-0.021358952377449145 -0.010179992765188217 0.055461692943594695 1
0.015621567361713311 -0.0088763974810556166 0.004639871494277803 1
0.02093563716617344 -0.0071012677425778157 0.02597138696434725 1
0.0018292628982128399 0.0055990395073279723 0.069406527927536377 1
0.0029881618342475365 0.0074187666586039425 -0.018309166195556614 1
0.019903200678527355 -0.010093123652040958 0.017784731462597847 1
-0.021315717179852745 -0.0091279111802577972 0.049036717284149919 1
-0.0077189624851342351 0.0064085773657027488 -0.0063117118576899566 1
-0.01232525669283188 -0.001917648326774622 0.010546610186382621 1
-0.012896505924924561 0.0098095471039414406 0.038632478406454077 1
0.021991377211966336 -0.004402751650706113 0.025335056787886914 1
0.0076948116372563729 0.0061699209358013051 0.054886998987398843 1
0.017024578853788948 0.0044823198588518891 0.01476980322878153 1
0.013749853471825012 0.0060089804220366562 -0.014886344919582364 1
0.018105679037179988 0.007177512925039025 0.032059768732979742 1
-0.0063502813876623468 0.0081459617211001034 -0.01535334715749145 1
0.022930143284599965 0.0020282257603478891 0.0036626701123351254 1
-0.0021341200453775053 -0.0020164250008239252 0.061684619995415496 1
0.02140443140927676 -0.0033722293766802916 0.030949707789155675 1
0.0080137254681946057 -0.0067779181668047713 -0.0091365529310543491 1
-0.023069142574509063 -0.0031264085168537883 0.047931838767446854 1
-0.011532513898896923 0.0060472179692557847 0.054931184956565259 1
-0.010961699034306072 -0.0047908510078403469 0.013505285067483481 1
0.001196574157846228 -0.0027303515782771013 -0.049168920379487689 1
-0.01255335222921162 0.0057040446433426336 0.043180490368197509 1
0.018399303750927923 0.0068484229763566239 0.019944541974984645 1
-0.022361846230347898 0.0015051995151148232 0.044297669211689122 1
0.0068800362257461474 0.0020066592588798365 -0.016782632426958072 1
-0.015772706923877725 -0.0084537631958916323 0.0030653651385428916 1
-0.018175680956804743 -0.0023786742367007284 0.037213117583600595 1
0.019424096006271464 0.0007988325504968989 0.014933614622447475 1
-0.0060495563547964979 0.0025516825262457132 -0.06132200736516015 1
-0.013206472625316008 0.0070045535825687131 0.034300900917572111 1
0.00039905042247244448 0.0063406275365234365 -0.016249479555404244 1
-0.00039855906376235574 -0.004277085462432698 0.00026952303896462425 1
0.011689770339860238 0.0017604867186341716 0.0099903476426906179 1
-0.015367622193631966 0.0065060831999640802 0.028417920771522304 1
-0.016569923253581115 -0.0084208443959200834 -0.0078816072185136175 1
-0.016812150858196821 -0.010249365606696037 0.057324983494915278 1
0.0061321900260202841 0.0079700797687996001 -0.018372024758649515 1
0.017989486362592767 0.0049506325087363499 0.038680488107312692 1
0.014624963327567056 -0.010153118123249521 -0.00264484013255905 1
-0.0025831512128596029 0.0098135640890554942 0.063282532584432644 1
0.024550694972276688 -0.0064977090805768967 0.0063964442634260581 1
-0.012661617360130604 -0.0012451199834848997 -0.0033396306350379898 1
-0.014622865612906143 -0.002795194952613423 0.04198539212940313 1
-0.022624402839278194 -0.0067186538367707688 0.052929300206669888 1
0.015417982298162313 -0.0088514813147164608 0.010575929885337105 1
0.0086081686908082954 -0.0075801940225065775 -0.014762968057932866 1
-0.011264884770320322 0.0084244525917364973 0.027824278396702661 1
0.014939699320926893 -0.00036570463352160996 0.068554305774809074 1
0.0062779981734621178 0.0081163203114290872 -0.017351654447562381 1
0.0068271344061940908 0.0037837546551600099 -0.019869396463036537 1
-0.014490995326694431 -0.009804231893812021 0.0063402100910769973 1
-0.01282870932482183 -0.0099906180985271931 -0.0022479267790913582 1
-0.006483350764028728 0.0087856082245707512 0.05200127512216568 1
-0.0099393166601657867 0.0093116485513746738 0.045775825157761574 1
0.00063418597513814959 0.0074661537235838739 0.062132294235265159 1
0.022840125645142255 -0.0039641685190878549 0.020064224924954906 1
0.021116022299739093 0.0025837190109395552 0.026121620170439116 1
0.020646093135978233 -0.0083640939955213819 0.00053200777211408472 1
-0.015821313430030383 -0.0079742126893387159 0.011797237653826986 1
0.0038669455213517917 0.0053682343448549046 0.0147034583089248 1
0.023705847813747936 -0.00048384492036071303 0.025164334943537668 1
0.022837644740065246 -0.006189383866213323 0.024601738999087446 1
0.016585481122166616 -0.010143177613620435 -0.0028439060307009567 1
-0.0076609318415578002 -0.0091279111802577972 0.0066678106255141393 1
0.011455430930699844 -0.00072463184223423233 0.067857257784462652 1
-0.016252554256482313 -0.0037918292679671875 0.025881392207769381 1
0.0082121025848290608 -0.0068486228694969436 0.060204733168101758 1
0.016300147888914995 0.010516875486076176 -0.0093220086553963827 1
-0.01218629030362745 -0.0071696493039474776 0.012986250132692395 1
0.016161687961896227 0.0098057866888688477 0.030540496027116597 1
-0.011173520299673289 0.0065306323079565758 0.039579460542941057 1
-0.0097279974802772177 -0.006626527084087076 -0.0020845321972505042 1
0.016307116112784164 -0.0068320881532855197 0.025554779704407903 1
0.02205372922830337 -0.0063336694698059998 0.028096524041432088 1
-0.014410314725705531 0.0097751847997898048 0.058841174330933714 1
7.4663027348566974e-05 0.0025516825262457132 -0.055613281143456539 1
0.00087820912524070108 -0.0091279111802577972 0.013559075501580881 1
-0.014044751413166523 0.0082792909815907478 -0.020371416583657265 1
-0.015488873680381456 0.0098095471039414406 0.035824615782719366 1
0.015168902188413694 -0.0062142896097200657 0.049821239180607144 1
0.018894730577445461 0.0076796321672442025 0.044442079319036203 1
0.012522544474022941 0.0078959330095701701 0.039617492728663599 1
-0.011392868999360289 -0.0099123636643444948 -0.0076964705934531568 1
0.012213405673078326 -0.0076411799567212323 -0.013658260904309234 1
-0.022266380322188296 -0.0091279111802577972 0.038792307614511072 1
-0.024897113442420959 -0.0043993530087332363 0.040377891436093633 1
-0.022314314669152648 0.0060823734757375772 0.03449438119303988 1
0.022878712946731137 -0.0022547503283870088 0.025028314270073692 1
0.0017441604422198369 -0.0071373212707135526 -0.01946692247724164 1
-0.021582037811318046 0.0027437529194445989 0.04801848053154166 1
-0.012575255606708203 -0.0072962838474438648 -0.0067827146637887276 1
-0.014575218773392011 0.0069480502806229458 0.015340549982762432 1
0.0073796760973432905 -0.0053176865466406592 0.050998180251993722 1
0.014569935874439737 0.0059508605504157795 0.050200412304857049 1
-0.0079232915199057407 0.0078709786532192919 0.065013833818854505 1
0.02067785004128915 -0.010147108900822134 0.047514256563630848 1
-0.014482130452200639 0.0097595904269931165 0.003315436749789148 1
-0.012356595340322121 -0.0074303633853270764 -0.0034486256908000798 1
0.012666713378965149 0.0088980095945206464 0.050618949237759524 1
0.018096815758929904 -0.0085519279482369186 0.0062881902897255638 1
0.02266178869795437 -0.0023665233796651684 0.039614350794083847 1
-0.012142868162054394 -0.0091279111802577972 0.013647586550638042 1
0.0015495343847815009 0.0087557182533881603 0.0093507729912645395 1
0.020419150873440251 -0.0058708522427599634 0.031957289116629886 1
0.02556824826287904 -0.0009159312763510842 0.039842734852402209 1
0.022114969395101464 -0.0086312363233308504 0.00021772718327774977 1
-0.014039112095940923 -0.0087537140776596471 0.0093447633600246393 1
-0.016068009119019011 -0.0042219652673951662 -0.01497668545860816 1
-0.023346835176094493 -0.003536202934709643 0.02719942629363643 1
0.014412989700620644 -0.0046089350967853139 0.044636798709451607 1
0.014480055234966645 -0.01009505010219534 0.0063358481680869608 1
-0.01353156569235585 -0.0081846067358711493 0.012177931976995768 1
0.00031346388703024216 -0.0030730519714020159 -0.039725609753008748 1
-0.014672885929786859 -0.0096061982670379142 0.011842363156917626 1
0.012913658050691798 -0.0061349175906243439 0.010009294068521767 1
-0.0059859568527640015 0.0021542694568659837 -0.011743873800512013 1
0.013600239528932925 -0.0057686753636070065 0.056627873104656216 1
-0.010777474635242729 -0.0086244433463320523 -0.0098571529409203582 1
-0.0032961541660156942 -0.0091464874349589404 -0.011115738832299885 1
0.025604708878285545 -0.0030175254879111989 0.051723444879586022 1
0.025602776557207108 -0.0043884939306679466 0.0030105970986037847 1
0.018973365822494287 -0.01012788199351561 0.0038498885272783183 1
0.024757534037399696 -0.0047514750130634598 0.025494583595575694 1
0.01805681605804341 -0.010164070740812634 0.054846552599399495 1
-0.023790328737628222 -0.0063899412874336738 0.052054398633567305 1
0.0016700649750822456 0.0078338771156509085 -0.018190666095256425 1
-0.010900808330707194 -0.0032717796854877879 0.0044782599195894923 1
0.0039515083774842846 -0.0018684090684239337 -0.039708176067251542 1
0.017488706725774388 -0.0086432293006631876 0.032509689877801312 1
-0.0036499250252777127 0.0078997875051559346 0.06408755249940426 1
0.016614431515336037 0.009817841462790966 0.0091881151311099529 1
0.0074682095900453884 -0.0091229026873500992 0.053319049144764832 1
0.0088812407048387311 0.0098102509677539061 0.055160709834087107 1
-0.007281308769846645 0.0063492125597791891 0.022980419948364098 1
0.012485458118950936 0.0098242216943484617 0.026032577240485584 1
0.021746279371616925 -0.004537277140299477 0.034211893829650557 1
-0.0197893009115984 -0.010146390975741895 0.013536605011440352 1
-0.020074576148773685 -0.010086933221333026 0.021880584618036131 1
0.0043433165149451983 0.0055071123701925691 -0.011649924443718235 1
0.010550536448135972 0.0098095471039414406 0.050598573870956898 1
-0.0110191500270179 0.0053790114144257719 0.00136845068935842 1
-0.0199292490124468 -0.0035195505518682397 0.020870780342007466 1
0.0047963521715090477 0.0098708558171607778 0.064304021802550182 1
0.018610109772003055 -0.0051761745743622578 0.031040633374931535 1
0.013327966303390767 0.0098094223744594252 0.0078389850630814027 1
0.0026449109593665609 0.0012669898582769856 -0.031036664100194556 1
-0.0073639686086745815 0.0055010769100044083 0.049651740653432301 1
0.0064036942424620449 -0.0036119251230714196 -0.017288598929531999 1
0.0082429295358296857 0.0032425263383059084 -0.017913161806370714 1
0.0079428448807448149 0.0087574664503335953 0.0060690572718158364 1
-0.022728804182626419 -0.0086834570397495443 0.014019985314316091 1
0.020379252200883102 0.0014972887008821208 0.040214143066846418 1
0.0048618398255948179 0.0028503281821589599 0.069825544283912078 1
-0.011550224387829712 0.0094166772382699247 0.020843366599827946 1
-0.0093576520896449123 0.0070194742947847109 -0.014424407106668312 1
0.018475947741732161 0.0098019842308341345 0.032565743310732857 1
0.01969061554384342 0.0070532420978829677 0.037805904947885542 1
0.01349572070469751 -0.00034752703932029966 0.070902785336290172 1
0.0049331523372053527 0.0025516825262457132 -0.051395277333484569 1
0.024550694972276688 -0.0064955471579523456 0.012085002337146435 1
0.017747933650325027 0.0061706387229819781 0.0080060849431645362 1
-0.01117016673791813 -0.0081520508354824966 0.0086008548681785636 1
0.012642608034403485 0.006234488132133004 0.020978883010002416 1
-0.0084979637356220744 -0.0035482358221722164 0.016423509877729944 1
-0.012563272845000029 0.0097783999517560005 0.0045051056076772511 1
-0.014008351447556491 -0.003172359124032654 0.034667478542569172 1
0.0073620416773877671 -0.0091279111802577972 0.015771906058026544 1
-0.013542835242964726 -0.0088576073041434274 -0.0037921606620591442 1
0.012482027136842374 0.0079536441298460568 0.046997235994824547 1
0.0077179116027362377 -0.00064976036658522527 -0.02036294328027443 1
-0.0091632686039223223 0.0059406125765381398 -0.00083864581532833128 1
0.0061809950048972613 0.0087557506142271653 0.013762480905540008 1
-0.013157997358038848 -0.0058471173250030485 0.0010554969674606363 1
0.025602776557207108 -0.00041956111398827752 0.012535140023531946 1
0.016416916863726563 -0.010137463912900907 -0.0058222185514918787 1
-0.017366550624704425 0.00010006414395114219 0.040998442368752823 1
-0.020186103885067232 -0.01006602173468113 0.019832658040316989 1
-0.0016241449615231819 -0.00066685439704896937 -0.064264976604683985 1
0.02208960904238445 -0.00035843295040633528 0.028920024737323941 1
0.0027393545300094186 0.0025515611230330498 -0.060141336836222262 1
-0.0073350364135169347 0.0073739634360981757 -0.011584607333538608 1
0.018565565739414834 0.0066744261125001106 0.017025943288185522 1
-0.014637193566567277 0.0067804870589286094 -0.015897447269817244 1
0.014867470190461389 -0.010179992765188217 0.015066574184970738 1
-0.016434822495396805 0.00706337313819933 0.0124464687470028 1
0.014816112214378861 0.0099797561596044037 0.025888425975929143 1
-0.0077260887512892026 0.0067128415564513318 0.062258673318580947 1
-0.014940418371950252 0.0097779230114941953 0.0067898617280188695 1
-0.0087757398512405948 0.0037464842663624278 -0.003930212671308826 1
0.023311864982146473 -0.0017362306402062795 -0.0037163012085657692 1
0.00017182060215483082 -0.0048530744388699532 -0.041113730207495106 1
-0.010361529696826506 -0.0069640309579033664 0.0070978564825828995 1
-0.01069991011172533 0.0089328130707144737 0.012167741544544697 1
0.022495114943115326 -0.0084790531386524579 0.036097760130804055 1
-0.017768890826416524 -0.010136902629206555 0.024422841435899519 1
0.0057596479724161135 -0.0046492665933024167 -0.058545676264039073 1
-0.02082866617993593 -0.0095440882957907036 0.021824467385718461 1
0.015263837174726748 0.0076172632625424721 0.047239153721308845 1
0.024550694972276688 0.0061272634193301201 0.021447039879581319 1
-0.021316763968838175 -0.0083683105253907538 0.055263911193935394 1
0.021285069841579556 -0.0060358554239956785 0.022464482418968017 1
0.0097317019779530126 -0.0091279111802577972 0.016570319371169533 1
0.024776446924199856 -0.0048905813099290284 0.027285990545561245 1
-0.0096794730994807371 0.0090290516240602546 0.052733063762516817 1
0.0062713338967333087 0.0094366625290769838 -0.017439332964005533 1
0.0030548540073331251 -0.0072066822087904422 -0.010500196588538213 1
0.013664397067071813 0.0066196420283790944 0.040804755377768141 1
0.0053504747338593006 8.460168618705001e-06 -0.027626242998118503 1
0.0010103663732983911 -0.0066705206072670154 -0.013276782902190209 1
-0.014804002856466356 -0.0065167184694788112 0.012180495160521268 1
-0.015768567150614171 -0.009957014797654767 0.015078741547777785 1
-0.0051834331295584684 0.0080344680390973984 -0.012975924561261554 1
0.011217664013623393 0.0098233982670899792 0.052476644974163544 1
0.022390718690336403 -0.0086098791362773062 0.031286296856220322 1
0.015953198539057648 0.0098038653393744332 0.038868334614304174 1
0.0025028938185167075 0.0090857451674076564 -0.018049637066531996 1
0.0096305499982872501 -0.0008648399678047921 -0.018477767507810716 1
-0.022873576998834695 0.0091149219511198129 -0.0038878322339537833 1
0.020403933526310616 -0.000495674596803932 0.0094697557427938627 1
0.0093169913376058271 -0.0091563348961536326 0.0096443335300361085 1
-0.011750808247821723 -0.0076387882698919747 0.016823221926181773 1
0.022472875396126149 0.0082105026118250452 0.026726389020764033 1
-0.00020255033069347728 0.0012195055349174463 -0.069045961439756762 1
-0.014478152184888973 -0.0054707996309951452 0.028008443178906245 1
-0.019302205216587286 -0.0089476094814164853 0.05326396576227195 1
6.8157548579369286e-05 0.0077341583668495703 -0.016523499000077071 1
0.009839407603254996 -0.0020118843801965949 -0.020734441547158262 1
0.020420207618998428 -0.0058121699575836502 0.029594934761497597 1
0.00097546731385723907 -0.0009719618199484708 -0.068969774187164101 1
0.01643188386730594 0.0076669596691740236 -0.0056374423428080427 1
0.018870741750698066 0.0048728255431638792 0.004751648008945019 1
0.0044831122151904644 0.0089554687628248964 -0.018157315906230338 1
-0.01293643030094367 -0.0024144384652047338 0.0073401498341963602 1
0.011375532451454989 0.0038004909434803526 0.023057870116006043 1
0.017884884043522949 0.0017536155376731729 0.024234673179247098 1
0.0064109116776707104 0.0063593276758185839 -0.018494237477062282 1
-0.0041262028287396488 -0.009225503354451263 -0.0084392091189563409 1
0.0017174237006068942 -0.0095697327531995176 -0.0028505214707883696 1
0.0069452114566016573 0.006966963322371211 0.057608586324582899 1
0.021665930368373415 -0.007618498479071513 0.011985176756660141 1
0.010270709112761078 -0.0091279111802577972 0.018974458637638587 1
0.0053504747338593006 -0.0014376039299205923 -0.036254956134995235 1
-0.022866015281598383 -0.0030224601219747305 0.022233762544576721 1
-0.014559164643287659 -0.010179992765188217 0.021334252320230007 1
0.015648553245542544 0.0067735800695450845 0.043468631081839779 1
0.0034243345944528379 0.0057303201767274084 -0.018569547322482349 1
0.010001592931154588 0.0098193916595037765 0.05450306610323917 1
0.0050427669569601246 0.0025508584923757257 -0.034229171585954107 1
-0.022821295806528967 -0.0086427648689540622 0.056237052788206662 1
-0.021924669148324524 0.0057712656036308947 0.0081081814845375046 1
0.0040542683564126492 -0.00045858178054913878 -0.031274106353521347 1
-0.012412707335903814 0.0060302846346510829 -0.022164705390565424 1
-0.014686675514377754 0.0077434808172380729 0.018750355470508885 1
-0.020839894236685173 0.0056358161291884127 0.040124014416414416 1
0.022498816806235403 0.0081843075841581073 0.03190391448192164 1
-0.024853162912466916 0.0023023851552813526 0.038623072593614534 1
-0.0073636504766131181 0.0088023668461219666 0.0063741104913358163 1
0.01033730055852154 -0.0095704969735338243 -0.0088841786600374253 1
0.011941576922918437 0.0098095471039414406 0.022332444943914797 1
-0.019909825632753054 -0.0046319987247747697 0.047448730606782091 1
0.0040767576789821954 0.003903954671374736 -0.014648127895892503 1
0.011263660840865317 -0.0076873992032769354 0.018358328599172195 1
0.013091140615061676 0.0080840711087532841 0.034566755852460947 1
-0.023626628575650031 -0.0074202381004098246 0.052615633331788633 1
-0.020425892479965103 -0.0083872210413218334 0.054137311972436507 1
-0.010104801349087296 0.0063505200665708583 0.021381414513448656 1
0.016712481518949857 -0.0045535665579299655 0.039759083280320011 1
-0.01477145780542676 0.0017921810533506432 0.048179507523693536 1
-0.012271835510367706 -0.004748298941219197 0.0061918367414840027 1
-0.0093318047062171238 -0.0026653475037049122 -0.0014331638208476877 1
0.012677659691834485 -0.0054548573334071756 -0.0027493687526191756 1
0.019769438958067737 -0.0091367673026089141 0.0033212909721193409 1
0.0086393185213167311 -0.0062333351244196469 -0.017935450584361936 1
-0.018872785713330936 -0.010224159307420141 0.053185292296040118 1
0.015364637066354112 -0.0047587516648426613 0.0044629777526740671 1
-0.00092759026314871338 0.0082569702401282304 -0.017187620427165106 1
0.0033481666458304794 0.0086338524473370242 -0.016635306927105683 1
-0.0098385313767179634 -0.0091279111802577972 0.00018181349744421545 1
0.013326553368045136 -0.0035074592779876261 0.070501975931604663 1
0.015919309559137132 -0.0072201428793895166 0.05406678703590951 1
-0.0081178784679212818 0.0090200218862046527 0.016708610923468932 1
-0.0044872587699862181 0.001141759939903834 -0.027515971454099619 1
0.012904405885942324 -0.010151508789620858 -0.0039042655550806681 1
0.012881828302937322 -0.0087872732874717443 -0.0037408009665955673 1
-0.01074118295487804 0.0073060382707363456 0.03286091793193531 1
0.0080810491589670408 0.0010742024830824521 0.018170989473815014 1
-0.010065105832487223 0.0097788624841177937 0.063995856581255617 1
0.012669055045434481 -0.0098430669865848183 0.008309883611202171 1
-0.015636276465189676 -0.0076092966886664015 0.020904751577093646 1
-0.016863873119704026 -0.0084419989610204325 0.0010924257391223091 1
0.024550694972276688 -0.0064955471579523456 0.017977122281787383 1
0.019110308240588233 -0.0039860729062736596 0.024667431468177996 1
-0.014803909080837559 0.003883496100304239 0.030072909439851657 1
0.020129818320606067 -0.010093897377535271 0.009672166010869284 1
-0.024907128489707008 -0.0048758781007939107 0.011740433576849972 1
0.024892742744701404 -0.0001534352790846542 0.065009371435593405 1
0.0049882925390046544 0.0025509375873813342 -0.049428825505456311 1
-0.012326230167498991 -0.0056619535777662376 -0.0035719657493513074 1
0.011119790977803749 -0.010157598008298361 0.06055187868502214 1
0.020840736960319288 -0.010048645909952587 0.036098616792890295 1
-0.012316626643424337 -0.0040966059099738659 -0.0064764288580446807 1
-0.016230673348195751 -0.010158799807637023 0.050764560126601098 1
-0.0026787628700073768 0.007639178102936843 -0.013264576822782488 1
-0.017084193739749527 -0.0067707748762802422 0.028035728079037588 1
0.0080478443745558709 0.0072106013317205378 -0.018497359522275259 1
-0.018838339253418004 -0.0089956944489659723 0.054477467175344678 1
0.0096257510479577351 0.0098095471039414406 0.0077634106211003882 1
-0.016748524293023898 0.002369240406043084 0.0055942098087544932 1
0.0096397446061718389 -0.0061286140569796936 0.018133858756971794 1
0.016635394674629121 0.0071431021604687591 0.038045637415148957 1
0.010444010801448288 -0.0091218418275094745 0.050767593882363557 1
0.01830179347659475 -0.010132594608415639 0.0055659448172105299 1
-0.021813318900000853 -0.0073983419479139089 0.038726583271577297 1
-0.011457703989117203 -0.008212668476378731 0.0059761592110611382 1
0.00099020207166082672 -0.0011747484251296559 -0.044225397546861021 1
-0.02177002373669798 -0.0064733335347991056 0.017343200442728066 1
0.0084513172485674009 0.0074598767705276875 0.052831583833566807 1
-0.014204225271738582 -0.0080584099097909864 0.0042966647829230506 1
0.011509884949733975 0.0087574664503335953 0.033947489047622625 1
0.012814161317943986 -0.0075714156692729189 0.014875497153157143 1
-0.023099586141775364 -0.00735332372779318 0.036645453884164896 1
-0.0095472373033239893 0.0054792701530827492 0.029978017885977853 1
-0.0082499543162730671 0.0089349375368787953 0.014649762318088259 1
0.013953149857799007 0.0072835085067096753 0.027312924884990538 1
-0.018706270930624817 -0.01003182738631231 0.00027719425622671013 1
-0.019020194008382826 0.0098095471039414406 0.050043306207312122 1
0.021146061406970711 -0.0068948290134096578 0.0068333286429714509 1
-0.009684365434455746 0.0071569480120366857 -0.0088593436711226891 1
0.0024169498360832728 -0.0068026393502239402 -0.017217571944009673 1
-0.0048493809976952592 0.0095286892432916992 -0.010343410463882199 1
-0.0094091943465173244 0.0087856082245707512 0.046139169484376907 1
-0.020068452888479926 -0.0091100357667491978 0.055847907728731404 1
0.019667068859113481 -0.0084742219388136298 0.0082125216503165926 1
0.022605602988524039 -0.0084199085784237276 0.029625741920804055 1
0.01188308951274716 0.0066854170200147233 -0.0072123906502892755 1
0.022803851765498016 -0.0080446353545963259 -0.0014679449018454071 1
0.01238999588809014 -0.0068147633749403771 0.012946074821929989 1
-0.011592449687170686 0.0065832095955404265 -0.0045574533438146655 1
0.011814254047818811 0.0027557022206658129 0.018865567021073695 1
0.010214134184168161 0.0087574664503335953 0.02016437124835152 1
0.021470297063739773 0.0059914901744139298 0.01942949596402167 1
0.014219017503228067 -0.0079598226578175973 0.017323000100157887 1
0.018082377035521104 -0.010161765789298942 0.011784011341007327 1
-0.0099013824947178364 0.0096722040325403214 0.033380694687366486 1
-0.017597695583039821 -0.010182912068206269 0.049740811725944467 1
0.022632134664091239 -0.0026943623558503315 0.053020401612878958 1
0.0065272985430703812 0.009606306034450585 -0.0088745615159799597 1
-0.019202619340339525 0.0054137911694123212 0.019207504557144841 1
0.022059712357986091 0.0060932838048509286 0.033001234246948584 1
0.02560807747203793 -0.0032050550881365879 0.059762688398892205 1
0.022886192706415221 -0.0059608057599442217 0.0013946064932810916 1
-0.012625495614727098 -0.006585545561468095 0.011359115705233985 1
0.022357871466587045 0.003299960430699946 0.053766964565067875 1
0.022181947072644991 -0.0088664569802085931 0.0088222960674456431 1
-0.01213603306432035 -0.0081222712527620738 0.010231354664538455 1
-0.012844014072311489 -0.0073194612196013321 0.0096490825075081395 1
-0.013053214870441211 -0.0043127223226646057 0.0088576599611509682 1
-0.013930826742676088 0.0095344260090485418 0.013474908812974831 1
0.0053504747338593006 -0.0017434158018208605 -0.033577109003833268 1
-0.0082528252490113151 0.009092905295121443 0.0011776023679962565 1
-0.019775183659183085 0.00058592535911375278 0.055077052330344593 1
-0.0063732558236052955 0.0016552326750659588 -0.033131520832132173 1
-0.015456107379951785 -0.0030480636409855977 0.0048089572904769524 1
0.0053504747338593006 0.00033913258745037157 -0.032171386589887253 1
0.0053504747338593006 0.00018201478840693293 -0.02337601233880018 1
-0.0099342234898358583 0.0092865678016096354 0.018471264978870749 1
-0.0096830984111875296 0.0096433840226382017 0.026291127549484372 1
0.015158436962591171 0.0069029966975422434 0.017396709550382812 1
0.021075908592471649 -0.009156309333066626 0.0091415821638296067 1
0.012917216976204215 -0.0096476299450839013 0.016848340370717939 1
0.010965255849339071 -0.009125168731672597 0.042881554812410662 1
-0.0016239007250084107 0.0098369805388867637 0.064885560491414293 1
-0.012768186938974887 -0.0067332172014191614 -0.0214368285353695 1
-0.01953312057441528 -0.010179071783109409 0.034597964117379629 1
0.00091171936593413159 0.0098455824176208878 0.064371201116064911 1
-0.016664564695412755 0.0098095471039414406 0.050820979464584123 1
0.0088332041815742095 0.0098817965685694936 0.063597135102953506 1
-0.024882315672864051 -0.0043932725106595773 0.033075084676186021 1
-0.019689668585243049 -0.010140019351949667 0.047326253140401162 1
0.0021351092314963035 0.0025516825262457132 -0.047057482655285567 1
0.020438066832555023 -0.01013605856475394 0.0038856858579088306 1
0.017143688934753591 -0.01011775709928112 0.0010291211325193905 1
0.023891905043970631 -0.0071553643300254306 0.0049307491102089842 1
0.010457764302584991 -0.01015672982076021 -0.012016145931657653 1
-0.022266911342740059 -0.0091279111802577972 0.031006961827054879 1
-0.01356179285118163 -0.0059919069900291498 0.013382374706463484 1
0.00011483843040213922 0.0044616053944765586 0.065051783605105926 1
-0.015294819585721374 -0.0056379773368474126 0.0048277862607093618 1
0.0024476852254039913 0.002239555424546054 0.061554906054193378 1
0.025257225003298869 -0.0019125995772028372 0.028268687205329761 1
0.020779962546220356 0.0067726224171695843 0.0049786015869679942 1
-0.0016883443349323039 -0.0036416263481872323 -0.030980483077436363 1
-0.022278492309452561 -0.0091163301930418401 0.027669210319096419 1
0.0063341944807346322 -0.010101833684960999 0.064518246320741046 1
-0.019368889460729274 -0.005187924419675893 0.027794123618528076 1
-0.021666443083701633 -0.0074362010171296067 0.05291407198125142 1
-0.014755654614418745 -0.01055392250418663 -0.016498606652021408 1
0.007682800570372246 -0.0092816658013340179 -0.017473319277131277 1
-0.022266911342740059 -0.0091279111802577972 0.044154597280381368 1
-0.022266911342740059 -0.0091279111802577972 0.036668204208323035 1
0.013903262700569713 0.007237725073337491 0.058482071938991874 1
0.018360062524384681 0.0077654972123375595 0.0051876311895081685 1
-0.021419867439061494 -0.0091335200736573745 0.023812961643693689 1
0.015492515228138548 -0.0086649355092283577 0.019020603397499551 1
-0.018054459083848555 -0.0072099342211088208 0.053802028684834406 1
0.0070503867836928342 0.006993563060713498 -0.017401037354925358 1
0.010456533547813776 -0.0091232213642283358 0.047259877815540904 1
0.0050463985537841632 0.0082310162476300734 0.058792176429124758 1
-0.015459934560157897 -0.0039804113786292257 0.022818838369075872 1
0.0098235622330337165 0.0041448285512809199 0.015697995118836013 1
-0.0090011800404972541 0.0066116049511617753 0.05254083930603156 1
0.0060637328518745696 0.0088960024217857349 -0.018185926879067664 1
-0.0094667005728373381 -0.0091279111802577972 0.0082825078920262807 1
-0.020402365200374743 -0.0091279111802577972 0.039687790836100252 1
-0.020510706393475606 -0.0091279111802577972 0.034333653691737381 1
-0.010320955174412795 -0.0068228545842500977 -0.0051668577182536575 1
-0.00066997883769047764 0.009822727632589158 0.063132780309505615 1
-0.020399192590138438 -0.0082655794424178388 0.019646428602888382 1
-0.011970965910305987 0.0050768496061724434 0.025531132489348029 1
-0.0071600051091828326 0.0089145550157980376 0.067086689968681557 1
-0.0046494321596274625 -0.0010441397462748758 -0.050711138034449106 1
0.008428687424011809 -0.010179992765188217 -0.011715902163029238 1
0.014803109695889206 0.0098065230184428316 0.040752126004364723 1
-0.00092643848431356399 -0.0010878667059612056 -0.056792313944522714 1
0.014957015387852502 -0.0082583312373240327 0.0085438043883872324 1
-0.013314002254011938 -0.0089248532450344042 -0.0059394784318933698 1
-0.013450712086995015 -0.0083452228087724407 -0.013230957471356332 1
0.013335171053179204 -0.0068352599411684268 0.065298873174457595 1
0.022545946306279731 -0.0049041171161831069 0.014586241205662534 1
-0.001701994034756069 0.0058571728348233137 -0.014415252206349231 1
0.0047750970115885139 0.0098095471039414406 0.057577865198254585 1
0.0040686361873544085 -0.0091296351650417742 -0.0092332597086695906 1
-0.019665377761691881 -0.010153453497833712 0.028332363986675102 1
-0.020739749129800929 -0.0080113232729820075 0.056955451141694868 1
0.016177666064498403 -0.0076079573864746286 0.017188375967791641 1
0.012343882240060236 -0.0091279111802577972 0.02706367996707508 1
0.0058659904219016132 0.0011710270567895618 0.066749482197238294 1
0.013923650859447535 -0.0091237456820782992 0.049968360867772094 1
-0.01185297511052049 -0.0065282536113041188 0.0091502386637707083 1
0.0072914614952347004 0.0039027666919995915 -0.015067982426956235 1
-0.021572738453122579 -0.009241180016416493 0.020683125951776578 1
0.022907736468670871 -0.0081393033196926826 0.015649968102978813 1
-0.0099529850750408929 -0.0076055014755689598 -0.013066355253491129 1
0.023208017257764849 0.0019395632359235835 0.031096316815758956 1
0.019111162241091006 -0.0077839119856411843 0.032016841869150096 1
-0.0019549800051086199 0.0097172857629050612 -0.012913829945979366 1
-0.011847122167534042 -0.0086252972040888522 -0.0082221135654213084 1
0.01747843132315284 -0.0028714373450785509 0.00099346474058824687 1
0.0099849762753991163 -0.0099247015355334069 0.0044039138531652136 1
0.021168089837965295 -0.0078842145400515387 0.032102066915994307 1
-0.023781255568579854 -0.0075208873300238021 0.013237638749617555 1
-0.017632850961673767 0.0075754627583889842 0.038804513289084214 1
0.012121668713872718 -0.0083953347961390635 -0.010331883932163511 1
0.011859889974867407 -0.01017273670705926 0.0581998890068521 1
-0.01411906849128931 -0.004715120780262344 0.0067452352683916306 1
0.017626111898258672 -0.010179992765188217 0.015091201549475254 1
0.00083827182684791297 -0.0033342477717586052 -0.018179330560458444 1
0.013400212822487843 -0.010179992765188217 0.016808392218564189 1
-0.016010470144848708 0.0095088247367543319 -0.0064172148033927274 1
-0.014223024523337032 -0.010025989423851887 0.00082414489518856993 1
-0.012382588997225134 0.0072522797213254971 0.01701687508082082 1
0.022419283313799811 -0.0041788587145214842 -0.00054423995927081292 1
0.007187775422449522 0.0098087684674277899 -0.011364887528922415 1
0.011818314265799535 0.010254984247821725 -0.0027616803366295644 1
0.0096456286214089866 0.0097947182607031058 -0.0051829052517593814 1
0.011644554179604711 -0.010126655597774141 -0.013798547695825902 1
-0.0078716697242547391 0.0089479024007415326 0.019961785660965188 1
-0.011158696001067333 -0.0063886255905667112 -0.0084615603549743814 1
0.0026021427477797192 -0.0059967064798023655 -0.019776955041104084 1
0.023051884807216642 -0.0037720636746171746 0.022665042845190397 1
-0.0032920149741376822 0.0059654202928596436 0.064345682226259679 1
0.0059578454159586744 -0.0013294445263630546 -0.050384799613688705 1
0.013059875136604985 0.0084750216535803818 0.038796833101717824 1
-0.021102456719111404 -0.0099587452548135762 0.055370894365936826 1
-0.013936424502773482 -0.009750101230299223 0.019396859370971374 1
0.023181989010711869 -0.0078664150421417153 0.002313139787150894 1
-0.014069872143068885 -0.0086513977180470332 -0.00031147862568207062 1
-0.013403462362088557 0.0079525157597156084 0.0052034780558991838 1
0.014728235280069479 -0.01016198410293509 0.011535950835638919 1
-0.015290056586257218 -0.0078997869872122466 0.0083944331795576289 1
0.010046906747654965 -0.0080051279849930011 -0.010201455627688483 1
-0.024897113442420959 -0.0043969531788697232 0.044519960036009047 1
-0.024896444060531934 -0.0043014486258039965 0.03573089917679146 1
0.0020819348748578781 0.0049951741087387695 -0.014511026416128251 1
-0.023131629315500842 -0.0037111401134440206 0.034727496424481384 1
-0.0098450826100801875 0.0048910034792379832 0.019618381329028763 1
-0.0175434062513832 -0.010109897921365801 0.019553743677349147 1
-0.0002539574785097349 -0.0033033348999341595 -0.053941016449354139 1
-0.0080575795516432541 -0.0091279111802577972 0.004457001152922975 1
0.0082291401536201576 -0.0094606705538010996 -0.001772210585492413 1
0.013546398409459842 -0.0092426225505672348 -0.0045798828539690235 1
0.015030047698761673 -0.0060753263569703862 0.028197984114874782 1
-0.010533581628762048 0.0073975150571011644 0.064573425727219511 1
0.022723016763216836 -0.0060783011904952033 0.010255705726799489 1
0.0026981017388574826 -0.0049608672126472634 -0.018657015510066006 1
-0.023820558068416556 -0.0075592879587031894 0.027872183377963575 1
-0.017787894878787316 -0.00060492424320416651 0.027552465550634949 1
0.0050430773023045555 0.0025505481562454763 -0.039893099364232465 1
0.0032309678796242532 -0.003994463481387751 -0.02266643542999585 1
0.0063606505331839213 -0.0021302339249881178 -0.018808202963212905 1
0.0059587276141184675 -0.0021608557117334193 -0.047777369947051465 1
0.025438772936814288 -0.00070896798567200649 0.029364860924409156 1
0.010525590293496711 0.0094127482111477315 0.050463022785966351 1
-0.010491019469131347 -0.003752190489306413 -0.0040601363149505004 1
-0.017764827449620931 -0.0055207401596000958 0.019307229340537618 1
-0.010694019147194922 -0.0091279111802577972 -0.0074652140028774738 1
-0.020446138212920836 -0.0091279111802577972 0.037524562744496046 1
0.015215420015944557 -0.0095898242062282587 0.047293160573368416 1
-0.012374865237919535 -0.010300877233577798 -0.008688972480884613 1
-0.012576120535045468 0.0093286497743442446 0.06559417639883687 1
-0.015325336595898638 -0.0087644256176551312 0.000792289415680386 1
-0.023565776429477645 -0.0049735366143855639 0.015162728551403784 1
0.0043355399283190495 0.0015771014787571308 -0.04605627059662503 1
-0.00052354636136442423 -0.0022216972429305315 -0.070529285818338394 1
-0.0063129355546415787 0.006616445733922679 -0.014134876118364708 1
-0.017460945949183279 0.0070679988450828759 0.052409386212189248 1
0.013548189962733562 0.0069002535864013843 0.032816348299646907 1
-0.0063737239688634872 0.002258968728304122 -0.061715305838576998 1
0.014924024498725302 0.00078109643550134202 0.025946795041111168 1
-0.012184274677373076 0.0042395726665926774 0.020397989642930391 1
-0.022753702870998756 -0.0065385102123639805 -0.0095546063900797847 1
0.019755388013896896 -0.010044385427997017 0.02522671858337849 1
0.019945526154042308 -0.010090413144863185 0.030899166503575725 1
-0.012221608221136127 -0.0066020035115730387 0.0063643062128325607 1
0.0024426165204951308 0.0022871348015367781 -0.0131391256118908 1
-0.010765310401271771 -0.0072781375552491102 0.0028311946753913709 1
-0.02384503185749054 -0.0065975540501142203 0.029049691457235648 1
0.0091590557713061571 0.0087369063403457403 0.053369492292404175 1
-0.011703643943388275 0.0043534318588427804 0.028457506084512849 1
0.00065342128973657431 0.0089772915872528402 -0.016711138815452161 1
0.019213153094201574 -0.0047315021697871308 -0.0018248084667084848 1
-0.011763606214605669 -0.0091454172448147339 0.0023027657991830301 1
0.020505041623633417 -0.0079856115346281717 0.028592375946854334 1
0.01058980401500988 -0.010179992765188217 -0.0087765181379290732 1
0.0020381098091025469 0.0098254289216235975 0.062005189380457237 1
-0.019584487919905164 -0.010179992765188217 0.045488229670134078 1
0.0026096832007169724 -0.0048604417825117707 -0.020020232535898685 1
0.0068577505458805085 0.0022433072406441877 -0.018536221065675245 1
0.0012379069388224048 -0.0036388161880529729 -0.041187363943861514 1
-0.021051588006717217 -0.0077228700826208778 0.022070895417782975 1
0.020607054815634875 -0.0076943802423830084 0.0032529885893919793 1
0.014611604681476148 0.0070409341516475821 0.030203595658211704 1
-0.0010864678514535988 0.0025516825262457132 -0.030444470909474233 1
0.016053804153024816 -0.0089133472390811649 0.014086916844122435 1
-0.0093030878341868409 0.0091205425899631536 0.032802618214307529 1
-0.013185626478419485 -0.0055261981790465358 -0.013839713677000166 1
0.02484211445693222 -0.0048322118322974075 0.029445735488859204 1
0.014465715121839686 -0.0056129597601119715 0.0010250473107547506 1
0.014539953265661617 -0.0041676669434844325 0.053263298636102872 1
0.016799434121262599 0.0098025046681938007 0.041973630696755394 1
-0.020254720443709139 -0.009294043043279708 0.048613052753834388 1
0.0069086391007408699 -0.0022690833364102741 -0.020458209925925591 1
0.025381479541479991 -0.00027522752419703231 0.026713056255614199 1
0.00033027099290346395 0.0091973557647902372 -0.014400389594779291 1
0.021289737039270774 -0.0069026476040343048 0.033462314831546255 1
0.022406809031963348 -0.0010882725473493338 0.068706396967172623 1
-0.0203273774381359 -0.0080725572298201743 0.027851015875470373 1
-0.017170269525968947 -0.007366095523987236 0.035871134389799872 1
-0.0027304891961300298 0.0044163939617403039 -0.017997198526542545 1
0.022481066478057293 -0.0063514293963712115 0.01612605892517922 1
-0.017433410018671842 0.0045647893403167076 0.037812189748147644 1
-0.0058415029918289334 0.0065689591772239908 0.065449489686810788 1
-0.010960413471762069 -0.0074932478735403214 0.014396078378332648 1
0.013016397679341518 -0.0076567708388189642 0.018039228289868658 1
0.0040665552951395512 -0.00024882808793336153 -0.034882295876741409 1
-0.0010452365961411783 0.010002047225556702 -0.014884909826920409 1
0.023867199738618419 -0.0034989288724152218 0.027869603191729136 1
0.00948955153580755 0.0087403330253437161 0.051946241408586502 1
0.0037586163148180763 -0.0091444903854136436 -0.011765677682000866 1
0.0033651306538938844 -0.0048536208365400684 -0.021269978673015572 1
-0.0085326891177181872 0.008756425703382217 0.011894091023685894 1
0.0066372979872867275 -0.0091210350229918771 -0.010299934441316109 1
0.013783839859038733 -0.0092959192706429366 -0.003228429020483222 1
0.0073526686780639415 0.0087377095602976327 0.05432033434744294 1
-0.022859962425611953 -0.0072798445902114298 0.029207072947667747 1
-0.015910503021606119 0.0095323529187054598 0.021006303674814014 1
-0.024887750699737581 4.7537661075789002e-05 0.020570023041884412 1
-0.014028247644007622 0.0037712726604584249 0.019107474452559833 1
-0.020651989740813712 -0.01021149034407489 0.058518210622628547 1
0.022031670526090362 0.0004522241958507919 0.017902286412492013 1
0.024758551722179323 -0.0042959323878838272 0.030388970347864683 1
-0.011749017827474889 -0.0091308288576839539 -0.0049604831031431129 1
0.023068177444392289 -0.0079793468489479207 0.011523251683626994 1
0.016177776471661885 -0.0066343527494151771 0.031650898109915664 1
0.014565213509889301 0.0071836613682392698 0.03779565445233754 1
0.0019227151461448828 -0.0012928867048942663 -0.039458277295253461 1
0.0046200309880077839 -0.0034035680582746863 -0.067283261567354202 1
0.0030946079178811392 -0.0033700597954556487 -0.029894245174980485 1
-0.021930597420220837 -0.0075585169206054412 0.01848562247618056 1
0.022957688581324819 -0.00048770221881173909 0.020769573997852883 1
0.021496877690686936 -0.0021620043494264551 0.023082249486845577 1
-0.022722109744154072 0.0027279137557167346 0.019186651332286486 1
0.024175514055627862 -0.0022198714555803621 0.023690519135881574 1
0.021208904752142509 -0.0072202997367447081 0.014412981800932943 1
-0.012721037703717622 -0.0078870186733606181 0.0015644763594484812 1
-0.022661589775914523 -0.0046238238350032714 0.05279248355121556 1
-0.021238179328431139 -0.0059731551943446167 0.051537697500872497 1
0.014392866292033679 -0.006571958140757209 -0.0062114390691770435 1
-0.021046893567925298 -0.0065721759238518661 0.044808799606116952 1
-0.012849498007368535 -0.0080879882200515472 0.0033117550340266417 1
0.022034560203420147 -0.0060082479369074054 0.0033858542950379023 1
-0.015903241154791074 0.0018289927119196974 0.020386977665698577 1
-0.0099599627602155287 -0.0078163331016619479 0.0048109595405822674 1
-0.023391964267247541 -0.0051759212925619911 0.01368181280302695 1
-0.014544528068658332 -0.0085588647173021788 0.015543263146207763 1
0.019998552319007819 -0.0075933247997508431 0.0015012478530716435 1
0.0054113904292706133 0.0021822352522847194 -0.035456685320459522 1
0.017640982825428614 0.0066859825554574683 0.028180193774000089 1
-0.02239693046969712 -0.0062175499355345085 0.026180696462078473 1
-0.018350662469470567 -0.0076392639519478655 0.014931502880205737 1
-0.00057845605729573129 0.0096134190369236584 -0.010884073369245753 1
-0.019111911472291725 -0.0068187459520665144 0.031463974235324425 1
-0.019252030118702468 0.0046078682577060442 0.028869256023257597 1
0.021154115002545711 0.006579085559592069 0.026892980763393439 1
-0.0013831740619225611 0.0068262436960175076 -0.016692433301109755 1
-0.011936554307056061 -0.0074650535265364439 0.007783566767186936 1
-0.0041979326190436884 0.0059228336328294145 -0.019761372502065781 1
-0.019050549479285885 0.0098095471039414406 0.04239682909204151 1
-0.009662701515480876 0.0090239103883504868 0.018239692552015185 1
-0.0088685324881225824 0.0088554117828607559 0.02559641026891768 1
0.014671078424580613 -0.0096229888482842786 0.053775756523232451 1
-0.022627221645275798 -0.0044342251781225549 0.017356460658115341 1
0.020959813915431828 -0.0091565306929329727 0.01131999619363102 1
0.0049510656129039647 -0.0094156794030266101 -0.013296684948298634 1
-0.0030021350560263766 0.00087888110955497607 -0.05628743670667704 1
0.0035391436967638838 0.0098091473824191179 -0.012522158323332304 1
-0.02295686011975363 -0.006721687999693869 0.01376011906708363 1
0.014513591318971756 -0.010179992765188217 0.013410822575708749 1
-0.00044069449232206809 0.00023855626598245447 -0.060719278960425824 1
0.0032595104473792593 0.0025607103402095726 -0.028365496444338383 1
-0.00066787872998263673 0.0010149942638591272 -0.065216357085843155 1
0.016115874325433023 -0.01012237474354514 0.0059184980721563585 1
0.0092920629994069776 0.0034065163841449624 -0.01980902027159203 1
-0.0028521156779535992 0.0071894827876553304 -0.018115612071555331 1
0.01251975202488941 0.0068491284270052232 0.013738681787396928 1
0.016589550092694288 -0.0086904832486959412 0.024046770693871344 1
0.024459657492655669 -0.0024277968273808143 0.029827927512993686 1
0.00098356570909435359 0.0071852609277713534 -0.017230186675262146 1
0.0053504747338593006 -0.002986293982553991 -0.023519867055691715 1
0.0053504747338593006 1.8319726718412483e-05 -0.03430749525499302 1
0.022563295595565646 0.0049121394386837259 0.045801798613152832 1
0.0053504747338593006 -0.00096141743818823656 -0.021162469964139036 1
-0.0037579535618735872 0.0096849859623327865 -0.012235074163342217 1
0.0098307876334366249 0.0075547330047096356 0.051339335054779327 1
0.00036918830834753447 0.0098101867452184167 -0.013235365632859842 1
0.014303349450555627 0.0098073692496007895 0.039372794072946596 1
0.022226879592181607 -0.0087682160922261752 0.010383659673192623 1
0.012557017331106594 -0.0098442637319774134 0.0041354794336870716 1
-0.016601369455865787 -0.010179992765188217 0.032308385824486578 1
0.017016957799774288 -0.010116059294096787 0.0036175549742620853 1
0.025602776557207108 0.0015110016516421039 0.028119988230272574 1
0.012062540812337 0.0068033032738608135 0.017269447967906647 1
-0.019489736806639828 -0.0080859955696511825 0.023646089756422677 1
0.0013377030508291755 -0.0022760586725923231 -0.037477072325498316 1
-0.0061942525590892097 0.0088767488673665469 0.021573029783531733 1
0.002355763613223942 -0.0035808336955514375 -0.014052373348703417 1
0.018424085592736079 -0.010129603068162992 0.029438589809289178 1
-0.0099780840541030379 -0.0091279111802577972 0.0062142707804671606 1
0.023484605232386695 0.0021088246136430401 -0.0031431593103300242 1
0.0060056776273995638 -0.0016436991572845727 -0.042103655636310577 1
0.00061263675674404379 0.008137398077079706 -0.015043916315063325 1
0.0085139744696936821 0.0072257364023933044 -0.019246908407061735 1
-0.0063737087713837438 -0.0030259918088470627 -0.052751297027906464 1
0.021738498064041545 0.0037931962527422928 0.0070386821542237918 1
0.025382329593573675 -0.001408733595313629 -0.0085076269990971547 1
-0.00096175166421678178 -0.0032976662764461523 -0.05643959215465455 1
0.021026403540114015 -0.0099137072639872738 0.031435242316214446 1
0.013907894562162166 -0.0078417906728705973 0.0034515602694733302 1
0.021312375213151241 -0.0096996399975758929 0.026964443739388631 1
-0.012001817144784276 -0.0072545588755530332 -0.0015941522556771389 1
0.0054427645436259499 0.0021508611654462314 -0.047841711668362548 1
0.023729142687192516 -0.0019799984472372613 0.031008484427051088 1
0.0033298026037551858 0.00043113705083910555 -0.035667097831432765 1
-0.0089298004994831787 -0.0091279111802577972 0.0022640257523275538 1
0.016195556099856699 -0.0089133036489395454 0.015615572255518816 1
0.020575556874386287 -0.0088540876463146269 0.004993905962005731 1
-0.023114953663150264 -0.0083622709857095554 0.037838025638996499 1
-0.010979818490567936 0.0078481828616324533 -6.8439067466572151e-05 1
-0.014050231898518775 -0.0080513874181981793 0.0056404556398463443 1
0.025308013608999275 -0.0016549181269231838 0.0269920258426656 1
0.0012925241332771356 0.0098853694323967484 -0.01647899175179398 1
-0.022530853405772724 -0.0044688182736051562 0.020383018829317836 1
-0.020138539394951339 0.0056198042586409203 0.036820124419384197 1
-0.013317710901038544 -0.0088202741052179519 0.0049747785617337359 1
-0.024886460393637042 -0.0022652386335061335 0.021968132184133304 1
0.022946649906912916 -0.0003867927023151655 0.023209110125098301 1
0.0010112069732788086 0.00053050795300380613 -0.054438173982704272 1
0.0021182506618549913 0.0091461673644069926 -0.014843013144473362 1
0.022718336881432603 0.0079644008846549794 0.028830677377784358 1
0.02381273951469964 -0.0021649252522686533 0.026921332977161962 1
-0.022667361029898379 0.0073737859963072389 0.039320297416739952 1
-8.372333924796518e-05 0.00029625995587438924 -0.017642973011208419 1
-0.0043087351457558598 0.0080851140441005123 -0.014873946511844864 1
-0.011963041459235558 -0.0078132730110148287 0.0068130146933364352 1
0.0027557750907452241 -0.0048530744388699532 -0.045292628092100294 1
-0.01367334695532918 -0.009801243431866169 0.013778240885585546 1
0.020408020945431659 -0.0085113544500396484 0.0019358277003053152 1
-0.010411263748529628 -0.0045402518034509875 -0.012692215796065567 1
0.0089918402954936028 -0.0091219260357320309 -0.0099355194834060967 1
0.010742384020127794 -0.0092275150905392379 -0.0061431992935502685 1
0.0050438222068506962 0.0025498032173810973 -0.044841790978880948 1
-0.0036554718088442845 0.0064991917977459245 -0.019055168135601316 1
0.01325363353732315 0.0098214888583929294 0.050790681679198944 1
-0.014345918492192895 -0.0039275712241033196 0.016002717579679283 1
0.019337791449145703 -0.010142330295443879 0.0064004798623467701 1
0.0040816190327044484 0.0011539289104159265 -0.031298488333228527 1
-0.022040959072850527 -0.0062953571535724999 0.030220349400596917 1
0.024859953961645968 -0.0036095405532943561 0.032632416561540936 1
0.0041081403688313757 -4.3727429214204946e-05 -0.021279584462575021 1
0.002906106852279512 -0.0048530744388699532 -0.040984343952260832 1
0.0011480935290914193 -0.0078182650639384739 0.060159555287636966 1
-0.015763338668618627 -0.0074142564500474274 0.024061956561114328 1
-0.022307270137904772 -0.0090875523136400901 0.026298088935973095 1
0.022379073557342234 0.0082390254600204025 0.037508359698692664 1
-0.0036489990746052556 0.0072307645696822317 0.06618994159279161 1
-0.0031354410533091953 -0.0066919327418636593 0.069654860299304455 1
-0.015999472769206408 0.0020803950382469131 0.016727003913434218 1
-0.021426859160899758 -0.0091279111802577972 0.025605992300273061 1
0.025287151802331209 -0.0030784454429522157 0.025464922888204455 1
0.025497568305581808 -0.0032537922961637378 0.01824063272215426 1
0.0079250506753547074 0.0024106010502397447 -0.019895121776270033 1
0.0039740868313055304 -0.0019754876741058165 -0.030836350118852891 1
-0.017588283664187177 0.0038482822397794994 0.021208589493910936 1
0.0030508428751130374 0.0025516825262457132 -0.043550979713010828 1
0.003650511093998568 -0.0029188833017788386 -0.042387325137281683 1
-0.004497324473998426 0.00038095408665593956 -0.063491683118171757 1
-0.0027597967603614731 0.0054848783368290632 -0.016320984696115214 1
0.0019216474643471179 5.3466165064107015e-05 -0.04557540630651951 1
-0.0011029313114764303 0.003035876414949768 -0.013201408650333769 1
-0.02384503185749054 -0.006927102516805627 0.026856220734206182 1
-0.013236494246507885 -0.0092879278785545881 0.013970251708853458 1
-0.0095396337332289 0.0078791687158786053 0.030995043481501682 1
0.0012689526350730756 -0.0030915868973530681 -0.04505445253620035 1
0.023112633032078941 -0.0079351644694067545 0.0096402922677393879 1
-0.012555479304865003 0.0097939735278487206 0.0070618420431856066 1
0.0008161584846675396 -0.0048665592912584543 -0.019861325621604919 1
-0.018177744332842066 -0.0054454428217569359 0.011591505477181482 1
0.022477465351198791 -0.0074806167358737498 0.010757274817205694 1
0.0019699478771646657 -0.0048530744388699532 -0.043010900187844613 1
-0.01124133364636677 0.0057313555300209209 0.016267884459261889 1
0.023759484511236034 -0.0036004172837279724 0.024696769207869194 1
0.018841628085348255 -0.0075999548628550156 0.0248925545714128 1
0.0033702344858412485 -0.0022975892636212126 -0.04612368792017859 1
-0.011417134916658909 0.0052141107884096181 0.02246103937317143 1
0.020102441690400527 -0.0079026187926617385 0.0046422776712999533 1
0.018840145031336627 -0.0060605987789955689 0.034052294224065444 1
-0.014190607899368251 -0.0079329379280280946 0.0071133383336973539 1
-0.021160102492642503 -0.0091279111802577972 0.027268233017973768 1
-0.021972858669005821 -0.0085619581052727746 0.053786534720983437 1
-0.01660366103931292 0.0097388567068055973 0.032511854076598942 1
0.024607342948610403 0.0040295802708245412 -0.0073421145541196099 1
-0.011269993882500468 0.0095611782534817079 0.024060317161833794 1
0.0050427669569601246 0.0025508584923757257 -0.028686014773010318 1
0.00089461303540497479 0.0025516825262457132 -0.052525550370096617 1
-0.01160706308324014 0.0093445426615520327 0.019260785685062329 1
-0.010892890948393557 0.0077593483332858678 0.02982841272903573 1
-0.017186711085265934 -0.010176771515172931 0.027901197454730169 1
-0.01950038941568457 -0.010371374424114406 -0.014687279588332864 1
-0.013790418815842521 -0.0098228566463942589 0.004012238475329246 1
0.017732256435291385 -0.0040689519040328498 -0.0054092585232157851 1
0.0053704315295133699 0.0011043141681042815 -0.028469895188742329 1
0.015965602872790564 -0.010176414313267251 0.044076721073854554 1
0.0041462329088047846 -0.010179992765188217 0.057499472025144445 1
0.025510933469286956 -0.0015573443115864769 0.020440304233380037 1
0.0041652034255161728 -0.0010919805416810201 -0.06015687363444177 1
0.017520839165287648 -0.0077114238629627406 0.047537272917384132 1
-0.0063737239688634872 0.00082584617272934415 -0.056088435162219966 1
-0.022220502129714905 0.0026953490864535571 0.025549563362852093 1
0.020282697112149705 -0.0049838162606717362 0.011839983404258408 1
-0.023345133550314454 -0.0080306959283906812 0.023128100271976176 1
0.0059188553132116795 0.0045183176407590508 -0.019085243344306946 1
0.0026407131289724883 -0.00072867270075262474 -0.036289726604765281 1
-0.01643407275596101 0.0074424109763254545 0.017052802888320014 1
0.0035154765224630138 0.00085757745466182023 -0.061166900902203572 1
-0.0047318574528109093 0.0066175642296016817 -0.016601338617921596 1
-0.020333815032844885 0.0058386460124863577 0.048879427946605741 1
0.0032749376447940232 0.0025557819619044437 -0.036283305935631713 1
0.023535405777203498 -0.0036110968182173808 0.030002864899599645 1
0.0068661292491091928 -0.0062082011934129835 -0.020125969920547559 1
-0.022858900797939841 -0.006063320511967835 0.02313844028519765 1
0.019902728666215643 -0.008524374192592183 0.0062003020188814194 1
0.025392360053956509 -0.0028882106998935342 0.032621720805764198 1
0.0026009898512372558 0.0013415571590305591 -0.016275189728577829 1
0.020846361588512299 0.004722372628378952 0.0012109520011381514 1
0.016348726367714849 -0.010112384077399231 0.021087499675173104 1
-0.005745310446341992 -0.0054169671843790346 -0.0099023997285734213 1
0.014511924829216226 -0.010150503444628442 -0.007321015128827814 1
-0.01201688951441883 0.00487611329531482 0.018505514555944954 1
0.0031058095796656581 0.0050858071098281938 0.06133153262728519 1
0.0059737588868175621 -0.0063583437199210575 -0.017030737185481728 1
-0.0017666526060336344 -0.0033379542630274203 -0.013775855690877808 1
0.025523351820422202 0.00015819279116939647 0.022700974387349845 1
-0.0011872544327272063 -0.0023957661365351392 -0.029885921501828575 1
-0.014591167571231684 0.0063911044742356454 0.017772922080191041 1
0.019537048068223987 0.0034401648993061282 0.03646170075432028 1
0.0082785674936585434 0.0012518939304306598 -0.018556341457385602 1
-0.0092849554393059953 -0.0091279111802577972 -0.0028474338857995135 1
0.0036899760276151695 0.0014835868173539506 -0.031784620800894912 1
-0.022266911342740059 -0.0091279111802577972 0.023540306946469577 1
-0.016616728092414098 -0.010179992765188217 0.039881868733111836 1
-0.0099599656751344599 0.00058907703723464931 -0.010094202110749141 1
-0.0063737239688634872 0.00062170348395515517 -0.053154378243818211 1
0.0046906728542311232 0.0011441919537130581 -0.059438138845929488 1
0.0025021793658370761 -0.0040348320580825383 -0.021069513081506855 1
0.00089769525268062231 0.0025516825262457132 -0.03088703748409679 1
-0.0024435584484766111 0.00089013574737491631 -0.065642040239437802 1
0.0043368125671147308 0.0013051767122420151 -0.03968663259445513 1
-0.019330634123907172 -0.010223848936084409 0.055134523232930319 1
-0.013015986781801181 -0.0069040256346311023 0.015240730239999303 1
-0.00097043213481359802 0.0099451644596233214 -0.015811127751812502 1
0.010617332887366727 -0.0005028542139239859 0.013801508414211457 1
0.00087329962371981941 0.0031769010916674781 -0.023330527164466763 1
0.0020925474906447307 0.0070695675205483567 -0.017204295047868159 1
0.0070456801133198365 0.0075543294495170384 -0.018412407603373326 1
0.017563244468914479 -0.0067904035468425829 0.0066731325346215016 1
0.0098328384762905226 0.0079296423201510036 0.05276198861560108 1
-0.018067882779095476 -0.0075694978023887194 0.040451006775575116 1
0.0049589935009297387 -0.0048530744388699532 -0.02746185969479328 1
-0.011769441569457983 -0.0091512525996670473 0.0052080653601134872 1
0.0049022576793668476 -0.0048530744388699532 -0.032170069526144707 1
0.0066208235982907569 0.0038781660522807073 -0.018002609944953857 1
0.025602776557207108 -0.0043918625382484032 0.010054470356548805 1
0.0023693358641820746 -0.0031087841839291639 -0.022093684607254395 1
-0.012033554502778789 -0.0094153655329878537 0.0050562695076343325 1
0.019939118883423923 0.0077527638922333811 0.021979346632604931 1
0.0024889510309557437 0.0095731444508394842 0.066418291993721457 1
0.0039999283137798075 -0.004803270710494181 -0.060042743159262182 1
0.013847926820344355 0.0095260724222700436 0.066628547237325086 1
-0.012337141956330171 -0.0093998966561440241 0.007210147587301978 1
0.0083782445886167803 -0.0091442329675200367 -0.0065827404642145376 1
0.0045723065826074353 -0.0031188340199068882 -0.030728911120051754 1
0.0098458518978171913 0.0095763054806206529 0.066523150442969484 1
0.015050323803200134 -0.010179992765188217 0.018464454072439324 1
-0.0018465282944578705 0.007865900768016609 -0.015302242177725222 1
0.0053435585886555835 -0.0039338008829576474 -0.022514706851320031 1
-0.023717036685440254 -0.0064622144396535323 0.039483588531961822 1
-0.018163678738053669 0.0070907624604987342 0.042523606096977348 1
-0.013284559194475212 -0.0087810681700634906 0.0072525498001266625 1
0.0050749011718849895 0.009228245829374402 0.056776668640227977 1
8.9042731186192545e-05 -0.0048531506122491998 -0.023963533402682556 1
0.0085003129434160444 0.01030467693183015 -0.013046297866394069 1
0.0014938881508699746 0.0025513883715217477 -0.062450835705519653 1
0.0037288284553819145 -0.0032876766957179874 -0.033582542804285624 1
-0.017259894778521422 -0.0085549577019912604 -0.010385356156027297 1
0.0045290798513267332 0.001633012490786891 -0.048586726882446779 1
-0.0035432431786102223 0.0019394243970627233 -0.023314743855191208 1
0.021346333936409136 -0.0095873756086961581 0.010840188492205577 1
-0.015184802367181036 -0.0055889611400754624 0.039129964907910555 1
-0.018268866868879585 0.001965843435489703 0.023687044557037875 1
-0.014609365104244964 -0.0053227471952870696 -0.0074477860329358568 1
-0.020617600239052618 -0.0059433476312835808 0.019761994952191369 1
-0.010213824359206763 0.0092554672729425209 0.0019979276721553176 1
0.010247461578300508 0.0085311551700251939 0.053637403377258558 1
-0.0085749973505693505 0.0030697871815532703 -0.016894684374057375 1
0.024582685708908078 0.004958352803158303 0.0021600952934444579 1
-0.022981719628055463 -0.0047204403894447397 0.023112383095814964 1
-0.0041971969449039609 0.0025516825262457132 -0.063040751105062839 1
-0.024849523527840853 0.0032955291528402085 0.034734324802291702 1
-0.016838673572502696 -0.0071807641393796615 -0.005893172283513032 1
-0.024877523412968634 -0.0014591151774517594 0.033799056997568216 1
0.0067367716201268638 -0.0091330832849678481 -0.0084473090302642061 1
-0.021193240842966848 -0.0095220415684980908 0.019111625248235516 1
0.0024178834702035471 -0.0048530744388699532 -0.037134890505572407 1
0.0024814203846809184 -0.0030626148757199852 -0.023570316575906438 1
0.022258105295168803 -0.0086039043850719282 0.0026077503484027041 1
-0.024880399867651705 0.0071205207599091972 -0.0018935476338588463 1
0.0022710007149547786 -0.0048530744388699532 -0.048094273908533776 1
-0.02384503185749054 -0.0054653320517182606 0.028905646011333015 1
0.017966465437808884 0.0076223014477571583 0.024992197917336156 1
-0.021372208549170362 -0.0067335907637513801 0.041286203809390513 1
-0.020331850202897843 -0.0091279111802577972 0.04317258693645544 1
-0.015097051754270445 0.0078231788986708149 0.020701416065057494 1
-0.024890461223495104 0.0071712429345940241 0.0053966291016368621 1
-0.012076507154688117 0.009368469995557906 0.013888352148012033 1
0.0028916590953404096 0.0019196986153320892 -0.03395021368445069 1
0.0053504747338593006 -0.00034057075943084818 -0.022086345960569447 1
0.010567031094834216 0.0092072626381102841 0.053245346735203355 1
-0.011274057639940721 0.0081552237711411714 0.013354925137622235 1
-0.004293285013449318 -0.00053570511979506475 -0.038941556286510907 1
-0.0034543416327387209 0.008602027258839056 -0.016312283267057661 1
0.0059525249759675505 -0.0017154707463644828 -0.053342347889416823 1
-0.009209499738818459 -0.0062473813831399327 -0.010210505036683552 1
0.020329023155141263 -0.0088304032090570726 0.0041083270501924207 1
-0.0054439713712781668 -0.0029286534409038723 -0.066570896655321121 1
0.0022689708566758782 0.0012912680394947529 -0.029050042387098074 1
-0.0043825472301381972 -0.0031862695908812331 -0.022569900267053911 1
0.010232050603810392 0.009207329417170864 0.054320587148341634 1
-0.014903672353526303 -0.0087688192559700982 0.01927837737707121 1
0.0023043293308482975 -0.0048530744388699532 -0.027276974005066797 1
-0.0024339489493479432 0.0025516825262457132 -0.062627757853810903 1
-0.013231768551857235 -0.0071623353916253178 0.0046929104126466718 1
0.0038743041619766798 0.0038586579793183978 0.066996515340252569 1
-0.0040938381249639956 0.0054161446055778738 -0.014552413234680385 1
-0.013383054872974753 -0.0091279111802577972 0.019567039795219898 1
-0.013693469527863426 0.0077043710700559365 0.027344909471255244 1
0.011389651762025898 0.0088153298139519078 0.04124853544779164 1
0.011593360279364142 0.0098225702252019518 0.051115637410009643 1
0.020696651726583637 -0.0096405872362885572 0.0067236781292494066 1
-0.019035856812065183 0.0098095471039414406 0.046097880017067945 1
0.024554649722380591 -0.0040905612460398599 0.053025603256217427 1
0.013297433824233772 0.0033770323474049836 0.014764153608357044 1
-0.019065242146506588 0.0098095471039414406 0.038695778167015075 1
0.0027498787385411556 -0.003170731768477709 -0.020681566093116999 1
-0.00011405125607918975 -0.0032201031809887802 -0.021844801033259829 1
0.0047758563664552509 -0.0019963521470821167 -0.019469511579426363 1
-0.0016423290542117918 0.0025516825262457132 -0.050122801273392366 1
0.0040741292961840835 -0.0029538848842077408 -0.022055697614097685 1
0.0040577884064987302 -0.0029784642683807765 -0.024565093917772174 1
0.014092463547853035 -0.0071024815130585487 0.0063844172883640912 1
0.0020549682965723846 0.0012332347538251227 -0.034915663549743688 1
0.016409326125043974 -0.010179992765188217 0.013307108060515856 1
0.0026508974851837523 -0.00034985149347047247 -0.018426935425481284 1
0.021585985655338227 -0.0083009487793617703 0.010337638707768007 1
-0.0064029586306088085 0.0080129776623850176 -0.017517759715260216 1
-0.012307809918085635 0.0081667348490586534 0.023935397721869336 1
0.0047741937050079673 0.0061018195419071256 -0.014830558257252307 1
-0.023159588569853572 -0.0080323728283142205 0.055168893014368274 1
-0.023286069390890743 -0.0073081144775661109 0.040067725534944205 1
0.011902335715372241 0.0095007551198174368 0.027738530910380147 1
0.018945604220223729 -0.0077848344120962721 -8.9344389804838327e-05 1
0.0020516184715895286 -0.0035894757321332472 -0.028641421579463835 1
0.019491355662413497 -0.0091214592235989069 0.0048070855507827311 1
0.010499825639530001 0.0085239437372468078 0.051850500796918879 1
-0.004073873751302564 0.0016068332687439967 -0.061873210965225502 1
-0.024788451159719765 -0.0053863023757309888 0.013283239864837749 1
-0.012676331614560533 -0.0081328340376402228 0.0050676082531274499 1
0.013863172340398985 -0.0086428871078677496 0.01401063445856411 1
0.014357071924948509 0.0083711344862994457 0.041574663271607519 1
-0.012516460617204527 -0.0047561035647547458 -0.010309547981972596 1
0.025602776557207108 -0.0004740827587647713 0.016191332483092482 1
0.0034383419344106375 0.0025516825262457132 -0.045958065989311597 1
-0.021272375803020261 -0.008317139173476748 0.02487073402677769 1
-0.013069178007170359 -0.009525042795162933 0.0067206468611056766 1
-0.024734164556559343 0.0059458271184237967 0.028322309141704288 1
0.0038215415278449265 0.0025579700866447028 -0.031805775323970192 1
-0.018444594573014016 0.0082725927484210079 0.028302486132250334 1
0.0053446649108082056 -0.0027468713221065334 -0.021531597499125095 1
0.024550694972276688 -0.0055936373904705763 -0.0013372733108189313 1
-0.012285920738880759 0.0068652761491346968 0.0072582465363309322 1
0.011528940918683058 -0.0091279111802577972 0.017841156604782103 1
-0.0021006791238936551 -0.0027863453730478899 -0.066293591159620843 1
-0.0017323349452763141 0.0059473457549205373 -0.018306569957696608 1
0.004672557920744857 -0.0033590088241684884 -0.028393242773638788 1
0.0053704315295133699 0.00075706952377071926 -0.026045971297364953 1
0.0040882988400156757 -0.0019283245396815839 -0.021306909977992301 1
-0.020892835749372212 -0.0075427899795643075 0.025831433193959735 1
-0.021388650036455476 0.008600875437931841 0.052049675894507763 1
0.025331008906242684 -0.0018937709732408743 0.025860485961390033 1
-0.0041198048285617092 0.0025516825262457132 -0.035816004452767287 1
-0.021296706306618132 0.0086886408208159231 0.047803347585637757 1
-0.00023913721074259338 -0.0027390322091275978 -0.0427874022380672 1
0.015047699168865605 0.0098053891109148115 0.036301606094336032 1
0.022086650037827418 -0.0064434848205859483 0.030896100305282791 1
-0.0021214196346286615 -0.0025062476828190332 -0.064724074288249056 1
0.02486947056122836 -0.0038124873483130089 0.022879888542398572 1
-0.0049746832536169058 9.5847806879559436e-06 -0.036626245686017932 1
0.025017170091476172 -0.0035861031303510392 0.027024344589113548 1
0.0016819840057235487 0.0046408918152185041 -0.018625932391524103 1
-0.0047015429546709417 0.0022071316215783537 -0.023299447572239434 1
-0.018793728541586712 -0.0084265351081310308 0.026343316424280443 1
-0.0086336275562644005 0.0087677384726703167 0.032688871026039124 1
-0.012922586312303745 -0.0079099598668898215 0.006107103355886343 1
-0.00083319025203751167 0.0087574664503335953 0.035839042258240257 1
0.00019752049229362223 0.00029960104297695986 -0.042283501045461545 1
0.018487070396236562 -0.0081602843946560928 0.015588786739871045 1
-0.010281752584643632 0.007174278681589122 0.019698530709519557 1
-0.0011537096795869758 -0.0032398952074402044 -0.065623923226585099 1
0.0017759555923916549 0.0085114601992819193 -0.016896050700829997 1
0.019859766121953726 -0.010136558208614588 0.015680569224059582 1
0.0045108711562210487 -0.0032246765545391131 -0.044107036889760941 1
-0.0048946558438088877 0.0077789806017132404 -0.018926189969914974 1
0.022980791671915454 -0.0080656199192912434 0.018288100605841615 1
-0.01785008353879532 -0.010172367928870074 0.016945856773860637 1
0.0081627908499247188 0.0087441894743727593 0.05150270597065118 1
0.0028199947549581725 0.00061550829760683866 -0.063169841082976116 1
0.022267157320483424 -0.0070391341815478183 0.0063642897982039148 1
-0.019896254646365782 0.0059438057661049936 0.05193803773684242 1
0.003767608791325735 -0.0042599138318690517 -0.017454057972059536 1
0.0051370679388871949 0.0041186621674878078 -0.016651331826050369 1
-0.0063737239688634872 -0.00051798314661541086 -0.059738095197308966 1
-0.0079516309445818653 0.0088841256933960625 0.0039990035381250524 1
-0.0023847904051465421 0.0067061809815089591 0.057063744399485548 1
-0.020034201446819812 0.0098112908863865304 0.020118491971169449 1
0.0015618059913334772 -3.6898366354809273e-05 -0.060726747159590692 1
-0.0037607632128411643 0.0031691187641815404 -0.021127692167937293 1
0.0095259626410660238 0.0081685985226920416 0.055760329411786373 1
-0.018001541869333296 -0.0061011646856315325 -0.0087625350985374665 1
0.0098583834463863654 -0.0090762394219928381 0.068338341746502954 1
0.019915175284306138 -0.001504390694325123 -0.0025836934045401464 1
-0.0060573742607561796 0.0025516825262457132 -0.063415644708838537 1
-0.0060417384488368163 0.0025516825262457132 -0.059228370021481763 1
-0.014580902320230609 -0.0076185736023808041 -0.0088458397324073634 1
-0.021271545555996585 -0.0092651589998511107 0.050468566303229642 1
0.022316758520901203 0.0080066041555255651 -0.0041566737345419824 1
-0.021017292774316531 -0.0086139973954292518 0.01803980129346092 1
0.023502359508009451 -0.0022617098714998339 0.019012069907946669 1
-0.0013782522953419616 -0.0034294148306578216 -0.064653224720919764 1
0.0024937201629326093 0.0031602103252164242 -0.019845913119626003 1
0.0023634652222670974 -0.0048280629712233293 -0.061440233958622657 1
-0.0046421277294891455 -0.0036581541832709178 -0.02961340929332144 1
0.0026671186790155235 0.001363589076120698 -0.035993989700623501 1
-0.00071747008662846959 -0.00099435586889249196 -0.053743060198124436 1
0.021232299414877698 -0.0072784138927296793 0.0085896482683616351 1
-0.0092768351444338145 0.0073251395455273226 0.016039585459507906 1
0.0056911461194379424 -0.0042038712511436845 -0.034106234868257132 1
-0.020637356703418885 -0.0032032838235364429 0.041938515540489961 1
-0.0020869659775277611 -0.00036468946750325661 -0.015075984406493766 1
-0.0011647536180212355 -0.0042360113002359867 -0.065384350548998368 1
-0.0003168457834751153 0.00054413254407620023 -0.044541943729626464 1
0.014690567273646593 -0.0091279111802577972 0.025953446514904499 1
-0.0045162718239582294 0.00090964516958389201 -0.023402600765166787 1
-0.023311677382013726 -0.0082229170343231881 0.04410800400105136 1
-0.0013770431978628039 -0.0036850903416052461 -0.068741558119654655 1
-0.012813445529900491 -0.010085305431857705 -0.0043305298313498497 1
-0.012843973119743168 -0.009895930765196681 -0.00016532372683286667 1
-0.013141041595352872 -0.0095969063833454462 0.0056426936109030632 1
-0.0012208955533421953 0.00064860894297982515 -0.055311442489957695 1
-0.0059589569310885366 0.0025683670845086468 -0.02132524725906482 1
-0.020967619998671125 -0.010179992765188217 0.0537437639859722 1
0.0043959899209104827 -0.0066798936612908009 -0.019788710380442383 1
0.00066050307305358163 -0.00048326232650717989 -0.049561883075340707 1
0.021626928202417333 -0.0080384907721687392 0.0058681792268383583 1
-0.011453183325438883 -0.0091279111802577972 0.0071803508430736797 1
0.021587379382716342 -0.007718681227753924 0.0011638791240908271 1
0.01166848897075087 -0.009902445219965729 -0.0072766472039356355 1
-0.023233348650058012 -0.0082763075721910603 0.041095073290588216 1
0.0046937824025610015 -0.0024360517122138693 -0.02138919629538091 1
-0.013086954596960833 -0.0093377401711673396 0.012315262555852911 1
-0.017252831715949709 -0.0039041064051817632 -0.00133501812331012 1
0.0079272531789464327 0.0073427889306751952 -0.01598229890766897 1
-0.014075741069981117 0.0080302828155309289 0.017326653806744381 1
0.0039214677852972427 -0.0016779701746077037 -0.037894104485774981 1
0.022762322212935795 -0.0053038451513715262 0.012100513898567193 1
0.0053504747338593006 0.00044531065373679704 -0.03563352460051071 1
-0.020279292541503194 -0.0094688544374346029 0.050000457025209277 1
0.015079047491779816 -0.010179992765188217 0.023747631552879251 1
0.025530104312627717 0.0039724766839975435 0.048749152095046815 1
-0.01986033591919889 0.0020663880865757832 0.027092463198892351 1
8.3395875880007408e-05 0.0019346193876117468 -0.022395958835966841 1
0.020721419727340217 -0.0089700441954273982 0.0027023639889405095 1
0.023858436543885458 -0.002024938598258144 0.028682878295141413 1
-0.0032277437284321795 -0.0015809654401381735 -0.067788080374109383 1
0.003268539128588301 -0.00097722716202529336 -0.049673828897354028 1
-0.01348437408469888 -0.0095910335903567016 0.0081666852756064785 1
-0.019910386099080964 0.0087574664503335953 0.042798196967474125 1
0.0092101363698020577 0.0098095471039414406 0.054120494518429041 1
0.010103736422024667 0.0098095471039414406 0.051772547420114279 1
0.0030837519874179751 0.0025557985688634305 -0.034663844895875956 1
-0.01321072554566524 -0.0070828584649765981 -0.00031009020902943586 1
0.024492195048757638 -0.002866456954744545 0.025978551962564309 1
-0.013061201199889183 -0.0091279111802577972 0.015417549293488264 1
-0.011790591231839688 -0.0091279111802577972 0.011517185332776899 1
0.0053504747338593006 5.3912191526374331e-06 -0.030378007308713522 1
0.0056398786520728836 -0.0051002210611390706 -0.020235305424920313 1
0.022902700838363436 0.0076966773766200093 0.043723919474291786 1
0.011840091751195591 -0.0078304029570996324 0.01146595732621925 1
-0.0063748343876455617 -0.00017653720390769221 -0.063975196751879987 1
-0.0041536848677038926 0.0025516825262457132 -0.057249569488948875 1
-0.0098694386602332981 0.0074417830852936849 0.0026705343164851922 1
0.023028592817184321 -0.0068231253152004753 0.011776831373679793 1
-0.022652107485111438 -0.0039735252197929454 0.024702211611086679 1
0.010910271337753491 -0.0091279111802577972 0.021083018496251472 1
-0.0071184930812451998 0.0040812775468885964 -0.014316015164442935 1
0.017230925497808604 -0.010134124021717024 0.018951237277996889 1
-0.00058065921489734284 0.0025201187488178432 -0.067006909608384776 1
-0.011663224743042419 -0.0070848846701752509 0.0049318172386086977 1
0.010604101071974289 0.0079782482979491622 -0.013085072311803015 1
0.002784986631013453 -0.0085794604383409023 -0.019269348587840796 1
-0.016224820851860954 -0.0076665044483413521 0.017683392207575237 1
0.01401490416391237 -0.0083427534350670116 0.011966332495092831 1
-0.021553971033428959 0.0068340146909101939 0.018725339968800114 1
-0.023897003824527367 -0.0053975195252691623 0.022370230795539292 1
0.023423233728567663 0.0014977899717044316 0.026970175927525146 1
-0.010894648900292042 0.0079518102563160137 0.016232746733478097 1
0.010961058988124385 0.0097499140568951571 0.049532322783437069 1
0.004684768900060518 -0.0027182268661617324 -0.032837197634463161 1
-0.019855554008208268 -0.010108689087321938 0.023892443839798883 1
0.025354258716106415 0.0025446363724768162 -0.0083217250648885965 1
0.021868909605013833 -0.0080541323056753204 0.0077264240265569302 1
-0.018707136819965494 -0.008148462551155292 0.020220206183224339 1
0.018898227145770427 -0.0022362899971278523 0.029978648898718534 1
-0.023656650004618991 -0.0075477669992116986 0.05106002137995682 1
0.0025857636896654038 -0.0028660439389804754 -0.0406282306822335 1
-0.020519788223942164 -0.009590729926523411 0.023646313428374626 1
0.020842816869897623 -0.0073525150246745528 0.01011841236789115 1
0.014335994557561439 -0.0092406485307215576 0.0176035096655228 1
-0.01595356399700338 -0.009926240256775451 0.0077328449023825289 1
0.022511868034761767 -0.0073896313698361442 0.0052402238423412293 1
0.012493873946368694 -0.0096184085123240948 0.0098665689583867788 1
0.005370844685453964 0.0020587084767808334 -0.029828508823307634 1
-0.011284314864622558 -0.0072201220721227416 0.00048478988346500331 1
0.025602776557207108 0.0036167786850442255 0.0103694470437508 1
0.025602776557207108 0.0034843913670238873 0.015494726060974219 1
-0.021525485136430954 -0.0093017595414850735 0.054657233831448521 1
0.0059546823613345623 0.00084190358757041395 -0.049285668879747391 1
0.0053504747338593006 -0.0027821118649175415 -0.026549015847793754 1
-0.02384503185749054 -0.0066181126571495047 0.019229574807803643 1
0.0040953685578639064 0.00048194108925219147 -0.054971701792137437 1
0.010589935613070799 0.0098218619325256395 0.053575005425014761 1
-0.011245277815096266 0.0094896383570628462 0.022513544814330717 1
0.013174745701250521 -0.010154507487999806 -0.0086130459917682992 1
0.012253457143593143 0.0091896127871125277 0.033067221757176871 1
0.013038747943937778 0.0095465269405394793 0.039774989243596792 1
0.0031456949832164446 -0.0033257695488724914 -0.038974549665914564 1
0.0042391613450967073 0.0025542195049713416 -0.029744960463813776 1
0.0011358755551199137 0.0088541563271466971 -0.015854124591786953 1
0.017655342089242649 -0.0079292369159218168 0.028055868500745065 1
-0.0063737044978105064 -0.0037815062957752281 -0.050550434635455929 1
-0.021905173404158446 -0.0083441982580840894 0.025937458757285502 1
0.0046687357717150966 -0.0034223148138492468 -0.02144507968361322 1
0.023555511818607853 -0.007490870937028004 0.012895398492464606 1
0.01453355497460676 0.0051367892813181321 0.038169316866169881 1
0.0049783072627455618 -0.0022794737961172032 -0.017705917794107198 1
-0.018450215812799542 0.009614137081037739 0.017636683748858201 1
0.0034362084379232216 -0.0039002687965677433 -0.020225496210163892 1
0.011837515933004568 -0.010157062616570943 -0.01009573784406758 1
0.024105881337447514 -0.0023114304438351294 0.025243171347556517 1
0.00091077484472642525 -0.0020451289258069444 -0.016235409330001584 1
-0.024110546668495374 -0.0064493964602652786 0.016432482961449731 1
0.0044126705033704638 -0.0044122799299657345 -0.064217191189527512 1
-0.0037168131675571203 0.0013090796419419348 -0.031687570735812187 1
0.014952986518136833 -0.0088001496674467491 0.015085178242262054 1
0.0037301714486619678 -0.0048530744388699532 -0.027605719344831775 1
-0.011251491477676824 0.0064307774054535331 0.018580500938487371 1
0.019801237522940811 -0.0093279189667227948 0.0071733814505753508 1
-0.013288490993168239 -0.0079021408366872336 0.0083774467883705739 1
-0.01714901552311892 0.0098057347656767165 0.030464105220313727 1
-0.020746713779260177 0.0069351088961894158 0.024144961855923925 1
0.0053504747338593006 0.0011509862496685949 -0.03128815819820413 1
0.0024765155974684678 -0.001220716777373833 -0.048016776386824007 1
-0.0021206370602212723 0.0081147004545923836 -0.016712578373439087 1
0.010779890392355102 -0.0091539724125610719 0.011441332474354126 1
0.0027548197555523888 0.0012362506277953829 -0.033919462317078937 1
-0.0096801764006439178 0.0060176997350903693 0.0049773287262853396 1
-0.0039830646401710487 0.0025516825262457132 -0.054234355805128052 1
-0.0055799740926802876 -9.1919290985800964e-05 -0.05163965226161174 1
0.0043425240340544532 -5.0181508999639474e-05 -0.045563448650178077 1
-0.0035564158105828797 0.0059340050658414425 -0.017803444697593249 1
0.00380197270437176 -0.0026472421109599055 -0.019740291347717841 1
0.010651826198454546 -0.0093571375514321514 -0.01036720377231384 1
0.003657442509642748 -0.0033460636071110626 -0.028548020351766453 1
0.02225791216031478 -0.002235505690903502 0.02666013225716149 1
0.022687993656427648 -0.0054118625853476279 0.0054706970783350356 1
-0.015751651538745866 0.003463654577473585 0.023367984367871228 1
-0.022266911342740059 -0.0091279111802577972 0.047696410115866193 1
0.015193656596019111 -0.007227312354053942 0.015239205863823871 1
0.0050344595989577114 0.007360233597123819 -0.016673445830673591 1
-0.011315491291802773 0.0092459586915830273 0.017201576618210517 1
-0.013451044198940857 0.0045470298313954258 0.017125846408847494 1
0.0043970596159725742 -0.0031522596099107492 -0.029619726142072363 1
-0.0093645057464392476 0.0088168389590942472 0.0068782711801807454 1
-0.014492783229798079 -0.010179992765188217 0.019321521278470755 1
0.02305180630231473 0.0075975275420942043 0.039889260857566194 1
0.010960975662262815 -0.0091279111802577972 0.014749396257888535 1
-0.023656310427243109 -0.0076522115564058501 0.015373464488150343 1
0.0032270962104831175 -0.0048530744388699532 -0.02504684156183442 1
0.025407627974820553 0.00071410147139542137 0.036685570481392156 1
0.0034272208104854157 -0.0020308618302479738 -0.03296320257911603 1
-0.013362452136098282 -0.0038532885241998973 -0.016829729369405487 1
0.0040631074458172363 -0.00088095864720428966 -0.033975719052349418 1
-0.017177118594715889 0.0068569369616464588 0.049166138419157006 1
0.0040197964957823882 -0.0018427734558861223 -0.032838615971673146 1
0.0040515090076891185 -0.0010840809684142213 -0.02936870208667549 1
0.0040605957743126723 -0.00014071894568905914 -0.033093447356957462 1
-0.013156060639506102 0.0067381484683062967 0.029921405900501755 1
0.024550694972276688 0.0052388838151001026 0.030988468400879644 1
-0.024094409826513594 -0.0072433883516139063 0.023716386620719905 1
0.013807515736999719 -0.010165252965379042 -0.0063206427710954562 1
0.0034043595575568466 -0.00077813845469525903 -0.042791449873226403 1
-0.0034734514934102916 -0.0029689773477413516 -0.050708094374594025 1
-0.02384503185749054 -0.0054910449948143711 0.042045018169244136 1
0.0048380875097320288 -0.0092709433487234271 -0.017060898946052918 1
-0.023783299635374486 -0.0076057661250957097 0.028980916882260167 1
-0.0015052679454817977 0.0025516825262457132 -0.031768427031610674 1
0.020889971619953176 -0.0073871817991507903 0.0020895684008728904 1
-0.024821363389492035 -0.0054483325220644474 0.015753613784909248 1
-0.018298663679861372 -0.010199731472308576 0.050789181415115549 1
0.001353060719021461 0.0019355015829205513 -0.021271196596128236 1
-0.023332741297794106 0.0085874618461171722 0.024458255282930851 1
-0.017305442101055449 -0.0039260062966457602 0.029733520231027055 1
-0.011633500527178316 0.0059649730105101311 0.020058711744997442 1
0.0047592920647774335 0.0015328200608718033 -0.034102424106964645 1
-0.01100393554881493 -0.0046227023732716655 -0.019551813540876251 1
-0.0023430184893217273 -0.0048530744388699532 -0.041590157360326119 1
-0.0012143935697385207 -0.0048531533176576682 -0.025289220584780742 1
0.018476237133562199 0.0097985550180427327 0.03843905365010631 1
0.0063298085483830171 -0.0015320257917547252 -0.020403408451773311 1
-0.012973372755180883 -0.0085315423910546726 0.0094788981528759284 1
-0.015683225640329986 0.0066152687104942638 0.042098737391470638 1
-0.01272508174031319 0.0075445962098065139 0.012200392969623049 1
-0.022440241464003474 -0.0067188600417123637 0.02794845467497668 1
-0.0028675194239688854 0.00092067565469608644 -0.054446050924403848 1
-0.00013239832747312277 -0.0048530744388699532 -0.036049452932404566 1
-0.0024992435156113188 -0.0028759372846329351 -0.053215831913338715 1
0.020221759594573341 -0.010148146364866915 0.0066025441366388635 1
0.017313243068868462 0.0066595706521447706 0.022485883769044354 1
0.005884277168661356 0.0024972539395093918 -0.061493044719099998 1
0.0025165379593553756 -0.0010913986421583956 -0.056468039856503331 1
0.018367558741115595 -0.0067057895221312672 0.042988898885395546 1
-0.010844627905515615 -0.0091279111802577972 0.0077017946571915942 1
0.0014248102069528467 0.001255607494854428 -0.033369772493622572 1
0.020188939180690962 -0.01015360973027985 0.0077578494886741886 1
0.019931607978796055 -0.010171846891341662 0.011779642938209977 1
-0.011490647577953463 0.0086537426076178595 0.023008501847905202 1
-0.0062328899140137086 -0.0040683139123202415 -0.053096635267798564 1
-0.0073719127103686333 0.0088050104677677155 -0.019391203299164772 1
-0.013571566405570265 -0.0035886428816416698 -0.020078956995184635 1
-0.022343979777432958 -0.0086747129785376565 0.054936106791683779 1
0.013715077394694145 0.0088516685672636302 0.03945684535603191 1
-0.013702541859467723 0.0077661194935273684 0.021274080337693773 1
0.0053504747338593006 -0.002672542148350064 -0.034868249763967005 1
0.025487001015794493 0.0012286995304100774 0.02556852775715486 1
-0.014004859316883183 0.0038912886587777126 0.021559921487540122 1
-0.0054661291691813886 0.0015991541179463317 -0.02076786631161669 1
0.01471959984103543 0.0085973640532211772 0.040058532295157039 1
-0.02384503185749054 -0.0067512296765500149 0.02186795230099859 1
0.0018969671061554827 -0.0048530744388699532 -0.039271581918950693 1
-0.013305939987725279 0.0034756405485974889 0.024483715292690011 1
-0.020457424013308724 -0.008694626391588859 0.050964877152866288 1
0.020803567353736011 0.0097940423483462574 0.043870207753386459 1
-0.023956215438711844 -0.0074085898632462489 0.0267123644994973 1
0.0014594593315288924 -0.0035213977766839202 -0.033649921584332748 1
-0.010934235283316163 0.0074843057413726786 0.025087672812402272 1
-0.00012102328034185959 0.0025516825262457132 -0.045959486716395402 1
0.017328079122242483 -0.0088053242841943224 0.017825487540578302 1
0.023649722618634374 -0.0037163021532530169 0.026362308355942565 1
-0.020867244674909451 -0.0091279111802577972 0.029227423965267389 1
0.0040903148435429484 -0.00055173318502554263 -0.026428495926895224 1
0.022523713948324912 -0.0046527906953059269 0.028500242033561048 1
-0.004153400280986333 -0.0048530744388699532 -0.059739829153439339 1
0.0044249555787650051 -0.0048532329852336411 -0.024782885802863575 1
-0.020232454660536522 -0.0078158300115376052 0.05217333570984975 1
0.023904213152940855 -0.0013237386694752527 0.02615425698014312 1
0.0003315902009573251 0.001936380125089046 -0.020027919737200764 1
-0.021477056667208672 -0.010110776871442795 0.056629722937941551 1
-0.020679166540503502 -0.0099723450839519501 0.054426142945885658 1
-0.010005269391696662 0.0090666569552396922 0.0043668119127123909 1
0.02268498670309782 0.007974505890160799 -0.0035390811390243471 1
-0.013090345526725567 0.0082241510474388695 0.018730222330291289 1
-0.0063737239688634872 -0.0020835822591294007 -0.060697810493815944 1
0.025602776557207108 0.0039406454456581272 -0.0021688197432197858 1
0.0053504747338593006 0.0011838405858198386 -0.034759110763193317 1
0.0053504747338593006 0.0010366880605181344 -0.033720182239506791 1
0.0053504747338593006 -0.00065941083876042399 -0.02533289664335776 1
-0.00069139027179799931 0.0082251847750431425 -0.014282011357123847 1
0.022675335411284369 -0.0063727149843669558 0.007689715790741544 1
0.018189008608960274 0.0075521783307713518 0.040742788741272039 1
0.0048442467872313773 -0.0043966212237218985 -0.021410863587751384 1
0.022646508960357321 -0.0082637791798765656 0.0013852150550893636 1
0.0046607307914998848 -0.00048101787121585069 -0.047668359725512893 1
0.015260495248829938 0.0085441486606496527 0.037430059982705342 1
-0.022494386884827255 -0.0061744849952963558 0.02160078448261981 1
-0.0017259956335569401 0.00095615059082205058 -0.053202223364341369 1
-0.0011267555521786948 0.0074936281611913732 0.064772160075331806 1
0.0053504747338593006 -0.0010839937551868719 -0.030903132688056494 1
0.012969815637916327 -0.010144449304789305 0.0098164698574692011 1
0.021465640553935378 -0.0091379431675679568 0.0027139886022161381 1
-0.0077770560291427647 0.0096683690317462181 -0.015671650678847095 1
-0.0048665699344166606 -0.0025266394342388513 -0.05764922189952619 1
0.019796880990591858 -0.0058178521739839402 0.0047524153351142543 1
-0.0019524682161969735 0.0065854457547036439 0.062242280048535097 1
0.0046072209478953277 -0.0026032076742283387 -0.033978830716900048 1
0.022527257570650296 -0.0043953533787858328 0.017484075206048194 1
-0.00324408266095109 0.0025516825262457132 -0.047742902608787323 1
-0.0021755222696810961 -0.00027565198251977563 -0.070521380752325058 1
0.0040707548296249965 -3.8351834668765581e-05 -0.02902014902920733 1
-0.0044962982382944329 0.0072278635812676349 0.062251897587968119 1
0.001761461625957853 0.0019073302966049761 -0.026433406563779328 1
-0.019208392537317199 -0.0061079213191607825 0.025717406591179569 1
-0.0054473808481129409 -0.0048532352404937994 -0.051205458137757828 1
0.0040630534658769374 0.002553534539087075 -0.035280462956459278 1
5.4666023248245053e-05 0.0025516825262457132 -0.027807335482855522 1
-0.010700966630048301 -0.0091279111802577972 0.0088739229174843968 1
0.0038857663471020048 -0.0048530744388699532 -0.038162862251254398 1
0.009137248575939616 0.0091050435450526525 0.054458535151806223 1
-0.0099970047594979405 0.0091973637463524938 0.016516299336217344 1
0.0008972271148613856 0.00079783305946921174 -0.015537971923274959 1
-0.0096232853499474951 0.0097283706380518978 0.028153665219327266 1
-0.0098714422201737761 0.0093757718568667769 0.020426230621524155 1
-0.009807777678106545 0.0095575706223027246 0.024392425087707233 1
-0.013119601825246246 -0.0090205085703506434 0.0009871375619734887 1
-0.020353202567695027 -0.009534689159054999 0.027400740747629233 1
0.0076129083545421966 -0.00013739404146894825 -0.017333540791660027 1
0.0048785154370392216 -0.0043938256402001009 -0.023517585115981191 1
0.02245998930334267 -0.0074808093139081657 0.0071667475146387936 1
0.0053504747338593006 -0.0012167739653342377 -0.032096880009528594 1
0.022815392984207507 0.0028020339178990942 0.03553697132327454 1
-0.0035564796754459765 0.0025516825262457132 -0.032423065026613788 1
0.0021113284194766409 -0.0017046376718920296 -0.034865013204059325 1
-0.023866821772515721 -0.0054571252797700337 0.036500355101165803 1
-0.010157627576024493 -0.0091279111802577972 0.0039004798390175066 1
0.013958782373138908 0.0086276445620414675 0.038090656754602978 1
-0.010656331014886302 0.0095690984391428417 0.065813974761527422 1
0.0043805757304653525 -0.0040586339309811592 -0.066846109926700592 1
0.0040764021214962729 0.001563376179859478 -0.044503402154901561 1
0.004092847125258957 -0.0010374187198416073 -0.022305858659532985 1
0.0054197393897874192 0.002173886301000611 -0.034222323147208036 1
0.020244011663781127 -0.0089817349780770689 0.032389483243402753 1
-0.0051966796163469553 0.0096861007623374462 -0.015765781980007887 1
0.012878913601691723 0.0098084197174410567 0.033638283530194067 1
0.013295534433740775 0.0098091713084413126 0.039902545485005943 1
0.021530918432397451 -0.0092659169511948598 0.0056274031394718 1
0.0014616262364034944 0.00031444608022417785 -0.044143154060351679 1
-0.0028833112293005785 -0.00068926116812899341 -0.051984338006287732 1
-0.001150597956500198 -0.00019562185640350122 -0.034931311611359261 1
0.0023663747934483835 0.0073284076320300996 0.064795885484750973 1
0.0047081731565344698 -0.0038029114866347897 -0.031187546255251285 1
-0.021265436464544735 -0.0084376289838087766 0.052947253230557538 1
0.0032374429021612165 0.0002506454930210737 -0.038413937022111988 1
0.0079869239024985116 -0.0043250765247226583 -0.020662676450692672 1
0.0054325481313133826 -0.0010200956785794742 -0.020317394247388276 1
-0.0029716079148868978 0.0069030260616624066 -0.015509154638174313 1
0.0022253784249319174 -0.0006638955402267305 -0.016900373620889819 1
0.003948642840393631 0.0018735869182453962 -0.034043470527216894 1
-0.0013554737073504853 0.0098095471039414406 -0.015268442563983757 1
0.014678083468531606 0.0079116638862865782 0.023924604012319828 1
0.002917883932359071 -0.0032883000635133232 -0.043957604653957448 1
0.0021386046516097177 -0.00011232320232789913 -0.042904964991838511 1
-0.011733808238964135 0.0087154784870700011 0.022052232973708629 1
0.0092082239876780329 -0.0094637603959244008 -0.010571182465042664 1
0.0035599386308484467 0.00020532535506710348 -0.065462568940631835 1
0.0011575494133199144 0.0012830801311293418 -0.046407379313392401 1
-0.02221834122259107 -0.0091279111802577972 0.033529343057452213 1
-0.016407446950942563 0.0048994998765081177 0.018402145837758909 1
0.0041200195724527284 0.00091190980539174551 -0.020545274309853506 1
0.01888677733242269 -0.0079428639345095354 0.012555430413153114 1
0.004944049569676031 -0.0048530744388699532 -0.035516290469218739 1
-0.014900664114809722 0.0094400764018947696 0.018745400027357306 1
-0.0063737239688634872 -0.000957525961683082 -0.052337482380168242 1
0.0061725691622814679 -0.0044742476556735543 -0.019111489763685232 1
0.0037911452962516852 -0.0041575005603324555 -0.029648186944485226 1
0.0038535758473007059 -0.00055692955690895966 -0.017447218495424226 1
-0.013401106648540016 0.0059914136211925342 0.023519970993627504 1
0.0050419438955260649 -0.0048530865868133075 -0.026529585912120054 1
0.0035699147569389494 0.0031586413481525188 -0.019013313628561311 1
0.0023422171248526176 -0.0019116217061358937 -0.043508934374907458 1
-0.014679676614630377 0.0096706648326147435 0.02548102501813946 1
-0.020726858610356256 -0.0076665250745370289 0.0124750346657339 1
-0.0010872047080464874 0.0020820828593053294 -0.016268220561049786 1
0.0067049111416152777 0.0023595631893883703 -0.01988100097667873 1
0.021022862871451581 -0.00063581043751706142 0.025337521816391068 1
-0.014256825723105803 -0.0085637337184372476 0.0020195178066503817 1
-0.0029529421811624909 0.00041560195111515336 -0.060370185592281904 1
0.021377768408193203 -0.0083466746859511189 0.0044183412038267421 1
0.0059546823613345623 0.0013304118765518069 -0.054402150213718414 1
-0.017495417535053553 0.0096033775997818507 0.020107816371797805 1
-0.0149563227314502 0.0098103724885731936 0.011568229179829359 1
-0.0043449012391798452 0.0019949763572870371 -0.014696796403897395 1
0.013206948502060325 -0.010179992765188217 0.014852575570246085 1
-0.012963744660110355 -0.0072469389868402333 0.0070070395881382244 1
0.017048853029057537 -0.0075574041919462716 0.022178553645430411 1
0.0021638808591428089 0.0025516825262457132 -0.056947245436780619 1
-0.019872548386674609 0.0014486596608377779 0.030233685721825047 1
-0.0077934257843110108 0.0095025722433265524 -0.017608090821244676 1
0.0032563338634295086 -0.0048530744388699532 -0.032044607278637782 1
-0.0036634664087378701 0.00024296539394884462 -0.065029547146229161 1
-0.0063737239688634872 -0.00089871070245065281 -0.057533338997628684 1
-9.100204502412567e-05 -0.0023722386902961467 -0.031809468362791998 1
0.012583747240836482 -0.0091279111802577972 0.016127849782759315 1
0.011330010259050683 0.0089121294489894563 0.051171344421487984 1
0.0062056154884698282 -0.0032113824988023866 -0.019783053971799757 1
-0.00053644215601307728 0.0025516825262457132 -0.060834858986622234 1
0.004085156816047722 -0.0011624404330053558 -0.024199580614266247 1
-0.004234469647950833 0.0025516825262457132 -0.052339525440327224 1
0.0033715329247016143 0.0031651610124854065 -0.020792178173938046 1
0.0029043144089272491 0.0005757340639295761 -0.040931640099381744 1
-0.004888218012922641 0.0010972466764372175 -0.05123866363946019 1
-0.012432028114374657 -0.0087594106617421945 0.0043015008278905129 1
-0.00025335883487042444 0.00043812390334363807 -0.051575158176291235 1
-0.0032713726637741717 0.0025515285494891481 -0.064748280733686991 1
0.025381161180293481 -0.0016844011207943991 0.024529630000589941 1
-0.0053411592162620185 -9.6806996423360151e-06 -0.034824036287873165 1
-0.0059391090240413901 -0.0044126787611081988 -0.057578134414850615 1
-0.0017534017191330872 -0.0023543735117580494 -0.016725208684622794 1
0.004069298098130193 0.0002174556258320256 -0.030423770971585593 1
0.01023901399685222 0.0093515728170081268 0.051435144205088448 1
0.013734570239412193 0.0090987469137791006 0.040530926050549143 1
0.0046674233430812652 -0.00083823740552305917 -0.032541248041565517 1
0.00048701002045566382 -0.0023856665960048573 -0.030151071117064918 1
0.02319413523867812 0.0019936556530519506 0.038843816853282961 1
0.0014457202123611707 -0.003554200714943842 -0.03108062823109578 1
-0.003383005267486396 -0.0037219383055181574 -0.030903452950885538 1
0.012952521473737761 -0.01016066834810748 -0.0023133082286599079 1
0.01298513007350266 -0.010126677574589849 0.0035675248363986611 1
0.0059507750594587705 -0.0014676730627419439 -0.045818097149782452 1
-0.020531888735016088 -0.010203280351822479 0.056385328096077901 1
-0.017061659421751668 0.008680547200196528 0.024370329040089494 1
0.021175060850880372 -0.0082402518912509156 0.0069139678306681471 1
-0.016671274201256511 0.0074729384525642735 0.019427565631247777 1
-0.020058675820502712 0.0067087831320144084 0.034621583473352889 1
-0.0028111548334170621 0.0015552744878064898 -0.063532654423365018 1
-0.004267367296854967 0.0025516825262457132 -0.031087745581167097 1
0.0053504747338593006 0.00030508418175491229 -0.033182124336825103 1
0.0045504726576473808 -0.0041988096337697177 -0.029724963679562282 1
-0.0044471633169723612 -0.0048530744388699532 -0.058042327588343122 1
-0.0049324505756057901 -0.0026177425680771666 -0.033817873788643892 1
-0.0042198415029117428 0.0031594090937133944 -0.022671512476418184 1
0.0032680435924569142 0.0050605523523050326 -0.015966518491981607 1
0.0044451921441496676 -0.0042364016478962764 -0.028017356994946643 1
-0.021890620859858632 0.0084866379427080106 0.033481734128558226 1
-0.0063737239688634872 0.0022668776139918179 -0.059818317731607021 1
-0.0063737239688634872 0.002063089722763113 -0.063741092903429594 1
-0.011420382987564856 0.0078018857096566778 0.004368295316031297 1
0.020911524573833627 -0.009699532066861449 0.0045880294922297669 1
0.0040641565806975406 0.0005802725025287769 -0.034017133104597419 1
0.0032801213082830328 -0.0021779547184523009 -0.016338082139819989 1
0.0053504747338593006 -0.0031890689502273497 -0.027923561760819268 1
-0.012354765846746437 0.0083242934127926941 0.022729311698125969 1
-0.021258681380242363 -0.0053873678008785567 0.0236775353586633 1
0.005100432657597651 -0.0047945847129839759 -0.033273164312915771 1
-0.022788120338757867 -0.0079389758954749399 0.054068396869288743 1
-0.021126540073078369 -0.0092325436477396512 0.053555443835420574 1
0.0050431789695843509 0.002550446475440732 -0.029789683748393723 1
-0.021443238461835788 -0.0058931920959355722 0.014757608829447393 1
-0.0063737239688634872 -0.0031867974481120994 -0.056564502700010941 1
0.0049875476344585137 0.0025516825262457132 -0.054441371387355761 1
0.0016807307495315315 -0.0048530744388699532 -0.025183771953461678 1
-0.014654620758809756 -0.0068944934412404259 0.0035373863061694249 1
-0.021999939435676612 -0.0082301787692956006 0.023411018865665201 1
-0.00070459382043384531 -0.0048535136184542091 -0.064894931685264431 1
0.0053504747338593006 -0.0029442463222436434 -0.03339421015345212 1
0.02468546557618715 -0.004124655256849857 0.01794272754710673 1
0.0013377509016637618 0.0014539710461057612 -0.043373089193643119 1
0.009547701251169877 -0.010179992765188217 -0.010193905903727207 1
0.011785728905486013 -0.010179992765188217 -0.0071499133851231442 1
-0.0020867343013610397 0.00062794295579038969 -0.061952806746743701 1
-0.0063733249875633936 -0.00052142691511318387 -0.038076542264078361 1
0.0021618816275545804 0.0012604848125492081 -0.032154956450509177 1
0.0053504747338593006 -0.0034511233196488538 -0.025287455613534647 1
-0.0030099918497504671 0.0037218254074840112 -0.01598728181775964 1
0.0024447230759515525 -0.003373711993573403 -0.019409883821029789 1
0.011581905161409412 0.0098349812870807702 0.054249757392626066 1
0.0016642757912590585 -0.0048530744388699532 -0.032772393257369609 1
0.00041804128311860654 0.0031661063303796096 -0.020067180271338719 1
-0.024387292955329234 -0.0069085472225918912 0.01973948201063612 1
-0.0090971082444143564 0.0091886955713336056 0.030931904218560864 1
0.0041171432263713299 -0.0027988708028521296 -0.048889739033778072 1
0.00078129188710528077 0.00032884069155994066 -0.037045225329207648 1
0.0038152898563246765 -0.0032905596970378894 -0.036771098902001254 1
-0.0063737239688634872 0.0022690074005175614 -0.056038496455451475 1
0.0019554881605152322 0.0025510186755711528 -0.065134911896570558 1
0.0042153240485509917 -0.0040000496381751979 -0.023585911436299282 1
-0.013856406708486388 -0.0065339823065170858 0.0057575319626698143 1
0.0036879139369770846 -0.0048530907499075744 -0.043936957680526134 1
0.0032932117462945642 -0.0030645546978789154 -0.021312768217327551 1
0.0035169203152404307 -0.00030093602220634171 -0.015006675603108087 1
0.020543282896021531 -0.0026706410339075149 0.027558577037797655 1
0.022927432780958639 0.0018364278226997042 0.021271468075625022 1
0.0023050315325893931 0.0010026386983472003 -0.050372830562523362 1
0.0024292552831990028 0.0013891880657737913 -0.042421434210077484 1
0.0053504747338593006 -0.0039733291249935193 -0.030465564571960795 1
0.012418444797833895 0.0092323542950825833 0.037797005614241284 1
-0.0063732753833680451 -0.0005659274181004266 -0.023272169519976984 1
-0.010717380248144724 0.0084070817155373363 0.019752436319173738 1
-0.0050333845524718193 0.0018726599672001223 -0.022084165285449622 1
0.0026924702737569765 -0.00086151485226122542 -0.019631101226625258 1
0.0060888045700266957 0.0029873289749957621 -0.019339133054018021 1
-0.0023927974393635615 -0.0048530744388699532 -0.044868979898929802 1
0.0043535701944083429 0.0018626036789570468 -0.029214732900921331 1
0.0040660893962167115 0.00044233415054351793 -0.032123358157037971 1
0.0044194094503961709 -0.0048533899380984215 -0.023620925706626269 1
0.003511388814935644 0.0025538318077287466 -0.041335930422125008 1
0.012038267782475276 0.0069322677251125462 0.035500060751089017 1
-0.00076526980359714635 0.0088234980098736236 -0.016073463435870291 1
-0.021462358211426183 -0.008461438228694558 0.051839656726991971 1
-0.0074261950542854676 0.005050323858047343 -0.020797541619525454 1
-0.021430812428766832 -0.0078203521454968047 0.031941184480925255 1
-0.019732088883357212 -0.010206811655211265 0.053564872369519623 1
0.00010610511526465416 -0.0037797016557306051 -0.068589244037866592 1
-0.0063408619681797704 0.0096133286224421785 -0.016654568169787141 1
-0.0034895465122098063 0.0019442294065136999 -0.024931681515957791 1
-0.011829595010779176 -0.0092040468476811462 0.008270376417770578 1
-0.013635942520116309 -0.0095209917311369074 0.015597603486376689 1
-0.0026495222610133204 0.0052457743961505108 -0.019304265425673005 1
-0.0018649365594276641 0.0025516825262457132 -0.054601690566061019 1
-0.0023901641656144195 0.00098298332690375991 -0.064406918359499077 1
-0.012309607182169953 -0.0094427609832183519 0.0061431319967053402 1
-0.0059408529085464325 0.0020616981558686889 -0.035573579917784606 1
-0.011838740030891108 0.0072682452887768006 0.02086804762911967 1
0.0025060547626868093 -0.0030485312653700299 -0.02495407113752025 1
-0.0015738843226530839 -0.0025628828048928488 -0.067752724345926149 1
0.0029125291699715699 -0.0048530744388699532 -0.034876543696369521 1
0.021286932374525471 -0.0083087160745223178 0.0023673018257413911 1
-0.013448377267224853 -0.0088734514314659542 0.006172399913643668 1
0.0053504747338593006 -0.0005557475801848755 -0.033135850063102455 1
0.0063628944924201741 -0.00055235604020132615 -0.020227541153193831 1
0.0047030340592110476 0.001555125989360224 -0.030462700922485871 1
0.0019537935318873971 -0.0048530744388699532 -0.031219964422912243 1
0.021315106161205646 -0.0070702454678723339 0.0049079508090418937 1
-0.012837380122736561 -0.0080177618591325602 0.0072395612267008537 1
-0.00048412384312677905 -0.0014612082519534946 -0.061990341359953079 1
0.012247340860813445 0.0098196489026437708 0.049856569964807008 1
-0.015221509106548506 0.0076492532419032977 0.022615377763238031 1
0.0053504747338593006 -0.0032086688209512302 -0.029291438193427104 1
-0.0093675228503802364 0.0090555805311859673 0.016361748964476907 1
-0.0086699902312830091 0.0088132871314883232 0.027435589698143303 1
-0.0094641592586413026 0.008981785736978054 0.020078871981240809 1
-0.013043826242542444 -0.005481842731553826 0.0037220219401534484 1
-0.0090670747449621558 0.0088975364342331886 0.023757230839692056 1
0.0053504747338593006 -0.0033691145783894595 -0.032523504912735257 1
0.024599807532021848 0.005284909754690102 0.037092297989390885 1
-0.012804644854115426 0.0055314742997351306 0.021360176130896177 1
-0.0051726122783386144 0.0025516825262457132 -0.062111472452879846 1
0.023788370850759435 -0.0022414294030718217 0.021583681570235196 1
0.0059356427831511564 -0.0024420572760805895 -0.043816435326581929 1
0.021853350229949605 -0.007802367002938934 0.0035968654661860098 1
-0.0023560405770932519 -0.0048534278485855009 -0.022062318222865168 1
-0.02014912706128915 -0.010201920850636313 0.054439143609451263 1
0.004725607678785459 -0.0015738544385530515 -0.03133612940228888 1
-0.018768437920276052 0.006962327356279034 0.022903996309485874 1
-0.0036893638174175332 0.0082134522936003294 -0.017921244272711308 1
0.0034149338717585137 -0.002240615522863751 -0.029355013055895968 1
0.0053504747338593006 0.00053347702261923524 -0.037103991563056493 1
-0.0044145157020141594 0.002500472230490448 -0.02202963267671695 1
0.0037942405473025027 0.0013479004007389511 -0.033106514392718861 1
-0.023414160084838213 0.0064218526294276268 0.0506781366782132 1
0.0035727541428407965 0.0025592893630991972 -0.033221699959868657 1
-0.020402341613212763 -0.0090432765337910628 0.052676460075971397 1
0.005346730434819009 -0.0030218119539379587 -0.022282349204840738 1
-0.019867181971217517 -0.0094577456256004725 0.054497690636074507 1
-0.017826040062722356 0.0075517862506416945 0.035600995496296216 1
-0.0030764295212469405 0.0025516825262457132 -0.055835246710307998 1
-0.0096254954906464258 0.0069285225977827125 0.023209443439041383 1
0.022071654985897256 -0.0088952313287697128 0.03336385390492369 1
0.023407040413681298 0.0016170000439767586 0.024006532490997892 1
0.0016542561328694466 0.0058266787641660014 -0.016528238281446419 1
-0.0052348860785714152 0.0025516825262457132 -0.06419711049926255 1
-0.0122168390270639 0.009787333868620407 0.028706197742097275 1
-0.012322598835544393 -0.0096489753002643053 0.0018860365709959474 1
0.0028748330836218575 0.0013458321602609869 -0.045611919578391939 1
0.025440067893139389 -0.00022565892497047096 0.024854712411889905 1
-0.022966203601800392 -0.0081743491002984094 0.052850020954337051 1
0.0028816117683266103 -0.0048530744388699532 -0.029174325782817395 1
-0.0011697407807490668 -0.0048530744388699532 -0.053798169614144249 1
0.020608549640721077 -0.0027942074227195789 0.02065549826158454 1
-0.019100148893174129 -0.010196501476284677 0.049905991541870851 1
-0.006374279178254524 -0.00051875091203575042 -0.062902898860500503 1
0.0060149628284918355 -3.2635594947692283e-05 -0.058938200953195151 1
0.013834926492666804 -0.0087755512930154985 0.015756391432999794 1
-0.0051129268962822787 0.0015933306003189903 -0.059796048932742457 1
0.0036941452199069249 -0.0012372449690685409 -0.041072784527404975 1
0.0042586175259202719 -0.0047208114992827177 -0.063755936920642853 1
0.0030928664579938417 -0.0039551076240731311 -0.024246895099634541 1
0.0053504747338593006 -4.2450278981226523e-06 -0.039476363756040855 1
0.011890966274317306 -0.0083260861910988034 -0.0078071526627407749 1
-0.024805319058099545 0.0055844828778170421 0.034588548291986126 1
0.0011615647333355697 -0.0029974498310345039 -0.026503464424941746 1
-0.0039074814321457879 0.00085611761223109155 -0.058458265264007651 1
-0.002851147938945925 0.0025516825262457132 -0.02811851692308678 1
-0.0097409806597739332 0.007766917333524569 0.027496446864005757 1
-0.0031687873053008572 -0.0048530744388699532 -0.05221784908192386 1
-0.024243652373301807 -0.007078407181111958 0.022565937317611626 1
-0.0012900538739661902 -0.0028760472052801302 -0.058706256880063278 1
0.0043497111650972146 -0.0040175601356226493 -0.030432450644638117 1
-0.0045058085192365626 0.0010799259282071583 -0.02490557808188858 1
-0.024915705859456818 -0.002607885983331947 0.016876314431066356 1
-0.0042593940109473772 0.0019120194357868979 -0.065332728578078356 1
-0.013471621166342177 0.0078067208679365929 0.02276371984544328 1
-0.02073301471225391 -0.0092515983258448769 0.055037650439955288 1
-0.011751935504901046 -0.0091337465351101106 -0.0035078333226778841 1
0.0019503705552779138 0.00046081885739113204 -0.017651055008172989 1
-0.00051151650329927774 0.0012783018427340218 -0.033103753614335013 1
0.0095083240264447356 0.0091706213583774201 0.053469889754389904 1
0.014395511505313123 0.0098069646343425243 0.037857083987417883 1
-0.0025225413192758372 -0.0022225968785744678 -0.063002474416807647 1
0.0029199096380782912 0.0019112747841573332 -0.032119376578273871 1
-0.021837577099685351 0.0069893123995531867 0.02617189493775891 1
-0.001612859045589804 0.001010687212018391 -0.037129504147569825 1
-0.017953616608926706 0.0073466520504034457 0.032922279048677332 1
-0.002740196012577723 0.0013074472059839898 -0.031969008331458555 1
-0.014049874385818839 -0.0099906180985271931 0.015543515561148524 1
-0.013436083915580491 -0.0095922730964363503 0.0118151770514274 1
0.0053698109969692251 -0.0034183170483964792 -0.03104947127697124 1
-0.0050832334151762618 0.0025516825262457132 -0.054915868818637519 1
0.0040038465387503084 -0.0047879645219449938 -0.057043214195954942 1
0.004237151868631564 -0.0013008786390295065 -0.044129601069832908 1
-0.0029248374948947892 0.0012143910880814714 -0.051628457272579663 1
0.011002894764636204 -0.0097364710967497766 -0.00808041293198653 1
0.0027030556697600558 0.0025423309325694316 -0.024057609936017754 1
0.025040782168088593 -0.0033155331642467784 0.025929058920218032 1
0.004321424554232272 0.0031555250744828536 -0.019907851034726257 1
0.022040362731762599 0.006111955540963044 -0.0021771998332496029 1
0.004073414232914292 0.0011555539634276737 -0.033286786760866632 1
0.0040862704254404792 0.0010153279000225581 -0.029605207404720894 1
4.981192989168871e-05 -0.0022990345350431614 -0.066014477599818142 1
-0.016764709031924657 0.006734022474904993 0.022985254237332508 1
0.0053504747338593006 -0.0036633272508199339 -0.025974599971349804 1
-0.02308409350074302 -0.0083032407028627853 0.027783261444839877 1
-0.013545297620836288 -0.0070843299877896204 -0.0049181521358131067 1
-0.0025462032046870454 0.0025516825262457132 -0.059186652372785441 1
-0.0063735892615051706 -0.0010095606963491631 -0.04653291030864519 1
0.022993234664823795 0.007688786080143669 0.034915359037230309 1
0.02111114716264088 -0.0083744007184205944 0.0082259657849612557 1
0.0030174360024691829 0.0012526926973743936 -0.032054845661221382 1
-0.0049842368654406961 0.002503807593199135 -0.021540141913175735 1
-0.00048180510568598961 -0.0025887247770404798 -0.063969029919407047 1
0.025243743270776185 -0.0028278070183688545 0.027289180725850536 1
0.025339755928143859 -0.0031222821562550962 0.023658850346691906 1
0.025444964179769158 -0.0032099555828608572 0.020046705263666809 1
-0.00099170115969581408 -0.0023915751347251416 -0.044996066481497766 1
-0.002523521892349469 0.0085505171960911352 0.065444205082540605 1
-0.0044571819392002039 -0.0024094288157174484 -0.040127069036946038 1
-0.0023454889583764391 -0.00078895667583961252 -0.036795977291818049 1
-0.0044969482088433928 -0.0012287728624249912 -0.063032638387802722 1
0.0056501974328312977 -0.0042448199377503291 -0.033059767921542582 1
0.00062540905438778285 -0.0047926702885566228 -0.056154535945257253 1
-0.0063737239688634872 -0.00045759755961804712 -0.055378490330321807 1
-0.0060612703136948901 0.0025516825262457132 -0.064459008746152319 1
0.0046635271339236012 0.00057057763356340601 -0.033705815946897554 1
-0.0022871733406657491 0.0098684276289840583 -0.014749661594785222 1
-0.0025172173519051062 0.0025516825262457132 -0.032206904166746958 1
-0.02384503185749054 -0.0070142498399519762 0.025024195193144701 1
0.0040558552366115677 -0.0012613356769379251 -0.031893436791771375 1
-0.019099310477588248 0.0098095471039414406 0.030114039646030905 1
-0.019076598256867139 0.0098095471039414406 0.035835198660020356 1
-0.0063737239688634872 -0.0019783369400036177 -0.055875825035478908 1
-0.00057621939619306934 -0.0033167100911037062 -0.046770885696843754 1
0.0025682404606444192 0.0048243466335379211 -0.017430416502152043 1
-0.022732329010707306 -0.0065773262596933281 0.024374104757328579 1
-0.020958508874658718 -0.0094566391140671075 0.051294046137917881 1
0.0015408904768140822 -0.0031540082496419653 -0.066079567639880585 1
0.0059798952948699156 -0.000788749971218589 -0.056248378363638996 1
-0.0060456474018166576 0.0025516825262457132 -0.060275188693320957 1
-0.0038228197680490947 -0.0054528821053301283 -0.015851205154495823 1
-0.004572817592606593 0.0031606111387367441 -0.021771398222746034 1
-0.011607680809586494 0.0079830580097072917 0.0023783777098350957 1
-0.0057394392317843173 -0.00042909590155353842 -0.065604875910947491 1
0.00067725495210254282 0.00046652720002278376 -0.058104431670617775 1
-0.012004726437946808 0.0076921366525876745 0.019574240726343308 1
0.0049658358737395226 -0.0048531108827000163 -0.031138424968274698 1
-0.022245432684859231 0.0065136052707476617 0.031503088152311842 1
-0.012797186092825699 0.009518498042649242 0.022704685982876338 1
-0.0045145322913366761 -0.0010543795273547528 -0.023792791083878904 1
-0.0040110645525669886 0.0025516825262457132 -0.05013520524342252 1
-0.0030129336789300148 -0.001032083126549697 -0.057793869226752607 1
-0.023533117277768974 -0.0078018273032944745 0.018408689082205911 1
-0.012648492542893703 0.0072582909741863962 0.025778558451857548 1
-0.01163062751231249 -0.0091279111802577972 0.0062704665084801613 1
0.025164904846270014 0.0036743653589753466 0.03661288843162698 1
0.013545023943419318 -0.0091279111802577972 0.020914875755960113 1
-0.0056830542822294758 -0.0009119552084871982 -0.066289124704195332 1
-0.0051074337373256673 0.0025516825262457132 -0.053704057972237151 1
-0.0055227425920027183 0.002004651778261121 -0.060682023318083415 1
-0.019627409053846436 -0.009535373549639091 0.052589984131779254 1
-0.020751513064251419 -0.0067060100268233006 0.027204396184265855 1
0.020679497624957605 0.0097961798028694327 0.037931591794509389 1
0.00095912938602942563 0.0049906554113191967 -0.017432263049574192 1
-0.019190991773781203 -0.0068893481352993655 0.027649932923524214 1
-0.0063843591234444674 0.00044213876079595338 -0.064719136846743491 1
0.0044281657118761487 0.0019241456168198931 -0.033292097281690504 1
-0.022266911342740059 -0.0091279111802577972 0.049664024122247602 1
0.0055689749739792817 -0.0043260423966023451 -0.030984081847993988 1
0.0011634859001844471 0.0025516825262457132 -0.0416597025025486 1
-0.020050375590613189 -0.0099489554441459845 0.05109566681762389 1
0.00046910541322427575 -0.0030018340681843875 -0.060543310999811494 1
-0.023837435049745309 -0.0055747012897307963 0.020887083772817797 1
0.0055234059534799351 -0.0015006189761913717 -0.019740663451616177 1
-0.005059937563269932 0.0083407348747403087 -0.016675941093494875 1
-0.022765939415289746 -0.0086312334388300941 0.032069601057079386 1
-0.0033455568134481977 -0.00023365499983583633 -0.034923719070164796 1
0.0041874690912238602 -0.0025320036093201014 -0.054854962458098032 1
0.019843020777078502 -0.0084020091960462142 0.034020217762360527 1
0.00099427083448760641 0.0031757857216125162 -0.024885477062077742 1
-0.0019362415135178199 0.0012960159980253275 -0.032809096737629599 1
0.0034958820309342635 0.0012277191919546049 -0.034006272429356395 1
0.0053504747338593006 -0.0024951323847294499 -0.037660917642592488 1
0.014398644891551298 0.0073448224856786102 0.036088962165603027 1
-0.00051058986634311637 -0.0013087571626527294 -0.059457958381272311 1
0.025287151802331209 -0.0029394913581199944 0.030849394388496876 1
-0.020338226168547805 -0.010201920850636313 0.055269278936445204 1
0.011697267359111516 0.0098095471039414406 0.019546133350901294 1
-0.00018714015322826485 -0.0048530744388699532 -0.033147651364390802 1
-0.020736549865549427 -0.0059912904594266424 0.037658398329435315 1
0.0053787553845001728 0.0020565365298401829 -0.031600523460862479 1
-0.021857143482417674 -0.0094405457876578641 0.055782535836850194 1
0.0053504747338593006 0.00126527357457524 -0.032625452535727843 1
0.0049290899493050966 -0.002897908212250987 -0.019846106959844446 1
0.0053504747338593006 -0.00094854468573986783 -0.037818395032272398 1
-0.0052536205949786485 -0.005692961490182509 -0.02051917911792641 1
0.00021623673541482091 -0.0042360113002359867 -0.065500027227478191 1
0.0036190155938092762 -0.0040018706888492826 -0.032723528761737383 1
-0.0019550583336541247 0.00083587663643897264 -0.06860464598674719 1
0.013277159889025609 -0.0097462403167156465 0.018462425863785537 1
-0.0063737239688634872 -0.00098738693464363401 -0.061674103446020194 1
0.0053504747338593006 -0.0032475335295469678 -0.030151002895739777 1
-0.013087431727481606 0.0079915188176695757 0.0013049964760041954 1
0.024565388937669404 0.0061125311273878234 0.039841238804805945 1
-0.0018752898663205188 0.003385487621800048 -0.017498736575069077 1
-0.0010954913736611106 -0.002116720653843376 -0.050993469821284824 1
0.00010381483636272503 -0.0036328585179934473 -0.029590349976129564 1
0.0053404150782494341 -0.0039242156689796841 -0.021466263546116242 1
-0.019159882652806132 -0.0091456674366287554 0.051571497805442394 1
0.0059521112125366926 -0.0039429065072908998 -0.047922986559569836 1
-0.014075141638070186 0.0096161323975613132 0.024466383368109718 1
-0.0051522724236337308 0.002034791076059543 -0.065588161555920177 1
0.0045931325781271475 -0.0036667929127532418 -0.032899385423805931 1
-0.0060599577086129317 -0.0038660795389116377 -0.057892531988852358 1
-0.02149283187728657 -0.007497013784287113 0.024061094152791073 1
0.0030564486553653482 0.0012236179130604198 -0.03484674258342324 1
-0.021235298895011762 0.0087402600429541781 0.039492479904999184 1
-0.012379657378665483 -0.008554062642504405 0.0078106466593771415 1
0.0053504747338593006 -0.0017680174181088071 -0.022388381459460437 1
0.018340816660359922 -0.010152409844369886 0.0095793594159732653 1
-0.00056740679165459161 0.0025516825262457132 -0.037223104485069838 1
0.0047939484031156825 -0.0042250260905587443 -0.026220859192504047 1
0.0028179878893065716 -0.002100565266083414 -0.020512902424781331 1
-0.0048535697911842356 -0.0020694962670755631 -0.05259291757805689 1
-0.0022683335363894012 -0.0048259288067881269 -0.059125534667423089 1
-0.013146654408509392 -0.0061386268678112164 0.0077014217472971642 1
0.0039969416635439597 -0.0019091305649959695 -0.031837483045263015 1
0.0040632594721890496 0.0025533285306195783 -0.034446508240915032 1
0.0011153926575474104 -0.0023815725302417409 -0.055211873218992791 1
0.0027302447884130603 0.0012462626624976769 -0.032969243457557446 1
0.0032707640742927532 0.0064996508374644425 -0.017181819510127604 1
-0.018457414934119919 0.0045362125598590432 0.03159238131803329 1
-0.022693038221334314 0.0052667806289427247 0.026995576008724584 1
0.0047740545774439301 -0.0032548816783726769 -0.025895706290641373 1
0.021308046968734663 -0.0096895086107521341 0.01294898936096819 1
0.021403282573593328 -0.009483184866983789 0.0090866307253572188 1
0.0053504747338593006 -0.0037651561118490664 -0.036103624561335597 1
-0.0052413908092355903 -0.0018925126653968913 -0.05463549731913208 1
-0.023969041739803531 -0.0061413935284092896 0.013157643513421219 1
-0.0028432252772452736 0.0012990650222707808 -0.033422677083330909 1
0.0034642781866573297 0.002560403325869179 -0.030557127285692123 1
0.00086513299085544035 -0.0070225961742776885 0.057136730000514883 1
0.0053504747338593006 -0.0022031417375837567 -0.03260949063513368 1
0.011775964195925095 -0.010169772329042958 -0.0085076038770203269 1
0.0050419429317116737 -0.0048530744388699532 -0.048024270741698447 1
0.0048969087805058303 -0.0048530744388699532 -0.042479791383248616 1
-0.0001476748050190243 0.0029242660306595743 -0.025979706005299832 1
0.0046654672615934261 -0.0011025502008999162 -0.016506157259330075 1
-0.02384503185749054 -0.0054620480220797952 0.027227499428262771 1
0.0040328786059373985 -0.0020838338944555871 -0.020499753206687839 1
-0.022266911342740059 -0.0091279111802577972 0.024901838360230008 1
0.0053891472600791487 -0.0045058701105024782 -0.026388482469986239 1
-0.0014821073050430382 0.00087130835030204876 -0.066782112415135306 1
0.0027773457137985121 0.0025516825262457132 -0.049359850248198958 1
0.00020157950903279152 -0.0048530744388699532 -0.027973479179116783 1
-0.019755130651463837 -0.01020234899884952 0.052793253531865168 1
0.012416576907648105 -0.010179115219465764 -0.0064073161023698085 1
-0.019569392571218307 -0.010200858385916724 0.05168635066028944 1
-0.0034673497524954854 -0.0033392580683042784 -0.033860555186329182 1
-0.02384503185749054 -0.0063573519174729394 0.025983009466261257 1
-0.0051324586224304834 -0.00080691637250514508 -0.056265491290680307 1
-0.0030814043508960677 0.0025516825262457132 -0.031314729108467741 1
0.010334717794703669 0.0076354018976905469 0.05456565057386261 1
-0.021961460799370457 0.0052403647869686759 0.02495642206224399 1
-0.012575373036679681 -0.009348034497803203 0.0089042581043704064 1
0.0022676203864438272 0.0031771158829641266 -0.023056610718233367 1
-0.0052442459471226804 0.0012028391928903745 -0.063787167834841202 1
0.013613717834375715 -0.010179992765188217 0.018529113841554475 1
-0.0043920442835095946 0.0024956254421757322 -0.068621745154808927 1
-0.0063736686149917102 -0.0038737770810561376 -0.038331365740012044 1
0.0035285638538061809 0.002555841592377484 -0.038302612489742011 1
0.020590004660851452 -0.0096547863126929707 0.0084616973382633381 1
0.024383530466563087 -0.0037105601694859009 0.025529664064038501 1
0.0049491006492704756 -0.0043866818265345829 -0.032696365154346645 1
-0.021531200431684702 -0.0091772166664455795 0.022125097599563947 1
0.0047073318655789431 0.0005532226132252963 -0.030924862077422993 1
0.024550694972276688 -0.0064966281192646216 0.010354826868938904 1
0.024550694972276688 -0.0064944661966400696 0.013815177805353965 1
-0.02330658828610024 -0.0074733392793486491 0.024897369570903272 1
-0.016854032060448366 0.0096969342396794611 0.025441183080556904 1
0.0038785380536020368 0.0025510993967846666 -0.06308719751925071 1
0.021466886971880855 -0.0092889980767032337 0.004872807018445534 1
0.0020218901134788441 -0.0036877600810167944 -0.06344269000764903 1
-0.013101309869772159 0.0084463309788035453 0.003150742560982665 1
-0.01038940381017507 0.0083331464235393091 0.023418064983974706 1
0.00011688481619230497 0.0066339758616683828 -0.018291871953970782 1
-0.012532910794673457 -0.0088453753877759736 0.0058072294852820677 1
0.0053471008095426946 -0.0037901021575088697 -0.023479903890144135 1
0.004257467637750657 -0.0037458319434268183 -0.020216963961433864 1
-0.021970501900438109 -0.0076196449210839002 0.020253705772197463 1
0.0019503057096716904 -0.0031529965296299743 -0.042508730126428071 1
-0.00021197162050434312 -0.0017109991048574 -0.067909226505749473 1
0.0017654077112026737 0.0019346193876117468 -0.023309930571260983 1
-0.0042477301974123399 0.0047247990451094127 -0.017458907811184241 1
0.021340382619450034 -0.0091279111802577972 0.0047033636272545958 1
0.005967273824130195 0.00020619301600836859 -0.045868018186836286 1
-0.019659043873071592 -0.0093412087359034321 0.050683423967994579 1
0.0055270851882140122 -0.0043679321823676147 -0.029913564577699062 1
-0.012197613369031217 -0.0081857192811343009 0.0088804608366658735 1
-0.0048996913137367044 0.00054331259325941913 -0.06670466738371654 1
-0.0043856014470104931 -0.0032647291656147629 -0.062894718519875825 1
-0.0019071681874658622 -0.0019601695570699925 -0.019812362938686268 1
0.0043859760843437973 -0.0040934017012909532 -0.028967224497516545 1
0.022257378483697281 0.0051101316329706676 -0.0045638536075388418 1
0.0053504747338593006 -0.001909190570586361 -0.040929567068815231 1
0.018655137664058529 -0.0081676779062997609 0.0043728810137620717 1
-0.023047179391174732 -0.0083476426713505279 0.028941102916887215 1
0.0052455564723531151 0.00076223490387736952 -0.01714019312866381 1
-0.00076190805959546566 0.0025516825262457132 -0.033861301521025615 1
-0.020249264897635857 -0.010179992765188217 0.050590222145713827 1
0.0032754124450956159 -0.0048530744388699532 -0.023730814635048659 1
0.0053504747338593006 0.00085575435873734454 -0.024809318444630121 1
0.0039524150681602933 -0.0048530744388699532 -0.030126750800028534 1
-0.0055471058526939685 0.0025516825262457132 -0.029385811193376486 1
0.0035487776788524173 0.00027247514900412457 -0.058238212707094034 1
-0.022841869705173656 -0.0074103871634063683 0.027025000900890935 1
-0.02296334430785292 0.0084186101666243376 0.033828499842531029 1
0.021740128189443774 -0.0061411412880085971 -0.0023626684247435021 1
-0.0047220367741432033 0.0011096349196050663 -0.065813655614564356 1
0.0046378940010624757 -0.0021044168522481909 -0.032093596601456019 1
-0.012642697874593488 -0.0084758983531045898 -5.2649645339000591e-05 1
-0.019401212082874892 -0.010200368286579213 0.050852197241841188 1
0.0044061890262745915 0.00061299114338044794 -0.049926986170364868 1
0.01142772043394428 0.0098145499449046394 0.050244255335676731 1
-0.002144301162558932 0.0093876987486645625 -0.017797474393658093 1
0.011226221991906978 -0.010179992765188217 -0.0079109115147741604 1
0.0036989647139537727 -0.0048530744388699532 -0.028713917442407616 1
-0.021681858171471929 -0.0078755025204034282 0.028635256915850695 1
0.0040568106342107058 -0.0029885243275202819 -0.023250150959938765 1
0.0056195205970555346 0.001974105111461693 -0.054685747079372626 1
-0.0052612583950349496 -0.00072996813724736614 -0.053697316803220478 1
0.0058431054581668113 -0.0040519119124148156 -0.037989642088418353 1
-0.0085525377653539181 0.0087694504763931036 0.030981820076704025 1
-0.0047752320186645698 0.00062634485156398819 -0.055837786143250114 1
0.0040574367747524698 -0.00039817358902443116 -0.032203378334780083 1
-0.01226915349252522 0.0094998062122613192 0.0019872619013767689 1
-0.011599102006692485 0.0090028647267837367 0.00712986973064513 1
-0.015419859220032842 0.0056219823183553492 0.024452307561299565 1
0.0047210920163350987 -0.0035658673103545748 -0.034017571550369267 1
0.0053891472600791487 -0.0036246547246000858 -0.026962898346430189 1
0.0019780210623194096 0.0064471994532769444 -0.018402248833585395 1
-0.00016027803402224186 -0.00043693863575718057 -0.046841085670926701 1
0.015935130638994443 0.0078362177086358977 0.040651996750268177 1
0.0006033703657081403 0.0035275580251033604 -0.017322597025402408 1
0.015718685486191968 -0.0090705281110568959 0.017739118351288923 1
0.0033976960227383238 0.0016322752775059482 -0.02981312388221196 1
0.011257755743394084 0.0098117538455698913 0.01415721453451714 1
-0.0013753142299436599 0.0011985929537037298 -0.063402460597227969 1
0.0053504747338593006 -0.0033547972568056853 -0.034048436905946819 1
-0.021536325695375304 -0.0047060820736254281 0.027033431360128018 1
0.0034322316827303098 -0.0018336599256329137 -0.018491563029726391 1
-0.0046221120959177757 0.008493905483507069 0.065395531452745112 1
-0.019953093509878193 0.0064864590876107771 0.030724448660525809 1
0.0053873000975407995 0.0022416231219908951 -0.02395556234799253 1
-0.0022496275336879542 0.0025516825262457132 -0.033431635628322513 1
0.020661910625046073 0.0068593729590618142 0.010593127771169662 1
-0.018799505909228218 0.0074187819312805277 0.025085106569989597 1
-0.014382646706036156 0.0078699924714628316 0.024709600016448324 1
-0.0026992710954706822 -0.0040670230339562869 -0.067077393801497742 1
0.01578949957604955 -0.010171198053062826 0.050249534959597275 1
-0.022594394678270929 -0.0074165335191311056 0.02566717060860229 1
-0.0031181145611121224 -0.00013085666101876332 -0.063640442762354657 1
-0.0062455057941803657 0.0017880891585840446 -0.017374076443866817 1
-0.006348692111826747 -0.0039519213125737106 -0.031453007360077445 1
-0.022971503889523036 -0.0073712364965630049 0.034247214474258436 1
-0.0042156746325232508 0.00090169118779219253 -0.054664368293890896 1
-0.020889761241016686 0.0087516400684878003 0.034231874920494072 1
-0.0021892642591685683 0.0097425062217512039 -0.016968415292876866 1
-0.0063731623356427314 0.0002807915883312256 -0.031979904911719037 1
0.0018155010118859019 0.0033842349023695739 -0.016029003244482525 1
0.021232725270671719 -0.0091279111802577972 0.0067273177516162432 1
-0.024601697647265795 -0.006655006255514094 0.015520581816756224 1
0.0044486057877681793 -0.0023594124554503488 -0.058055396321529416 1
-0.0063737239688634872 -0.0021379474017758551 -0.053794689605076662 1
-0.0044020871047832609 -0.00043432299306940075 -0.041567158268236835 1
-0.024356993582777341 -0.0064063882734678463 0.015171154928013604 1
0.0010833079846610048 -0.0021672744119747588 -0.063705108415690589 1
-0.022266911342740059 -0.0091279111802577972 0.029315931507402873 1
-0.024093141317760365 -0.0072506400597016074 0.024634466120875467 1
-0.0020472224088037495 0.0025016965889772145 -0.068060867222233992 1
0.0024630092674659799 0.0025535083018931762 -0.033110731143885581 1
-0.0016026287425652793 -0.00078493275030263893 -0.060782298784741222 1
-0.004865194679996898 0.0009189217683432284 -0.048525224984097275 1
0.0054333117766970892 0.0021254396043464104 -0.039543301882188478 1
0.0018177753814337589 -0.0023771246812851255 -0.029733378900381215 1
0.0041787110776852999 -0.0023855677112358748 -0.06530740976510821 1
-0.0051364054211240871 6.6975955035374421e-05 -0.060618718020761263 1
-0.0014896154695040284 -0.0022760084657326698 -0.054878662130965754 1
-0.0051765756461692614 0.0017588971997104736 -0.066503398551216328 1
0.00430805442121052 0.0070260953074412769 -0.018424547514126942 1
0.0035960584780861545 0.0015683003539554751 -0.030822334235564026 1
-0.0018530798070153088 0.0006358323448556613 -0.059248747782682791 1
-0.023513948404165107 -0.0063179853138592632 0.014709551870966727 1
0.0017758831042042175 -0.0020981008934796166 -0.032969875578512851 1
0.0065837839515480246 0.00032823403161628029 -0.018442872738132509 1
0.0040714485614640741 0.0011963639111318447 -0.033929330805859109 1
-0.020275499909218425 -0.0097093246877193451 0.051657610471595936 1
0.0040758381084977984 0.0010592671536199037 -0.032305475620872624 1
0.0053504747338593006 -0.0017783547532529685 -0.039227232126435328 1
0.0049577694927113109 -0.0038555009756163156 -0.029310768967449649 1
-0.012571066385135055 0.0097628263756632805 0.0019483691721688956 1
-2.4664678495956077e-05 0.00083398665476892017 -0.039584602774811406 1
-0.0025116009676630089 0.00027116670616201801 -0.049689251683715345 1
-0.014186850182099678 -0.0079532355430536744 0.013804768950910073 1
-0.00036973869711796024 -0.00015211852164512393 -0.070471489679724122 1
0.025265985506955042 -0.0029365899639075157 0.026385024814186378 1
0.0053504747338593006 -0.0013042224016168618 -0.027156161929001537 1
-0.012421544924031745 -0.0086857394662137166 0.006693562689216846 1
-0.02384503185749054 -0.0071035064889907705 0.025921779832817633 1
-0.023801564638531753 -0.0065411764549884004 0.033902923330567589 1
-0.02384503185749054 -0.0069249931909131819 0.024126610553471768 1
-0.024069726439673412 -0.0072071767764414207 0.014046669716873295 1
0.014321553563652922 0.0098091103915322279 0.028473190419408208 1
-0.020478049897211095 0.0070190964866471287 0.032702592017746938 1
-0.0024920252185609724 -0.00082732643342299116 -0.055617814597970099 1
0.022223132489615161 -0.0087241573561662785 0.0053153772378561545 1
0.004696803257132667 0.00073620478021574093 -0.032733480347121681 1
0.0027510041354615019 0.0031714611197269961 -0.021896023517875868 1
-0.0027155079403772368 -0.0032808348686856766 -0.057671546176926151 1
0.0017095570403819265 -0.0024140704110168988 -0.067622243022489134 1
0.0050423549443358992 0.0025512705093107195 -0.035897081017042601 1
0.0050431789695843509 0.002550446475440732 -0.032561262154865614 1
0.00049339235205228321 -0.0048491304533332816 -0.063305869553242466 1
0.0039620873944867649 0.0020383244592872404 -0.03252095891962669 1
0.0017749632249126916 -0.0040433557157794611 -0.064747319272363976 1
-0.023321412033627576 -0.0080614974417552443 0.024021895945322093 1
0.025285766132586911 -0.002309556899979828 0.026707782934507044 1
0.0062478236007331078 0.0056563330149141727 -0.01673508638658663 1
0.0047113227464021879 0.00073418845796976485 -0.034482875930678919 1
0.0048606209897722914 -0.0019340417151825348 -0.042773675314360153 1
-0.0015173840526909196 -0.0030418555588197847 -0.025200674111568285 1
-0.014744161865003866 0.0095095406281160769 0.021963612286883271 1
-0.0046432428206359001 0.00071436670601434825 -0.04505358110421584 1
-0.019909910817577946 -0.010027735714809718 0.050102709071971958 1
0.0038777677158331122 -0.0030338346841376315 -0.051351694368461979 1
-0.0029232146341942231 0.0031665344847179311 -0.019345729441306924 1
-0.0011422238482556983 -0.00096860790980418589 -0.018610465106347049 1
-0.012763995739127218 0.0067657489024954822 0.021900496147058683 1
0.012201417505115209 -0.0093417972010629725 0.011703425636512742 1
-0.0014616662724333497 0.0019389429387470483 -0.026369097274952024 1
0.0047019963736206543 -8.7967642454339396e-05 -0.031764604163865881 1
-0.0030538204353045837 -0.0048532356750389831 -0.035797717005910265 1
-0.00031107902759686112 0.0025516825262457132 -0.026526325382292271 1
-0.0046682585100162773 -0.00068338730900777242 -0.057550011948965689 1
0.021424799560831681 -0.0093780633996800988 0.0065183947592281433 1
-0.011206084306038878 0.0062359647399534788 0.027429455520378124 1
0.0047052453155778818 -0.0034730342936991876 -0.022865019298826433 1
-0.0020397346056252657 -0.0030704122922575231 -0.035478237448045034 1
-0.0032392231414041144 0.0025516825262457132 -0.053188489019202478 1
0.021166447602910886 -0.0091460792616698695 0.0076317767775748689 1
0.00098546183698941612 -0.00050183403582864099 -0.064896518401950959 1
-0.0063747708810857479 5.5464161168407731e-05 -0.021188923296803903 1
-0.0025164886820635548 -0.00065071980665439043 -0.053885189492912822 1
-0.02430942887702682 -0.0069586252154115683 0.014750018988073611 1
0.004564274298409516 -0.0023824061185447934 -0.031333721659651669 1
-0.00093168164944040116 0.003172735819400199 -0.023760431054042044 1
0.0044891866264141064 -0.0033781011600186126 -0.018840816235803897 1
0.00054103645999914126 -0.0033521344809162201 -0.062550931365115844 1
0.0033091726402658295 -0.0038628684027264409 -0.030913845337110692 1
-0.00043217339818217484 0.0025516825262457132 -0.043662392475479671 1
0.0046467265456912113 -0.0037930625955505978 -0.022109909975662114 1
0.024610994221294227 -0.0021044657199758687 0.027437156042660404 1
0.0041642174438052525 -0.0035637998719937176 -0.034961307348719432 1
0.0046216808464145031 -0.0038901799817332356 -0.020905725474586311 1
-0.0037816650259423074 0.0013049823237082899 -0.033148011657941283 1
-0.0033483450533822179 0.0013133180036675185 -0.030086535029113293 1
0.0046951931414338025 0.00087333775923495276 -0.031755475626487777 1
-0.0053323534834187518 0.00043348688410592374 -0.054606068693129194 1
0.021261514881308508 -0.0092928917121617473 0.0084298069329630434 1
-0.0063737239688634872 0.00090245736126145972 -0.060370283489210703 1
0.0035240875140163299 -0.001902012753522528 -0.067138240979415273 1
-0.0045079531211874102 -0.0024456670307856604 -0.028504686710362249 1
0.02198178280482211 -0.0088754604699697801 0.0043347890314042103 1
0.025433778343166159 -0.0017926191275223116 0.022622891476895054 1
0.021782952091582181 -0.0091640258595761734 0.008277556014999795 1
-0.0063736230194389497 -0.0039269761759760536 -0.026402771974284964 1
-0.023170479605006941 -0.0082025121593976378 0.026619900126724345 1
-0.0063734110458769028 0.0016838318119149296 -0.022599182821522911 1
0.021590521544962809 -0.0087775991294479772 0.0081621207959626813 1
-0.0034936319402223792 -0.00034109320438027409 -0.068332962952789053 1
0.0039318507434670724 -0.003108201567258502 -0.031986782351062414 1
0.0047540676773629121 -0.0017286595941446328 -0.020550096086537958 1
0.0049604600450159561 0.0025516825262457132 -0.02404232376614884 1
-0.018956754152693607 0.0091438469717449698 0.024936716168118669 1
-0.00063333922220928723 0.0013172065663029878 -0.027905289762804042 1
-0.0025595202514127743 -0.0048533413419190813 -0.027397164725248984 1
0.0052856395161282226 -0.0036291381056984613 -0.019654601753001967 1
-0.0061169607120500069 -0.00020677316248267482 -0.065681104709354607 1
-0.011052392048311578 0.0092803867846585758 0.003228306381986702 1
0.0048971744865194218 -0.0044020803824637075 -0.031564085240938254 1
-0.004071635649385944 0.00064303680636404112 -0.053281910811674348 1
0.021390138119289498 -0.0094705250725498173 0.0084275059392563568 1
-0.021047433216382198 -0.010182051013753801 0.05449667585916107 1
-0.0045086730360962462 -0.0002639290870706778 -0.029683061108072339 1
-0.0026678692985565196 0.0015030950245228034 -0.067130685180946933 1
0.0040842111113270057 0.0011026584224272014 -0.030461644737880562 1
0.0031432969402475442 0.00061335870036089671 -0.044003932928125655 1
-0.020583512484381967 0.0067633407771678158 0.02854044484914171 1
-0.0063737239688634872 0.0011355483026631629 -0.064744141554388554 1
-0.023557047020509245 -0.0078252969452333333 0.025976276180334407 1
-0.0060249704515421519 0.0025516825262457132 -0.054737895782490026 1
-0.0060070702688721864 0.0025516825262457132 -0.049944221991863332 1
-0.0036388127462287415 0.0025516825262457132 -0.029511655644388023 1
-0.0225672250291678 -0.007790859562389992 0.024187518835743046 1
0.0040004274653247752 -0.0032133975470497933 -0.062998331404862912 1
-0.0038993940954914273 -0.0012889686594754607 -0.053466536056377516 1
-0.0056717957858001778 -6.957300357498519e-05 -0.066671558727134872 1
0.0021431048131375901 0.002552657548552985 -0.03178946712094198 1
-0.0051117073310516774 -0.0029195696677738509 -0.055781638539775712 1
-0.019899191370959947 0.0087574664503335953 0.029307090160663501 1
0.0010272840635421943 -0.0045593319994404555 -0.065487869101121296 1
-0.024859238415956497 -0.0049300882965326309 0.017286064103245735 1
-0.024791762639120141 -0.0057618265350769943 0.014352516911302838 1
0.021166231195495357 -0.0085431386800488424 0.0033477665376801164 1
0.0053504747338593006 -0.0023577040025753813 -0.025174727132163444 1
-0.0063926900860015318 -0.00019458272497503454 -0.065234126160432296 1
-0.0028934257274952357 0.0019352483339480444 -0.020292358104914775 1
-0.0034658834952047981 -0.0026262333670169866 -0.06698856408391389 1
0.0023650365022161723 -0.0048424014654079523 -0.063271845120368375 1
0.0017930337378217584 -0.0048530744388699532 -0.029748087907098951 1
0.00034761152419373465 0.00030407329998205306 -0.063003451190997636 1
-0.0063737239688634872 -0.0017741298204666527 -0.059119107747190362 1
0.0040622478594464148 -0.00078857352293249276 -0.027990089238739996 1
-0.0055028309525988889 0.0008910634347264213 -0.065237995900262941 1
-0.0052404234022797938 0.00017946774873213802 -0.065247898305371116 1
0.012448255766902557 -0.010167508326927779 -0.0078910145032219485 1
-0.0035811232255769632 -0.0013036429504462233 -0.061586651032484167 1
-0.0017707540349769933 -0.001116080394240718 -0.06892209854697158 1
-0.011231131164743086 0.0080329954627121145 0.018296539612266238 1
0.0043154093930524301 -0.0048530744388699532 -0.02806301165744228 1
-0.0014515407339023671 0.0016265964541348325 -0.028084972603429216 1
-0.0054516181043349592 -0.0013144393236156717 -0.060474527495937534 1
0.023754328259036599 -0.0072920826140015762 0.010827147291069195 1
-0.0060715367103759237 0.0090891131895858551 -0.018589403284233755 1
-0.0034653964048123407 0.000169222640256384 -0.066776293403010431 1
0.0040460190072010857 -0.0020427297590525739 -0.029118273202063082 1
0.0022951961082171256 0.0019363590528866971 -0.020230695246021637 1
-0.00072189910346469441 0.002440258878133073 -0.025305393935110249 1
-0.0030003126492895871 -0.0018649682833959313 -0.054469667526394615 1
-0.006344691298325154 0.0016585279362043631 -0.044673722623474188 1
0.0056196927572068232 0.0014623127793177192 -0.049891391518338879 1
0.0033480883305273233 0.0010686532619693348 -0.052469238669005797 1
-0.005685315090317028 0.0017684206211543544 -0.066797534396431352 1
-0.0047554516115218748 -0.0035815206235501641 -0.052326524980311227 1
-0.0063733367470373802 0.00023756713500784708 -0.034269266553370759 1
0.00041493223404427584 0.0025516825262457132 -0.029112536274143577 1
9.3012087541086315e-05 0.0025516825262457132 -0.03225423974898381 1
-0.0020179580641399605 -0.0048530744388699532 -0.055606793506950608 1
0.0042920859945527537 -0.0048536464317966467 -0.022500550136894705 1
0.0037282445038503507 -0.0048530744388699532 -0.026275326601228163 1
0.0037899636808773713 0.0017989338656117112 -0.049462890194564138 1
-0.018514816543199263 0.006313711126615656 0.027718822078095642 1
0.0010478094821666389 -0.0023290795466683655 -0.052248353416358133 1
0.0048959183133522556 -0.0037122058411846498 -0.029994599466526547 1
0.0040672508414737029 0.00034105533868753033 -0.031426422776838527 1
-0.0063737239688634872 0.0022196754396414187 -0.064703257306802459 1
-0.0053300120569848876 0.001519297145726935 -0.062665829376518462 1
0.0038591478465964555 -0.0040564622455645308 -0.021455807502196094 1
-0.011634257714677779 0.0073462204941980025 0.022647629659113419 1
0.0023937891819514334 0.0028665539575740695 -0.025480585172772408 1
0.023537843478858764 -0.0075082943172224978 0.01436952299056132 1
-0.0045164901510613229 -0.0010373010278820918 -0.066794226190604253 1
0.0016150314808133673 0.0018872614631423711 -0.02778820439856685 1
-0.015835481519077998 0.0057449239587236203 0.021721274512289248 1
0.012947209390767357 -0.010163530286296019 0.011525644607460212 1
-0.0021162716409267061 -0.0016641544183496958 -0.034918033398232184 1
-0.0033251622275433761 -0.0020302833257649392 -0.064089832547664483 1
-0.01797780122706957 0.0060471463622886927 0.021251319076800355 1
0.0042215204440838421 0.0055897338018747406 -0.017173385334082188 1
-0.0023781142916458604 -0.00091368987397565354 -0.062380057662644532 1
0.0053504747338593006 0.00091357567196173215 -0.021414396163504355 1
0.0040919626097261292 0.0011446216607050978 -0.042706652058803397 1
0.00474644737940945 0.00097536667479680174 -0.029016302522643721 1
0.0043939424487890576 -0.0048530744388699532 -0.029480942506411801 1
-0.0011539871450908206 0.0019358449560253563 -0.020508973519906718 1
-0.0023663896098783154 0.0025494685491541822 -0.06618004345099042 1
-0.0029664782889376731 -0.002916415610290473 -0.055828825639953353 1
-0.0035713537942290872 -0.00020700930325879706 -0.062341755821769304 1
-0.019871124150616128 0.0087574664503335953 0.033783990607902749 1
0.0053504747338593006 -0.0039962107326190609 -0.032580886927528002 1
-0.0054567488844224068 -0.0032311436257949047 -0.053590332376905185 1
-0.0058969433560127488 -0.0039478837393064998 -0.056593618725683748 1
0.013347612037746908 0.0098092652573163446 0.040685578229357422 1
0.0027067057598755668 -0.00069289951516030186 -0.044359213930433267 1
0.0028814439176728162 0.0042001525734465649 -0.018426019021060922 1
-0.0054748235402925817 0.00022005262783740163 -0.030745103860611099 1
-0.00039778542928790113 -0.0048243532943895657 -0.059749087232377047 1
-0.0033414453771507396 -0.00026208432613273832 -0.069979524283878658 1
0.0027916400998812753 -0.0003945466264496444 -0.067759952639827398 1
-0.0033395405711840044 -0.0031218444338807208 -0.018145377168644287 1
0.004413986379475281 -0.0034069944341561806 -0.0406007647827498 1
-0.0039979908680991228 -0.0048530744388699532 -0.054753695968161091 1
0.00059197942027822137 -0.0048530744388699532 -0.065083738416433334 1
-0.0044085175819798374 -0.003211104119290624 -0.054372490747882626 1
-0.00049855714168886046 0.0025516825262457132 -0.039711535414961821 1
-0.0054029925886107492 0.00078378227181126242 -0.033966420725533464 1
0.0046728976319237855 -0.0025133136755929966 -0.02050479376271527 1
0.013191379225728512 0.0098089834106912487 0.038336479996302977 1
0.0032448520591391011 0.0019037332028134977 -0.023882816197902376 1
-0.018374862730751264 0.0098095471039414406 0.025210981295489147 1
0.0053482938674808038 -0.002968718997948914 -0.020575326434297728 1
0.0050053423029893717 -0.0048531070609451965 -0.038215474335052589 1
-0.0047212315381709334 -0.00045319430708684952 -0.06454542392945932 1
-0.0063737239688634872 0.0022498434050710232 -0.049794857910810966 1
-0.0063737239688634872 0.0020897079768643981 -0.054359356617683235 1
-0.0036442590335051257 -0.0030551674642825023 -0.065554718484959848 1
0.012878209394276467 -0.010168712572522137 -0.0071478167455135497 1
-0.0063732541405846482 -0.00040693335823806199 -0.029316608507783677 1
-0.003256860340814544 -0.0035991028978567927 -0.028351211401032108 1
-0.0018205813981215769 0.0025514342763066928 -0.064469944023821169 1
-0.0063737239688634872 0.0005373126003244545 -0.062036287905153413 1
-0.0052603859634303488 0.00019071014405173248 -0.068107396443852664 1
-0.0057700193611697932 0.0047779890708729887 -0.020429669595778695 1
0.0053504747338593006 -0.0042123924390677706 -0.029706292606307663 1
-0.024706443807504065 -0.0065025998289382171 0.013556525881068041 1
-0.0018931712511481877 0.0019346193876117468 -0.022343939620283037 1
-0.0036020320173887296 -0.0013378703319458457 -0.065431573595335676 1
0.0028578290269686071 -0.0048530744388699532 -0.033363980584785499 1
0.0054456003045255767 0.002114907543441426 -0.042661138400659562 1
-0.0044903158628661613 -0.0011233497117379948 -0.022231294135782675 1
-0.0045117697900181582 -0.00089151330545407569 -0.02698388732468469 1
-0.023328457021270951 -0.0073430325791759409 0.023888566854379296 1
-0.0128938802635227 0.0067478443306442093 0.018498820649850478 1
0.00080915724331491684 0.001284452774609214 -0.031179078853969609 1
-0.005422715310248326 0.0054539694925459688 -0.018602656774801423 1
0.0039705441393877846 0.0012665443213746778 -0.036780561491003387 1
-0.0023789711634202254 0.0011823199550143391 -0.034899821679591408 1
-0.023682815049676224 -0.0076334408685789076 0.016804101965546065 1
0.0029592511788811369 -0.0039641493536124303 -0.025875003889786776 1
0.0006759748101371868 -0.0028971875061961248 -0.057849421515698406 1
0.021940157653371633 -0.0089996212474998567 0.0071486401945661552 1
-0.0034271554405251124 0.0014357853292075908 -0.065945979565293064 1
-0.022647624831979313 -0.0062557727147638138 0.019348504885345362 1
-0.020802951032377108 -0.010179992765188217 0.053020875717688307 1
-0.017028344284013848 0.009797061354540372 0.027566822258752628 1
0.001578869726418051 0.0025516825262457132 -0.033694050691708825 1
-0.004147192979191563 0.0012004431205391117 -0.037196678118399967 1
0.0047991952786687426 -0.003298547334945104 -0.020619134902379498 1
0.0048752489338727218 0.00015682754925446608 -0.0530667011811327 1
0.00094628868184137111 -0.004105090781662225 -0.066919452556397294 1
-0.004570180363936369 0.0048813999788539491 -0.020041370552273462 1
0.0047874288496362336 -0.0036310259998303227 -0.032059737831691491 1
-0.0017351111088445758 -0.0030187303201855112 -0.060538187291072521 1
-0.0013629676422959064 0.0031670783702687625 -0.019863212373501426 1
-0.0063733994033177673 -0.0014953322150365526 -0.033440983628838891 1
0.012279784639892509 -0.0091279111802577972 0.014614157771197143 1
5.6774052159160233e-05 0.0019346193876117468 -0.026008245236857346 1
0.024513151562093639 -0.0028736887523944724 0.026952526116599398 1
-0.0055014743642750902 -0.00099709802156994903 -0.021453168451103729 1
-0.012077295366252263 -0.0094591063964613274 0.0035148821203570572 1
0.006162869439418045 -0.0037463325365362571 -0.020626307756552675 1
-0.0053655136358406082 0.0015631028172782141 -0.064646658924243081 1
-0.0051527227546608488 -0.0026335137868602168 -0.060119786471302693 1
-0.0074824790761303835 0.0035871553539506195 -0.018912707210817833 1
-0.02384503185749054 -0.0054556223135005244 0.023943947791030026 1
-0.020280989271030666 -0.0096024609860250291 0.05093865626409283 1
-0.0031377330716324064 -0.0029519666530554759 -0.023966186955286368 1
-0.020074335079500544 -0.010180371745455443 0.049896407228299335 1
-0.0033086951979145475 -0.0048444939353046498 -0.061037462123166991 1
-0.0050874077363645851 0.00083207704369622423 -0.040565854954164447 1
-0.005473058670759201 0.0031450813403353095 -0.022316812537610531 1
-0.0063730463927743428 0.0016682709512928786 -0.026928444767880158 1
-0.0063731860133283118 0.0016595787671415986 -0.031063828810714837 1
-0.006006033799074887 -0.0043236142442056417 -0.058783828487200068 1
-0.0058379465314290068 -0.0044857936441001873 -0.05581713875042995 1
-0.0057448601990065943 0.00041206658843011452 -0.065769023011311351 1
-0.014165382566458679 0.0064353670087875462 0.021774229345662807 1
-0.00084619897085352197 -0.0048092641583764193 -0.057624609814355111 1
-0.004142630699612215 0.0015184199791800591 -0.032477254209665928 1
-0.002259272720912689 0.0088918799062338849 -0.014586165495589727 1
0.0053887863404297369 0.0021670137419538961 -0.02807268845922932 1
0.0053504747338593006 -0.0039975451423607585 -0.031185416864867449 1
0.0047854072312201734 -0.0030294984600586247 -0.031854894070645692 1
-0.0011107713920591633 0.0013138617415034285 -0.02922472853249929 1
0.005079358476895589 -0.0048156588936860379 -0.028222855868711896 1
-0.020194262094065524 -0.0099380006369518131 0.052619743743833276 1
-0.0046268356678496247 -0.0025963379018984628 -0.064455704044198467 1
-0.0063737239688634872 0.00076341653931555559 -0.058827242078515606 1
0.0026245794104532826 -0.0023375007180484967 -0.027732419372195775 1
-0.008068412309512496 0.0034718026872724295 -0.021676648408174515 1
-0.0032288315450406235 -0.0048535174861052471 -0.024841772977758213 1
-0.0012435983803264525 0.0025516825262457132 -0.028562707340821818 1
-0.0039943902362375222 0.001884308460430728 -0.017071556540935447 1
-0.0054182860468733685 -0.0048531204457706095 -0.05895404417828564 1
0.0053504747338593006 -0.0033729524410297902 -0.031781670025022135 1
-0.0054476770706375684 -0.0048531444516298327 -0.055168112867373637 1
0.0040125756362085095 0.0018457689052782387 -0.020010660228943086 1
-0.0023011293463339332 -0.0019793876521590052 -0.061499206583934207 1
-0.0022194476371447149 0.0040358526726850582 -0.019339544257752948 1
-0.0032369812322000867 0.0031676545297576741 -0.023406730476551518 1
-0.0044399020528353775 -0.00055971791202897919 -0.069089735760367185 1
0.0026774036477459923 -0.0035929480700569679 -0.032265896089551736 1
0.0053577326472044971 -0.0022117127697935685 -0.020475839329805706 1
-0.0050013145557115998 -0.0027768944094969357 -0.032504956061839611 1
0.0053504747338593006 -0.0039361358243671599 -0.034052840859279454 1
-0.0055054334158976814 0.00056786423851627288 -0.032533082310675691 1
0.0043977347580919169 0.002552218231355324 -0.02504651937722711 1
-0.0038510333484340969 -0.002953674842165869 -0.061187462475269815 1
-0.003443409624289402 -0.0029859870660954558 -0.059282823682265083 1
-0.013088351313160385 -0.008473023723555205 -0.0019996531491145806 1
-0.012228163524806195 -0.0096099745550152597 0.00053004966616249788 1
-0.0047587449864101693 -0.00040190301263627934 -0.052422273399365442 1
0.021925938964783481 -0.0089852486462832556 0.0062751311921014161 1
-0.0063044834349099792 0.0095169880790885539 -0.017664049199552955 1
-0.019784278565174819 -0.010100045938711118 0.049228041772491529 1
-0.0050682133879898289 -0.0019850412416676827 -0.061639920697986045 1
-0.003638791391926932 0.0010141549797198202 -0.062726129088921098 1
-0.0058095462161519944 -0.0029356084170526408 -0.019040209643087013 1
-0.0030627656607059373 -0.0023547234308897939 -0.02987471300783226 1
-0.0061486078136689642 0.00054149705317430973 -0.065675400770625197 1
-0.0063732874001633417 0.0003052617324208652 -0.035864119229208409 1
-0.0046619688617464232 -0.00093289988049363986 -0.059157867259915273 1
-0.017477039637735059 0.0076269965389113379 0.02407379869765713 1
0.0015041713929933274 0.0025516825262457132 -0.028290824409076095 1
-0.01131527595710941 0.0091907414710355878 0.015435500423268644 1
0.0022137684872799001 -0.0026304004935475971 -0.064797935095873005 1
-0.019660183924402688 -0.010192136086826138 0.050379081794974891 1
-0.001865530673745959 0.0019447793396347394 -0.027610163463152294 1
-0.0029226857863302509 -0.0048540639898118623 -0.06307193489214534 1
0.0054084835231890723 -0.0043486804536802702 -0.028874897206781817 1
0.0053504747338593006 -0.0039992924033649298 -0.0317925275631286 1
-0.0043062880912880372 -0.001572228599348273 -0.060546654560081861 1
-0.0057759125645280218 0.0025516825262457132 -0.038599465344961725 1
-0.0056818428186961008 0.0025516825262457132 -0.034811437899108399 1
-0.0037659663510852394 0.0025516825262457132 -0.033753295390229719 1
-0.005530415366022147 0.0024865634438440698 -0.027610924282219902 1
-0.0055881382163555787 0.0025516825262457132 -0.031038114155862766 1
-0.0063734849931604744 -0.0021364214353736376 -0.027930791286683774 1
-0.006393286972622452 0.00043311600026228221 -0.065348601551019653 1
-0.0042369730903953611 -0.0030831517548738055 -0.068342536898702524 1
-0.019838135453219989 0.0087373713421729053 0.024781121594210753 1
0.0040658253046415077 0.00063545728134616801 -0.032981197997426888 1
-0.0054231109513385271 0.0033094899005345125 -0.0187564314040909 1
0.0031840384081958293 -0.0037634200822447205 -0.064247764136092872 1
-0.0059800250937607491 0.0020309988797759986 -0.032393962782039758 1
-0.0054250435781905051 0.0015787891588219065 -0.054004401247845377 1
-0.0044664564615757765 0.0011019107456186499 -0.033031949950327509 1
-0.0044831234490385922 0.0011676570676051393 -0.029289913558630139 1
-0.0063757129089214949 -0.0014300757648117396 -0.020013759045870386 1
0.0042044481957812926 -0.00029135128344414605 -0.036465876677022384 1
-0.0063735346516828354 -0.002508504954520048 -0.029768471199514372 1
0.0053521249332858078 -0.0045428924372958191 -0.030454492881961046 1
-0.0031905266805551946 -0.0048544334713369608 -0.064471613615751266 1
-0.00073048107866892701 -0.0041465475491054941 -0.064413162770270246 1
-0.0059010904210635524 0.00040338257314651938 -0.065239082915554747 1
-0.0041250687003666249 -0.0038714617415508443 -0.05643253660406379 1
-0.0054159707095734842 -0.00020774735497877669 -0.020396582788942932 1
-0.0043392174877529797 0.001559240513767798 -0.067162478729693803 1
-0.0063608453108440237 -0.0028744985828999771 -0.063930585273041365 1
0.0053504747338593006 -0.0022567081646720096 -0.030256037100007363 1
-0.0063737239688634872 0.0010450029201736345 -0.054837461835026947 1
0.0053504747338593006 -0.00066533835783413658 -0.029092659592214392 1
-0.0017656067495876327 -0.0035395921545902376 -0.063357378426714281 1
-0.0054401036699343562 -0.0020847369508166197 -0.02249869008078139 1
0.002934749988596472 -0.00297726230946334 -0.066548481707564319 1
-0.023292644017428962 -0.0080774813463515768 0.021787448850431098 1
-0.0063737239688634872 0.00062073008466222591 -0.051562711380936987 1
-0.0037070985674401277 0.00030731374135728912 -0.061328522264671545 1
0.0054041870795463144 -0.00063278629516284564 -0.019121916634548302 1
0.0055713227373679472 0.00051211685067954304 -0.045436251402219165 1
-0.0011379356545175834 -0.0029999820702218435 -0.062177160123792062 1
0.00057952354683244583 0.0013079132671582464 -0.029125208241468449 1
-0.0063733202384947387 0.0016247330074520179 -0.03507472760917562 1
-0.0063737239688634872 0.001050693808348067 -0.057271628478748775 1
-0.017086595278303626 0.0079809149014995005 0.021950253568984088 1
-0.0046126874144018851 0.0025516825262457132 -0.060983928134651672 1
-0.0013059332385061892 -0.0048539074352478163 -0.063663168380237153 1
0.0049374669126021568 -0.0004208126841370182 -0.01804597395761022 1
-0.0041442232224591985 -0.0016998860500076303 -0.056114330097373759 1
-0.0044561142567545176 -0.0015441601281054318 -0.033258868381381035 1
-0.0045256342273205519 0.00068546607508324087 -0.019719050265848637 1
-0.0040259299584059442 0.0031451360024984201 -0.018169562184382763 1
0.0021327193414091422 -0.0014844728681046881 -0.066202841654631847 1
0.0099749513113148169 0.0060029948293947076 0.052457116997679264 1
-0.01034788356019138 0.0083858693071029253 0.017264378583961432 1
-0.0044172139997946704 -0.00016661432842471845 -0.034900229313176184 1
0.0042778266223407148 0.0015179043272968008 -0.038177212242419725 1
0.020080172060027428 -0.010071205094486326 0.029331627835607471 1
-0.0063734279466435978 0.0016445170239453076 -0.038229587311361113 1
-0.00062266202587936241 -0.0038791204030600955 -0.063162950321427824 1
-0.0053929626520129283 0.00028106629966406587 -0.058067216277088517 1
-0.0063737239688634872 0.00072355424069557247 -0.048363851061908457 1
0.0088285600068047643 0.0087334796553477645 0.054792743176221848 1
0.0041280229304359109 0.0010175625244615081 -0.023773678971567236 1
-0.0052275262639318344 0.00099015528871401704 -0.038667530739679566 1
0.0034896377893393806 0.0037458868315048384 -0.016984259379452277 1
-0.0032638781629702024 -0.0035057100909909183 -0.063938962143675435 1
-0.022396902726705258 -0.0072150223496989544 0.023037721384792331 1
0.002803164657578384 -0.0029095472677701574 -0.026411949846516597 1
-0.0049220249191670572 -0.0037992239727782946 -0.059297034092050824 1
-0.011706455447495958 -0.0091279111802577972 0.0008301922323919568 1
-0.011766523892031826 -0.0091483349222408906 0.0037554155796482589 1
0.0030342889045843497 -0.0048530744388699532 -0.030512451128274817 1
-0.0042865423981548476 0.001204878848623732 -0.060771876755464575 1
-0.010572479325594797 0.008174700806222672 0.021546208458457779 1
-0.0060394054033121427 0.0019620222467516143 -0.038415926916183195 1
-0.00065265328375168317 0.0031720307273041468 -0.025226019570715966 1
-0.0046196416790172832 0.0025516825262457132 -0.032204598152119235 1
0.001535024706879246 -0.004232007935555328 -0.065658933293936725 1
-0.021917158093421773 -0.007982505673848006 0.027095589459002849 1
0.015068831584144545 -0.0089354220922160561 0.016363797987776828 1
-0.0054834830471392638 -0.0014197384062691189 -0.066987339133396953 1
-0.0051301735466173851 0.0016790873619680518 -0.052875984079101095 1
0.0041185662072674937 -0.0048530744388699532 -0.033148041636765796 1
-0.0055090554006022368 0.00013885240179691967 -0.062930826925427966 1
0.0053504747338593006 0.00048833040595011828 -0.044224109456977863 1
-0.0033849697167653986 -8.854149680291725e-05 -0.059281170808186852 1
-0.024663623377457249 -0.006581776936799435 0.014302052162618815 1
-0.021196148556943361 -0.00950839390477058 0.05256734802061664 1
-0.0035834504602436004 0.0013986075469339919 -0.068213077019070034 1
-0.012592023729583573 0.0082698062589631489 0.021653932971473021 1
-0.0043862412530223998 0.00065033547746003813 -0.057073884104847782 1
-0.0038635456159527258 -0.00041520266106778958 -0.056376917948662737 1
-0.0054412754145257312 0.0014839402712092105 -0.056754851039340776 1
0.020395418126678763 -0.0081306024080737647 0.030536958359800439 1
-0.0049891544822764783 0.0025114574118821906 -0.066408443327576755 1
0.0037981477487241972 0.0031760278911540677 -0.023191361599179068 1
-0.016135854636990202 0.0070994617811476523 0.02434255866149938 1
-0.0044323818064459543 0.0025516825262457132 -0.055909570062742095 1
-0.0036081395824686027 0.0014603694407376027 -0.059728623011664206 1
-0.0035900092987334684 0.010036595350329105 -0.015711097019043538 1
-0.0047617933339675544 -0.00031699714095317384 -0.065728131740724338 1
-0.018307617996289001 0.0083157760718716462 0.022952641739201054 1
-0.0054651018963833477 0.0013465797777476825 -0.06120605900163064 1
-0.0052210901360933166 -0.0015926103225875708 -0.064257002534295213 1
0.0042933626699461214 -0.0036643835011644951 -0.026872576789344248 1
0.0041611165146686144 0.0045920967557094936 -0.018376501265522319 1
0.002111601041789569 0.0019208808782376727 -0.025053693366191017 1
0.0053504747338593006 -0.0036511696368370043 -0.03747081369603969 1
0.0053504747338593006 -0.0038791425868611286 -0.034736435426631504 1
-0.0047148884339337982 0.0025516093120576439 -0.065131636387610534 1
-0.0026240345278665238 -0.0035261646527250056 -0.062156388991898508 1
-0.022266911342740059 -0.0091279111802577972 0.018094181291427855 1
-0.0036539071719472634 0.0016975058061615982 -0.055201368958878443 1
-0.004699296994339258 0.00050047017175299034 -0.062043144140884014 1
-0.0015836792636164398 0.0019346193876117468 -0.024531649541434091 1
0.00098514303772328192 -0.0036641720098673156 -0.064037804023311704 1
-0.006384940772761429 -0.0015071519404409668 -0.063807488333027199 1
-0.016082476905090442 0.0085046567541498426 0.024854691550763263 1
-0.0044957549358811489 -3.933290093289225e-05 -0.031481188414356903 1
-0.0053147337682236456 0.0015492876022432651 -0.058300651446323369 1
-0.023196190364533575 -0.0081986315966385004 0.024983412007503689 1
-0.017785772818377312 0.0084709931876772882 0.025521732300318949 1
-0.0053257994127350935 0.0015972120780005602 -0.055247488382748955 1
-0.0054067485927139719 -0.00086901287031074346 -0.032287043482154526 1
-0.0049269010778516531 0.0020690118544735014 -0.068508442491292953 1
-0.002426929693333565 0.0025516825262457132 -0.029746409403846062 1
-0.0059715649152966904 0.0039874450422787838 -0.019606708900140653 1
-0.0049550572300201805 -0.0041050241355261663 -0.055527388303601759 1
-0.0052705850240175973 0.00044008380432492374 -0.059313790464461301 1
-0.0027905384182671865 -0.00055526274294386653 -0.06124248396573527 1
-0.003084728741655289 0.0019230692309511793 -0.032636077977820574 1
-0.0034573617584497426 0.0094730154506646111 -0.017726226066257681 1
0.0051885296490026241 0.0059033695930576623 -0.018526045733847137 1
-0.01211430027615279 0.0093760829186066985 0.0032850764837348834 1
-0.02010830271098013 -0.0099728720836971003 0.051915134537808841 1
-0.0047150849661131413 0.0020631057408534242 -0.03365184583639224 1
0.0053857559837274804 0.0022608161244583799 -0.022652451987603225 1
0.0053888442113541194 0.0022224301195234103 -0.025258672708381835 1
-0.0041458519558380952 -0.0048530744388699532 -0.056801186594572277 1
0.00091882644862361642 -0.0031501676758910204 -0.065063274127228607 1
-0.0020002051786942657 -0.0041612253592825284 -0.06621926076700084 1
-0.018985252907229955 0.0081306190276045735 0.023911356576644598 1
-0.0047962841868445507 -0.00067164372101251855 -0.06160132771562473 1
-0.0052647914914151286 0.0013990849023559897 -0.035646746753225537 1
-0.024488241182723847 -0.0064885041934141892 0.014145075776215524 1
-0.0055376902082824621 0.00017738291810261262 -0.05680984133914093 1
-0.0036687812280856965 0.0025113853163711486 -0.066043283482587353 1
-0.0039751632347711178 0.001402133828959327 -0.064384962777490451 1
-0.0050921620719625652 0.0034558071754444987 -0.020287921737349269 1
0.0050398276549488341 0.0025516825262457132 -0.025135590823823765 1
0.0044046160816972532 -0.0042077220123048027 -0.032249133763590725 1
0.0049889780466296774 0.0026046212768579277 -0.022762760326599907 1
-0.017956335502540607 0.008807545600688289 0.02435935104819929 1
0.0053663942254195207 0.0022272314653685103 -0.020299246405255898 1
0.0016385391765165976 -0.0048528009810260286 -0.064279469235781733 1
0.0046201713782924583 0.0016588395760537336 -0.032185924534617438 1
-0.0047567495058746896 0.0006119445483721024 -0.064678787403184432 1
-0.016920158014967449 0.0096345294262293567 0.023864338483494577 1
-0.016387377765688996 0.0095854494548175025 0.022647656754883141 1
-0.0054544867103508803 -0.0022264984050015765 -0.063046833883086781 1
-0.004281332716345787 0.0031593457679264247 -0.019801243208348751 1
-0.0045040787221137463 0.0041735320820634808 -0.019090590216983876 1
-0.0063737239688634872 0.0009516589486096602 -0.063698405104768721 1
0.0049639298637320726 -0.0048530744388699532 -0.029081754963526746 1
-0.0054473774182020275 -0.00065318109892322114 -0.063721141656964117 1
-0.0038252869212916803 -0.00052738155559832239 -0.06047794111232533 1
-0.018741918905331854 0.0091994028272731829 0.023641235181226853 1
-0.0060258629699077929 0.0012041728842023588 -0.065821121488715092 1
-0.006020495405874661 0.0025516825262457132 -0.053539477334833351 1
-0.0060294454972096437 0.0025516825262457132 -0.055936314230146694 1
0.00419799682753363 -0.0048530744388699532 -0.031238875016621221 1
-0.0042508528391700965 0.00042804481807315103 -0.059896793861337921 1
0.0020679269166700666 -0.0041404979068828092 -0.066617978745181855 1
-0.00023716099359805446 -0.0046739992517296691 -0.065462883568654331 1
0.001981707497024531 -0.0045055038565563685 -0.065455823303624025 1
-0.0063836569345909356 0.0010660164682863367 -0.06543154982428305 1
-0.0033472899484626754 -0.0048530744388699532 -0.056002995449677628 1
-0.01627754297858728 0.0083249173241513319 0.023513434578269477 1
0.00010988911752493118 -0.0039598245070507337 -0.064148209211371973 1
-0.0057240867542501881 0.0010676886241266907 -0.066568069622724602 1
-0.00531952390172426 0.001567406862738274 -0.033435502594468779 1
-0.00015625833388878188 -0.0034134972932293671 -0.064889091003788243 1
-0.0044431464533652536 -0.00075307000616581677 -0.03403390599327815 1
-0.0044753801098411858 -0.0048530744388699532 -0.055846552436839718 1
-0.0062142490198460647 -0.0010229599741299537 -0.065555518214291647 1
0.0043489542822391057 -0.0038202293612440009 -0.025327803452177229 1
0.0017600380860571547 -0.0048531015053882133 -0.064920714052149275 1
-0.018100336979362763 0.0097028390199842829 0.024124576342178169 1
-0.0054473283691628743 -0.00065404442598544755 -0.033795874088765186 1
-0.0044704234237814989 0.00063971996346648082 -0.034052652982521865 1
-0.0056139693504045343 0.0012936902853799789 -0.067468722204727938 1
-0.0064019976186761749 -0.0011330747777538485 -0.06527097076840159 1
-0.0036149459785789553 0.0013005604630414499 -0.03405174959279695 1
-0.0057123873986757428 0.0015646330635175163 -0.065382435242912804 1
-0.0057395020266645174 -0.00055999784948931777 -0.064819829963372086 1
-0.0020942102604808895 -0.0041140988215352496 -0.064278184218505272 1
-0.0040252276737272339 0.0016006149173784109 -0.031566921121092488 1
-0.0053426429702715635 0.0031541055678237259 -0.021202774684257554 1
-0.0057500100640178083 0.0012111625981071914 -0.06592496112607843 1
-0.005891858618128183 0.0024990703446640108 -0.066474681117474663 1
-0.0056948703017159034 0.00043938100802457338 -0.06455787823400172 1
-0.017436947356337825 0.0088284433336111006 0.02336177712985029 1
-0.0044587744771546166 0.0012793017567587581 -0.033925916102523206 1
-0.0046736348512030415 0.0031661909262218424 -0.020714262797568519 1
0.00078116049269315486 -0.0039344084288530376 -0.064930445896927744 1

Tetrahedra
16770
2231 1390 1793 1550 1
780 1788 614 1419 1
1802 335 1282 344 1
1276 117 940 1539 1
1199 1330 1108 452 1
2691 1429 1728 1016 1
2056 950 1795 342 1
1944 320 3001 1820 1
1429 1224 823 432 1
1919 1187 1362 2204 1
882 1752 335 1440 1
319 1696 341 2752 1
110 1382 753 1756 1
1608 1650 462 828 1
1830 1110 348 1846 1
2502 2555 2099 2556 1
1169 3023 2422 3099 1
130 2471 1579 1610 1
513 634 1205 1169 1
1553 1779 970 1202 1
1379 1425 808 830 1
2150 2020 525 323 1
593 133 696 797 1
1374 746 779 1516 1
37 731 6 939 1
600 1651 1104 1256 1
462 658 849 2299 1
1628 512 1281 759 1
1585 1478 804 1463 1
540 925 1387 1311 1
557 1671 748 1941 1
2855 2106 642 3571 1
429 1903 50 73 1
1276 665 618 1704 1
2674 1323 890 456 1
520 350 2513 339 1
1750 317 1964 1843 1
1713 1695 1352 461 1
469 1547 1718 2586 1
1692 1756 112 1183 1
1298 542 827 979 1
483 484 602 614 1
1422 3757 3941 3588 1
2243 3358 495 426 1
1080 2453 945 2534 1
2502 2533 500 96 1
1565 545 805 1227 1
428 698 5 26 1
677 2500 2110 2594 1
2510 361 2881 2554 1
1745 1208 574 497 1
2265 3220 2275 490 1
594 458 2454 2114 1
2856 35 2555 2284 1
1777 1870 1321 959 1
515 1945 1604 1703 1
714 1523 1539 1276 1
1671 572 748 1939 1
517 705 503 708 1
2098 962 455 1877 1
125 1201 1215 1126 1
285 307 3554 2805 1
736 1842 1493 2480 1
1276 2096 117 1889 1
462 2034 2851 658 1
1030 189 689 231 1
119 443 109 432 1
765 2623 550 3486 1
2034 462 1036 1608 1
3099 1456 2295 834 1
2337 2053 2586 2320 1
1697 2293 828 2227 1
1363 1020 1640 1619 1
737 3793 1038 2460 1
3340 1078 3353 3798 1
3525 1204 946 3881 1
1169 40 703 2422 1
2382 2291 1680 2226 1
3777 2685 580 3640 1
2691 2284 2502 500 1
609 2838 657 1049 1
3677 139 153 3762 1
1344 1166 2008 1966 1
1939 713 2730 526 1
445 1958 850 1417 1
3006 267 297 3554 1
1377 1516 335 1984 1
2587 2137 1097 3300 1
630 1742 420 849 1
2316 3619 1863 986 1
41 37 731 6 1
2284 35 2555 2697 1
1437 703 12 684 1
1395 1829 1593 2269 1
439 1762 602 433 1
478 560 1349 1193 1
3904 4012 3773 3669 1
3877 991 3777 2685 1
255 839 279 253 1
408 1503 414 391 1
101 94 760 1031 1
1454 1701 2463 2357 1
268 290 3006 297 1
4086 2973 2806 3837 1
630 461 1254 1273 1
767 777 2286 2828 1
1762 198 433 439 1
3003 3051 2854 3740 1
1764 2435 3254 1157 1
170 167 3531 3851 1
1498 481 659 427 1
2428 2186 712 3378 1
122 485 1498 427 1
485 1707 427 122 1
162 2571 3192 576 1
556 2310 3560 2109 1
36 2284 1509 2830 1
2598 2770 2039 2054 1
1004 3828 750 3953 1
3978 3437 182 4014 1
2564 3828 1004 3953 1
421 1266 406 2344 1
3851 3373 208 3940 1
1516 2113 779 968 1
2751 3960 2285 2211 1
2974 3631 3124 249 1
2034 647 1493 1032 1
1570 1942 2666 1332 1
582 465 2038 1058 1
443 620 431 432 1
822 440 524 982 1
675 3255 2859 3349 1
3524 354 678 1148 1
2911 2426 1693 1773 1
480 1125 1478 614 1
619 423 452 357 1
957 2530 1982 3719 1
2631 2794 3529 2617 1
4087 178 2899 3280 1
2244 3159 4051 3462 1
2745 2179 3701 2423 1
3214 566 2966 3869 1
3348 2497 3461 3434 1
4023 3088 3657 1590 1
3335 3592 3590 3202 1
3868 1003 1209 992 1
2944 3937 3301 3677 1
2935 2822 3464 280 1
3554 236 3923 2979 1
433 455 475 439 1
475 455 474 439 1
3656 3684 4074 4084 1
3577 3668 1265 3447 1
3420 3390 3508 586 1
1349 1242 590 573 1
573 1416 590 1691 1
476 467 741 622 1
1387 540 9 428 1
319 1696 2752 451 1
319 451 2715 321 1
488 548 532 1059 1
488 584 548 1039 1
842 654 956 1699 1
319 451 321 1696 1
304 308 296 301 1
705 467 503 708 1
569 754 806 482 1
1016 620 1953 1429 1
1045 1016 601 1342 1
102 109 2533 96 1
499 1490 1786 1133 1
395 386 413 759 1
2133 784 1960 676 1
512 359 339 329 1
432 431 109 1728 1
1355 1705 962 433 1
198 455 433 439 1
1503 414 464 408 1
1503 385 408 464 1
391 1503 385 408 1
731 6 18 41 1
759 386 413 465 1
18 731 41 66 1
643 379 397 389 1
18 539 66 58 1
102 708 1059 532 1
370 353 1816 354 1
1222 1766 609 1930 1
1193 478 497 1585 1
19 428 26 39 1
1193 741 497 478 1
512 329 339 814 1
1762 603 602 846 1
763 1571 497 493 1
763 483 497 1571 1
741 763 497 493 1
883 1587 817 552 1
448 806 505 482 1
532 705 517 708 1
592 485 517 443 1
482 135 505 447 1
532 102 708 517 1
544 655 517 705 1
2204 828 1187 1362 1
448 806 883 505 1
1349 1344 2689 1316 1
2836 2819 2666 1332 1
2269 482 492 1336 1
2513 2517 520 814 1
469 458 2454 594 1
2513 2517 350 520 1
2062 2517 520 350 1
443 485 517 431 1
443 517 911 431 1
2659 1048 1661 1556 1
461 1695 1148 678 1
2063 2168 2170 2545 1
543 1190 2766 1864 1
1239 543 2766 1864 1
1345 1300 828 505 1
534 427 817 592 1
832 655 517 544 1
592 427 817 485 1
485 544 517 532 1
832 655 544 863 1
863 1051 544 200 1
1708 653 1252 461 1
959 1870 516 718 1
644 653 1569 630 1
268 297 3006 267 1
1112 451 1696 1299 1
286 242 3639 267 1
222 3538 230 3512 1
1894 616 902 851 1
553 445 343 1278 1
2368 57 526 1097 1
2587 2137 526 1097 1
989 661 2133 2216 1
604 1031 502 625 1
1031 1528 604 502 1
661 2133 2233 989 1
1396 620 1953 1016 1
3757 233 1422 261 1
596 342 950 554 1
2952 2247 1872 725 1
1163 437 1024 932 1
558 499 1795 808 1
558 778 1795 499 1
499 558 778 464 1
1379 808 1425 558 1
2554 653 2510 562 1
562 644 653 1569 1
356 445 343 553 1
356 553 1160 445 1
1778 1216 508 181 1
1193 741 478 1358 1
532 548 708 1059 1
307 296 304 308 1
1418 533 466 1694 1
748 2246 547 789 1
3710 284 3101 1844 1
1914 3588 223 242 1
798 439 198 1762 1
3018 3732 3835 2898 1
569 754 482 1137 1
1762 673 798 439 1
244 489 266 259 1
1422 261 233 229 1
288 3673 307 2805 1
454 649 817 534 1
649 481 817 534 1
454 518 534 466 1
2299 644 653 562 1
2303 1568 2522 1109 1
704 1051 909 761 1
254 259 237 244 1
244 237 489 259 1
958 1311 4 13 1
254 259 244 266 1
540 424 841 958 1
1571 1631 1208 123 1
260 251 639 240 1
484 1718 551 2496 1
1745 1857 551 1419 1
552 534 817 592 1
552 817 655 592 1
478 1349 1585 1193 1
1349 573 590 804 1
1355 573 590 1691 1
278 283 4043 839 1
1552 2672 861 491 1
747 434 540 1288 1
433 1705 573 1355 1
1702 545 1530 1442 1
3936 682 3563 3476 1
1751 637 2397 2954 1
1751 2397 637 2094 1
2496 521 1352 2024 1
389 1099 643 366 1
1443 724 613 1367 1
682 3563 3927 3936 1
243 240 639 251 1
1762 1219 602 433 1
2353 2233 1960 1606 1
2919 3743 3119 473 1
497 493 214 1573 1
497 1208 493 1571 1
343 445 1538 1278 1
2272 3923 235 2979 1
2451 802 1464 1781 1
596 1133 2431 492 1
286 296 3554 307 1
1903 428 39 564 1
2144 428 564 39 1
286 296 297 3554 1
296 290 297 3006 1
3757 3588 1422 1914 1
301 289 2488 3223 1
2395 2424 2410 3414 1
1952 2884 499 1795 1
1563 2182 488 2865 1
211 2421 2142 438 1
1620 1346 1477 622 1
568 464 1335 609 1
464 609 568 499 1
418 568 1162 1136 1
552 454 817 534 1
418 464 1159 568 1
449 977 508 454 1
466 508 454 1637 1
568 1335 464 1159 1
61 58 86 571 1
571 87 539 58 1
18 571 58 61 1
571 87 58 86 1
571 539 18 58 1
2916 4075 274 273 1
817 832 655 592 1
3017 243 3131 3476 1
485 443 592 427 1
1621 1993 1589 1221 1
1172 484 559 300 1
1172 780 559 484 1
447 611 521 847 1
2177 459 1758 447 1
372 643 379 397 1
1141 735 1062 2035 1
716 1549 509 621 1
568 499 1136 778 1
754 787 720 626 1
720 787 763 626 1
1465 465 2038 582 1
2722 414 408 464 1
1465 381 465 582 1
544 200 705 532 1
544 705 517 532 1
485 431 532 517 1
522 1227 633 1060 1
450 1964 358 1733 1
1660 1363 1046 1603 1
1977 3220 1886 611 1
496 2281 598 1045 1
2281 598 1045 15 1
1045 1945 2282 31 1
760 1626 1649 900 1
900 486 1649 873 1
443 431 911 109 1
760 900 1649 1353 1
1353 900 1649 1251 1
508 552 977 529 1
487 496 598 2046 1
496 598 2046 1045 1
2122 541 746 1520 1
2706 3134 3054 1094 1
729 1706 2706 3721 1
2439 3422 3134 1844 1
512 996 520 350 1
527 453 446 605 1
532 102 431 1851 1
602 433 1193 804 1
439 602 475 433 1
514 452 300 453 1
2865 488 1067 1909 1
1851 488 532 1059 1
1059 102 532 1851 1
1145 90 102 1067 1
1920 1277 2204 1187 1
592 517 911 443 1
592 517 567 911 1
911 567 708 517 1
515 2167 15 1703 1
517 102 708 911 1
1703 1045 31 1945 1
1341 400 456 764 1
522 1227 612 633 1
751 1923 1227 612 1
3133 630 461 653 1
2074 563 538 1520 1
2074 699 563 1520 1
793 12 7 703 1
451 1696 2752 951 1
1443 1809 344 613 1
1443 724 1471 613 1
1711 1647 856 1431 1
480 1125 1166 1478 1
497 602 804 614 1
1585 1166 1125 1478 1
1886 1020 1363 3220 1
602 484 475 614 1
1172 1788 480 780 1
780 1788 480 614 1
1975 1003 2010 1086 1
692 746 931 245 1
1585 1478 1125 614 1
940 618 1953 620 1
618 726 546 1832 1
1952 1133 499 2884 1
1535 988 193 597 1
1075 597 1535 891 1
85 80 60 1031 1
1222 1425 1930 609 1
1018 1300 2797 1723 1
102 431 2533 109 1
425 1989 2297 1181 1
1647 703 954 2772 1
31 15 2281 1045 1
65 72 81 665 1
909 883 1525 1446 1
85 1031 60 1111 1
1509 1945 31 2282 1
618 628 1042 620 1
2917 507 1509 2282 1
618 1042 1953 620 1
601 591 618 665 1
2522 1534 1101 2730 1
480 1166 624 1478 1
1166 2256 624 1478 1
12 13 958 4 1
731 6 939 491 1
474 1812 455 627 1
2558 1935 429 50 1
1227 751 612 633 1
1647 703 684 954 1
573 1705 1691 1355 1
628 726 546 618 1
546 628 873 486 1
486 628 726 546 1
2206 1473 1399 424 1
886 4 12 958 1
3274 1006 721 2544 1
1477 741 1358 622 1
6 10 37 939 1
1390 2529 2677 2672 1
788 1620 548 622 1
438 211 2421 199 1
548 1358 741 622 1
822 873 440 982 1
873 1044 432 150 1
2428 3070 712 2186 1
591 1044 432 873 1
628 591 432 873 1
522 633 1610 1060 1
522 633 612 1610 1
633 1397 1579 1060 1
633 751 612 1922 1
633 751 851 1274 1
634 513 429 1935 1
634 8 770 7 1
634 429 770 1935 1
1952 1133 596 492 1
66 686 539 74 1
3795 2990 3288 3253 1
602 1219 1193 433 1
534 592 552 508 1
674 508 466 1637 1
977 883 448 552 1
2773 1576 2068 2828 1
548 622 741 467 1
705 548 741 467 1
705 467 708 548 1
600 410 1104 392 1
1655 2907 213 2878 1
199 1218 179 162 1
1762 673 603 924 1
1762 603 1327 924 1
1762 673 924 798 1
1242 2389 560 1394 1
1443 724 1367 397 1
724 1234 1367 1384 1
1171 470 1580 778 1
1580 1210 470 1171 1
778 2451 1765 1795 1
1053 2058 686 2892 1
1171 1430 470 778 1
539 686 66 87 1
731 37 41 54 1
916 3543 2564 1156 1
1218 179 3876 3758 1
430 129 131 108 1
55 54 37 731 1
107 131 430 132 1
631 2694 2649 1103 1
3543 2564 3828 1004 1
3828 740 1220 1114 1
672 645 794 756 1
2175 766 645 762 1
561 1452 1112 1256 1
1223 1096 3570 1156 1
540 4 2 424 1
498 1311 540 958 1
9 1311 2 540 1
958 4 540 424 1
906 1172 988 1570 1
1000 3758 3059 3309 1
178 4050 167 183 1
1227 514 672 1388 1
1406 2233 2133 989 1
2919 212 3743 208 1
167 178 3939 2899 1
3756 184 3696 3648 1
2865 488 1851 1067 1
1851 488 1059 1067 1
620 1042 1429 432 1
1067 102 1059 1851 1
3348 3996 3728 3264 1
4051 3901 3462 3793 1
552 448 651 806 1
529 552 977 651 1
569 977 651 529 1
2026 461 630 653 1
653 2881 1252 1187 1
2495 3149 728 2215 1
508 454 977 552 1
1795 499 1347 808 1
1453 1433 952 1452 1
544 655 705 1051 1
863 817 832 655 1
817 863 2648 1051 1
863 2648 1051 1306 1
544 1051 705 200 1
427 546 534 629 1
2569 3774 175 3686 1
641 600 2679 460 1
476 741 1477 622 1
667 3302 898 3143 1
2793 739 943 642 1
3018 2898 3187 2429 1
1267 134 3531 170 1
119 822 982 150 1
1511 428 39 75 1
39 75 428 26 1
428 75 698 26 1
428 75 1511 698 1
5 9 2 428 1
760 2401 94 189 1
94 189 101 760 1
946 2534 1080 945 1
1311 3 2 4 1
9 3 2 1311 1
19 5 26 428 1
2496 1352 1543 469 1
3518 1019 2080 1499 1
428 2 540 9 1
427 546 629 1832 1
428 5 9 19 1
499 2884 778 1795 1
514 525 452 1330 1
2020 1330 452 525 1
1956 561 1108 661 1
747 1371 2486 973 1
1323 468 1108 661 1
427 1832 629 659 1
661 561 1108 1323 1
561 2445 661 2283 1
801 1311 3 9 1
2558 429 801 9 1
801 429 1311 9 1
1311 925 429 498 1
200 548 938 705 1
200 938 493 705 1
1361 1690 2013 1317 1
1711 1736 1647 2444 1
548 467 708 622 1
548 622 708 92 1
718 959 1870 3032 1
1740 2939 2991 2060 1
1382 547 485 1756 1
2032 525 323 2150 1
2305 2908 3208 1154 1
388 393 570 410 1
592 524 440 443 1
3870 3659 3052 2989 1
706 591 2046 665 1
1534 713 1101 2730 1
706 665 81 437 1
539 87 66 58 1
1100 1082 1638 571 1
706 738 437 81 1
427 534 546 592 1
546 592 440 443 1
427 443 592 546 1
1060 2189 1955 1338 1
502 1031 900 625 1
534 546 592 440 1
496 502 604 1528 1
487 496 604 1528 1
1756 1707 485 122 1
3300 1764 2137 3206 1
940 427 620 1707 1
755 706 665 81 1
1628 1281 386 759 1
759 386 1628 395 1
759 465 1281 386 1
287 668 2032 525 1
755 665 65 81 1
72 81 665 1760 1
755 2201 665 601 1
730 874 465 768 1
1253 2777 687 2349 1
2349 1253 472 687 1
1465 465 768 730 1
768 874 465 811 1
1066 3091 3416 2798 1
768 811 465 1644 1
768 1465 1644 465 1
121 1031 908 80 1
100 80 85 121 1
121 85 1031 80 1
1317 715 509 973 1
716 1717 474 1060 1
1348 432 1044 150 1
170 134 3531 167 1
1348 1044 908 150 1
1348 111 432 150 1
2614 1390 1087 2231 1
466 508 534 454 1
1587 883 817 1235 1
883 1051 817 2648 1
1185 546 534 440 1
322 1110 1547 318 1
1235 2648 883 817 1
672 453 514 484 1
3482 3895 1195 477 1
672 446 453 484 1
514 453 672 527 1
649 817 2648 1235 1
527 672 446 453 1
405 1430 802 666 1
802 1430 1464 666 1
2363 2023 1075 1856 1
1163 437 726 1024 1
1024 726 1286 192 1
672 766 527 794 1
1286 1163 726 1024 1
1704 437 726 1163 1
763 123 493 135 1
763 1475 123 135 1
763 1971 123 1475 1
886 685 424 47 1
1759 2638 700 2914 1
672 1350 527 766 1
762 1350 527 1956 1
672 446 484 673 1
672 527 446 794 1
672 794 446 673 1
730 1465 465 2038 1
388 343 776 364 1
2571 177 144 179 1
1127 364 776 343 1
388 776 570 364 1
570 364 776 1127 1
602 484 673 439 1
1762 602 673 439 1
606 2189 2101 1060 1
424 841 958 1142 1
356 776 388 343 1
1127 343 776 445 1
356 445 776 343 1
387 776 388 356 1
401 765 550 456 1
387 570 388 776 1
785 513 429 1993 1
718 513 429 785 1
718 785 429 1164 1
1246 785 429 1993 1
703 793 40 7 1
529 552 592 508 1
527 766 762 794 1
529 552 651 592 1
529 651 567 592 1
529 592 567 524 1
529 508 592 524 1
1044 926 908 502 1
766 672 645 794 1
926 1044 908 1348 1
766 672 670 645 1
672 1388 1350 766 1
527 1350 762 766 1
670 1388 672 766 1
2952 725 1872 690 1
762 766 645 794 1
1024 437 726 690 1
669 762 645 794 1
454 534 552 508 1
794 762 527 2233 1
762 1956 527 2233 1
3167 2907 2974 2878 1
791 1133 492 1490 1
791 1952 1347 492 1
791 1133 1952 492 1
2094 637 1326 1974 1
119 822 524 982 1
443 524 119 911 1
766 1388 1350 772 1
119 982 524 443 1
766 1350 762 772 1
534 1185 773 546 1
773 466 820 1061 1
1452 371 387 693 1
773 444 466 1061 1
773 466 444 710 1
773 1185 710 546 1
772 1350 762 1956 1
772 1388 1350 1442 1
772 1350 1956 1442 1
705 467 754 503 1
2228 3714 3850 3930 1
754 806 626 705 1
754 705 626 467 1
3536 3149 2816 1961 1
705 754 655 503 1
806 754 655 705 1
620 1429 1042 1953 1
514 1227 716 621 1
514 559 716 1717 1
1227 1549 621 805 1
1227 805 621 545 1
747 491 428 698 1
539 1638 491 1087 1
491 428 698 5 1
805 1304 621 545 1
805 903 1304 545 1
539 731 18 66 1
731 41 74 54 1
66 74 731 41 1
1098 676 784 2945 1
1960 676 784 1098 1
2117 751 1530 1565 1
759 874 996 465 1
1323 1199 1108 468 1
465 996 811 874 1
1055 874 768 811 1
1960 774 605 677 1
730 874 768 1210 1
759 874 465 730 1
774 2945 605 457 1
679 1055 768 1677 1
679 1677 768 1644 1
454 518 649 534 1
518 481 649 534 1
518 454 649 1261 1
2133 695 1225 654 1
605 1699 494 654 1
1857 574 1745 1208 1
1172 780 906 559 1
1971 2496 521 603 1
603 2496 521 1376 1
1994 521 1376 603 1
603 1971 763 521 1
1994 521 603 763 1
1465 818 782 937 1
448 883 806 552 1
706 24 69 53 1
320 1228 1919 1187 1
24 755 487 22 1
1644 782 1236 845 1
2133 605 1960 784 1
706 755 487 24 1
2856 2555 1676 2691 1
1051 135 806 705 1
774 784 605 2945 1
527 468 453 605 1
705 1051 135 493 1
527 2133 605 1960 1
1960 784 605 774 1
8 634 513 11 1
118 625 760 94 1
1717 1227 522 1060 1
2401 760 94 118 1
605 695 784 2133 1
428 491 2 5 1
468 881 453 605 1
605 2945 784 695 1
1723 2480 1300 1842 1
3065 1837 736 1490 1
411 736 609 1049 1
1049 736 609 2838 1
474 1060 1548 716 1
1993 513 429 634 1
423 453 1664 881 1
1548 716 1060 509 1
881 468 453 1664 1
451 1696 951 1112 1
890 1467 600 410 1
1339 1462 1186 1188 1
1080 918 2534 946 1
2036 777 2147 1375 1
1367 1234 613 730 1
790 1465 1178 782 1
605 654 695 2133 1
784 695 1310 2133 1
900 1031 121 760 1
790 1779 1178 1465 1
790 1034 1178 1202 1
601 591 665 2046 1
824 1787 2736 2248 1
824 1346 833 622 1
2175 766 670 645 1
672 794 673 756 1
979 1298 2581 1587 1
455 962 877 433 1
1298 1599 599 827 1
3930 3714 3850 217 1
599 1298 827 1587 1
1235 542 827 909 1
455 198 433 877 1
681 3480 3522 3952 1
773 466 518 820 1
629 773 518 820 1
518 1556 820 466 1
52 82 604 83 1
1631 1605 1571 1208 1
1139 2095 551 2320 1
795 772 762 1956 1
795 1356 1956 799 1
900 625 1031 760 1
818 381 386 465 1
2946 1497 690 444 1
795 1442 1956 1356 1
795 1956 762 799 1
795 772 1956 1442 1
824 1346 1906 833 1
1627 788 833 1314 1
481 1498 817 427 1
47 685 424 709 1
427 1498 817 485 1
300 484 559 514 1
514 300 484 453 1
546 1185 710 440 1
514 672 484 559 1
1328 826 868 1379 1
1553 826 1328 1779 1
837 445 1452 356 1
592 655 517 832 1
837 1160 445 356 1
371 837 1452 356 1
1043 616 733 2471 1
594 469 1619 1713 1
1338 1397 1060 606 1
794 897 1269 2134 1
170 188 1267 1000 1
540 861 841 424 1
2544 615 1142 424 1
861 2544 841 424 1
540 958 841 2714 1
958 841 2714 1142 1
2134 963 1269 1905 1
1490 568 3065 1837 1
826 449 454 1379 1
657 609 1335 2326 1
1452 1769 837 1433 1
853 1452 837 1433 1
24 22 53 755 1
53 24 755 706 1
440 524 592 508 1
210 3654 3423 2870 1
432 111 823 500 1
1348 823 432 111 1
572 1939 1671 1534 1
1066 1833 907 850 1
952 1272 445 850 1
1272 1404 907 1066 1
2475 850 1731 1958 1
1731 952 445 850 1
826 449 1637 454 1
1769 445 1452 837 1
371 1452 837 853 1
1769 1160 445 837 1
3610 2878 3616 983 1
856 1305 958 893 1
1711 1071 856 1322 1
856 703 1437 1647 1
1437 856 958 893 1
830 1425 808 599 1
830 808 454 599 1
830 599 454 993 1
835 799 762 669 1
984 1574 799 1292 1
669 799 762 2233 1
551 2320 2586 1547 1
1194 984 799 1292 1
1482 1835 551 1419 1
973 715 1801 2748 1
1000 134 1267 170 1
1000 134 1027 1267 1
1361 2013 1586 775 1
763 1971 1475 521 1
1851 547 431 532 1
485 431 547 532 1
2027 2831 866 879 1
1994 1947 866 960 1
616 1043 132 130 1
2027 3224 3044 866 1
775 1175 1586 1511 1
52 604 82 49 1
83 82 604 99 1
2714 867 504 498 1
498 504 2048 867 1
625 437 920 1373 1
498 2048 703 893 1
958 867 498 893 1
775 2013 1586 1175 1
958 498 867 2714 1
652 2262 1928 1315 1
1216 508 674 1778 1
130 616 1043 2471 1
1562 508 674 1216 1
2262 945 1315 652 1
510 945 2262 652 1
130 132 2128 1043 1
130 2128 2567 1043 1
130 2471 1043 2567 1
324 1261 454 868 1
324 868 454 1379 1
1294 1328 868 1854 1
761 200 869 493 1
200 869 493 938 1
623 200 869 761 1
492 1952 950 596 1
1154 938 869 200 1
1520 541 1440 533 1
1428 200 869 623 1
649 1587 1115 454 1
1203 1520 1440 533 1
1154 905 938 200 1
1586 872 2023 1391 1
2023 872 1411 1391 1
1567 819 2715 1238 1
1186 127 696 115 1
2715 1567 878 819 1
1347 492 825 791 1
492 1345 825 791 1
492 1490 1345 791 1
725 2072 1339 797 1
552 651 592 655 1
1186 2247 1339 696 1
754 651 567 569 1
569 651 567 529 1
226 1894 851 2254 1
851 902 1894 226 1
34 598 2281 1420 1
797 133 696 118 1
2715 319 878 2752 1
638 859 1089 3721 1
3721 859 1089 3603 1
1146 371 853 693 1
1453 693 853 1452 1
1146 693 853 1453 1
1903 428 19 39 1
693 371 853 1452 1
1453 853 1433 1452 1
905 1819 1154 938 1
1172 559 906 988 1
559 988 716 906 1
1172 559 988 300 1
988 559 514 300 1
1543 521 879 1240 1
559 514 716 988 1
2249 1244 1660 960 1
1376 521 879 1543 1
1994 879 1376 521 1
1641 2283 1956 1047 1
604 437 625 1373 1
604 738 625 437 1
604 706 437 591 1
604 738 437 706 1
1047 2283 1956 661 1
604 437 1373 591 1
7 821 40 1169 1
7 1980 40 821 1
3407 821 1980 2289 1
2289 1980 1169 821 1
2747 1947 1926 1994 1
1075 1856 1535 597 1
1164 718 50 429 1
597 927 1075 1856 1
891 1535 193 597 1
1437 856 893 703 1
508 534 592 440 1
893 867 498 2048 1
498 893 703 12 1
1437 703 893 12 1
696 133 99 118 1
1129 1169 864 11 1
1376 446 944 1800 1
1800 1643 1376 446 1
826 1214 1553 3942 1
826 1677 1214 3942 1
679 1677 1214 826 1
1214 679 826 1779 1
826 1779 1553 1214 1
1762 846 1327 603 1
1306 2648 1051 761 1
1051 2648 909 761 1
2282 2090 507 496 1
1342 496 2282 507 1
1342 507 1224 496 1
1342 496 1045 2282 1
507 2090 1224 496 1
3264 3461 237 3434 1
805 535 903 545 1
545 535 903 1272 1
601 1016 1045 1775 1
640 2341 3131 805 1
903 1272 1066 1404 1
3348 3264 3461 3996 1
828 1300 2202 505 1
1112 907 445 1272 1
2341 3131 805 903 1
966 3865 238 914 1
1639 907 445 1112 1
445 1112 1127 1639 1
452 1245 287 1021 1
1021 287 452 300 1
907 1902 1639 445 1
850 445 1731 1958 1
1272 907 445 850 1
907 1417 1902 445 1
1417 1912 1902 445 1
850 1833 1417 1958 1
445 1639 1127 1902 1
1169 3023 40 2422 1
669 835 645 762 1
2422 3023 40 684 1
835 838 799 669 1
795 326 1356 838 1
1574 884 799 1292 1
3538 2468 2962 222 1
806 135 505 482 1
806 135 1525 505 1
1488 1886 1268 910 1
806 655 883 1051 1
844 2605 1474 860 1
1154 200 869 1428 1
1154 200 1428 2007 1
413 381 465 386 1
582 381 465 413 1
2493 964 1434 1991 1
1769 445 952 1452 1
1452 445 952 1112 1
1044 1386 926 2090 1
561 1452 952 1112 1
561 1453 952 1452 1
1433 1769 952 1452 1
944 458 1640 971 1
651 754 806 569 1
458 971 2650 1640 1
741 763 493 626 1
560 1545 1416 1849 1
387 1452 776 356 1
1849 1416 560 573 1
2834 2473 1427 1349 1
573 560 1242 1416 1
1242 1416 560 2389 1
2389 560 1545 1416 1
541 811 520 512 1
541 1380 512 520 1
8 7 634 11 1
811 512 541 536 1
3415 3611 224 3815 1
3886 3699 3850 217 1
1 11 7 8 1
1328 1779 1379 970 1
826 679 558 1779 1
826 1779 1379 1328 1
823 1600 1429 500 1
2715 451 565 321 1
1320 2318 330 451 1
321 451 1320 330 1
844 2605 860 375 1
451 319 2715 2752 1
933 451 2715 2752 1
497 483 602 614 1
24 706 69 52 1
487 706 604 2046 1
24 604 706 52 1
951 1112 2125 451 1
451 1112 2125 1639 1
933 951 2125 451 1
1522 919 495 1712 1
919 1635 1712 1522 1
919 3358 495 1712 1
3358 1635 1712 919 1
919 1522 495 426 1
2170 1635 919 1522 1
2170 1522 919 426 1
486 1497 920 1700 1
498 540 504 2714 1
1497 725 690 920 1
1072 200 544 532 1
1072 200 532 1152 1
1072 863 544 200 1
1072 1247 863 200 1
1247 200 1072 1152 1
1994 960 866 879 1
960 879 1994 521 1
517 655 503 705 1
879 960 1240 521 1
1240 1046 611 521 1
1046 967 611 521 1
592 655 567 517 1
1994 521 967 960 1
2007 905 200 1318 1
2007 2214 905 1318 1
876 1303 1117 520 1
2214 1624 905 1318 1
1117 2062 520 1303 1
251 269 283 262 1
283 262 4043 839 1
350 2086 937 465 1
3518 652 1019 1499 1
1457 1794 1381 1019 1
652 1019 2182 1457 1
510 1129 1394 1648 1
3081 3427 3862 579 1
652 2182 2723 1457 1
563 692 746 931 1
1470 1442 795 326 1
1530 1388 1470 1442 1
1470 1388 772 1442 1
1470 772 795 1442 1
492 1821 948 1490 1
492 1490 948 1345 1
1284 1795 1765 2451 1
948 1345 1190 492 1
948 1158 1701 1821 1
1701 948 1190 1158 1
427 620 443 546 1
940 546 618 620 1
618 546 628 620 1
1327 763 632 603 1
1327 603 632 1852 1
427 546 940 620 1
969 1135 1883 1178 1
969 1050 336 1654 1
2311 878 270 2148 1
1379 1779 1883 970 1
1379 1854 970 1883 1
2148 878 270 2526 1
1328 1854 970 1379 1
1528 972 496 502 1
2119 972 496 1528 1
1528 80 972 502 1
1389 80 972 1528 1
1610 1579 130 1229 1
3081 575 579 3862 1
596 1879 1133 1081 1
649 979 1587 1235 1
542 1298 2581 979 1
1427 560 584 1394 1
1427 1242 560 1394 1
1427 1394 584 2287 1
1867 2053 1695 1252 1
1411 981 872 73 1
981 1164 73 1411 1
1427 2402 1242 1394 1
1427 2402 1394 2287 1
1846 2087 348 922 1
1211 496 487 1528 1
507 1386 823 1224 1
496 1211 2119 1528 1
838 326 1356 884 1
838 3068 326 884 1
1356 1641 1956 884 1
799 1356 1956 884 1
3068 2258 1969 884 1
1211 487 27 1528 1
1280 677 1213 895 1
1147 896 895 1213 1
895 896 1147 944 1
944 1147 3011 971 1
8 513 16 11 1
469 458 944 2454 1
944 458 3011 2454 1
498 1993 429 634 1
1209 992 1006 1853 1
513 1129 510 16 1
896 677 895 1213 1
1993 1205 634 498 1
3868 2162 1003 1737 1
513 1129 16 11 1
1379 993 454 324 1
16 1129 510 1648 1
1050 993 1379 324 1
895 677 896 944 1
896 677 1213 2110 1
1115 993 324 454 1
2581 993 324 1115 1
677 1800 2110 896 1
1453 1860 1146 693 1
455 1355 962 433 1
1453 1860 2472 1146 1
1930 993 1379 1050 1
1617 2472 3230 1453 1
601 665 1276 2201 1
480 574 1125 614 1
1006 1652 1305 1086 1
2162 1209 1086 1652 1
2544 615 1006 1142 1
841 1006 2714 1142 1
634 770 3 7 1
634 429 1311 770 1
469 446 1131 677 1
446 453 1131 605 1
1131 881 1846 605 1
3241 864 11 1129 1
469 1131 678 1904 1
1131 1846 678 1904 1
1301 596 1541 1663 1
2333 897 2134 334 1
596 2431 1879 3347 1
596 1879 1081 1985 1
16 1129 3241 11 1
3358 919 495 426 1
1389 1015 80 1528 1
1015 1528 1389 2119 1
830 1425 599 1674 1
534 773 629 546 1
1911 2323 3454 807 1
2117 1891 751 1565 1
2117 751 1891 851 1
629 773 820 1061 1
2667 444 773 1061 1
591 665 1704 618 1
665 437 1704 1760 1
591 437 1704 665 1
1904 494 1230 1069 1
1046 1363 611 3036 1
1240 1363 611 1046 1
1239 1864 2766 3132 1
1240 1046 521 960 1
2071 2389 1705 1217 1
1046 967 521 960 1
1046 338 611 967 1
1048 518 1661 1556 1
591 1704 726 618 1
591 726 628 618 1
1261 518 1661 1048 1
486 591 726 628 1
591 437 726 1704 1
780 475 559 484 1
780 614 1478 475 1
1224 502 1044 591 1
780 614 475 484 1
900 1044 908 502 1
469 446 677 944 1
1224 1044 432 591 1
780 475 694 559 1
3208 905 1054 1819 1
1054 1642 478 905 1
3208 2429 1054 905 1
1883 1930 1050 1654 1
2429 1642 1054 905 1
1054 905 478 1819 1
1905 963 1269 1259 1
1050 969 1883 1654 1
1269 2594 913 897 1
652 1928 2262 1648 1
652 1648 2262 510 1
1394 652 510 1648 1
1394 1827 652 1648 1
652 1648 1827 1928 1
1025 2422 2295 834 1
963 1259 1905 2774 1
2422 2295 834 3099 1
486 591 437 726 1
690 726 486 437 1
1217 834 2422 1025 1
437 486 690 920 1
1373 437 486 591 1
920 437 486 1373 1
962 1355 455 1056 1
1877 962 455 1056 1
1185 534 508 440 1
1812 1056 1877 455 1
710 726 486 690 1
440 508 1185 674 1
1024 690 726 2667 1
984 1574 915 3068 1
674 1203 501 533 1
538 1203 674 533 1
674 533 466 538 1
1065 1826 688 1132 1
688 906 597 1065 1
1065 688 906 694 1
1065 1132 688 694 1
1065 1856 597 688 1
535 1066 850 2475 1
540 1311 2 4 1
958 1311 540 4 1
903 1272 535 1066 1
795 799 762 835 1
3673 1144 296 3554 1
396 399 1821 390 1
1144 3673 296 304 1
1272 1066 850 535 1
875 1572 549 2179 1
1821 399 396 404 1
2179 2718 1069 2454 1
594 2454 1069 2718 1
716 1717 1060 1227 1
835 795 799 838 1
1071 703 856 1322 1
934 876 1405 3431 1
934 876 2086 1405 1
1677 876 811 934 1
856 1071 893 703 1
893 1071 867 2048 1
1075 1535 1874 1690 1
1874 1690 2023 1075 1
893 2048 703 1071 1
1322 703 856 1647 1
2048 2073 703 1071 1
1677 876 934 3431 1
876 2086 811 934 1
618 2096 1276 1704 1
1832 2096 117 1276 1
944 1800 677 896 1
944 446 677 1800 1
952 1272 545 1112 1
952 1112 445 1272 1
592 651 567 655 1
944 1800 896 2755 1
2094 1326 788 1974 1
3671 3430 4015 1195 1
2397 2094 788 1974 1
584 788 548 1039 1
2022 1376 944 1800 1
1690 1075 1535 891 1
1391 2023 1586 1075 1
1586 891 1075 1690 1
1075 1690 2023 1586 1
2022 1800 944 2755 1
891 1391 1586 1075 1
730 1234 1471 2031 1
1366 1528 604 49 1
2353 1340 1076 1307 1
3069 2353 1076 1307 1
1366 27 1528 49 1
1086 1003 2010 615 1
2714 1006 1305 1142 1
958 1305 1142 2714 1
482 447 787 135 1
189 692 2401 245 1
482 754 806 787 1
1520 563 1558 746 1
1086 1003 992 1209 1
958 1305 2010 1142 1
1396 620 1707 1523 1
754 806 787 626 1
787 135 763 626 1
787 1475 763 135 1
2558 770 429 1935 1
1093 1480 932 1872 1
2247 1481 3520 1343 1
1343 2247 1780 1872 1
317 311 746 931 1
1762 846 602 1219 1
1808 910 1693 2426 1
846 741 602 1219 1
1219 741 1193 1477 1
601 1248 2662 2461 1
471 1762 433 1219 1
1747 1886 1693 910 1
2650 971 3011 2229 1
111 792 823 500 1
794 645 2134 756 1
669 794 645 2134 1
794 1269 446 673 1
672 671 1717 670 1
671 672 756 645 1
794 1269 673 756 1
260 269 639 251 1
796 1717 522 800 1
796 800 595 1584 1
677 895 1280 2454 1
677 944 895 2454 1
469 2454 677 1904 1
522 800 1717 1060 1
469 944 677 2454 1
1886 1268 384 1488 1
628 591 873 486 1
671 439 796 798 1
620 628 1042 432 1
99 115 133 696 1
798 673 672 439 1
1186 696 133 115 1
672 673 798 756 1
797 696 625 118 1
1186 1339 593 696 1
1186 696 593 133 1
1476 1628 383 395 1
2099 2556 2555 1770 1
2624 1533 785 1221 1
1587 827 883 1235 1
2134 897 1269 963 1
785 1993 1246 1221 1
698 571 539 18 1
698 18 61 571 1
1246 2163 785 1221 1
698 18 26 61 1
963 897 1269 913 1
2163 2624 785 1221 1
1973 913 963 2774 1
948 492 1158 1821 1
1158 948 1190 492 1
1115 1587 993 454 1
492 2431 1158 1821 1
1261 454 1115 324 1
2581 1587 993 1115 1
494 2349 1699 605 1
1829 492 2431 1158 1
494 1904 2349 605 1
1120 1635 955 557 1
2493 1721 1434 964 1
1635 1771 557 1120 1
495 1712 3358 2243 1
1240 611 847 521 1
514 525 1330 545 1
796 439 800 198 1
796 439 1717 800 1
474 439 800 1717 1
198 439 800 455 1
439 474 800 455 1
1121 1600 507 823 1
1240 611 1619 847 1
1121 1600 823 792 1
561 545 1350 1330 1
1350 1388 672 514 1
1240 847 1619 1543 1
1543 521 1240 847 1
193 668 287 621 1
926 964 1721 502 1
3012 3124 3405 608 1
193 287 988 621 1
1721 964 2493 972 1
972 1721 964 502 1
3797 3232 2574 3102 1
2311 270 1372 965 1
1575 1255 1038 1100 1
1575 114 1038 1255 1
623 869 1123 761 1
492 596 803 2431 1
492 482 2269 803 1
448 482 492 803 1
950 596 803 492 1
466 674 1637 533 1
944 971 1640 2831 1
971 2831 2650 1640 1
1199 1323 1256 1645 1
1330 1256 1199 561 1
803 482 1451 569 1
561 1112 1330 1256 1
944 1147 971 2831 1
1323 1467 1645 890 1
803 554 569 1451 1
1452 570 1256 840 1
1452 570 1127 1256 1
2650 2831 971 2229 1
971 2831 1147 2229 1
804 1355 475 433 1
804 1355 590 475 1
1350 545 561 1442 1
804 1585 614 1478 1
1261 454 649 1115 1
1363 1020 1619 3220 1
1619 1363 3220 611 1
806 135 626 705 1
482 806 135 787 1
806 135 787 626 1
523 834 1129 2422 1
510 2402 1394 1129 1
1051 806 655 705 1
1121 792 823 111 1
1956 661 2233 989 1
2502 2485 1331 935 1
2233 989 1113 1292 1
2233 1956 989 1292 1
2883 1078 3483 3541 1
671 1717 1611 796 1
1280 895 1213 3011 1
449 508 529 181 1
2500 1678 1280 677 1
449 508 977 529 1
529 977 449 2056 1
2092 529 181 449 1
2092 2056 529 449 1
2500 2110 1678 677 1
938 548 741 705 1
938 741 493 705 1
938 493 741 1573 1
568 1837 1490 499 1
657 2838 609 2740 1
1730 896 1213 2110 1
1205 1169 703 2422 1
602 484 439 475 1
484 475 559 439 1
969 970 1883 1135 1
1222 1425 1379 1930 1
476 467 626 741 1
1379 808 449 454 1
476 1401 626 467 1
1222 1379 1425 558 1
3931 1262 2047 3764 1
449 808 977 454 1
52 83 706 69 1
52 706 83 604 1
720 967 632 763 1
632 1994 763 967 1
810 1166 214 1585 1
715 1512 621 2414 1
445 1112 1452 1127 1
952 535 545 1272 1
952 1272 850 535 1
545 903 1304 1272 1
715 1512 2414 2115 1
809 84 81 738 1
81 437 809 738 1
1760 81 437 809 1
936 1579 1610 1007 1
1142 1086 2010 615 1
424 615 1142 47 1
579 180 744 575 1
1142 2010 47 615 1
448 482 803 569 1
1851 488 1152 532 1
495 2865 1563 1851 1
1349 1463 1344 1585 1
2685 1250 742 3532 1
811 996 520 512 1
1851 1152 488 1563 1
1851 1152 547 532 1
2125 1112 1304 1404 1
1304 1112 1272 1404 1
3102 3797 3232 3165 1
1465 818 1178 782 1
1644 1465 790 782 1
1644 790 1236 782 1
1762 846 1219 476 1
1047 456 375 1341 1
2605 1047 3486 375 1
1047 456 3486 375 1
694 474 475 627 1
2216 456 3486 1047 1
1065 2819 694 1332 1
718 1935 50 429 1
718 513 1935 429 1
1309 815 475 590 1
475 694 627 815 1
1748 1047 375 1341 1
1458 2216 3486 2605 1
815 627 475 590 1
1214 934 1077 3431 1
2584 1568 714 2011 1
1644 934 2086 1077 1
2086 1303 1405 876 1
756 1269 673 1643 1
962 1705 1355 1151 1
2037 1705 1151 1217 1
1691 1355 1151 1056 1
1217 1705 1151 1691 1
375 2605 860 1557 1
2037 1705 962 1151 1
834 1456 2754 2190 1
532 705 708 548 1
532 200 705 548 1
2190 834 1326 2754 1
3235 3614 1154 2007 1
540 925 1311 498 1
623 753 2646 1247 1
1658 1641 1029 1860 1
1968 2258 3068 1029 1
2072 1339 1462 2939 1
1903 1387 73 429 1
1387 434 1411 925 1
2744 1826 1065 2819 1
1637 508 454 449 1
674 508 1637 1778 1
1036 2034 1032 2851 1
1462 1686 1188 2072 1
674 1778 1637 501 1
1457 1522 3038 656 1
1522 1324 1260 1457 1
1324 1522 1019 1457 1
1019 1457 1522 3038 1
200 1051 493 761 1
2072 1686 463 1462 1
1462 2072 812 463 1
493 761 704 1669 1
1462 2072 1188 1339 1
1462 2939 812 2072 1
493 761 1051 704 1
3065 736 2972 1490 1
761 869 1083 493 1
601 1396 1016 1775 1
1121 2064 1600 792 1
1600 792 2064 2221 1
3697 2146 2833 2759 1
1977 611 2427 1758 1
2875 435 1612 1777 1
1637 826 3942 1677 1
1637 501 679 1055 1
790 1178 1034 782 1
1697 2202 1300 1441 1
679 1637 1055 1677 1
1300 3352 1995 816 1
1348 1121 823 111 1
1300 2202 3352 1441 1
447 1977 1758 611 1
2195 84 809 738 1
1760 809 437 1360 1
1697 1300 1650 816 1
1745 1419 614 574 1
497 1745 614 574 1
790 1178 1779 1202 1
2481 1176 2318 1639 1
737 3115 3851 3940 1
2967 2118 1181 1602 1
7 498 3 634 1
498 703 634 7 1
2118 589 2967 2645 1
1779 1178 1135 1202 1
2422 684 703 954 1
561 2445 2283 693 1
1651 600 1199 1256 1
448 505 883 825 1
1283 1221 1621 1132 1
825 505 1599 1300 1
825 505 1300 1345 1
1018 1345 825 1300 1
1018 1300 825 2797 1
2797 1300 825 1599 1
599 825 448 883 1
1283 1621 1826 1132 1
608 3500 3997 588 1
1142 1305 1086 1006 1
1067 1682 1102 2334 1
92 1102 1067 1989 1
494 1069 549 2507 1
2507 1069 549 1572 1
485 832 517 544 1
863 655 544 1051 1
817 485 832 592 1
1051 817 863 655 1
1102 1067 1989 1682 1
592 832 517 485 1
854 357 1915 641 1
644 653 849 2299 1
561 1452 1256 840 1
706 755 2046 487 1
2341 535 903 805 1
1066 3131 2341 903 1
487 755 2046 22 1
1274 535 2341 805 1
2714 1305 1652 867 1
1800 1643 2022 1376 1
1211 2119 1578 1934 1
1199 561 1256 1323 1
561 840 1256 1323 1
561 840 1323 2445 1
661 561 1323 2445 1
1256 1467 1323 840 1
1108 561 1199 1323 1
1210 1055 768 679 1
1465 768 679 1210 1
897 2594 913 334 1
2134 334 897 963 1
1018 1490 1345 2480 1
2695 1758 338 447 1
679 1465 1644 768 1
2695 447 338 2121 1
1596 2605 1474 844 1
862 930 923 2756 1
513 8 930 17 1
963 334 897 913 1
1077 934 1405 3431 1
1077 934 2086 1405 1
591 900 873 486 1
1077 1405 845 3117 1
1077 1405 2086 937 1
350 512 363 339 1
363 359 339 512 1
988 287 300 514 1
363 512 350 1281 1
363 512 1281 1628 1
1628 363 512 359 1
1081 1133 596 2884 1
634 7 1169 11 1
1077 1405 3117 3431 1
1108 452 453 1664 1
1108 1330 514 452 1
514 452 453 1108 1
1667 538 674 1185 1
440 1667 674 1185 1
674 538 466 1185 1
1217 2389 1705 1416 1
523 834 2422 1217 1
1217 834 2389 523 1
403 594 417 415 1
415 594 402 403 1
1443 643 1377 836 1
517 503 567 708 1
517 655 567 503 1
503 754 655 567 1
498 12 7 13 1
498 958 12 13 1
849 653 644 630 1
414 648 464 418 1
2722 464 418 414 1
414 1616 648 418 1
3026 1746 1773 2371 1
746 2122 563 931 1
1750 746 317 311 1
1346 1545 1906 833 1
788 1545 833 1314 1
472 922 3524 887 1
561 693 840 2445 1
1667 538 1185 710 1
3524 922 472 2349 1
1846 3524 2349 922 1
922 370 3524 887 1
806 651 655 754 1
754 651 655 567 1
1970 110 2029 1231 1
1049 3372 2838 657 1
1231 1715 110 1764 1
1715 110 1970 1231 1
1118 1606 2353 1960 1
1232 2146 2924 2716 1
1442 545 561 865 1
385 1222 1766 609 1
1098 784 774 2945 1
123 135 704 493 1
1960 784 774 1098 1
676 1263 3474 1098 1
1228 135 704 123 1
1208 493 123 704 1
561 952 545 1112 1
320 1228 704 123 1
3474 2945 676 1098 1
123 1208 704 320 1
424 841 1142 2544 1
841 1006 1142 2544 1
1142 1006 1086 615 1
1648 1129 834 2307 1
1237 2524 1014 1924 1
3241 2307 1129 1648 1
1237 1924 1014 1694 1
1556 2259 1237 1694 1
2311 878 1372 270 1
878 2715 2832 1567 1
474 800 1060 1717 1
1584 800 1392 1337 1
1238 319 2715 321 1
800 474 1392 1337 1
874 1055 768 1210 1
1238 2715 2091 1990 1
671 439 1717 796 1
1478 1166 2256 1463 1
2624 1221 815 1533 1
1158 1789 1701 1821 1
1319 611 847 3220 1
1829 1158 1789 1701 1
2831 879 1640 1543 1
692 931 974 245 1
931 563 692 974 1
725 1339 696 797 1
1789 1829 1701 1913 1
1821 1789 1701 2638 1
1158 2766 1829 492 1
1158 2766 492 1190 1
1243 2297 2243 1067 1
1336 2766 492 1829 1
1243 2297 1067 1682 1
543 1190 492 2766 1
1051 883 1525 909 1
2243 1067 90 2334 1
505 883 1525 806 1
106 738 115 83 1
99 115 696 738 1
2334 1067 1243 2243 1
502 900 1031 908 1
83 115 99 738 1
83 738 99 604 1
1187 828 2009 1362 1
2334 1682 1243 1067 1
1782 1850 2163 3452 1
1525 1051 909 704 1
1336 543 492 2766 1
1246 3371 1411 1502 1
1873 785 1164 1246 1
1476 643 1099 759 1
767 1275 2036 1107 1
2036 777 767 1107 1
630 653 1569 2026 1
1471 1443 1464 666 1
1471 1443 666 724 1
365 854 600 641 1
485 832 544 863 1
773 710 2667 726 1
863 817 485 832 1
2326 385 609 464 1
657 2326 1335 1143 1
2326 385 464 408 1
773 710 726 546 1
494 1230 1069 2507 1
1904 1230 594 1069 1
536 613 1055 874 1
759 874 1367 536 1
746 1516 1440 536 1
1380 745 463 2577 1
1522 1260 656 1457 1
1457 1527 1260 656 1
1775 852 1155 1248 1
2233 1406 676 1113 1
821 3023 40 1169 1
768 1055 811 1677 1
1260 2545 1522 656 1
2289 821 1169 3099 1
724 1234 666 1471 1
1118 1960 2353 2594 1
1256 1112 951 1696 1
1104 1256 1651 1696 1
1256 570 1299 1104 1
1256 570 1104 1467 1
1256 1696 1104 1299 1
1363 1886 3220 611 1
1619 611 3220 847 1
746 858 245 256 1
465 381 1465 818 1
1118 2353 1684 2594 1
1558 1030 746 563 1
3474 1263 1118 1098 1
334 2333 897 1122 1
763 135 493 626 1
1552 1390 1087 2614 1
334 897 2594 1122 1
3069 1122 2333 334 1
1626 625 900 760 1
334 1122 1385 3069 1
2500 1960 1118 2594 1
747 1288 540 861 1
766 1388 772 2175 1
649 1587 817 1235 1
649 2581 1587 979 1
2828 777 1375 258 1
494 956 258 1375 1
583 1375 777 1806 1
1375 956 1806 583 1
2828 1375 494 258 1
640 3131 2210 805 1
1443 1377 344 836 1
1443 613 344 1377 1
2210 1304 621 805 1
2210 3131 1304 805 1
640 2210 621 805 1
903 3131 805 1304 1
2194 1226 2677 1037 1
1944 3001 1871 1820 1
1442 545 865 1702 1
1268 1886 1747 910 1
2710 1469 2385 3230 1
1353 1030 231 998 1
892 1252 2881 1187 1
1219 741 602 1193 1
846 741 1219 476 1
379 389 643 366 1
2461 601 1248 1775 1
1775 1248 1045 601 1
497 1125 574 614 1
497 574 1125 214 1
1279 1322 2165 703 1
2048 1279 703 2073 1
2772 2165 1322 703 1
2048 703 1279 1515 1
1506 1515 1279 703 1
1014 1117 1418 1924 1
876 1117 1924 533 1
895 3011 1280 2454 1
1924 1418 533 1117 1
2048 504 1812 1495 1
1812 1495 504 1459 1
53 755 22 528 1
742 2685 3640 580 1
601 1248 755 2662 1
1730 896 1147 1213 1
1147 896 2755 944 1
1147 2229 2755 2596 1
1533 513 785 1993 1
718 513 785 1533 1
11 1289 7 1169 1
134 177 1000 3876 1
641 357 1915 376 1
1153 1641 1969 2176 1
1356 1153 1956 1641 1
1728 431 109 2533 1
2385 1442 1153 3230 1
1214 3431 1592 3942 1
1956 1442 1153 1356 1
2295 1822 3023 1564 1
1564 1822 3023 954 1
2373 1531 965 1372 1
2311 965 1372 2373 1
2311 2601 1372 878 1
625 82 94 99 1
604 82 625 99 1
625 99 94 118 1
99 696 118 625 1
99 738 696 625 1
604 738 99 625 1
2474 1540 699 1117 1
2115 1170 2414 442 1
533 520 811 876 1
324 1261 868 1294 1
12 703 40 684 1
2007 1247 1970 1152 1
324 1294 868 1854 1
726 710 486 546 1
768 1677 811 1644 1
324 1854 868 1379 1
1170 2930 1670 2115 1
1170 3211 1716 1653 1
2355 1295 1757 1983 1
2414 1170 2169 442 1
1170 1670 2930 2346 1
546 710 486 440 1
486 440 873 546 1
1007 1579 1610 1229 1
440 1667 710 486 1
873 1667 440 486 1
542 1662 1298 827 1
1939 2137 2522 572 1
1587 979 827 1235 1
979 542 827 1235 1
1662 2797 1892 1298 1
1194 1292 2233 1113 1
583 1875 654 1090 1
1662 2797 1298 1599 1
132 902 616 130 1
924 1302 1524 1643 1
2022 1376 1643 1302 1
601 755 1248 2046 1
924 603 1357 1643 1
1357 1376 1643 603 1
1061 1237 1014 466 1
1556 1237 1061 466 1
1194 799 2233 1292 1
1324 2063 719 1522 1
558 1465 1210 464 1
1222 1465 558 464 1
1367 874 613 536 1
1367 613 1377 536 1
1552 2535 861 2672 1
1552 1390 2535 2672 1
532 431 102 517 1
517 431 102 911 1
1367 730 613 874 1
423 348 881 1410 1
423 881 1664 1410 1
423 348 1410 1084 1
731 54 74 76 1
731 76 2443 54 1
423 1084 1410 376 1
423 1410 1664 376 1
1324 1522 719 1019 1
193 668 621 2296 1
1324 2063 1522 1260 1
1975 813 1305 1071 1
1305 1975 2010 1086 1
2010 1975 1305 856 1
1305 813 867 1071 1
1987 1200 926 1386 1
315 453 452 423 1
315 423 452 619 1
315 452 453 300 1
452 1245 1021 315 1
315 1021 452 300 1
1245 619 315 452 1
1665 1200 1434 1959 1
2098 455 877 1749 1
2098 962 877 455 1
598 880 1045 15 1
790 1034 1202 1546 1
1202 1034 2388 1546 1
1155 880 15 1045 1
1784 1202 2388 1546 1
1066 2475 535 2663 1
1644 790 1202 1236 1
1765 2234 1965 470 1
1965 1765 470 1092 1
1214 1644 1202 1236 1
673 446 1643 1269 1
1920 1252 1277 1187 1
2341 2663 1066 535 1
670 1530 1227 1388 1
111 500 109 96 1
111 96 792 500 1
1939 2522 1534 572 1
1019 3038 1563 2182 1
677 774 605 457 1
677 2454 1280 457 1
1904 2454 677 457 1
677 1280 2500 1398 1
546 620 443 432 1
620 546 628 432 1
546 628 432 873 1
873 440 982 546 1
546 443 440 982 1
609 2905 385 2740 1
751 1923 1530 1227 1
472 887 3524 1148 1
3356 2337 2053 1848 1
599 1892 830 1674 1
599 1892 993 830 1
1365 2975 426 3578 1
599 2797 1892 1674 1
1298 1892 993 599 1
1312 3275 3233 3988 1
1298 2797 1892 599 1
677 2500 774 1398 1
605 1904 677 457 1
435 1321 3009 1777 1
2834 435 3009 1777 1
1477 471 433 1219 1
665 81 437 1760 1
898 642 2855 943 1
1627 1314 833 2579 1
1314 1545 833 1906 1
920 437 625 696 1
1872 920 725 696 1
1627 1974 1314 2579 1
2218 1913 459 1395 1
2218 2342 1395 2792 1
945 899 2262 1315 1
2218 1395 459 2792 1
572 2137 2246 1939 1
3983 1913 2218 1395 1
2035 1234 1062 1141 1
397 409 643 389 1
1384 1234 1367 1062 1
2112 1390 1550 1037 1
2112 2677 1390 1037 1
759 643 1099 536 1
1481 2247 2105 1780 1
760 692 2401 189 1
101 1031 121 85 1
1344 1166 1966 810 1
1166 1344 1585 810 1
1382 485 547 1152 1
1382 1247 485 1152 1
485 1072 532 1152 1
1247 1072 485 1152 1
485 547 1152 532 1
1966 1316 810 2304 1
1316 1585 810 478 1
3017 255 243 3476 1
1316 478 1559 2171 1
2304 1316 1559 1630 1
273 4075 264 2916 1
558 808 449 1379 1
1405 1303 1659 876 1
826 558 449 1379 1
1735 2318 1320 565 1
321 565 2347 1320 1
1728 432 431 620 1
2695 2321 1408 338 1
1758 2321 2695 338 1
1817 882 674 1472 1
1408 338 2321 2721 1
474 627 455 475 1
900 873 1251 150 1
668 1824 2032 525 1
951 1112 1304 2125 1
900 1044 873 150 1
1353 908 900 150 1
2311 668 1512 1824 1
2507 1859 594 415 1
900 908 1044 150 1
387 1452 840 570 1
2828 1325 258 549 1
387 570 776 1452 1
387 840 398 570 1
1644 1465 782 937 1
387 388 570 398 1
686 74 1053 539 1
481 534 518 629 1
518 466 773 534 1
518 773 629 534 1
767 1726 1325 2828 1
1424 2009 3001 2554 1
1920 653 1252 1187 1
1864 1742 1239 543 1
107 1053 430 108 1
2112 2231 1550 1390 1
107 430 131 108 1
1294 585 1436 1328 1
1420 598 2281 15 1
668 621 1824 525 1
621 1304 1824 525 1
668 621 1512 1824 1
1553 1597 970 1328 1
1436 585 1661 1328 1
1294 1597 585 1328 1
31 15 1420 2281 1
106 84 738 83 1
69 738 84 83 1
706 83 738 69 1
706 738 83 604 1
751 1891 1274 1565 1
851 751 1891 1274 1
1644 782 845 937 1
1644 465 1465 937 1
751 1565 1274 1227 1
1644 2086 465 937 1
1644 1077 2086 937 1
315 1450 453 423 1
1830 315 1450 1110 1
1310 1225 695 1458 1
2147 1225 1458 695 1
315 453 1450 1110 1
2133 1310 1225 695 1
2674 654 1225 2147 1
1476 759 1628 395 1
2905 373 2932 2235 1
2674 2133 1225 654 1
1233 1292 915 984 1
2624 1533 1873 785 1
1558 1203 746 1119 1
1757 936 595 2482 1
945 25 899 1315 1
920 696 625 797 1
1131 469 1718 446 1
696 2247 725 1872 1
984 1233 1292 1194 1
1435 2083 305 1731 1
498 1311 958 13 1
47 886 958 424 1
2026 1254 630 461 1
2778 1296 2777 1859 1
1053 76 74 108 1
2058 1053 74 108 1
2072 2156 1339 2939 1
2939 2156 1339 2400 1
918 2182 2534 584 1
906 716 1535 988 1
1535 906 988 597 1
1294 1436 868 1328 1
868 1436 1661 1328 1
746 2673 256 779 1
1436 1048 1661 585 1
906 694 716 559 1
555 1343 1093 1872 1
555 1343 1872 2952 1
2952 1343 1815 1679 1
1697 1441 1300 816 1
2048 1495 1812 3183 1
1394 1827 1648 834 1
1300 1441 3352 816 1
1394 834 1326 2190 1
1236 790 1202 1546 1
1755 1441 1697 816 1
2985 1441 1755 816 1
1344 1463 1166 1585 1
810 1344 1585 1316 1
2353 794 1960 2233 1
2353 669 794 2233 1
547 1382 1152 789 1
923 899 2277 945 1
862 923 2277 945 1
3304 2631 3383 3094 1
1077 845 1236 3117 1
671 672 645 670 1
1449 1822 3023 2295 1
3023 1595 1822 1449 1
1449 1460 1822 2295 1
1031 82 94 625 1
1158 2431 1789 1821 1
1449 56 1822 1460 1
604 82 1031 625 1
82 1111 604 1031 1
82 94 85 1031 1
1701 2766 1829 1158 1
1300 1995 1842 816 1
1468 462 828 543 1
462 1468 828 2293 1
1723 1842 1300 1995 1
1366 487 604 1528 1
924 1643 1357 1302 1
24 706 604 487 1
1357 1376 1302 1643 1
924 603 1327 1852 1
462 1468 2293 653 1
136 179 2571 144 1
1922 851 633 751 1
1886 1063 1020 1741 1
1227 751 633 1274 1
1886 1741 1020 3220 1
92 1989 2397 88 1
2397 1989 2645 88 1
481 427 817 534 1
1956 1108 527 661 1
372 1443 643 397 1
3710 3101 2439 1844 1
1108 468 527 661 1
1024 726 192 2667 1
2149 357 619 452 1
527 1350 1108 1956 1
1466 596 1301 1663 1
1814 554 1301 1466 1
3707 3674 3762 2879 1
1872 690 725 920 1
1466 554 1301 596 1
920 1497 725 797 1
1613 1466 1301 1663 1
1814 1466 1301 1613 1
1482 318 551 1835 1
1377 335 1802 344 1
1377 836 1984 344 1
1802 1377 344 613 1
1706 2552 638 859 1
2968 1855 2481 1902 1
2968 2185 1902 907 1
1259 913 1269 1800 1
884 1641 1956 1292 1
1643 1800 2741 1259 1
808 1018 1347 599 1
924 673 603 1643 1
799 884 1956 1292 1
1549 640 621 805 1
1274 2341 640 805 1
2246 1012 547 789 1
1129 834 3099 2422 1
862 8 16 923 1
924 673 1643 756 1
789 3206 1012 1764 1
2307 1129 834 3099 1
1129 1169 3099 864 1
1563 748 547 789 1
1563 748 789 1057 1
754 626 720 467 1
720 626 1401 467 1
2307 3099 864 1129 1
988 514 716 621 1
1129 3099 1169 2422 1
131 953 1218 132 1
1211 496 1167 598 1
1643 1800 1259 1269 1
1484 1832 659 117 1
1484 1832 117 940 1
496 1167 598 2281 1
2338 2769 2088 1882 1
1539 1484 940 1707 1
122 659 2016 1484 1
122 1707 1484 1539 1
973 509 1801 715 1
1533 1463 435 590 1
1315 2453 25 1370 1
1309 1463 1533 590 1
2875 1463 435 1533 1
1309 1463 105 1533 1
677 446 2594 1800 1
1256 1299 1127 1112 1
1639 451 1112 1299 1
1587 977 883 599 1
105 1463 2875 1533 1
977 808 599 454 1
977 1347 448 599 1
977 1347 599 808 1
454 599 977 1587 1
2414 509 733 1549 1
916 2869 975 2636 1
591 1044 900 502 1
502 1373 625 900 1
1626 1373 900 625 1
760 692 797 2401 1
2401 797 974 692 1
2614 1390 2677 2535 1
1094 3510 921 3007 1
1030 692 746 563 1
245 231 189 692 1
676 3474 1263 1680 1
1113 1680 1263 2067 1
469 1131 1904 677 1
1131 1846 1904 605 1
605 1904 2349 1846 1
1684 1606 1263 1340 1
816 3352 1995 2936 1
844 2605 375 1748 1
1748 1047 2605 375 1
2067 2605 844 1415 1
2475 2705 303 2857 1
1760 437 932 1360 1
692 746 256 2079 1
933 2715 878 2752 1
2753 2705 2857 303 1
932 1360 1872 1480 1
1360 809 2178 1426 1
1360 2178 1872 1480 1
2311 933 878 2148 1
696 2247 1872 1780 1
2067 1292 2605 1415 1
1535 621 509 193 1
988 621 1535 193 1
933 951 1304 2125 1
525 951 1304 933 1
669 838 799 984 1
1577 2410 3759 3473 1
1194 669 799 984 1
1110 881 348 1846 1
1450 348 881 423 1
1089 3346 729 3603 1
1450 881 348 1110 1
1194 669 2233 799 1
1579 606 1060 1397 1
878 319 2526 2752 1
933 878 2148 2752 1
878 319 270 2526 1
196 3367 205 1485 1
747 491 540 428 1
747 861 540 491 1
540 491 2 428 1
540 2 491 424 1
540 491 861 424 1
497 1573 214 478 1
497 214 1585 478 1
1064 717 942 3316 1
2340 478 214 1573 1
810 1585 214 478 1
810 478 214 2340 1
1292 989 1113 2605 1
1819 478 2340 1573 1
1794 1019 3518 1381 1
958 47 12 886 1
1457 652 1381 1315 1
1315 1457 1527 1381 1
2555 2084 2697 2711 1
1246 1411 429 1164 1
1292 1956 989 1047 1
1044 1348 926 1386 1
2033 862 510 945 1
1208 704 1669 493 1
1348 1386 1044 1224 1
823 1386 1348 1224 1
829 789 1715 1764 1
3300 3206 2137 1097 1
1740 2939 2060 2102 1
676 1680 1263 1113 1
497 1208 214 493 1
1740 2060 2220 2102 1
823 507 1987 1386 1
1204 3986 946 3881 1
428 2144 1511 39 1
1511 698 747 428 1
2269 554 1451 345 1
2144 747 428 1511 1
26 698 78 75 1
1308 345 554 2269 1
3178 3018 3732 3835 1
1691 1205 1217 523 1
1217 1705 1691 1416 1
1606 1684 1263 1118 1
1217 523 1205 2422 1
1353 220 2396 998 1
220 1119 2396 998 1
1295 1495 504 721 1
2714 504 1495 721 1
936 1060 1579 2101 1
2082 76 1053 108 1
3107 1063 722 1741 1
3284 2405 722 2681 1
1606 2353 1684 1118 1
1763 1255 1575 1100 1
1340 1263 1684 2335 1
200 938 548 905 1
869 1083 493 938 1
820 1556 1061 466 1
2119 1389 972 1528 1
2283 1860 1453 693 1
2264 1015 1389 2119 1
984 1233 1194 1307 1
984 1307 669 3069 1
1483 1389 1721 972 1
3745 3707 3762 2879 1
984 1194 669 1307 1
1391 1411 2023 2363 1
2363 2023 1391 1075 1
1040 3689 3126 2527 1
927 97 1391 2363 1
1584 800 595 1392 1
2540 2469 1266 842 1
603 2496 1643 673 1
1584 1392 595 2359 1
2605 2216 3486 1047 1
375 3486 2605 1557 1
484 446 2496 673 1
860 2605 1743 1557 1
483 2496 603 673 1
483 2496 673 484 1
1643 673 2496 446 1
2555 3358 1676 2691 1
2545 2170 955 2168 1
1832 546 618 940 1
2170 1635 955 2168 1
794 669 762 2233 1
1276 117 1539 714 1
1422 229 233 1914 1
3573 1422 1914 229 1
851 616 902 1804 1
862 2756 923 945 1
611 3036 2427 1758 1
1180 829 2850 961 1
900 873 1649 1251 1
527 1350 514 1108 1
1521 1868 1100 698 1
1840 1100 1521 1868 1
18 491 6 731 1
731 491 539 18 1
698 491 5 18 1
18 491 5 6 1
539 491 698 18 1
1457 1527 1324 1260 1
132 1218 3309 953 1
1762 1327 846 476 1
918 1978 1719 1180 1
1481 2247 1400 2105 1
642 943 2793 2855 1
2247 127 1186 1400 1
1886 611 3036 2427 1
705 200 1051 493 1
1710 1639 1404 2968 1
784 1310 676 2133 1
2133 676 1406 1310 1
784 2945 676 1310 1
1438 1310 676 2945 1
1256 951 1651 1696 1
2752 951 933 451 1
525 951 933 323 1
1702 535 545 952 1
2058 129 1026 2868 1
1897 1866 1526 1594 1
865 1702 545 952 1
3924 1554 3458 4001 1
734 2126 4001 3458 1
2128 107 430 132 1
2128 132 430 1043 1
1803 2231 2112 1390 1
706 437 591 665 1
665 706 755 2046 1
1803 2231 1390 2614 1
969 1050 1854 1409 1
686 2892 539 1053 1
1685 1421 1532 479 1
78 571 61 86 1
78 571 698 61 1
1053 2868 2058 2892 1
398 570 410 388 1
1467 410 398 570 1
570 398 1467 840 1
1747 479 1532 1268 1
117 1484 940 1539 1
1532 1685 479 1747 1
3518 3094 652 1499 1
136 2571 1270 144 1
122 1539 1484 2016 1
714 117 1539 1739 1
1523 940 1707 1539 1
1270 576 3644 173 1
2016 122 1539 1739 1
1749 198 455 877 1
1543 847 1619 1352 1
469 1619 1352 1543 1
1352 521 1543 847 1
637 652 1499 1751 1
3094 637 652 1499 1
2112 1487 2194 1037 1
2112 1803 2194 1487 1
1376 521 1543 2496 1
761 2648 623 1306 1
494 1230 258 956 1
944 1543 469 2496 1
918 2298 3400 1180 1
2723 2453 976 1080 1
440 508 674 1562 1
440 508 1562 524 1
3521 3316 3582 942 1
1562 674 440 1667 1
471 1412 824 1346 1
788 1326 1545 1314 1
471 962 1412 1346 1
2869 975 577 581 1
577 581 975 743 1
1346 1545 833 1620 1
788 1545 1620 833 1
1326 2494 1545 1314 1
1346 2248 1906 1545 1
2939 812 1413 3286 1
2060 2939 1413 2057 1
573 1242 590 1416 1
1035 2793 642 3276 1
590 1416 1242 523 1
1242 1416 2389 523 1
1538 1958 1646 1278 1
1538 1417 1646 1958 1
1833 1958 2475 3015 1
2295 1460 1822 1564 1
3674 3621 3659 2989 1
2892 1026 686 87 1
1201 1026 1070 128 1
2295 3023 2422 1564 1
2019 700 1421 1759 1
1913 2638 2218 1759 1
1685 1421 1508 1532 1
348 2087 881 1410 1
881 2087 348 1846 1
1077 1405 937 845 1
2685 1250 3067 991 1
991 2685 580 3777 1
2495 1607 3149 2215 1
1644 1077 937 845 1
98 1423 2875 105 1
98 2875 1423 2043 1
1360 1426 2178 1972 1
983 3357 3043 530 1
983 3357 2878 213 1
661 1047 989 1956 1
1748 1047 1292 2605 1
1292 1047 989 2605 1
1641 1047 1292 1748 1
2077 3375 530 3043 1
2417 1428 1970 2007 1
2417 1428 2646 1970 1
967 521 763 1475 1
1412 1787 824 2248 1
2431 2240 1879 3347 1
2813 25 38 945 1
994 945 2813 38 1
1562 674 1667 216 1
1667 216 822 1562 1
1975 1431 2010 1003 1
3610 3616 1666 987 1
822 216 1667 873 1
3438 744 581 987 1
1313 1666 987 3610 1
987 1091 744 180 1
2431 1133 1879 1821 1
1453 2138 952 1433 1
1433 1769 837 1079 1
335 1377 1984 344 1
2113 536 1377 1516 1
1864 1369 1190 1701 1
853 1433 837 1079 1
2113 536 643 1377 1
1146 853 2786 1453 1
836 1516 2113 1377 1
836 643 1377 2113 1
571 1082 86 1763 1
1100 1082 571 1763 1
1453 853 2786 1433 1
977 599 448 883 1
533 1440 501 1055 1
501 1440 1802 1055 1
1952 499 1347 1795 1
80 1528 60 1031 1
60 1031 1528 1111 1
1230 1859 594 2507 1
1031 1528 1111 604 1
1308 554 1301 1814 1
1308 1814 1301 1613 1
60 49 1528 27 1
1904 1069 594 2454 1
2311 1372 1333 2373 1
2311 1354 1333 2330 1
1372 2373 1653 1333 1
2346 2239 2930 1333 1
1333 2330 2239 2930 1
3686 3785 2626 986 1
2931 457 549 2828 1
457 2828 494 549 1
1304 1404 3131 639 1
3131 639 2210 1304 1
639 2125 1304 1404 1
3260 1013 3346 1089 1
1946 2210 639 1304 1
1946 1304 639 2125 1
369 384 1363 1886 1
2757 1928 2367 1444 1
1527 1324 1445 1794 1
1527 1324 1794 1457 1
916 3543 3287 2564 1
3870 3674 3659 2989 1
474 1955 1548 1060 1
656 2543 1057 904 1
1060 606 2189 1338 1
1886 384 1363 1020 1
1814 1466 2431 2269 1
1849 1705 1416 573 1
1308 554 1814 2269 1
2865 1563 1851 488 1
977 1587 883 552 1
977 1795 1347 808 1
2431 1466 803 2269 1
616 1043 733 2476 1
803 554 1451 2269 1
1340 1113 1263 2067 1
1340 1263 2335 2067 1
1216 524 508 181 1
1562 508 1216 524 1
1967 3240 165 161 1
1638 1082 539 571 1
1638 1087 539 1126 1
1638 539 698 571 1
718 50 1935 516 1
1638 1126 539 1082 1
822 873 982 150 1
873 982 432 546 1
546 443 982 432 1
752 1766 1222 1654 1
752 1766 385 1222 1
1211 2119 1528 1578 1
1211 27 1578 1528 1
2067 1292 1415 1233 1
1456 62 2658 2765 1
2536 2274 2103 3458 1
3267 460 2923 3472 1
996 2086 520 350 1
811 2086 520 996 1
747 973 2486 1100 1
973 1100 1027 2486 1
759 465 996 1281 1
2868 129 1026 128 1
1201 2868 1026 128 1
1456 56 1449 1460 1
1000 1043 1027 1215 1
2295 2658 1456 1460 1
1217 2389 1416 523 1
1217 1416 1691 523 1
1106 1028 3253 3795 1
1604 1945 1016 1045 1
2691 1709 1604 1016 1
590 1691 1416 523 1
1604 1016 1775 1045 1
1016 1709 1604 1775 1
1457 1315 1370 2453 1
2723 976 2298 1080 1
1604 2691 1016 1945 1
795 838 1356 799 1
795 1442 1356 326 1
1969 1641 1356 884 1
799 838 1356 884 1
1969 1153 1356 1641 1
1356 1442 1153 326 1
2100 2192 935 2243 1
2481 2968 1639 1710 1
2115 3115 2414 2578 1
1801 733 3033 2414 1
2341 640 2803 2476 1
973 1866 2748 1840 1
3039 1575 1038 2943 1
2943 1575 1038 1840 1
1886 1588 384 1268 1
1747 1532 1588 1268 1
771 953 226 438 1
1886 1747 1588 1268 1
2912 2078 3546 3496 1
552 655 883 806 1
1012 1382 547 789 1
1382 1012 547 1756 1
789 1012 1715 1764 1
110 1764 1012 1692 1
1183 1707 1012 1756 1
679 2234 1055 501 1
3610 983 3616 3427 1
1250 991 983 3067 1
556 3313 3047 3037 1
510 862 2277 945 1
3047 3313 1865 3037 1
1591 56 1449 1456 1
648 464 730 2038 1
1014 1418 466 1694 1
1201 1026 87 1070 1
3039 1575 2891 1038 1
45 1456 56 1591 1
1237 1694 1014 466 1
730 464 1465 2038 1
1061 2524 1014 1237 1
464 1465 1210 730 1
1210 730 1171 464 1
1171 648 464 730 1
1053 731 74 76 1
1395 1829 459 1593 1
2515 1442 1470 2385 1
2792 1593 459 2177 1
1045 1945 1342 2282 1
1336 1829 1593 459 1
468 1664 1199 1108 1
1199 1664 1915 452 1
1593 1336 459 2177 1
1395 1593 459 2792 1
452 1664 1915 357 1
499 791 1347 1018 1
499 1490 791 1018 1
499 1490 1018 1837 1
1199 1256 600 1645 1
924 1368 1524 1302 1
3518 1381 1019 652 1
3518 2746 1381 652 1
605 654 494 695 1
924 1357 1368 1302 1
918 2534 946 2829 1
1368 1887 1681 1583 1
1368 1357 1887 1583 1
1619 2948 3220 1020 1
2405 1011 2615 2681 1
2948 2681 1619 3220 1
3038 656 1522 1057 1
468 460 1629 890 1
2469 468 460 1629 1
3472 460 890 1629 1
499 1133 791 1490 1
460 3267 2469 1629 1
3267 460 3472 1629 1
1103 3276 739 1073 1
1022 413 759 395 1
1022 735 759 413 1
1038 151 114 2891 1
3085 1064 942 3316 1
151 1038 114 3151 1
435 1463 1349 590 1
1886 1508 384 1588 1
1886 1685 1508 1588 1
1508 2427 1886 369 1
369 1508 384 1886 1
1508 1685 1886 2427 1
66 74 539 731 1
74 731 1053 539 1
1588 1685 1747 1886 1
2949 1128 3510 1094 1
2949 1128 642 3510 1
3571 2949 642 3510 1
1930 1425 1674 609 1
3422 3719 3134 1844 1
3571 2949 3510 1094 1
1930 1425 1379 830 1
2946 725 2952 690 1
1986 2535 2153 1776 1
1797 2381 2416 3572 1
2602 1378 1211 1934 1
2363 927 2045 1856 1
469 458 1619 944 1
1826 1856 2744 1065 1
259 3952 3651 4041 1
389 1476 1099 1297 1
469 944 1619 1543 1
1476 1099 383 1628 1
1476 1099 1628 759 1
1826 2363 2744 1856 1
1297 1099 360 383 1
392 1104 355 367 1
82 49 604 1111 1
3545 3176 3281 3626 1
1111 1528 49 604 1
3241 864 1289 11 1
1289 864 1169 11 1
1091 3813 575 180 1
686 74 2058 1053 1
1122 1076 1684 1385 1
1093 1780 1480 1872 1
1480 2178 1872 1780 1
1360 2178 1480 1972 1
1122 2353 1684 1076 1
494 1230 1287 2349 1
326 1442 1153 2385 1
490 1920 1742 653 1
3026 1742 490 1920 1
3210 490 3026 1742 1
3319 3049 3052 1008 1
690 2952 2946 1033 1
539 698 491 1638 1
444 690 2946 1033 1
444 1033 228 2667 1
490 653 1742 3210 1
747 491 698 1638 1
1167 496 1211 2119 1
1393 2300 3454 1961 1
3522 4041 3651 3952 1
1699 2349 1253 2540 1
3575 2913 3691 246 1
961 829 2850 3213 1
789 1715 1152 2850 1
575 744 1091 180 1
1037 1390 1550 2529 1
1037 2677 1390 2529 1
488 1039 548 1059 1
1751 2397 2094 1039 1
1039 2094 788 2397 1
1039 788 548 92 1
618 628 591 1042 1
618 591 601 1042 1
1042 591 1224 432 1
3346 1013 2566 293 1
1004 3112 3287 2564 1
1042 1342 591 601 1
2500 1098 1118 1960 1
1042 628 591 432 1
2813 3432 945 1080 1
946 1080 2813 945 1
1204 3506 918 946 1
1080 3401 976 3666 1
3720 2298 1180 3666 1
2500 1098 774 2945 1
1960 1098 774 2500 1
1578 27 1015 1528 1
2264 1389 1483 2119 1
1015 1578 1528 2119 1
561 1350 1108 1330 1
3474 2945 1098 2500 1
3493 2816 1393 1961 1
1994 1376 1357 603 1
1645 1323 1256 1467 1
2445 1047 661 2283 1
1082 87 539 571 1
1201 2892 1126 539 1
1082 86 116 1177 1
1082 87 571 86 1
1082 1201 539 87 1
1645 1256 600 1467 1
890 460 1645 468 1
468 1323 1645 890 1
890 460 600 1645 1
2445 1047 2283 693 1
1994 866 1376 879 1
13 498 3 7 1
1994 1583 1887 1357 1
1087 1390 1793 2231 1
2079 692 1030 231 1
1100 1087 1638 1126 1
998 2079 1030 231 1
2036 1375 2147 695 1
2173 3556 3716 2879 1
746 692 1030 2079 1
998 746 1030 2079 1
3349 3255 2859 3296 1
2286 1375 2036 695 1
677 1280 1398 457 1
1659 1303 313 876 1
2414 509 1801 733 1
1316 478 810 1559 1
2304 1316 810 1559 1
810 478 2340 1559 1
1315 1527 1510 1381 1
416 456 401 550 1
2623 777 550 2147 1
810 1559 2340 2152 1
677 1398 774 457 1
1881 3260 1023 1013 1
777 2147 583 550 1
1398 2945 774 457 1
2012 457 2945 1398 1
442 2414 3538 2169 1
2336 1403 2187 1864 1
2591 2949 3571 1094 1
3134 2706 921 1094 1
1062 1234 1367 730 1
2714 1495 504 867 1
1403 2726 2187 1864 1
1403 1461 2375 1864 1
2758 1403 2336 1864 1
2758 1461 1403 1864 1
867 504 2048 1495 1
1459 1495 504 1295 1
631 2694 1103 1128 1
1220 3543 3828 1004 1
1499 652 1019 2182 1
1751 652 1499 2182 1
1499 2182 1019 2865 1
1751 2182 1499 2865 1
1055 536 811 533 1
1152 200 532 1318 1
533 541 1440 536 1
746 541 450 536 1
3533 426 2006 691 1
1440 541 746 536 1
2353 1194 2233 1606 1
1340 1606 1194 2353 1
2133 2216 1406 989 1
989 2216 1406 2605 1
3321 3796 701 29 1
1156 3891 1114 3953 1
676 2233 2133 1406 1
1114 1156 3953 3828 1
1353 1030 760 1041 1
676 1406 1310 1458 1
78 571 86 1763 1
1868 1100 571 1763 1
1868 1100 698 571 1
1667 1657 710 486 1
486 1657 710 1497 1
2859 675 3715 2228 1
486 1497 1700 1657 1
3470 3605 211 219 1
631 1128 1103 3601 1
1914 223 233 242 1
1129 2422 1205 523 1
267 3757 233 242 1
582 465 1058 413 1
513 2402 510 1129 1
488 1039 1059 1909 1
102 708 1145 1059 1
1059 548 708 92 1
1067 488 1059 1909 1
1145 102 1059 1067 1
2687 2989 3621 2879 1
1415 2605 844 1748 1
1415 1292 2605 1748 1
1415 1292 1748 915 1
1080 1204 918 946 1
868 1261 454 1661 1
868 826 454 1379 1
1062 735 759 1022 1
868 1661 454 826 1
3506 918 946 2829 1
1261 518 454 1661 1
2296 668 621 1512 1
1027 606 1087 2383 1
1645 460 1199 468 1
468 460 1199 1664 1
24 49 604 52 1
1067 1102 90 2334 1
3736 945 2408 946 1
92 1145 1067 1102 1
2243 495 1067 2297 1
336 993 1050 324 1
3253 3795 2990 1106 1
1434 964 926 2090 1
1434 1721 926 964 1
2767 1509 31 2282 1
64 2830 2284 2084 1
515 31 36 1509 1
1381 1527 1794 1457 1
1510 1445 1794 1527 1
2206 685 37 55 1
12 793 40 703 1
10 685 37 2206 1
769 1704 1889 1163 1
769 665 1704 1760 1
652 1827 637 3094 1
6 491 5 1168 1
1637 679 826 1677 1
502 926 908 1721 1
679 1677 1644 1214 1
926 2090 964 502 1
1044 926 502 2090 1
125 1201 1126 1082 1
1215 1027 1126 430 1
1126 1087 539 2844 1
1126 1201 539 1082 1
1795 1347 950 977 1
1215 2868 128 129 1
950 1952 1347 1795 1
2043 1777 941 959 1
2288 2211 2976 3960 1
342 1952 950 1795 1
977 569 950 2056 1
3818 3214 2285 2217 1
2056 569 950 342 1
2944 3821 3880 3867 1
2747 967 1046 960 1
1994 960 967 2747 1
2747 338 1046 967 1
1458 1310 676 1438 1
1458 695 1310 1438 1
3868 1513 1853 3245 1
2286 695 1458 1438 1
1209 2162 1003 3868 1
1970 2029 120 829 1
605 1916 2469 881 1
469 1718 1547 1131 1
2850 1970 2441 829 1
2663 1833 1066 2475 1
2226 1623 1438 2286 1
3213 829 2850 2441 1
2466 1785 2018 2500 1
1406 2216 1225 1458 1
771 438 226 2014 1
1718 446 2496 484 1
1410 1916 881 2469 1
2147 2216 1458 1225 1
1110 881 1846 1547 1
446 1718 2496 469 1
2496 944 446 469 1
2133 1406 2216 1225 1
953 902 3309 132 1
2674 1225 2216 2147 1
2674 2133 2216 1225 1
2189 721 1295 1727 1
1757 1295 2189 1983 1
1205 703 1515 2422 1
1814 554 1466 2269 1
1466 554 803 2269 1
1691 1205 1515 1217 1
755 665 2046 601 1
1515 1217 1205 2422 1
2635 2632 2461 1492 1
1101 2011 1492 2846 1
1930 1425 830 1674 1
2245 2114 1486 1517 1
1644 845 1236 1077 1
1425 1018 599 1674 1
1486 2245 1517 3729 1
1018 2797 599 1674 1
4027 3522 681 3480 1
1892 2797 1351 1674 1
1466 596 803 554 1
1101 2846 2461 1396 1
3446 402 1845 1517 1
3431 1214 1236 1077 1
1131 453 881 605 1
1110 453 881 1547 1
1644 1077 1236 1214 1
2878 2907 213 3357 1
1547 453 881 1131 1
1391 1411 2363 97 1
1681 1887 2839 1583 1
2348 2793 2890 3712 1
2368 1097 3206 3075 1
605 1131 677 1904 1
605 1131 446 677 1
2512 304 2450 3541 1
1960 2500 774 677 1
446 1960 605 677 1
1864 2827 1454 3132 1
1864 3132 1454 1701 1
1864 2827 2375 1454 1
1497 690 486 920 1
920 1700 1497 797 1
654 842 1090 2344 1
1403 2918 2375 1461 1
2758 1746 1403 1461 1
1461 2918 2375 2827 1
2758 3026 1746 1461 1
1228 327 704 1455 1
1461 3026 1746 2827 1
1455 909 327 704 1
1678 1074 3388 1213 1
3388 1678 1560 1494 1
1678 1213 3388 1280 1
1678 2110 1074 1213 1
753 485 2648 1498 1
3521 3582 1138 942 1
817 485 2648 863 1
746 1119 998 1558 1
950 492 803 448 1
1347 492 950 448 1
753 2648 485 1247 1
1498 2648 817 485 1
2067 1113 1680 2605 1
759 1099 1628 512 1
366 1359 1099 358 1
2599 151 2891 2656 1
1700 760 1030 797 1
92 1102 1989 88 1
151 1038 3151 3793 1
1700 563 797 1030 1
1256 1696 1299 1112 1
1104 355 351 1696 1
1030 692 797 760 1
1104 355 367 351 1
563 692 797 1030 1
1256 1127 1299 570 1
1144 296 301 304 1
1516 1440 1377 335 1
746 2113 779 1516 1
469 1695 2586 1352 1
2874 1707 572 1012 1
526 2137 2368 1097 1
760 1030 189 689 1
1109 714 1707 112 1
322 1992 1110 318 1
2496 1352 469 2586 1
474 1132 1290 504 1
474 504 1812 1132 1
474 504 1290 1955 1
474 1459 504 1955 1
1111 1528 60 49 1
1744 1564 1537 1799 1
2165 2729 1537 2772 1
1777 2458 941 959 1
1697 1650 1189 816 1
2513 350 363 339 1
1541 596 1081 1985 1
753 1756 485 122 1
513 1129 1205 523 1
1140 3921 3935 3887 1
347 596 1081 1541 1
2067 2605 1596 844 1
2067 1680 1596 2605 1
2382 1196 1680 1474 1
3241 2307 864 1129 1
369 2721 2321 2470 1
2023 2013 1690 1371 1
1196 382 860 1474 1
974 786 797 593 1
974 2401 133 797 1
1553 1214 1202 1236 1
1852 1357 1994 1887 1
632 763 1994 603 1
1852 603 632 1994 1
1246 1621 1993 429 1
1221 1621 1993 1246 1
1411 1246 429 1621 1
1214 1592 1236 1553 1
1703 1945 1604 1045 1
1553 1214 1779 1202 1
1045 1703 15 1155 1
1703 1604 1155 1045 1
529 569 977 2056 1
2448 312 1119 998 1
2448 1472 1119 312 1
618 726 2096 1704 1
769 1276 1889 1704 1
745 2577 1380 2122 1
702 1554 3120 1496 1
1817 674 882 501 1
1764 2137 1183 2587 1
2164 1147 2596 2028 1
2190 1456 2754 2765 1
2295 1456 2754 834 1
3388 1213 2028 1514 1
738 115 2178 106 1
115 696 738 2178 1
2178 127 106 115 1
2755 896 1147 1730 1
1147 3011 2028 1213 1
2691 557 1604 1709 1
1709 1555 20 1534 1
2691 1671 557 1709 1
1709 1671 1555 1534 1
1004 1220 750 3828 1
482 754 787 720 1
2121 1137 482 720 1
1137 754 482 720 1
1512 2296 1988 715 1
482 447 720 787 1
2121 447 720 482 1
4081 831 4074 4084 1
3763 3389 3570 1432 1
1565 545 1227 1530 1
1127 776 1452 445 1
364 1299 351 331 1
1127 1299 1639 1112 1
2578 715 2115 1988 1
1512 1988 2115 715 1
3870 2487 3052 3659 1
1132 1221 1621 1589 1
2819 1132 815 1221 1
2819 1221 1283 1132 1
2106 3052 3551 3571 1
1132 1589 1150 1221 1
815 1132 1150 1221 1
469 1619 1713 1352 1
678 1296 461 1713 1
3313 3483 2883 1078 1
1296 2265 461 1713 1
1352 847 2265 461 1
1713 2265 461 1352 1
166 161 3156 158 1
627 474 1812 1132 1
688 474 694 1132 1
2304 2651 1559 3182 1
688 1132 1290 474 1
1819 2171 1951 1559 1
2797 1300 1995 1723 1
109 911 102 431 1
759 536 1099 512 1
1819 478 2171 1559 1
435 523 1533 590 1
1879 399 1133 1581 1
1133 404 1136 399 1
1581 399 1133 1136 1
1494 1678 2110 1074 1
862 513 8 930 1
1494 2110 1009 1074 1
2111 1291 3274 2544 1
4084 831 4074 3656 1
976 3401 717 3666 1
3521 942 1138 3678 1
2677 2544 1776 2535 1
1678 1213 1280 677 1
565 1320 451 2318 1
565 321 451 1320 1
1678 2110 1213 677 1
321 341 319 1696 1
569 1137 482 1451 1
321 1696 451 330 1
3730 3785 3686 2727 1
251 283 839 262 1
1107 1275 2036 1519 1
121 908 900 1353 1
1353 1041 760 121 1
760 121 900 1353 1
1049 3186 736 1493 1
2036 777 1107 1519 1
1082 86 1177 87 1
1177 1082 1201 125 1
878 306 270 819 1
499 1952 1347 791 1
499 1133 1952 791 1
2507 1069 1572 415 1
3274 1006 1209 721 1
878 819 270 319 1
2916 264 3718 4075 1
609 736 1723 1842 1
1789 1913 1701 2638 1
1829 2766 1701 459 1
3210 653 1742 630 1
2326 408 464 2722 1
1701 1913 2914 2638 1
609 1723 736 1018 1
459 2766 1701 3132 1
1145 708 92 1059 1
92 1145 1059 1067 1
1204 1180 1719 961 1
3407 821 2289 2312 1
2136 3023 821 2312 1
2136 3023 40 821 1
747 491 1638 1087 1
1793 1390 1087 491 1
2283 1641 1153 1617 1
1011 2405 2449 2681 1
2778 1011 2265 2615 1
1153 2283 1956 1641 1
2724 473 1182 3743 1
1087 1552 747 491 1
1087 1390 1552 491 1
1617 3230 1153 2283 1
1153 1442 2283 3230 1
1956 1442 2283 1153 1
850 1066 1833 2475 1
1504 326 795 838 1
1504 1470 795 326 1
828 1300 1697 2202 1
462 828 1650 1697 1
1272 1066 907 850 1
1505 1799 1537 93 1
1799 1797 93 1505 1
2040 1797 2037 1505 1
1775 1709 1155 20 1
1155 1604 1709 1775 1
2873 2041 2811 1505 1
3747 3582 3535 1138 1
3075 57 2368 1097 1
1537 1792 2165 1505 1
1792 1505 2811 2165 1
1191 1195 3895 477 1
3831 3864 2047 3903 1
3485 3231 904 1772 1
2392 3518 2553 1019 1
2392 3518 1019 425 1
2651 2171 1951 2866 1
1951 2866 2171 2429 1
1576 2931 1726 2828 1
430 1218 132 131 1
3496 3475 2078 3546 1
1507 1579 1229 2153 1
2529 1720 79 1226 1
424 1142 958 47 1
1142 1305 2010 1086 1
79 709 615 424 1
1720 1561 79 1226 1
2026 1254 1148 646 1
461 1867 2026 1148 1
1720 79 1561 2544 1
918 1180 1204 3720 1
2529 79 1720 2672 1
918 2298 1180 3720 1
1507 2101 1579 2153 1
79 2672 2544 1720 1
2115 2578 2414 715 1
746 2673 779 2113 1
346 372 643 379 1
346 836 2113 643 1
2734 2776 2355 1295 1
715 2578 3033 2748 1
1056 1954 3394 2042 1
346 379 643 366 1
1150 1691 627 590 1
1589 504 2048 498 1
1533 1205 1150 590 1
2734 1209 2162 1652 1
1043 1218 1215 1000 1
2578 3033 2414 715 1
858 317 1750 746 1
3686 986 2626 3166 1
2441 1970 120 829 1
3213 829 2441 120 1
2948 2681 1518 1619 1
968 2113 779 346 1
2673 858 746 256 1
1160 2083 1435 1731 1
120 2441 3213 1732 1
778 1136 802 2884 1
2168 1635 2975 2170 1
1133 1581 1136 2884 1
181 508 1778 449 1
1778 508 1637 449 1
1778 449 1637 501 1
931 245 746 317 1
858 317 746 245 1
499 1136 778 2884 1
1703 2167 15 1155 1
499 1133 1136 2884 1
802 2884 1136 1581 1
681 3865 966 914 1
2286 1375 695 2828 1
2286 695 2945 2828 1
1994 1376 1583 1357 1
1583 866 1376 1994 1
2022 1376 1302 1583 1
1583 866 3044 2005 1
1583 1376 1302 1357 1
1583 3044 3814 2005 1
695 1375 494 2828 1
2311 668 1824 2032 1
3603 859 1089 263 1
2151 1160 1769 837 1
1201 2892 87 1026 1
1177 1082 87 1201 1
293 3603 1089 263 1
3109 1943 2219 2801 1
1654 1883 1222 1178 1
2691 557 2167 1604 1
2828 695 2945 494 1
3525 1204 1080 946 1
2777 1287 1230 2349 1
1719 1180 1204 918 1
1253 1287 2777 2349 1
1168 491 5 2 1
939 1473 1168 10 1
1168 939 491 1473 1
594 2777 1230 1904 1
2018 1280 3388 1514 1
634 7 703 1169 1
2770 2018 1514 1280 1
714 1739 1539 112 1
1739 122 1539 112 1
2308 1979 2888 1514 1
2770 2054 2308 1514 1
1029 1641 1748 1860 1
1029 2258 3068 1724 1
1147 895 3011 1213 1
3011 895 1147 944 1
2206 1174 424 1399 1
424 685 1174 2206 1
634 1311 3 770 1
770 1311 3 801 1
498 1311 3 634 1
1175 747 973 1371 1
2144 1175 747 1511 1
1023 1089 293 1013 1
2309 1731 2857 535 1
305 2309 2857 226 1
516 930 17 513 1
1089 1013 3346 293 1
513 930 1321 516 1
1321 513 862 930 1
1089 3346 3603 293 1
1031 625 94 760 1
1031 85 82 1111 1
94 1031 101 85 1
760 689 101 121 1
572 2874 1012 2137 1
1764 2137 1012 1183 1
1000 1215 1027 134 1
725 2156 2946 2952 1
134 1027 125 1215 1
125 1215 144 3907 1
134 1000 1215 3876 1
3740 3974 2980 978 1
1218 129 131 430 1
430 1218 1043 132 1
1218 3364 199 131 1
543 462 1190 1864 1
2129 1369 1608 1190 1
507 2904 2917 1509 1
948 1821 1369 1490 1
2129 2336 537 1864 1
760 1030 689 1041 1
1542 1531 1962 306 1
722 3107 1741 2681 1
2155 722 1741 3189 1
2681 722 3189 1741 1
1193 560 573 1849 1
602 1193 497 804 1
602 741 497 1193 1
433 1219 1193 1477 1
1193 573 804 433 1
1094 1128 3510 2909 1
3276 642 1103 739 1
458 1640 1619 944 1
822 1667 440 873 1
2357 2463 2322 1544 1
3510 1128 2694 2909 1
1760 1704 769 1163 1
642 1128 1103 3510 1
1760 665 72 769 1
3510 1128 1103 2694 1
2357 2322 3354 1544 1
2020 1199 452 1330 1
1223 1096 1156 740 1
1119 1203 746 1752 1
1199 460 1915 1664 1
1203 1752 1440 746 1
1752 746 1516 1440 1
452 2149 357 340 1
1600 792 2221 1331 1
1666 1655 2339 3288 1
452 1915 340 357 1
1915 1199 452 2020 1
2150 340 452 2020 1
2150 452 340 2149 1
600 1753 1651 1915 1
1509 507 64 1945 1
1915 854 600 1753 1
1651 1753 1479 340 1
1509 1945 64 2284 1
1600 2284 2556 64 1
883 655 817 1051 1
1600 2221 2556 1331 1
674 882 501 1203 1
717 2864 67 3252 1
1535 988 716 621 1
67 3252 2864 2813 1
3899 2813 67 2864 1
1629 654 2344 842 1
1504 838 795 835 1
2242 2433 1602 2912 1
329 650 311 512 1
311 650 1750 512 1
541 1750 512 311 1
329 512 311 1380 1
311 512 541 1380 1
1515 703 1506 2422 1
1205 523 1691 590 1
498 703 2048 1205 1
1993 498 2048 1205 1
1205 1691 1150 590 1
1244 1603 1046 3325 1
1046 3036 611 338 1
1244 337 1603 3325 1
1603 3036 1046 338 1
1603 2470 3036 338 1
2421 2589 1149 3192 1
3868 1737 992 1853 1
1209 3868 992 1853 1
661 2445 2216 1047 1
1047 2445 2216 456 1
661 1047 2216 989 1
2141 2229 3011 2596 1
177 2571 144 3922 1
1201 2868 128 1215 1
3011 2229 2141 2650 1
3192 2589 1149 2525 1
3011 2650 2141 368 1
375 1557 860 2021 1
2043 1612 2559 1173 1
2197 3681 2861 1289 1
2875 1612 2559 2043 1
375 3486 1557 2021 1
2875 2563 1612 1463 1
2425 2689 1349 1463 1
860 1557 1791 2021 1
1557 3486 1601 2021 1
1557 1601 1791 2021 1
1769 952 445 1731 1
1769 1731 445 1160 1
556 3037 1761 3313 1
556 1761 2702 3313 1
556 1761 3160 2702 1
2208 2983 2130 1613 1
1416 1545 1705 1849 1
1346 1705 1545 1849 1
2389 1416 1545 1705 1
3531 1027 125 134 1
1346 2248 1545 1705 1
1215 1027 125 1126 1
2389 1705 1545 2494 1
143 3531 125 134 1
865 2166 1702 1615 1
870 2132 1768 2191 1
468 2133 2674 654 1
605 654 2133 468 1
2427 1685 1977 459 1
2792 1758 459 2427 1
2792 459 1685 2427 1
1548 1060 1338 509 1
1548 1535 716 509 1
459 1977 2427 1758 1
1980 7 1169 821 1
1289 1980 7 1169 1
422 1022 1062 1981 1
1930 993 1050 336 1
522 1060 1610 936 1
1579 606 2101 1060 1
993 2613 336 1930 1
1798 1313 1876 2902 1
471 1346 824 622 1
1654 1930 1050 336 1
1061 1014 444 466 1
2667 228 444 1061 1
1798 2878 1313 2902 1
1346 1620 833 622 1
788 1620 622 833 1
1627 788 622 833 1
1709 557 1604 1155 1
1709 557 1155 20 1
1604 557 2167 1155 1
1890 819 1567 1238 1
1567 306 878 819 1
2279 2127 1622 3729 1
1301 596 342 347 1
1915 1753 1651 340 1
340 854 1915 1753 1
1678 2018 1785 2500 1
1043 430 1027 1215 1
1043 430 1215 1218 1
2018 2500 1678 1280 1
984 838 799 1574 1
838 884 799 1574 1
602 433 804 475 1
804 602 475 614 1
1344 1349 1585 1316 1
600 355 1104 1651 1
741 493 497 1573 1
1104 1696 1651 355 1
600 355 1651 365 1
392 600 355 1104 1
392 365 355 600 1
838 3068 884 1574 1
3863 3998 2690 607 1
984 3068 838 1574 1
771 2421 2014 1774 1
631 1207 3601 1220 1
631 1128 3601 1207 1
1774 2154 2014 2705 1
1779 1222 1178 1465 1
1779 1178 1883 1135 1
814 512 520 339 1
679 558 1779 1465 1
1779 826 1379 558 1
970 1779 1883 1135 1
1104 393 367 392 1
128 1215 129 136 1
633 616 1922 2471 1
1804 851 616 1922 1
1201 2868 1215 1126 1
3405 588 3012 608 1
2689 1349 1316 1630 1
2759 2425 1630 2146 1
1630 1349 1316 2171 1
1630 2425 2171 2809 1
1612 1463 113 2689 1
1363 1619 1240 611 1
314 535 2254 2257 1
1660 1363 1603 2089 1
1348 1044 432 1224 1
823 1348 432 1224 1
1042 1342 1224 591 1
2309 535 2254 314 1
984 1292 915 1574 1
816 1300 1650 1842 1
1574 1641 884 1292 1
915 1292 1748 1574 1
1218 129 136 162 1
162 3364 199 1218 1
1840 1100 973 1521 1
1632 1495 1858 813 1
1574 1641 1292 1748 1
1259 963 1269 913 1
963 913 1259 2774 1
867 1495 1632 813 1
867 1632 1071 813 1
2073 3128 1322 3103 1
695 654 494 1375 1
631 740 1220 3828 1
1114 3828 750 1220 1
2073 1322 1071 3103 1
3178 3732 3933 2557 1
1711 1647 1431 2444 1
2125 451 565 2715 1
2125 451 2715 933 1
3822 3151 1255 1038 1
568 499 778 464 1
1581 802 2884 1447 1
3596 2125 565 2715 1
3793 1038 3151 3822 1
2125 2715 2601 933 1
1693 2155 2276 1773 1
1656 2763 890 421 1
1113 1406 676 2605 1
751 1227 1530 1565 1
1113 676 1680 2605 1
1531 1962 1372 1653 1
2605 1406 676 1458 1
1919 1228 1362 1187 1
2605 2291 676 1680 1
962 1151 1355 1056 1
939 2206 55 424 1
2206 685 55 424 1
2207 369 349 2427 1
709 685 424 55 1
1634 403 2948 3107 1
2573 1636 1929 1974 1
998 746 1558 1030 1
1215 129 136 1218 1
1218 1215 129 430 1
89 2658 1636 2754 1
1172 484 300 1835 1
1282 2234 501 1802 1
1123 869 1083 761 1
3510 2428 2413 2000 1
501 1364 1282 1996 1
1282 2234 1364 501 1
501 1817 1996 1282 1
3510 2418 2428 2000 1
3510 2428 1706 2815 1
1083 1819 2305 3184 1
111 150 119 432 1
631 1096 1128 1207 1
1986 721 3274 1983 1
3011 944 971 458 1
1543 944 1619 1640 1
3848 3822 1255 125 1
3011 971 2650 458 1
2135 2240 1789 2130 1
1789 1821 2431 2240 1
3983 2135 1789 2130 1
2258 3068 1969 1968 1
3068 2258 884 1574 1
3903 3966 4070 506 1
693 1341 1146 371 1
1711 2003 2444 3027 1
1214 1592 1553 3942 1
435 590 1349 1242 1
4004 3706 3815 3608 1
1100 1638 698 571 1
1100 1126 1638 1082 1
47 1437 958 12 1
2010 1305 958 856 1
1431 856 2010 1647 1
3942 1553 2329 1592 1
778 802 1430 2451 1
509 2486 1801 733 1
259 3767 914 681 1
1801 2486 1027 733 1
623 2648 1247 1306 1
760 689 189 101 1
1806 1375 777 258 1
3531 1027 1267 3033 1
1375 956 258 1806 1
1267 134 1027 3531 1
1041 1030 689 231 1
121 1031 900 908 1
1779 1178 1222 1883 1
1379 1779 1222 1883 1
33 1775 3201 852 1
1155 880 1045 1248 1
1248 22 755 528 1
1525 806 1051 135 1
122 485 753 1498 1
1514 1213 2028 3011 1
216 150 1251 873 1
220 150 1251 216 1
892 2053 1708 1252 1
2714 721 1652 1006 1
1514 1280 1213 3011 1
1651 365 341 1479 1
2888 3011 1514 2028 1
1596 1474 1196 860 1
1596 1680 1196 1474 1
1970 1231 2029 829 1
1807 1680 1196 1596 1
585 1597 2760 2188 1
2344 654 2674 1875 1
468 1629 654 2674 1
2862 507 2030 3221 1
3862 579 1250 575 1
2344 1629 2674 654 1
1977 3026 2276 1319 1
3132 3026 1977 1239 1
3026 1977 1693 3132 1
36 1509 31 2767 1
507 2064 1121 1598 1
2036 1275 1601 1519 1
1031 80 502 908 1
1977 1239 3026 1319 1
144 136 1215 128 1
3026 2276 1693 1977 1
2036 2709 1601 1275 1
2021 1601 1275 1519 1
1221 1283 1621 1246 1
1246 1283 2163 1221 1
1606 2233 1960 676 1
1098 676 1606 1960 1
1606 1113 2233 676 1
1100 1521 698 747 1
747 1638 698 1100 1
747 1087 1638 1100 1
973 1521 1100 747 1
1606 676 1263 1113 1
31 1420 1810 2281 1
2281 2282 1810 31 1
2767 2282 31 1810 1
1742 1468 462 653 1
543 462 1742 1468 1
676 1606 1263 1098 1
1824 2210 1946 1304 1
1824 621 2210 1304 1
1659 313 316 876 1
879 1660 1240 960 1
1240 1363 1046 1660 1
1240 1660 1046 960 1
827 1662 1298 1599 1
2278 3189 723 2640 1
2449 2275 2681 3189 1
1466 596 1663 3347 1
2243 3358 426 2100 1
794 2594 446 1269 1
794 2134 1269 756 1
756 2134 1269 1905 1
1952 342 950 596 1
1269 446 1800 2594 1
1014 1924 1418 1694 1
2056 977 1795 950 1
3358 2100 2085 426 1
2220 2991 1540 1828 1
2667 1033 690 444 1
987 3288 1666 916 1
1164 429 50 73 1
1313 1666 916 987 1
2476 1274 640 1549 1
1274 805 640 1549 1
876 1303 313 1117 1
2422 1564 954 1744 1
616 851 1894 1274 1
1705 2071 2494 2389 1
313 2062 1117 1303 1
1924 313 1117 876 1
1798 1666 1313 2878 1
2062 1271 313 1117 1
1798 2878 2339 1666 1
1271 2093 313 1117 1
1924 2093 1117 313 1
2036 1601 2147 1519 1
1635 1771 1120 2168 1
2201 665 1276 769 1
117 714 1276 769 1
117 1832 1276 940 1
421 890 2436 2763 1
406 1266 3472 2344 1
149 1207 3601 2949 1
1207 1128 3601 2949 1
1676 1771 1635 2168 1
1326 2389 1545 2494 1
847 521 447 1277 1
1326 2754 2389 2494 1
1475 521 1277 447 1
123 2024 1475 1971 1
1974 2754 1314 2573 1
454 649 1587 817 1
552 454 1587 817 1
790 1034 1546 782 1
4039 3522 681 4027 1
1236 782 1546 845 1
437 696 738 625 1
1236 790 1546 782 1
1617 1641 1153 2176 1
867 1495 2048 1632 1
2385 3230 1153 1617 1
1617 1641 1658 1860 1
939 1168 6 10 1
939 424 1473 2206 1
1314 2754 2494 91 1
2494 1025 2290 2754 1
1617 1860 1658 2472 1
2550 1623 1402 2161 1
363 350 386 1281 1
2036 2161 1623 1275 1
3168 1623 2226 3191 1
1281 996 512 350 1
2036 1623 2161 767 1
1684 1625 2317 2335 1
3023 1595 954 1822 1
1564 3023 2422 954 1
1625 1672 1785 1118 1
2317 1625 1997 2335 1
1785 1118 1672 2500 1
823 792 1600 500 1
3065 609 736 1837 1
1837 568 3065 609 1
282 2198 980 1010 1
568 609 1837 499 1
499 1837 1018 609 1
609 1018 736 1837 1
2164 1147 2028 1730 1
745 1838 2122 311 1
1838 311 931 2122 1
2338 2397 1880 1257 1
2164 2755 1147 1730 1
973 1866 1840 775 1
1286 726 1738 192 1
2096 1163 726 1286 1
1280 2688 1398 457 1
1287 956 1230 494 1
388 570 393 364 1
1253 842 1287 1699 1
1288 1727 540 721 1
1288 721 540 861 1
1398 2688 2012 457 1
1288 1727 721 1986 1
1782 1850 1873 2163 1
718 1533 785 1873 1
2309 1731 305 2857 1
718 785 1164 1873 1
1548 1955 1338 1060 1
1982 2530 1010 3719 1
1290 1955 1338 1548 1
1697 1189 636 1841 1
2469 460 376 3267 1
1755 1697 636 1841 1
2083 2857 305 1731 1
720 967 763 787 1
515 1703 31 1945 1
2194 95 2677 1226 1
2677 95 1561 1226 1
15 515 1703 31 1
1912 1417 1855 2237 1
1956 661 527 2233 1
787 447 1475 135 1
1260 2063 1522 2545 1
967 521 1475 447 1
1862 2765 62 2103 1
1343 1093 1679 555 1
2952 1343 1679 555 1
468 2469 881 605 1
468 2469 605 654 1
1699 605 2349 2469 1
1476 759 1981 1062 1
1476 1367 643 759 1
2952 555 1679 1033 1
1296 2265 1713 594 1
389 1297 1099 366 1
592 911 524 443 1
366 1099 1359 1297 1
654 605 1699 2469 1
1903 428 564 1387 1
2144 428 1387 564 1
498 3 1311 13 1
13 3 1311 4 1
720 967 2747 632 1
694 906 716 688 1
2747 1994 632 967 1
906 716 688 1535 1
688 906 1535 597 1
1299 451 1696 330 1
2318 451 1299 330 1
1104 1696 351 1299 1
1127 364 331 1299 1
1741 1063 722 2155 1
2112 1803 1390 2677 1
98 1533 1873 2624 1
1886 1741 2155 1063 1
98 1533 718 1873 1
910 1063 2155 722 1
1803 1390 2677 2614 1
910 1886 2155 1063 1
1159 418 568 1162 1
1803 2677 2194 2132 1
1803 2677 2132 2153 1
2112 1803 2677 2194 1
1803 2614 2677 2153 1
1682 2297 1989 1181 1
1989 2442 1682 1181 1
937 1303 2086 350 1
1759 1421 1685 479 1
545 1330 1304 525 1
545 1272 1304 1112 1
1439 2218 2354 531 1
2551 1387 9 428 1
9 1387 2551 429 1
2218 1439 2354 1421 1
1903 2551 429 50 1
1794 1445 1383 1088 1
863 1306 1051 200 1
200 1306 1051 761 1
2765 2172 1862 62 1
1247 1306 863 200 1
761 1306 623 200 1
623 1306 1247 200 1
1247 1306 2648 863 1
1315 1510 1383 1381 1
1697 2034 1940 1189 1
2034 1189 3277 1940 1
1381 1510 1383 1794 1
862 2033 510 1321 1
1510 1445 1383 1794 1
534 466 773 1185 1
773 466 710 1185 1
1640 1020 458 1619 1
796 439 198 798 1
2798 3091 3416 3519 1
1609 458 1640 1020 1
1866 2200 2748 1840 1
458 1609 1640 2650 1
1866 1594 1840 775 1
1533 815 1309 590 1
715 2200 2748 1866 1
1594 1866 1361 775 1
2182 3038 1563 918 1
2723 2182 918 3038 1
2182 1563 488 918 1
2534 2182 918 2723 1
2397 88 1880 1257 1
1530 545 1388 1442 1
897 2333 794 2353 1
1388 545 1350 1442 1
507 1600 2064 64 1
897 794 2594 2353 1
1600 2221 2064 64 1
2200 2378 2460 1698 1
1594 1698 2200 1840 1
1121 2064 507 1600 1
1644 1779 790 1465 1
457 494 1904 1069 1
457 494 1069 549 1
2378 1698 3343 2460 1
3155 2943 1698 2984 1
1594 2943 1698 1840 1
1552 2614 2535 1390 1
747 1371 1288 2486 1
9 1387 429 1311 1
2176 1641 1029 1658 1
1617 1641 2176 1658 1
1617 1658 2853 2472 1
2153 2535 2677 1776 1
1877 2124 1056 3394 1
1337 1812 1877 455 1
1749 455 1337 1877 1
1954 3394 1877 1056 1
2132 2677 1776 2153 1
1561 1291 2544 79 1
465 818 1465 937 1
3865 4039 3651 681 1
1361 1690 1317 193 1
1291 615 2544 79 1
1586 1690 1361 193 1
558 464 1210 1171 1
1649 1667 441 1251 1
1649 486 1657 1667 1
2496 1376 944 1543 1
2496 446 944 1376 1
1318 548 532 488 1
1318 584 548 488 1
1318 905 200 548 1
1318 200 532 548 1
1318 584 905 548 1
447 611 847 1319 1
1386 1200 926 1665 1
459 1239 1977 447 1
1888 2914 700 2232 1
447 1977 611 1319 1
1386 1665 926 2090 1
1308 345 2792 349 1
3377 1665 1386 2090 1
2772 703 1322 1647 1
3394 3128 2432 1279 1
592 524 911 567 1
1829 1158 2431 1789 1
492 2269 1829 2431 1
2451 1765 1284 1092 1
993 1892 2613 1930 1
830 1892 993 1930 1
1740 2991 1540 2220 1
2939 2991 812 2072 1
1892 2613 2581 993 1
1892 993 2581 1298 1
1832 726 546 629 1
584 1326 560 788 1
1394 834 2389 1326 1
1326 834 2389 2754 1
1895 1744 1797 3572 1
1668 2358 2250 2457 1
1217 1895 1025 2422 1
1895 2422 1744 1025 1
2974 1668 249 2457 1
1483 1721 2493 972 1
656 955 748 2543 1
1483 972 2493 2017 1
656 2543 748 1057 1
1522 748 1057 656 1
964 1991 2493 972 1
656 1522 748 955 1
1327 846 763 603 1
2017 972 2493 1991 1
3476 2968 1404 682 1
1762 603 673 602 1
1522 1019 426 719 1
443 485 431 620 1
547 431 485 620 1
547 620 485 1707 1
1083 493 1669 761 1
938 1083 493 1573 1
485 620 443 427 1
1083 1573 214 493 1
1707 427 620 485 1
1975 1711 856 1431 1
3103 2003 1711 3027 1
1733 1329 1750 1843 1
1170 1670 442 2115 1
2170 1522 426 719 1
2063 1522 2170 719 1
3522 4039 681 3651 1
813 1071 1975 1711 1
813 1711 2196 3027 1
1975 856 2010 1431 1
877 962 471 433 1
1322 1071 3103 1711 1
1346 471 962 433 1
1412 2737 1787 2248 1
595 1060 936 1757 1
2372 3710 729 2783 1
1170 1716 2346 1653 1
604 1373 625 502 1
595 1060 522 936 1
1459 1392 1757 1955 1
604 591 502 496 1
604 706 591 2046 1
561 1108 1199 1330 1
1330 545 1350 514 1
951 1256 1199 1330 1
1330 1112 545 1304 1
2300 2115 442 1670 1
500 792 1600 1331 1
480 1478 624 1332 1
1332 694 780 475 1
780 1478 1332 475 1
1332 815 694 475 1
769 1276 117 1889 1
1332 815 475 1309 1
117 1889 2096 1286 1
1704 2096 1276 1889 1
1363 1619 1640 1240 1
1688 2749 369 1363 1
1640 1240 1619 1543 1
1625 2317 1997 1672 1
1625 1684 2317 1672 1
479 1759 700 2914 1
449 977 1795 2056 1
2092 2056 449 1795 1
2558 429 770 801 1
770 429 1311 801 1
1750 1733 450 512 1
2551 429 2558 9 1
568 1335 411 609 1
568 411 1335 1159 1
657 609 411 1335 1
657 1335 411 1143 1
1566 1143 1335 2722 1
2722 1159 1335 1566 1
482 505 1336 447 1
2177 482 1336 447 1
447 1336 2204 505 1
2177 1336 459 447 1
447 2204 1336 1239 1
447 1239 1336 459 1
541 450 512 1750 1
1759 700 1421 479 1
541 512 450 536 1
1672 1684 2317 2110 1
1065 1132 694 2819 1
1672 1684 2110 2594 1
1874 1856 434 1290 1
2343 1999 2288 2504 1
198 800 1584 455 1
800 474 1337 455 1
3183 2211 2751 2285 1
1288 1371 1338 2486 1
747 434 1288 1371 1
2486 509 1371 1338 1
328 1302 2022 2741 1
918 1978 436 1719 1
1204 1719 2580 961 1
1904 1069 2454 457 1
1719 1978 436 2850 1
752 1222 385 381 1
1222 1503 1465 464 1
1465 1222 1178 381 1
464 1222 1503 385 1
2129 1369 1864 537 1
752 1222 381 1178 1
1719 2850 2580 961 1
1524 1302 328 2817 1
1302 2741 328 2817 1
1154 938 1083 869 1
1016 1953 1342 1429 1
1045 1016 1342 1945 1
1953 1429 1042 1342 1
229 1908 1485 205 1
1429 507 1224 1342 1
2305 1154 1819 1083 1
1675 1726 1576 2931 1
1154 1819 1083 938 1
3367 1908 1485 2750 1
205 1908 3573 229 1
1908 1422 229 2750 1
1908 1422 3573 229 1
1675 1576 2970 2931 1
2985 1441 816 2637 1
1948 1441 2202 2985 1
1769 952 1731 1615 1
2151 1435 1731 1160 1
1596 1474 860 844 1
1615 952 1731 535 1
1851 547 1152 1563 1
1563 789 1152 1978 1
1563 547 1152 789 1
488 1563 1152 1978 1
3099 3023 2422 2295 1
1287 842 956 1699 1
1586 2144 2023 872 1
448 569 806 482 1
2023 2144 1411 872 1
448 651 806 569 1
806 552 655 651 1
2138 865 952 1615 1
3230 865 2138 2166 1
2107 3005 3109 2069 1
1644 934 1077 1214 1
2317 2110 1796 1494 1
1649 1657 441 1667 1
1700 1657 441 1649 1
2952 1679 1725 1033 1
2952 1033 1725 2946 1
2946 1725 2939 2102 1
1346 962 1705 433 1
1346 471 1477 622 1
2374 1907 658 2299 1
636 1907 2299 562 1
1576 1726 2068 2828 1
1677 934 1644 1214 1
459 1913 2218 1759 1
1347 492 448 825 1
1347 825 448 599 1
1347 1952 950 492 1
950 1347 448 977 1
1829 459 1701 1913 1
1298 827 1587 979 1
1368 1681 1524 1302 1
1524 1681 2839 1302 1
1392 595 1757 1060 1
1852 1681 1524 1368 1
1392 800 595 1060 1
1193 560 1349 573 1
1193 573 1349 804 1
867 2048 1071 1632 1
1322 856 1711 1647 1
958 1305 867 893 1
2551 429 50 2558 1
2010 856 1437 1647 1
2048 3183 2073 1632 1
1463 804 1585 1349 1
1437 2010 958 856 1
2170 1635 2975 919 1
1759 479 1685 1693 1
2299 653 849 462 1
1759 1693 1685 459 1
2170 919 2975 426 1
2975 1635 3358 919 1
2975 919 3358 426 1
1907 644 658 2299 1
3757 3588 1914 242 1
1001 2320 2053 2337 1
1914 229 233 223 1
3573 1914 223 229 1
1914 3757 242 233 1
527 1350 672 514 1
448 569 803 950 1
1108 1350 561 1956 1
766 772 762 2175 1
2175 772 762 795 1
2158 1767 2894 2788 1
3154 223 1914 3588 1
3696 2199 1914 3460 1
3696 3573 1914 2199 1
609 2905 2932 1766 1
657 2326 1143 408 1
2740 2326 657 408 1
1352 521 1277 2024 1
1640 879 2831 2120 1
1570 1065 906 694 1
455 475 1355 433 1
2666 2819 1065 1332 1
1796 1684 2317 1385 1
804 573 590 1355 1
433 1355 573 804 1
2666 1065 1570 1332 1
455 1355 475 627 1
590 1355 627 475 1
2110 1684 1796 2594 1
1684 2335 2317 1385 1
1030 760 189 692 1
1041 689 760 121 1
741 626 493 705 1
626 135 493 705 1
705 741 626 467 1
654 842 956 1090 1
654 956 583 1090 1
605 1846 1916 881 1
1410 2087 881 1916 1
1916 2087 881 1846 1
1916 605 2349 1846 1
1193 1358 478 560 1
1916 2349 2076 1846 1
1477 1358 1620 622 1
548 1620 1358 622 1
1849 1358 1193 560 1
627 1812 1918 1150 1
1150 1918 627 1691 1
1205 1918 1150 1691 1
1150 2048 1918 1205 1
1150 1812 1918 2048 1
3213 1732 2052 2963 1
1359 1099 360 1297 1
2322 3354 2187 2357 1
2332 1925 2532 3403 1
2308 2598 2532 2054 1
531 2792 1685 2427 1
531 2427 2207 349 1
531 2427 1508 2207 1
1210 2234 1055 679 1
613 470 1210 730 1
531 2792 2427 349 1
1210 1580 2234 679 1
470 730 1171 1210 1
531 1685 1508 2427 1
1864 1461 2375 2827 1
1864 3026 2827 3132 1
2945 1438 1680 676 1
2336 2238 2187 1403 1
1680 2291 676 1438 1
876 520 1117 533 1
3474 1680 676 2945 1
1361 1317 2015 193 1
876 1924 316 1694 1
1374 312 998 1119 1
312 1752 1119 1374 1
1374 312 1752 1516 1
876 1924 1694 533 1
313 1924 316 876 1
1475 1362 135 447 1
447 505 1362 135 1
1228 135 123 1475 1
1228 327 1455 2009 1
1485 1908 229 2750 1
2831 2027 2120 879 1
411 609 657 1049 1
647 3186 1049 1493 1
1660 1244 1046 960 1
1244 2747 1046 960 1
369 1886 1363 3036 1
1609 1640 1363 1020 1
1994 960 2747 1947 1
377 380 2650 368 1
909 1051 883 2648 1
909 2648 883 1235 1
927 2363 1075 1856 1
1284 1795 2092 1364 1
501 449 1364 1778 1
1765 1795 1284 1364 1
1364 2234 1580 501 1
24 1366 604 49 1
24 487 604 1366 1
643 1367 409 397 1
409 1367 643 1476 1
2537 927 2045 2363 1
1062 1367 759 730 1
1018 1723 1674 609 1
2113 450 366 643 1
366 857 358 450 1
2113 643 536 450 1
1369 2467 419 2393 1
1369 537 419 2467 1
1701 1864 2766 1190 1
2357 537 1864 1369 1
2422 1744 954 1506 1
1506 1744 954 1537 1
512 359 329 360 1
1099 360 512 1733 1
1628 512 360 359 1
1586 2013 1690 2023 1
1175 747 1371 434 1
1288 434 1338 1371 1
1371 509 1874 1338 1
1586 1175 2013 2023 1
1628 1099 360 512 1
329 360 650 512 1
650 360 1733 512 1
1020 1488 2657 1976 1
502 591 1373 900 1
486 591 900 1373 1
2948 1063 1020 1976 1
604 591 1373 502 1
1488 1020 1063 1976 1
1020 2245 1976 2657 1
1763 1082 86 1937 1
116 86 1082 1937 1
1100 1038 1575 1840 1
1248 22 528 3201 1
2948 2245 1020 458 1
3201 1248 22 852 1
479 1747 1693 910 1
1268 1747 479 910 1
1868 1100 1575 1840 1
3510 2418 1706 2428 1
1685 479 1747 1693 1
2418 3302 1706 2552 1
3510 3302 1706 2418 1
487 2046 598 22 1
2046 598 880 1045 1
1685 1532 1508 1588 1
1248 755 22 2046 1
1248 2046 880 1045 1
2418 2552 1706 2428 1
1697 1940 636 1189 1
462 1697 1940 636 1
1588 1685 1532 1747 1
603 1376 1643 2496 1
891 927 1391 1075 1
1643 2496 1376 446 1
891 927 1075 597 1
783 1441 1948 2985 1
2787 1948 2985 783 1
2787 2004 1948 783 1
1733 358 450 1099 1
1099 1733 512 450 1
536 1099 512 450 1
643 1099 536 450 1
1099 358 450 366 1
783 3352 1948 1441 1
2004 3148 1948 783 1
1948 3148 3352 783 1
591 1342 1224 496 1
2046 1342 591 496 1
2046 496 1045 1342 1
1379 808 454 830 1
1379 830 454 993 1
365 600 392 394 1
2434 1950 2779 3097 1
426 1019 495 2297 1
365 394 641 600 1
600 394 2679 3472 1
670 1388 2175 1530 1
890 3472 394 600 1
1522 1019 495 426 1
3355 3193 3205 2493 1
924 1852 1524 1368 1
924 1357 1852 1368 1
329 311 745 1380 1
329 814 1380 745 1
924 1357 603 1852 1
814 512 1380 520 1
883 817 655 552 1
1951 1054 2171 1819 1
1951 2429 2171 1054 1
1970 1247 1382 1152 1
1756 547 485 1707 1
1382 1715 1152 789 1
1012 1715 1382 789 1
1756 1012 547 1707 1
1367 1384 409 397 1
409 1476 422 1384 1
409 1384 1367 1476 1
2691 500 2533 1728 1
2691 500 2502 2533 1
1203 882 1440 1752 1
1148 461 678 1254 1
1254 472 678 1148 1
678 1296 2777 1254 1
678 461 1296 1254 1
687 2777 1254 678 1
678 687 472 1254 1
1251 3410 1667 441 1
1345 1650 828 1300 1
828 1300 1650 1697 1
1561 1291 2111 2544 1
1903 1387 564 73 1
2144 1387 73 564 1
2677 1561 95 2111 1
1903 1387 429 2551 1
1754 1705 962 2037 1
1754 2071 1705 2037 1
1227 514 1388 545 1
1350 545 1388 514 1
1227 545 1388 1530 1
962 1705 2248 1346 1
982 440 524 443 1
2248 1705 2494 1545 1
1705 1754 2494 2071 1
119 982 443 432 1
340 1915 452 2020 1
1170 3211 442 1716 1
459 2218 1685 1759 1
1170 442 1670 1716 1
340 1651 1915 2020 1
1183 2303 2587 2137 1
1670 442 2300 1716 1
1716 442 3454 3211 1
2169 3211 442 1170 1
1101 2846 1396 1568 1
1523 620 1707 940 1
1654 969 1883 1178 1
192 773 629 1061 1
1585 1125 1166 214 1
497 1208 574 214 1
2300 442 3454 1716 1
1764 3206 3300 1157 1
1145 90 1067 1102 1
1930 2235 2613 336 1
1654 2235 1930 336 1
1152 1970 2007 2850 1
2108 2613 2235 336 1
1526 1866 1897 2015 1
2328 2015 157 1897 1
2037 1217 1151 1506 1
1506 1217 1151 2042 1
2366 2653 1293 1542 1
2094 1394 1326 637 1
584 1394 560 1326 1
584 652 2534 1394 1
572 620 1396 1016 1
572 620 1707 1396 1
1101 1396 1534 2522 1
1101 1396 2522 1568 1
1101 1568 2522 2303 1
616 733 2471 1549 1
509 1397 733 1549 1
2366 1531 2653 1542 1
2471 733 1397 1549 1
1160 2083 1958 553 1
1160 2083 1731 1958 1
1278 1958 1646 2464 1
1958 2464 2475 3015 1
2475 1958 2083 303 1
2309 535 2857 226 1
226 2014 535 2857 1
1399 2 4 424 1
1399 1174 424 4 1
1428 623 1247 200 1
852 22 880 1248 1
2046 598 22 880 1
1248 2046 22 880 1
2007 200 1247 1152 1
1551 869 1083 1123 1
1401 720 763 626 1
2007 1318 200 1152 1
1974 2765 2338 637 1
1974 1257 2338 2765 1
1882 2225 2338 2765 1
363 1281 386 1628 1
1628 386 363 395 1
2338 2765 1823 1882 1
513 1169 1129 11 1
2225 637 2338 2765 1
2765 1257 2338 1823 1
513 634 1169 11 1
435 1870 1777 2875 1
1798 2902 2339 2878 1
2339 2902 2548 2878 1
1430 802 1464 2451 1
1307 1340 1076 1233 1
1206 2361 1197 2466 1
521 1277 847 1352 1
1695 2586 1352 1252 1
847 461 1352 1252 1
1352 2024 1252 2586 1
1319 1977 611 3220 1
1010 3719 3422 1982 1
1233 1340 1194 1307 1
1283 1411 1621 1246 1
1387 1411 73 429 1
2144 73 1387 1411 1
957 2530 1010 1982 1
3371 1246 1411 1283 1
1081 1133 1581 1879 1
696 1780 1872 2178 1
1187 1468 828 2204 1
696 127 1780 2178 1
830 1892 1930 1674 1
1674 1351 1892 3511 1
1709 557 20 1555 1
1709 1671 557 1555 1
1164 1782 1873 1246 1
1502 3452 1782 1246 1
1664 460 1915 376 1
1674 3511 1892 1930 1
364 570 351 1299 1
1104 351 367 570 1
364 367 351 570 1
570 364 1127 1299 1
1104 1299 351 570 1
1547 1695 354 2320 1
1917 2832 1722 1734 1
1502 3569 1782 3452 1
1222 464 609 385 1
1783 2355 1757 1983 1
970 1854 969 1883 1
444 1418 466 1014 1
3245 2355 1757 1783 1
1222 1379 558 1779 1
1348 1987 926 1386 1
2074 1520 538 1418 1
1303 2062 520 350 1
2074 699 1520 1418 1
2474 699 1418 1117 1
483 1419 551 484 1
1419 1835 551 484 1
483 484 614 1419 1
1172 1419 780 484 1
1172 1835 1419 484 1
1727 504 540 721 1
1295 1495 721 1652 1
2714 721 1495 1652 1
1295 721 504 1727 1
540 504 2714 721 1
827 542 1662 3148 1
827 909 542 2004 1
2004 542 827 3148 1
822 150 216 873 1
3758 1000 177 3876 1
718 513 1533 1870 1
98 3032 718 1533 1
1029 1641 1724 1748 1
915 1574 1748 1724 1
1724 1641 1574 1748 1
2283 1860 1617 1453 1
2281 1729 34 1810 1
380 1609 1005 2127 1
1425 1018 808 599 1
1425 558 499 464 1
1425 808 499 558 1
1425 1018 1674 609 1
1425 499 609 464 1
2048 2073 1071 1632 1
1366 487 1528 27 1
1427 478 560 1349 1
1427 1642 584 560 1
2081 1729 3217 3096 1
1427 1349 560 1242 1
2767 1729 1810 1949 1
1997 2607 1807 3474 1
488 1563 1978 918 1
1978 488 918 1624 1
436 1978 918 1624 1
1180 1978 1719 2850 1
1883 1930 1379 1050 1
507 1429 823 1600 1
1945 1429 1342 507 1
1016 1429 1342 1945 1
1945 1600 1429 507 1
3217 1729 2767 1949 1
2451 3528 1464 470 1
1183 1707 1756 112 1
1707 1109 112 1183 1
1764 1012 1692 1183 1
1557 3486 1458 1601 1
2059 2100 1243 68 1
1221 1533 785 1993 1
1557 1458 2709 1601 1
948 1490 1608 1345 1
2709 1458 2036 1601 1
1164 429 1246 785 1
2309 1731 535 314 1
314 1615 1731 535 1
314 535 1702 1615 1
314 535 2257 1702 1
2601 2715 878 933 1
2601 2715 2832 878 1
1730 1213 2028 1074 1
839 240 251 260 1
1730 1147 2028 1213 1
2164 1730 2028 1074 1
1390 2672 2677 2535 1
2534 2182 652 584 1
652 2182 2534 2723 1
1650 2034 1697 1189 1
1697 1189 1841 816 1
1378 2119 1211 1934 1
1378 2434 1167 1885 1
1378 1885 2893 2434 1
1203 1440 501 533 1
882 1440 1802 501 1
533 1440 1055 536 1
1055 1440 1802 536 1
1203 882 501 1440 1
1378 1167 1211 2119 1
2941 1730 1074 2110 1
2515 1442 1530 1470 1
2283 1442 561 865 1
2385 1442 3230 1469 1
1794 1324 1445 2553 1
3417 3518 1794 2553 1
2164 1730 1074 2941 1
464 418 1159 2722 1
568 1786 1490 1790 1
1730 1213 1074 2110 1
2144 1387 428 747 1
2295 1025 1896 1564 1
428 1387 540 747 1
759 536 512 874 1
874 512 811 536 1
1055 536 874 811 1
1025 1896 2290 2754 1
1463 2008 113 2689 1
2713 2381 2416 1797 1
1870 516 1321 959 1
1506 1744 1537 1505 1
959 2799 2458 941 1
1744 1895 1505 1506 1
495 1712 2243 1851 1
1744 3572 1564 1799 1
1760 437 1704 1163 1
1744 3572 1799 1797 1
1599 3352 1300 2202 1
505 1300 2202 1599 1
1851 1712 2243 2533 1
1787 2713 2416 1797 1
2689 2008 3180 1966 1
1913 1829 459 1395 1
2233 989 1406 1113 1
1744 2422 1564 1025 1
1451 1137 482 345 1
1113 989 1406 2605 1
2422 2295 1564 1025 1
678 2777 1296 594 1
678 1296 1713 594 1
1904 594 2777 678 1
693 387 1452 840 1
691 2085 2006 2362 1
561 693 1452 840 1
1453 561 952 865 1
2283 561 1453 865 1
561 693 1453 1452 1
2283 693 1453 561 1
594 678 469 1713 1
469 1904 678 594 1
916 1313 2869 1798 1
65 755 53 2632 1
2632 755 53 528 1
916 1666 1313 1798 1
1835 453 315 1110 1
916 1798 2339 1666 1
495 2865 1851 1067 1
1067 2243 1851 495 1
1798 916 2636 2869 1
1734 1890 1567 1238 1
1917 1734 1722 2097 1
1525 909 1455 704 1
1362 505 1455 135 1
1228 1455 135 1362 1
909 1446 1525 1455 1
505 1525 1455 135 1
1830 1816 1547 1846 1
1722 1734 1921 2499 1
1734 1567 2715 1238 1
652 1315 1457 2453 1
1917 1890 1734 2097 1
1734 2715 2091 1238 1
1797 2381 1799 3257 1
2605 2216 1406 1458 1
2036 2147 1458 695 1
2036 1458 2147 1601 1
2504 3960 2751 2288 1
977 552 448 651 1
569 448 651 977 1
977 569 448 950 1
2113 858 450 746 1
474 1955 1290 1548 1
858 2673 746 2113 1
2486 1338 606 1397 1
2113 858 857 450 1
2673 857 2113 858 1
1641 1047 1748 1860 1
1309 475 804 590 1
804 1463 1309 590 1
1463 804 1349 590 1
693 1341 1047 1860 1
2283 1047 1641 1860 1
1860 1047 1748 1341 1
2283 1047 1860 693 1
2635 2461 33 1534 1
1280 2018 2500 1398 1
646 887 1148 378 1
1503 2038 414 582 1
464 1503 2038 414 1
646 472 1148 887 1
670 1388 1227 672 1
670 1388 766 2175 1
1256 570 1467 840 1
1807 3474 1957 1680 1
2382 1474 1680 2291 1
2382 2291 1743 1474 1
1474 382 860 1743 1
2546 1702 1530 2515 1
1469 1702 865 2166 1
1166 1478 1585 1463 1
1428 1247 1970 2007 1
2007 1970 2417 2441 1
1428 200 1247 2007 1
2421 2589 3192 211 1
2850 2007 3614 2441 1
2421 211 3192 199 1
2466 2012 2945 1398 1
1398 2018 2466 2012 1
1443 1471 1809 613 1
1430 470 1464 1471 1
1809 1443 1464 1471 1
1473 2 1399 424 1
856 1071 1305 893 1
1305 1071 867 893 1
2994 1813 2717 2271 1
1813 2994 2717 3229 1
2016 659 117 1484 1
2016 1539 1484 117 1
117 2016 1539 1739 1
2024 521 1277 1475 1
3229 3567 1813 3473 1
1228 1362 135 1475 1
2307 2001 29 2804 1
693 2445 1047 456 1
1618 1476 383 395 1
1476 1618 409 1981 1
389 643 1099 1476 1
643 389 409 1476 1
389 1297 2241 1476 1
3680 2804 2861 2307 1
1308 2342 1814 1613 1
560 1545 1849 1620 1
1193 741 1358 1477 1
3796 29 2001 2804 1
476 741 1219 1477 1
1849 1358 560 1620 1
2447 1447 2884 1781 1
2400 3286 2939 1815 1
2638 700 2914 396 1
1815 3286 2939 1725 1
674 3410 1119 441 1
2914 700 2232 396 1
1667 3410 674 441 1
1659 316 313 1818 1
441 1203 674 538 1
480 614 1478 780 1
1332 1478 1309 475 1
441 674 1203 1119 1
1478 475 804 1309 1
1667 441 674 538 1
804 1478 1309 1463 1
804 1478 614 475 1
2141 3011 368 2596 1
2596 3011 368 2028 1
2153 1776 1507 2101 1
1776 2267 103 2101 1
1065 1856 688 1826 1
1826 1621 1290 1132 1
1826 1283 3371 1411 1
1826 1290 688 1132 1
1394 2190 1827 834 1
3094 1827 637 2536 1
2635 1101 1534 713 1
1857 1482 551 1419 1
1394 637 652 1827 1
33 713 2635 1534 1
1172 1482 1788 1419 1
652 1827 3094 1928 1
1131 1718 453 446 1
1662 1298 1892 1767 1
1718 453 1547 1131 1
1547 881 1846 1131 1
1662 1351 1767 1892 1
1298 1892 1767 2581 1
1178 1034 1135 1202 1
970 1779 1135 1202 1
1662 542 1298 1767 1
542 1298 1767 2581 1
1717 672 559 439 1
559 672 484 439 1
1717 672 514 559 1
699 2517 463 1380 1
798 672 671 439 1
671 672 798 756 1
3122 3378 294 2186 1
4061 3962 3028 3926 1
3122 2157 2186 294 1
1492 65 2662 2201 1
2216 2445 2674 456 1
1822 1449 1595 56 1
736 2480 1723 1842 1
1049 1493 736 2838 1
647 1493 1049 2838 1
1449 1591 1836 56 1
426 1365 3578 2006 1
45 56 1836 1591 1
1836 56 1595 1449 1
2281 1167 1729 2282 1
2281 2282 1729 1810 1
3096 2434 2081 1167 1
2434 2081 3217 3096 1
2663 2798 1066 1833 1
2767 2282 1810 1729 1
2081 2282 2767 1729 1
2029 1970 2230 110 1
868 1328 1661 826 1
3282 3816 2252 3630 1
868 1854 1328 1379 1
2931 549 457 2179 1
1222 1930 1379 1883 1
2125 1834 565 451 1
2125 1834 2506 565 1
2125 1834 451 1639 1
950 342 569 554 1
1834 1639 2125 1710 1
569 554 803 950 1
2650 2141 1688 1334 1
1688 1334 2749 2910 1
549 1069 457 2179 1
535 1066 2341 903 1
2910 2650 1688 1334 1
2502 2099 3358 2192 1
2100 2297 426 2243 1
2946 725 690 1497 1
538 563 2074 1497 1
710 690 486 1497 1
2946 725 1497 2072 1
983 2077 530 3043 1
122 1498 659 427 1
2179 1069 457 2454 1
983 991 530 2077 1
2179 2770 2454 457 1
983 991 2077 3067 1
983 3067 2077 194 1
983 2077 3043 194 1
2688 2179 2931 457 1
3026 1773 1693 2276 1
2827 1773 1693 3026 1
2155 2278 2276 1773 1
1773 2278 2802 2426 1
2155 2278 1773 2426 1
462 1697 2034 1940 1
2034 1536 1032 2851 1
462 2034 1036 2851 1
1032 1650 2034 1608 1
462 1650 2034 1697 1
2167 1604 1155 1703 1
3963 3164 1839 3139 1
1674 1723 2932 609 1
609 2932 1674 1930 1
609 2932 1842 1723 1
1280 2454 2770 457 1
3139 3164 1839 3314 1
602 763 497 741 1
602 483 497 763 1
603 483 602 763 1
846 763 602 741 1
846 603 602 763 1
422 1981 1062 1476 1
1503 381 582 391 1
391 381 385 1503 1
1222 381 1465 1503 1
1503 1222 381 385 1
1503 381 1465 582 1
1701 3132 2914 459 1
1701 459 2914 1913 1
1759 459 1913 2914 1
1286 1163 1024 191 1
481 427 534 629 1
481 427 629 659 1
1586 2013 1361 1690 1
556 2702 2310 2109 1
536 2113 746 1516 1
2702 2109 556 3313 1
1497 725 797 2072 1
1553 1202 970 1784 1
970 1202 1135 1784 1
1308 1814 1395 2269 1
1308 1395 2792 2269 1
2540 1266 2469 995 1
970 3177 1784 1135 1
64 507 1600 1945 1
64 1945 1600 2284 1
2830 36 2284 2084 1
1395 1829 2269 2130 1
1814 2130 1395 2269 1
2432 2165 3394 1279 1
1506 703 954 2422 1
2165 954 703 2772 1
1065 906 597 1570 1
485 1072 544 532 1
1625 1672 1997 1785 1
485 863 544 1072 1
485 1247 863 1072 1
2243 2297 426 495 1
2993 3203 2917 1950 1
1616 2031 648 1805 1
1247 2648 485 863 1
1950 1910 2917 2090 1
1065 1570 597 2666 1
2744 1065 2045 2666 1
775 1840 1521 1868 1
427 546 1832 940 1
775 1840 973 1521 1
775 1575 1840 1868 1
759 996 512 1281 1
1997 1672 1560 1785 1
1697 636 462 2293 1
462 2293 828 1697 1
2466 1997 1560 1785 1
3474 1625 1997 1785 1
2466 3474 1997 1785 1
603 1357 1994 1852 1
1410 881 1664 2469 1
2536 2274 1456 2103 1
2274 2680 1456 2103 1
1853 1737 992 2699 1
2103 2765 62 1456 1
2103 2765 1456 2536 1
1853 1513 2267 3245 1
1513 1737 1853 2699 1
1853 3245 2267 3274 1
2414 1512 621 2210 1
660 2469 1084 995 1
1084 2469 376 995 1
715 1801 3033 2414 1
2414 509 715 1801 1
2748 715 1801 3033 1
1640 2120 2831 2650 1
906 780 694 559 1
605 494 1904 457 1
1065 694 1570 1332 1
2105 2247 127 1780 1
605 457 2945 494 1
2500 2945 774 1398 1
474 1812 1337 455 1
2105 2247 1400 127 1
1337 2211 1392 2359 1
944 1147 2831 2755 1
2831 2755 1147 2229 1
2105 1780 127 124 1
2106 3551 642 3571 1
3099 1456 834 2001 1
262 839 251 260 1
682 2185 2968 907 1
2991 2060 2939 1413 1
2185 682 3563 3927 1
682 2185 3563 2968 1
262 251 269 260 1
1846 3524 922 370 1
1858 1632 813 2280 1
1015 60 80 1528 1
1015 27 60 1528 1
1858 813 1495 1652 1
860 1743 382 1791 1
3183 2211 2280 1858 1
1743 2709 382 1791 1
2788 2894 3062 1767 1
2114 1518 594 458 1
458 2948 1619 1020 1
2948 1518 458 1619 1
594 1619 2265 1713 1
2934 2709 1275 1791 1
1706 2552 859 3603 1
1706 859 3721 3603 1
1537 93 1792 1505 1
2873 1505 2811 1792 1
1792 93 1537 2729 1
1706 2552 3603 3122 1
2873 1792 2811 2729 1
764 456 3486 765 1
1520 541 746 1440 1
540 498 958 2714 1
1418 1520 538 533 1
1203 1520 746 1440 1
674 501 1637 533 1
3277 647 2034 1536 1
2677 1561 1720 1226 1
407 406 1266 3472 1
1563 748 1057 1522 1
3038 1522 1563 1057 1
1396 620 1523 1953 1
1953 620 1523 940 1
2846 714 1568 2011 1
2846 1568 1101 2011 1
1468 1187 828 2293 1
1755 636 2293 1424 1
1345 1608 828 1650 1
1525 883 505 1446 1
1051 883 806 1525 1
1525 1446 505 1455 1
2677 1720 1561 2544 1
1665 1200 926 1434 1
2778 1273 2265 1011 1
2130 2240 1789 2431 1
2130 1789 1829 2431 1
1814 2130 2431 3347 1
980 282 1010 2356 1
3347 2240 2130 2431 1
1665 1434 926 2090 1
2130 1829 2269 2431 1
1814 2431 2130 2269 1
1490 499 1786 568 1
3213 1732 1052 2052 1
1699 2469 2540 842 1
1796 2110 334 1009 1
2586 2024 1252 2053 1
3034 2055 2143 3224 1
2496 1352 2586 2024 1
1796 1122 334 2594 1
1661 1556 2002 2659 1
466 1637 1694 533 1
334 1122 1796 1385 1
752 1654 1222 1178 1
1916 2076 2087 1846 1
107 130 2128 1487 1
2076 660 2469 1084 1
2567 2383 2614 606 1
1084 2076 660 922 1
2469 2076 1084 1410 1
2567 2614 2153 606 1
916 2271 2339 1798 1
1798 2271 1491 916 1
2110 2594 1796 334 1
2133 1406 1225 1310 1
1846 2076 2087 922 1
1406 1225 1310 1458 1
1798 1313 2869 1876 1
1876 1798 2636 2869 1
1876 2636 667 2869 1
1704 726 2096 1163 1
601 618 1276 665 1
1671 1939 1555 1534 1
3027 1431 2145 566 1
1423 1878 2875 105 1
105 2256 1878 1463 1
105 1878 2875 1463 1
1690 1535 193 891 1
1586 193 891 1690 1
1535 621 716 509 1
3027 2966 2145 2162 1
2162 2966 2145 2700 1
1682 2442 2334 68 1
2334 68 2059 1243 1
2338 1880 2762 1823 1
2334 68 1243 1682 1
1098 1606 1118 1960 1
439 672 671 1717 1
439 484 673 672 1
444 228 1540 1014 1
1606 1118 1263 1098 1
2931 2661 2970 2012 1
2060 2991 2220 1828 1
1740 2991 2220 2060 1
2012 2661 2707 3174 1
2083 2475 1731 1958 1
2265 1273 461 3133 1
1617 1453 3230 2283 1
1031 80 1528 502 1
2746 652 3518 3094 1
2087 1084 348 922 1
1410 1084 348 2087 1
3230 1453 2786 2138 1
1916 2076 1410 2087 1
1410 2076 1084 2087 1
1155 1604 1775 1045 1
1775 1709 20 1534 1
2087 2076 1084 922 1
1411 872 2144 73 1
1502 1164 981 1411 1
870 1803 2194 2132 1
3400 1978 1180 789 1
3187 2898 2205 2429 1
1563 789 1978 3400 1
1180 1978 2850 789 1
918 3400 1563 1978 1
1626 625 760 797 1
1626 797 760 1700 1
2544 2111 1776 3274 1
1644 790 1779 1202 1
1271 2116 313 2093 1
1014 228 1540 2093 1
474 1548 688 716 1
688 716 1548 1535 1
688 1548 1874 1535 1
1290 1874 1856 688 1
474 1548 1290 688 1
1014 228 2093 2524 1
2116 2093 2524 313 1
1774 2421 2014 2154 1
1229 1803 870 2132 1
1271 228 2093 1540 1
2451 1464 1430 470 1
2092 1795 449 1364 1
601 1342 591 2046 1
716 509 1549 1060 1
633 1549 1060 1227 1
509 1397 1549 1060 1
731 76 1550 2443 1
107 2112 2082 1037 1
107 1053 2082 2112 1
1053 76 1550 731 1
1550 76 1264 2443 1
130 1803 870 1229 1
1487 130 1803 870 1
1741 1063 1020 2948 1
2180 257 2705 2154 1
1886 2276 1693 2155 1
747 1552 861 491 1
747 1552 1087 2486 1
747 1288 861 1552 1
747 2486 1288 1552 1
951 525 2020 323 1
2020 951 1199 1330 1
910 1886 1693 2155 1
525 951 2020 1330 1
1330 1112 1304 951 1
2293 2009 1424 2554 1
2180 2014 2154 2705 1
778 568 418 1136 1
2758 3026 1461 1864 1
2758 3026 1864 1742 1
2758 3210 3026 1742 1
1100 1082 1763 1255 1
1930 830 1379 993 1
2758 3210 1746 3026 1
1551 1154 2305 1083 1
1551 1154 1083 869 1
1154 905 200 2007 1
1154 3614 905 2007 1
885 1555 1534 20 1
1154 3235 3181 2305 1
2147 2216 456 3486 1
3486 2147 550 456 1
1809 470 1965 613 1
1809 1471 470 613 1
470 1809 1464 1471 1
2002 1556 1661 1694 1
1556 1694 1237 466 1
824 1906 91 833 1
1289 2289 1980 1169 1
441 1558 1203 538 1
40 703 7 1169 1
441 1203 1558 1119 1
698 78 61 26 1
1558 1119 998 2396 1
998 1558 2396 1030 1
824 2736 91 1906 1
126 1428 869 623 1
126 869 1123 623 1
126 1154 869 1428 1
2150 2020 452 525 1
126 869 1551 1123 1
1205 1515 1918 1691 1
2048 703 1515 1205 1
1918 2048 1515 1205 1
126 1154 1551 869 1
2374 462 658 1940 1
479 910 1693 1808 1
757 2202 1755 2985 1
2878 1655 2907 2974 1
1888 3265 2911 2642 1
2911 1808 479 1693 1
3544 2861 2804 2197 1
2913 1893 2929 3575 1
3681 2861 3544 2197 1
2804 2197 2861 2307 1
3006 296 2660 1144 1
1255 1937 1763 114 1
3006 296 1144 3554 1
1019 1563 495 2865 1
2290 2381 1896 3572 1
3006 3554 1144 3884 1
2578 2378 2460 2200 1
1702 1565 1530 545 1
1702 535 1565 545 1
1274 535 805 1565 1
1565 535 805 545 1
411 1143 1335 1566 1
1566 1159 1335 411 1
2276 3026 490 1319 1
1319 2276 3220 490 1
1509 1689 64 2236 1
1971 2024 521 2496 1
1509 2236 64 507 1
1629 1266 2469 842 1
1396 1707 572 2874 1
1523 714 1707 1568 1
1396 1707 2874 1568 1
1523 1707 1396 1568 1
1568 714 1707 1109 1
1266 1629 2344 842 1
2941 2755 1730 2110 1
2941 2110 1074 1009 1
2110 2594 913 1800 1
1569 653 2510 2026 1
562 1569 653 2510 1
1899 2135 3983 2352 1
1570 906 1172 780 1
1172 480 1570 780 1
1899 2135 2638 3983 1
700 2638 1899 390 1
763 123 1571 493 1
763 1971 1571 123 1
1571 1208 493 123 1
3858 2531 3784 186 1
1459 1295 504 1955 1
1757 1459 1955 1295 1
2481 1176 1639 1902 1
2776 1459 1757 1295 1
1176 331 1639 1902 1
784 2945 1310 695 1
2968 1902 2481 1639 1
2349 1253 660 472 1
1341 400 387 456 1
387 456 398 840 1
387 693 456 840 1
400 456 398 387 1
2968 1902 1639 907 1
938 1573 741 478 1
741 1573 497 478 1
938 1083 1573 1819 1
1083 2340 214 1573 1
1381 652 1928 1315 1
1902 1639 1127 331 1
3716 2173 2351 3556 1
1928 1381 1383 2746 1
1315 1381 1383 1928 1
2695 2321 349 1408 1
510 945 2277 2262 1
1758 2321 349 2695 1
498 703 7 12 1
498 958 893 12 1
1917 1293 1901 1962 1
356 445 1452 776 1
1906 1545 2494 1314 1
2204 1468 828 543 1
543 1468 1920 2204 1
3510 2428 921 2413 1
1271 228 2116 2093 1
3510 2428 2815 921 1
2935 921 2428 2822 1
228 2093 2524 2116 1
968 1984 1516 836 1
1060 633 1610 1579 1
1922 616 130 2471 1
1610 633 1922 2471 1
601 2046 1045 1342 1
601 2046 1248 1045 1
2461 1396 601 1775 1
2815 2428 2935 921 1
1060 1579 1610 936 1
2567 606 2153 1579 1
2413 2428 921 2822 1
582 2038 414 1058 1
1465 2038 1503 582 1
735 414 2038 1058 1
558 1580 449 1795 1
778 1765 1580 1795 1
1364 1795 1580 1765 1
679 1580 449 558 1
679 449 1580 501 1
1364 1580 449 501 1
1582 361 892 362 1
1944 3356 1582 892 1
45 3796 1591 2840 1
479 1808 2911 1888 1
1591 1456 2001 45 1
479 2911 2914 1888 1
627 1812 1056 1918 1
1918 1056 627 1691 1
1812 1056 455 627 1
352 360 358 1733 1
2149 619 1245 452 1
360 358 1733 1099 1
1359 360 1099 358 1
2773 2068 1402 2286 1
796 800 1584 198 1
455 800 1584 1337 1
3094 2338 2225 637 1
229 1422 261 3126 1
497 1585 614 804 1
497 1585 1125 614 1
1585 804 497 1193 1
497 1125 1585 214 1
454 1587 977 552 1
959 2799 1321 2458 1
2939 2400 1462 3286 1
1188 593 1186 1339 1
2799 3074 1321 2458 1
1290 1621 434 504 1
925 498 504 1589 1
434 925 504 1621 1
1168 1473 491 2 1
1104 410 393 392 1
371 1452 387 356 1
1606 1194 2233 1113 1
1340 1113 1194 1606 1
2157 2566 729 292 1
3807 729 292 3710 1
729 3807 292 2566 1
729 3491 292 3710 1
3491 2157 729 292 1
1229 1803 2132 2153 1
2311 1512 2601 1824 1
3416 1404 1066 682 1
130 1803 1229 2567 1
1639 2968 907 1404 1
1622 2796 1925 1517 1
941 2799 2458 3074 1
941 3074 2458 1938 1
3074 1938 941 3013 1
3031 3074 941 3013 1
941 3074 3031 2799 1
1750 746 450 858 1
2472 1146 2786 1453 1
1229 1803 2153 2567 1
887 354 1148 378 1
378 362 354 1867 1
2466 1560 2018 1785 1
1867 354 378 1148 1
2421 2222 2180 2154 1
2421 2014 2154 2180 1
3116 2180 2142 2421 1
2142 2180 438 2421 1
438 2014 2421 2180 1
3116 2180 2421 2222 1
1678 2018 1560 1785 1
654 1375 695 2147 1
654 1375 2147 583 1
2107 314 1435 305 1
669 794 2134 2333 1
469 2454 1904 594 1
2151 2069 1731 1435 1
1560 1785 1672 1678 1
2069 1615 1769 1731 1
621 2296 1512 715 1
450 746 1750 541 1
1548 1338 1874 509 1
2107 1435 314 2069 1
1237 2524 1924 316 1
1290 504 434 1727 1
1290 1338 434 1874 1
2524 1924 316 313 1
2040 2037 962 2124 1
1926 1947 1887 1994 1
584 560 1642 548 1
478 1358 741 548 1
905 1642 548 584 1
938 478 741 548 1
938 478 548 905 1
478 560 1358 548 1
2040 2737 962 2037 1
2242 2912 1181 425 1
1847 962 2098 1877 1
883 827 1599 1446 1
505 1599 1446 883 1
825 505 883 1599 1
599 1599 825 883 1
827 1599 599 883 1
490 461 1252 653 1
2026 1708 461 653 1
2265 461 847 490 1
1847 962 1877 2124 1
181 508 529 524 1
906 1570 988 597 1
1139 1605 1208 1857 1
1139 1631 1208 1605 1
1139 551 1605 1857 1
1419 574 1745 1857 1
1139 2095 1605 551 1
2095 551 483 1605 1
1139 2025 1208 1631 1
903 1404 1066 3131 1
1259 1800 2741 2774 1
1864 3026 1461 2827 1
913 1800 1259 2774 1
2110 1800 2774 2755 1
2110 1800 913 2774 1
3000 2930 3149 1607 1
2093 1924 2524 313 1
1650 462 2034 1608 1
2129 1608 462 1190 1
2129 462 1864 1190 1
384 369 1363 1688 1
2657 1609 384 1020 1
1005 384 1609 1688 1
1919 1848 320 1187 1
1610 633 612 1922 1
1610 2471 1922 130 1
2755 1800 2774 2741 1
1611 1717 522 796 1
2958 962 2098 1847 1
1919 1277 1187 2204 1
320 2009 1187 3001 1
1667 538 710 1657 1
1187 1848 320 3001 1
3157 1847 2885 2708 1
1848 1252 1187 1277 1
1971 2024 1475 521 1
559 474 694 716 1
559 475 474 439 1
694 716 474 688 1
559 439 474 1717 1
716 559 474 1717 1
1353 1030 1041 231 1
559 474 475 694 1
1731 1769 2069 2151 1
1394 1648 1129 834 1
1353 441 3410 1251 1
2689 1463 1344 1349 1
1946 2125 2601 1824 1
1824 1304 1946 2125 1
375 456 3486 764 1
2065 2909 3007 985 1
1616 2038 730 735 1
1711 1431 2196 3027 1
1616 648 730 2038 1
813 2196 1975 1086 1
1020 1886 384 1488 1
1711 1431 1975 2196 1
2941 2110 1973 2774 1
813 2196 1086 2162 1
1490 568 1790 3065 1
2748 1027 973 1100 1
2748 1027 1100 2539 1
2539 1027 1100 125 1
125 1027 1100 1126 1
1100 1027 1087 1126 1
2110 2594 334 913 1
2110 913 1973 2774 1
389 1476 2241 1618 1
1101 2011 1568 2584 1
1476 389 409 1618 1
1518 2615 2265 2681 1
821 3099 2289 2312 1
1849 1346 1477 1620 1
111 109 432 119 1
1477 1358 1849 1620 1
1411 1621 434 1290 1
1621 434 925 1411 1
1856 1411 434 1290 1
504 925 1589 1621 1
157 2943 1698 1594 1
1010 2198 2616 921 1
2458 3074 2479 1938 1
2458 3074 3009 2479 1
2716 3791 2924 1938 1
1570 624 1942 1332 1
2903 584 905 1624 1
2198 3215 2616 921 1
1624 584 1318 488 1
2903 1624 918 584 1
1624 488 918 584 1
1624 584 905 1318 1
624 2836 1942 1332 1
1626 486 1649 900 1
920 625 1373 1626 1
920 625 1626 797 1
486 920 1626 1700 1
1030 2396 998 1353 1
1353 1030 1649 760 1
202 3573 3696 2199 1
1946 639 2210 3538 1
2169 1512 2210 1824 1
2647 2611 2369 2364 1
1946 2210 2169 3538 1
955 1941 748 2543 1
383 1628 360 359 1
481 2648 817 1498 1
649 2648 817 481 1
1947 1244 2249 960 1
1971 1631 1571 123 1
2747 1244 1926 1947 1
2337 1139 3515 2320 1
1971 1605 483 1571 1
2053 1848 2337 2024 1
2337 2024 2586 2053 1
1947 960 2747 1244 1
1926 2625 1887 1947 1
1294 1261 868 1436 1
868 1261 1661 1436 1
1261 1048 1661 1436 1
320 327 704 1228 1
487 2046 604 496 1
320 327 1228 2009 1
604 2046 591 496 1
2009 327 2604 320 1
2584 714 1568 1109 1
1233 1292 1415 915 1
1846 354 678 3524 1
1846 354 1547 678 1
1834 2318 565 451 1
1834 2318 1735 565 1
1507 1776 103 2101 1
1229 2132 2191 1507 1
1635 2691 748 557 1
305 1731 2309 314 1
1435 314 1731 305 1
1522 1712 495 1563 1
1771 557 2691 1635 1
2132 1776 103 1507 1
1304 1272 903 1404 1
903 1404 3131 1304 1
1233 1113 1292 1194 1
2067 1113 2605 1292 1
737 3115 3940 3462 1
1233 1113 1194 1340 1
1686 1188 2072 786 1
3429 3292 3502 4035 1
1661 826 1637 454 1
1661 3942 1637 826 1
1694 1637 1677 533 1
3697 2146 1232 2833 1
1378 1885 1167 2119 1
3502 4035 3980 3429 1
1378 2119 1934 1885 1
1885 1950 1167 2119 1
1834 2318 451 1639 1
1885 2119 3360 2017 1
3360 2017 3244 1885 1
43 2392 3496 2260 1
43 2392 28 44 1
2876 2260 3496 2392 1
306 819 1567 1890 1
1734 306 1567 1890 1
1917 306 1734 1890 1
2460 2748 737 2578 1
1056 1812 1954 1918 1
698 18 5 26 1
1812 1954 1877 1056 1
1176 331 1902 1912 1
1176 331 2318 1639 1
1812 1954 3183 2751 1
2402 523 1394 1129 1
1129 1394 834 523 1
1898 3117 2784 2562 1
2287 2402 1394 510 1
1918 1812 1954 2048 1
2048 1812 1954 3183 1
591 900 1044 873 1
436 1719 1204 918 1
590 1355 1691 627 1
3526 3506 436 1204 1
1204 1719 436 2580 1
1691 1355 1056 627 1
1427 478 1642 560 1
455 1355 627 1056 1
1642 560 478 548 1
905 478 548 1642 1
1942 2836 2666 1332 1
3526 436 2580 1204 1
3506 436 1204 918 1
624 1309 2836 1332 1
756 1269 1643 1905 1
3153 2704 3193 63 1
1643 446 1800 1269 1
924 1643 1905 756 1
1677 934 811 1644 1
1538 445 1958 1278 1
1538 1912 1417 445 1
1677 3431 1214 3942 1
1538 445 1417 1958 1
850 907 445 1417 1
2238 2075 2187 1403 1
2365 2375 3630 1403 1
1230 594 1069 2507 1
2222 257 2180 2154 1
3116 2180 2222 2800 1
967 1475 763 787 1
1353 1649 441 1251 1
1649 873 1667 1251 1
1950 3203 2917 1910 1
736 2480 2972 1490 1
2480 2972 1650 1493 1
2034 647 1032 1536 1
1490 2972 1608 2480 1
2034 1036 1032 1608 1
119 150 982 432 1
150 873 982 432 1
2917 3203 3377 1910 1
1651 2020 340 323 1
1651 1696 341 355 1
1651 355 341 365 1
1651 1479 323 340 1
3682 3168 2226 3191 1
1321 516 930 48 1
2756 1321 862 930 1
48 2756 930 1321 1
1963 1757 595 2482 1
1392 595 1963 1757 1
2359 1392 595 1963 1
220 3410 1119 1472 1
2300 1911 3454 1961 1
157 1897 1526 1594 1
1526 1897 157 2015 1
466 534 508 1185 1
1670 1716 2300 1911 1
1185 508 466 674 1
1291 615 1006 2544 1
3149 1911 2300 1961 1
3149 2930 2519 1911 1
2930 1670 2519 1911 1
2229 2755 2596 2313 1
2313 2229 1869 2596 1
3180 2689 1966 2304 1
1167 2119 2090 496 1
3011 2229 1147 2596 1
1154 2908 3208 905 1
1852 1887 1681 1368 1
2943 1575 1840 775 1
1594 2943 1840 775 1
1154 905 3208 1819 1
1154 3614 2908 905 1
2300 1716 3454 1911 1
1090 1875 654 2344 1
1875 2350 890 1656 1
2344 2674 890 1875 1
1869 2229 2141 2596 1
1726 549 1325 2828 1
130 2567 1229 1579 1
1888 2914 2232 2252 1
2914 2232 2252 2463 1
1812 3183 1495 1459 1
474 1812 504 1459 1
1812 474 1337 1459 1
1812 1459 2211 3183 1
968 1516 2113 836 1
1305 813 1975 1086 1
1975 1071 1305 856 1
813 1711 1975 2196 1
1071 856 1975 1711 1
745 1838 2577 2122 1
745 1686 2577 1838 1
759 874 512 996 1
996 512 811 874 1
2146 1612 2425 1777 1
438 953 902 3309 1
616 3309 2476 438 1
616 438 902 3309 1
2422 40 703 684 1
423 453 452 1664 1
1173 1777 1612 2146 1
1664 468 453 1108 1
2744 1065 2666 2819 1
2498 1653 3399 1962 1
470 1171 730 2031 1
1687 1962 3558 1917 1
1335 2326 464 2722 1
2744 2819 1283 1826 1
2658 62 2172 2765 1
2765 2172 1823 1862 1
2776 1757 2355 1295 1
1687 1962 3399 3558 1
2211 2776 1858 1459 1
1459 2776 1858 1295 1
2320 1547 1695 2586 1
678 354 1547 1695 1
2267 2101 2482 1007 1
1983 1295 2189 721 1
2267 2101 1007 103 1
464 558 778 1171 1
1233 2067 1292 1113 1
1233 2067 1113 1340 1
1425 558 464 1222 1
1425 464 609 1222 1
2502 1331 2099 935 1
935 2099 2502 2192 1
483 551 2095 2496 1
483 551 2496 484 1
440 1667 1185 710 1
1983 721 2189 1986 1
3489 1116 2355 2776 1
2339 1655 3123 3288 1
375 3486 2021 764 1
416 583 1875 550 1
1208 1669 214 493 1
583 416 1875 1090 1
918 1978 1180 3400 1
2339 3288 3123 916 1
1663 3347 1985 374 1
1606 1113 1263 1340 1
2691 1671 1709 1016 1
2691 1671 748 557 1
1016 1671 1709 1534 1
679 558 449 826 1
1637 679 449 826 1
1637 449 679 501 1
679 1210 1580 558 1
2451 1284 2193 1092 1
679 1580 2234 501 1
2997 2578 2115 1988 1
2193 1448 2451 1092 1
594 469 458 1619 1
1613 2130 3347 2983 1
594 458 1518 1619 1
1814 2130 3347 1613 1
1613 3347 1466 1663 1
1814 3347 1466 1613 1
870 1803 1487 2194 1
3023 1836 1449 3099 1
1497 563 797 1700 1
538 1700 441 1558 1
441 1030 1558 1700 1
1449 3099 1836 1591 1
882 1817 501 1282 1
882 501 1802 1282 1
2840 1591 1836 3099 1
882 1802 335 1282 1
2261 3074 3013 2557 1
2296 2930 1988 2131 1
2296 1988 2328 2131 1
1238 2715 1990 321 1
1529 2994 1432 3051 1
3241 2197 2861 1289 1
1637 1677 3942 1694 1
1637 501 1055 533 1
1677 1637 1055 533 1
864 2289 1169 3099 1
1677 1055 811 533 1
3051 1432 1529 3338 1
1677 533 811 876 1
1677 1694 3431 3942 1
1432 3338 3570 3763 1
2715 565 1990 321 1
2312 1836 3023 3099 1
2312 2840 1836 3099 1
2672 424 939 55 1
1866 1594 2200 1840 1
2200 1698 2460 1038 1
1698 1038 2200 1840 1
1443 1367 613 1377 1
1443 1367 643 397 1
1954 3394 3128 2209 1
3117 1932 2784 2572 1
1652 1209 1006 721 1
1769 1433 952 2138 1
1932 1818 2731 2960 1
585 2329 1661 1328 1
1769 2138 952 1615 1
1995 3511 2932 1900 1
2207 2427 1508 369 1
1295 1209 1652 721 1
585 1553 2329 1328 1
1038 151 2891 2599 1
3793 151 1038 2599 1
1661 3942 826 1328 1
826 1553 1328 3942 1
3793 2599 1038 2460 1
2463 2232 2266 396 1
2266 2463 396 2393 1
2977 1351 2270 2936 1
2270 1351 1995 2936 1
2797 2270 1351 1995 1
666 1234 2585 1471 1
343 1912 1538 445 1
1127 1912 343 445 1
1127 364 343 331 1
558 679 1210 1465 1
2977 1662 2270 1351 1
1222 1779 558 1465 1
925 504 498 540 1
125 1100 1255 1082 1
9 540 1387 1311 1
1662 2270 1351 2797 1
561 1112 545 1330 1
1255 2539 1100 125 1
2362 1998 2603 2711 1
2006 1998 2521 2603 1
538 563 1700 1558 1
745 1686 463 2577 1
1807 1680 1596 2335 1
2407 3197 234 2273 1
2006 3358 2521 1998 1
852 880 1155 1248 1
3183 1812 2751 2211 1
350 465 937 818 1
1760 437 1163 932 1
350 818 386 465 1
1281 465 350 386 1
1281 465 996 350 1
707 2591 3054 2439 1
471 476 1477 622 1
471 476 1219 1477 1
471 1762 1219 476 1
1556 2259 2002 2213 1
2104 1624 905 2214 1
3614 2104 905 2214 1
2850 436 3614 2214 1
436 2214 1978 1624 1
1978 2214 436 2850 1
1690 509 973 1317 1
1874 1535 1548 509 1
1535 509 1874 1690 1
1690 973 509 1371 1
1690 509 1317 193 1
1690 1371 509 1874 1
1690 193 1535 509 1
2000 2636 3021 1491 1
3285 2636 2418 2000 1
2042 1515 1506 1217 1
110 1012 1756 1692 1
110 1692 1756 112 1
1180 3254 3400 789 1
1759 2914 479 1693 1
910 2155 1693 2426 1
2307 2001 2804 3099 1
3544 2197 2804 3561 1
1352 461 1695 1252 1
2447 2884 1285 2451 1
1713 678 469 1695 1
1695 461 1867 1252 1
1148 1867 1695 461 1
3942 2002 1661 1694 1
321 341 1696 355 1
2002 3431 3942 2501 1
321 355 1696 351 1
945 2453 1315 652 1
2534 945 510 652 1
2534 2453 945 652 1
2534 652 2723 2453 1
1765 2123 1284 1092 1
3942 2002 1694 3431 1
2106 3014 3392 2793 1
1457 1381 652 1019 1
2469 654 1629 842 1
2106 642 1035 2793 1
654 2469 1699 842 1
1649 760 1030 1700 1
3054 2372 729 3721 1
729 2706 3054 3721 1
2372 3054 729 3710 1
2217 2211 2359 1963 1
1626 1700 760 1649 1
2706 729 3054 3134 1
3054 3134 729 3710 1
969 1050 1409 336 1
1558 563 1700 1030 1
1497 563 1700 538 1
2463 1701 396 2393 1
1369 1701 2357 2393 1
2357 1864 1701 1369 1
1928 652 1381 2746 1
202 197 2199 3696 1
1812 1459 1337 2211 1
1337 1812 2751 1877 1
3232 3847 2606 221 1
1615 535 1702 952 1
865 1615 1702 952 1
2751 1812 1337 2211 1
2546 1565 1530 1702 1
3847 3232 2606 3957 1
3232 3423 221 2606 1
3232 3423 2606 2574 1
1583 866 2005 1376 1
364 367 570 393 1
1583 2005 2022 1376 1
1104 570 367 393 1
1104 570 393 410 1
596 1133 1952 2884 1
3968 2294 3529 3484 1
3520 2247 1400 1481 1
3968 3330 2294 2876 1
2276 2278 2371 1773 1
1773 2278 2371 1746 1
1353 1030 441 1649 1
441 1649 1030 1700 1
716 1227 1549 621 1
716 1060 1549 1227 1
1060 1397 1549 633 1
603 483 673 602 1
483 484 673 602 1
1583 2625 3044 866 1
1583 1947 866 1994 1
1052 2580 3213 961 1
3213 2580 1052 1732 1
2244 2412 2627 2823 1
2412 2823 3462 2460 1
2412 2244 3462 2823 1
2072 2991 812 463 1
6 939 491 1168 1
699 2991 2072 463 1
759 1367 643 536 1
2072 699 463 2577 1
1686 463 2577 2072 1
1188 593 797 786 1
797 786 2072 1188 1
699 1380 463 2577 1
1583 2625 866 1947 1
1380 2577 699 2122 1
151 2302 2656 3793 1
378 361 362 1708 1
2554 2510 361 562 1
892 361 1708 362 1
2510 1708 653 2881 1
892 1708 361 2881 1
1949 1729 1810 34 1
3217 1729 1949 34 1
347 596 1541 1301 1
2302 151 3809 3793 1
3038 3400 1563 918 1
3038 1057 1563 3400 1
2828 777 258 1325 1
767 1325 777 2828 1
1712 1861 1728 547 1
1861 547 1712 748 1
1635 2691 1676 3358 1
1712 2691 2533 1728 1
1635 3358 1712 2691 1
1635 2691 1712 748 1
1684 2335 1385 1076 1
973 1175 1521 747 1
435 1321 1777 1870 1
2043 1870 1777 959 1
2012 2828 2945 457 1
4032 3555 4055 3926 1
829 1715 1231 1764 1
1715 1012 110 1764 1
1715 1970 1152 2850 1
1382 1970 1152 1715 1
1012 110 1382 1715 1
3034 2612 1869 2313 1
2770 2054 2018 2688 1
2612 2755 2313 333 1
2018 2054 3618 3278 1
3278 2054 3618 3647 1
3618 2887 3440 2018 1
3313 2669 2314 3047 1
486 1373 900 1626 1
3313 3353 2314 2669 1
486 920 1373 1626 1
1700 920 1626 797 1
126 1154 1428 2007 1
2110 1684 2317 1796 1
2638 700 2019 1759 1
1684 2353 1122 2594 1
2009 327 2227 757 1
2227 1697 1755 2202 1
1755 2009 2227 757 1
2009 2227 327 1455 1
2009 828 2227 1455 1
126 1428 2417 2007 1
700 2638 2019 1899 1
453 446 1718 484 1
2755 2831 944 2022 1
2007 2417 126 2441 1
126 3235 1154 2007 1
2441 2007 3235 126 1
2755 2831 2022 2612 1
1807 1957 1196 1680 1
3089 1198 2066 2568 1
1765 1364 1284 2123 1
1374 746 998 2079 1
968 312 1374 1516 1
1957 3682 2725 2226 1
1957 2226 2382 1680 1
1393 1961 3454 807 1
1203 1558 746 1520 1
733 1027 1801 3033 1
2407 2835 3197 2273 1
3197 2835 2407 3704 1
3493 1961 1393 807 1
807 728 1961 1911 1
1961 1911 3454 807 1
807 728 3493 1961 1
2157 729 2566 3603 1
1424 2554 562 636 1
502 1721 908 80 1
972 80 1721 502 1
1856 688 1535 597 1
2138 865 1615 2166 1
1856 1535 688 1874 1
1874 2023 434 1856 1
2069 314 1731 1435 1
2069 314 1615 1731 1
1923 670 1530 1227 1
3044 2027 866 2249 1
1457 2453 1370 976 1
2723 2453 1457 976 1
2723 3038 976 1457 1
2120 1363 1660 2089 1
2027 1244 1660 2249 1
2120 2910 1363 2089 1
1457 1370 656 976 1
2055 2027 2771 3224 1
1457 3038 976 656 1
1855 1912 1176 1902 1
2185 1417 1902 907 1
1288 434 1727 1338 1
1338 1727 1290 434 1
1746 2477 2278 2371 1
1851 1728 431 547 1
1712 2691 3358 2533 1
1728 1429 432 620 1
2043 1777 1173 941 1
2278 1746 3056 2477 1
2875 1777 1612 2043 1
2146 2759 2425 1612 1
2875 1612 435 1463 1
435 2425 1349 1463 1
2477 2371 1746 3210 1
2477 1746 3056 3216 1
2477 1746 3216 3210 1
627 1132 1150 815 1
815 1150 627 590 1
623 2648 753 1247 1
335 1752 312 1516 1
882 1752 312 335 1
1440 1516 1377 536 1
335 1752 1516 1440 1
2529 1390 939 2672 1
1876 2636 2424 667 1
1733 1843 358 352 1
1329 650 352 1733 1
1733 1329 1843 352 1
807 2323 3454 1811 1
1148 461 1254 2026 1
646 472 1254 1148 1
2667 726 710 690 1
2199 223 1914 3154 1
2199 3573 1914 223 1
710 538 444 1497 1
444 690 710 1497 1
2199 1914 3460 3154 1
2176 1641 2258 1029 1
1322 2772 1647 1736 1
1641 2258 1969 2176 1
2714 1006 1652 1305 1
1652 1209 1086 1006 1
748 2543 2368 1057 1
1286 726 2096 1738 1
1086 1003 1209 2162 1
767 777 2036 2286 1
2023 1175 2013 1371 1
3068 1969 326 884 1
326 1969 1356 884 1
326 1153 1356 1969 1
1969 3068 326 1968 1
444 1497 2072 2946 1
444 2072 1740 2946 1
444 1740 228 1033 1
2474 699 1540 2991 1
1486 3729 2127 2245 1
444 1540 228 1740 1
1214 3431 1236 1592 1
1742 462 849 653 1
1864 2758 1742 462 1
1920 1187 1468 653 1
1864 462 1742 543 1
2204 1468 1920 1187 1
1353 1251 220 150 1
507 2862 1987 1386 1
1353 900 1251 150 1
2575 1040 3516 3778 1
3377 2862 1386 1665 1
1386 2862 1200 1665 1
507 2862 1386 3377 1
1987 2862 1200 1386 1
334 913 963 1973 1
3598 2410 1577 3473 1
1641 1956 1292 1047 1
1283 2819 2744 3088 1
1691 1151 2042 1056 1
1217 1151 2042 1691 1
2110 913 334 1973 1
1571 1208 1745 497 1
483 1745 551 1419 1
1605 1745 1571 1208 1
483 1419 614 1745 1
1918 2042 1056 1691 1
1515 2042 1918 1691 1
497 483 614 1745 1
551 1745 483 1605 1
1243 2297 1682 68 1
2100 59 2297 68 1
1691 2042 1217 1515 1
1243 2100 2297 68 1
1682 2297 1181 68 1
2297 68 59 1181 1
2912 1181 2297 59 1
2546 1702 2515 1469 1
2838 373 609 2740 1
2384 1702 2546 1469 1
149 2949 3551 3319 1
553 1958 1278 303 1
553 303 2083 1958 1
2045 1856 597 1065 1
1301 554 342 596 1
2045 927 597 1856 1
2045 1065 597 2666 1
835 2175 645 762 1
555 1093 932 1872 1
191 555 1024 2667 1
2789 2271 2768 1798 1
1163 1024 191 555 1
198 455 1584 1749 1
455 1337 1584 1749 1
106 2195 2978 2178 1
1980 23 40 821 1
106 127 2178 2978 1
1750 311 317 1329 1
1129 513 1205 1169 1
3133 2477 2371 2275 1
634 703 1205 1169 1
2265 3133 490 2275 1
2275 3220 2276 490 1
2477 2275 3189 2371 1
1798 2271 2339 2789 1
2339 2271 2717 2789 1
488 1751 1909 2865 1
488 1039 1751 584 1
652 2182 1751 584 1
488 1909 1751 1039 1
2182 1751 488 2865 1
23 793 1980 40 1
3395 3298 3488 2847 1
3387 2050 3048 2981 1
282 2530 2356 957 1
2356 2530 1010 957 1
1908 3367 1485 205 1
3548 3367 1485 2750 1
1369 1608 1190 948 1
1608 1345 1190 948 1
1755 1697 1841 816 1
110 1756 753 122 1
1692 1012 1756 1183 1
1382 1247 1970 753 1
110 1012 1382 1756 1
1369 1490 1608 948 1
1756 122 110 112 1
1757 2189 1060 2101 1
1757 1955 1060 2189 1
2177 1758 2695 447 1
345 1758 349 2695 1
1469 1442 2515 2385 1
447 1758 338 611 1
2939 3286 2057 1725 1
3099 1449 3023 2295 1
2217 2776 2280 2211 1
2217 3214 2280 3959 1
621 2414 640 1549 1
621 509 2414 1549 1
621 509 715 2414 1
2280 2734 1858 2776 1
538 563 1558 1520 1
2510 361 562 378 1
562 1569 2510 378 1
538 1520 1203 533 1
538 1558 1203 1520 1
1868 1763 1575 1100 1
2247 1780 1481 1343 1
2878 2907 3357 3167 1
630 653 1742 849 1
2758 420 3210 1742 1
3167 2907 3357 3118 1
470 1580 1765 2234 1
1965 1282 1765 1092 1
1965 2234 1765 1282 1
1766 2932 609 1930 1
385 1766 2905 609 1
752 2905 1766 1654 1
752 2905 385 1766 1
1654 2905 1766 2235 1
1991 964 1434 2090 1
964 2090 1991 972 1
2428 3070 2655 712 1
2119 972 1991 2090 1
324 1854 1379 1050 1
1352 2265 1619 1713 1
1713 678 1695 461 1
1352 1277 847 1252 1
1379 1854 1883 1050 1
1587 599 993 454 1
1298 599 993 1587 1
599 827 883 1587 1
1991 1910 1950 2090 1
507 3377 1386 2090 1
2428 3261 2655 3070 1
476 626 763 741 1
846 476 763 741 1
1991 1434 1665 2090 1
476 1401 763 626 1
1991 1910 2090 1665 1
1991 1950 2119 2090 1
584 560 548 788 1
788 560 548 1620 1
548 560 1358 1620 1
2285 566 3027 2280 1
2856 2167 2691 1771 1
2691 2167 557 1771 1
3128 2003 3103 2576 1
3619 3006 2660 1144 1
3619 3006 1144 3884 1
1019 1324 1457 1794 1
3619 2660 3689 1144 1
1192 2758 849 420 1
1192 420 2336 2758 1
2616 921 2065 1010 1
3689 1144 3545 3619 1
1010 921 2065 3422 1
3619 3884 1144 3545 1
970 325 969 1854 1
33 1775 852 20 1
33 1534 1775 20 1
2343 1877 2288 1999 1
2708 1877 2343 1999 1
2288 2751 1999 1877 1
2271 3570 1491 916 1
2708 3576 2379 1999 1
1491 3570 2649 916 1
1817 674 501 1778 1
2271 3570 3051 1491 1
1778 449 1364 181 1
1778 1364 501 1996 1
1423 2563 2875 1878 1
1423 2875 2559 2043 1
2410 3598 1577 2655 1
3598 3190 1577 2655 1
3051 3570 2649 1491 1
864 3099 2197 2289 1
192 773 2667 726 1
629 773 726 546 1
1025 2389 2071 1217 1
1895 1025 2071 1217 1
2129 848 1369 537 1
2129 2972 1369 848 1
2071 1025 2494 2389 1
1754 1797 2071 2037 1
2071 3572 2494 1025 1
1895 2071 2037 1217 1
3403 1925 2532 2308 1
846 1327 763 476 1
476 1327 763 1401 1
2373 1531 1372 1653 1
2723 2298 918 1080 1
2311 1372 1512 1333 1
2723 3038 918 2298 1
918 3038 3400 2298 1
2884 802 1781 1447 1
1711 1736 2444 2003 1
3103 1322 1711 2003 1
642 2706 3571 3510 1
2073 1322 703 1071 1
2073 1279 703 1322 1
3128 1322 3103 2003 1
915 1574 1724 3068 1
2073 3183 3103 1632 1
2073 3103 1071 1632 1
2140 3394 1279 3128 1
1443 1367 1377 643 1
2929 2050 3048 3387 1
372 643 1443 836 1
2929 3683 3387 3048 1
3983 1789 1829 2130 1
3983 1829 1913 1395 1
3983 2638 1913 1789 1
3983 1913 1829 1789 1
499 1786 1136 1133 1
1133 1786 1136 404 1
1136 1786 1162 404 1
1136 1786 568 1162 1
1786 499 1136 568 1
3983 1829 1395 2130 1
1164 1411 429 73 1
953 1218 3309 199 1
493 1051 135 704 1
1228 1455 704 135 1
135 1051 1525 704 1
135 1525 1455 704 1
131 199 953 771 1
3309 438 953 199 1
953 199 438 771 1
1218 953 131 199 1
1761 2439 2372 3037 1
1263 3474 2335 1680 1
2302 2387 2656 3793 1
2663 2142 2803 3519 1
3519 2142 2803 219 1
1788 1482 574 1419 1
2607 2430 2466 2361 1
1788 574 480 614 1
1788 574 614 1419 1
2335 3474 1807 1680 1
1263 1680 2335 2067 1
694 1132 815 2819 1
3519 219 2998 2597 1
3091 3519 2803 2998 1
3091 2663 2803 3519 1
3519 219 2803 2998 1
2521 2856 35 2555 1
2431 596 1466 3347 1
2256 2008 113 1463 1
1878 2256 113 1463 1
2844 1793 539 1053 1
539 1793 491 731 1
1087 1793 539 2844 1
539 1793 1087 491 1
539 1053 1793 731 1
2502 2556 2099 1331 1
3071 1483 2017 2119 1
558 1795 449 808 1
558 778 1580 1795 1
1483 972 2017 2119 1
449 1795 977 808 1
2119 972 2017 1991 1
3071 3360 2119 2017 1
2159 3244 3360 2017 1
2017 1950 2119 1991 1
3654 3777 173 210 1
210 3777 173 204 1
2080 1499 1019 2865 1
3518 1019 425 2080 1
1019 2080 2865 425 1
3849 3599 210 173 1
3459 2224 2424 2395 1
2395 2224 2424 1876 1
1834 1735 2406 2223 1
3618 3637 3647 2054 1
2419 875 1675 2931 1
573 1691 1705 1416 1
1369 948 1701 1821 1
3358 2555 2099 2502 1
443 431 109 432 1
111 432 109 500 1
2390 1997 1560 2466 1
1016 1429 1728 620 1
119 911 109 443 1
1701 1369 1190 948 1
1701 2766 1158 1190 1
3513 1334 2518 2771 1
1244 337 2089 1603 1
2470 2749 2518 2089 1
1368 1583 1681 1302 1
1368 1357 1583 1302 1
1681 1583 2839 1302 1
2631 2617 855 2403 1
3388 1678 1494 1074 1
1735 3025 2406 2223 1
309 1176 2406 2481 1
1707 122 1756 112 1
309 2406 2223 2481 1
2007 2214 1318 1152 1
2850 1152 2214 2007 1
973 1840 2748 1100 1
1100 1038 2748 2539 1
1038 1100 2748 1840 1
1802 613 1055 536 1
1804 616 902 130 1
130 1804 616 1922 1
405 648 1805 418 1
1616 1805 648 418 1
639 1710 269 2664 1
2506 1710 2664 269 1
2855 898 638 3374 1
3374 1706 642 898 1
2706 642 3374 1706 1
3374 642 2855 898 1
898 1706 638 3374 1
1712 748 1563 1522 1
1019 1522 495 1563 1
2141 2229 2360 2650 1
1869 2229 2360 2141 1
2418 667 3285 3302 1
2333 794 2134 897 1
1122 2333 897 2353 1
3069 2353 2333 1122 1
558 1171 1580 778 1
1580 558 1210 1171 1
1965 1092 470 781 1
1221 1993 1150 1533 1
1221 1150 815 1533 1
1221 1589 1150 1993 1
858 450 1964 857 1
2319 2823 2412 2460 1
2300 2627 2412 2319 1
2412 442 2300 2115 1
1330 1112 951 1256 1
2577 786 2072 563 1
498 429 1311 634 1
514 1717 716 1227 1
1227 672 514 1717 1
2627 442 2300 2412 1
1717 670 671 1611 1
1686 2072 2577 786 1
2300 2115 2997 2412 1
2319 2412 2997 2460 1
2975 1365 3358 1676 1
2975 1635 1676 3358 1
1061 228 444 1014 1
426 2975 1365 3358 1
3757 3639 3006 3941 1
2025 1139 3515 2337 1
1139 2337 1631 2095 1
1139 2025 1631 2337 1
216 1251 1667 873 1
2338 2397 2645 1880 1
2030 507 1121 1598 1
2708 1999 2343 3323 1
2338 1257 1880 1823 1
2030 507 1987 1121 1
1139 551 1857 318 1
1139 2320 551 318 1
2320 1139 322 318 1
2319 2300 2627 1393 1
1419 614 780 484 1
3868 1095 1513 3245 1
1172 1788 780 1419 1
3150 1509 2767 2282 1
3150 2917 1509 2282 1
46 1509 3336 2767 1
3336 2678 1689 1509 1
438 2341 2803 2476 1
2341 2476 438 1894 1
1509 2678 1689 2720 1
2917 2904 3150 1509 1
2663 438 2341 2803 1
1894 438 2341 2014 1
2015 1897 715 1866 1
715 1897 2200 1866 1
2328 715 1897 1988 1
2328 2015 1897 715 1
2015 1866 715 1317 1
3069 1307 1076 984 1
1490 1786 404 419 1
1490 1369 419 404 1
1133 1490 1786 404 1
370 353 348 1816 1
1490 1821 1369 404 1
1133 404 1821 1490 1
348 1816 1830 1846 1
1119 1203 1752 882 1
882 312 1752 1119 1
882 312 1119 1472 1
181 1817 1778 1216 1
1817 1996 1778 501 1
1216 674 1817 1778 1
1119 674 1203 882 1
1307 1233 1076 984 1
3208 1054 1951 1819 1
905 478 1819 938 1
938 1819 1573 478 1
674 1472 882 1119 1
1019 1563 2865 2182 1
1847 2040 962 2124 1
349 531 2792 2342 1
1847 3467 2124 2301 1
2040 2037 2041 1505 1
1133 399 1821 404 1
1133 399 1879 1821 1
1505 2037 2041 1506 1
2037 2124 2041 1506 1
2040 2037 2124 2041 1
2769 2338 1823 1882 1
1543 2496 521 1352 1
1633 2834 2473 2263 1
533 811 520 541 1
1633 3791 2473 2834 1
3131 2341 640 2803 1
533 699 541 520 1
811 541 533 536 1
3791 1633 2479 2834 1
261 3006 1422 3757 1
349 2342 2792 1308 1
1740 2102 2220 1033 1
1422 3757 3006 3941 1
1422 3006 3619 3941 1
2939 2057 2060 2102 1
3126 3006 1422 261 1
2952 1679 1815 1725 1
2952 1725 1815 2946 1
287 621 525 514 1
287 621 668 525 1
460 468 2469 1664 1
1664 376 1915 357 1
1718 2586 1547 551 1
1422 3006 3126 3619 1
469 1547 2586 1695 1
1646 1417 2464 1958 1
621 287 988 514 1
3352 1300 2797 1599 1
1417 1958 3015 2464 1
436 1624 2104 2214 1
3614 436 2104 2214 1
436 2903 2104 1624 1
3018 2903 2429 2104 1
3614 3322 2908 2104 1
516 513 1935 718 1
2908 3018 2429 2104 1
1417 3015 2995 2464 1
2962 2468 2210 3131 1
2507 594 1069 415 1
2991 2060 2511 1828 1
245 256 231 692 1
692 256 231 2079 1
3122 2157 2935 2186 1
1488 1020 1886 1063 1
1488 1886 910 1063 1
987 3288 3616 1666 1
1235 827 883 909 1
1313 2878 1666 3610 1
322 1992 1830 1110 1
322 1110 1830 1547 1
322 1547 1830 1816 1
675 3930 3792 2228 1
2228 3792 3714 3930 1
618 726 1832 2096 1
1276 1832 618 940 1
427 1832 659 1484 1
427 1832 1484 940 1
629 1832 1738 659 1
2096 726 1832 1738 1
287 525 452 514 1
287 452 300 514 1
1375 777 2147 583 1
287 525 2150 452 1
2823 2387 3159 3793 1
1167 2081 2282 2917 1
452 2150 287 1245 1
2147 777 2036 1519 1
1581 1133 1081 2884 1
1543 944 1640 2831 1
2187 537 1864 2357 1
2357 1701 2463 2393 1
458 2114 2279 2454 1
2656 2387 2823 3793 1
2463 1701 1454 2914 1
2434 1950 2081 1167 1
1159 1162 568 1790 1
568 1159 1790 411 1
2357 537 2467 3354 1
1067 90 102 2243 1
1167 1950 2081 2917 1
1851 102 2533 2243 1
1067 102 1851 2243 1
3167 3012 3124 3631 1
693 1341 1860 1146 1
823 1987 1348 1386 1
1987 823 1348 1121 1
3023 1836 1595 1449 1
594 2114 2454 2718 1
2114 402 1486 1517 1
2095 1631 1605 1971 1
1971 1605 2095 483 1
2114 2718 1517 2454 1
403 402 2114 594 1
483 1571 1745 497 1
1605 1745 483 1571 1
1486 403 402 2114 1
2115 1512 2414 1170 1
1503 582 414 391 1
1465 768 1210 730 1
442 3115 2414 2115 1
1512 2930 1170 2115 1
2656 2319 2460 2823 1
1633 2834 2263 3009 1
2479 1633 3009 2834 1
1757 1060 936 2101 1
1633 2263 2898 3009 1
1807 2066 1196 1957 1
1757 2482 3245 2101 1
2066 1198 1196 1957 1
759 1476 1981 395 1
2085 1770 1998 2362 1
1476 1618 1981 395 1
2286 2068 767 2828 1
2068 1726 767 2828 1
1402 2068 767 2286 1
1944 1848 892 3001 1
2024 2053 1848 1252 1
892 1848 1944 3356 1
1363 1640 2120 1240 1
2120 1363 1240 1660 1
1640 1363 2120 2650 1
958 2010 47 1142 1
47 2010 958 1437 1
2120 2650 1363 2910 1
816 1842 2871 1995 1
816 1842 1189 2871 1
609 373 1842 2932 1
1733 1964 358 1843 1
1750 1329 317 1843 1
3332 3512 3538 442 1
2832 1653 3399 2601 1
1490 2842 419 1369 1
1790 1786 1490 419 1
1490 1790 419 2842 1
3894 3482 1195 3906 1
348 1846 922 370 1
3482 3671 3894 1195 1
3894 3671 187 1195 1
348 1816 1846 370 1
1830 1110 1846 1547 1
3894 3906 1195 187 1
1877 962 1056 2124 1
3094 2746 3823 1088 1
570 776 1452 1127 1
1452 1112 1256 1127 1
3356 2337 1848 2025 1
2337 2025 1631 1848 1
962 1151 1056 2124 1
3001 320 1944 1848 1
1848 3356 2025 1944 1
2037 1151 962 2124 1
3094 2367 1827 2536 1
1849 1346 1705 433 1
433 1705 1849 573 1
1193 1849 573 433 1
433 1477 1193 1849 1
1193 1358 1849 1477 1
1851 1712 1728 547 1
2243 1712 3358 2533 1
2415 2181 2876 3417 1
2754 1456 2658 2765 1
1661 518 466 1556 1
466 1694 1637 1661 1
1661 1556 466 1694 1
466 1661 1637 454 1
1694 3942 1637 1661 1
454 518 466 1661 1
2052 2908 2305 3235 1
512 814 1380 329 1
3235 2908 2305 1154 1
2131 2930 1988 3838 1
2021 3486 1519 764 1
1857 1605 1208 1745 1
1857 1419 574 1482 1
2131 1988 2328 190 1
2517 814 1380 520 1
1919 1848 1187 1277 1
1857 551 1605 1745 1
3001 1187 1848 892 1
118 797 760 625 1
1848 1252 892 1187 1
2330 2930 2131 2251 1
1729 2081 2282 1167 1
2081 2767 3217 1729 1
2778 1296 1859 2615 1
636 1907 2374 2299 1
636 462 2374 1940 1
636 2374 462 2299 1
2071 1705 2037 1217 1
2737 1754 1787 2248 1
2009 1871 1424 3001 1
2917 2282 3150 2081 1
2081 2767 3150 3217 1
38 899 923 945 1
1340 2067 1076 1233 1
38 25 899 945 1
1340 2067 2335 1076 1
2499 2091 1921 1990 1
870 2132 2194 1768 1
1229 2132 870 2191 1
1229 2132 1507 2153 1
1016 1728 1861 620 1
1671 1861 748 572 1
1016 1861 572 620 1
1712 2691 1728 1861 1
2691 1861 1712 748 1
1899 390 2135 3209 1
1899 390 2638 2135 1
3347 2240 2135 2130 1
2135 2240 2638 1789 1
1244 1660 1046 1603 1
2175 1504 795 835 1
1660 2089 1603 1244 1
2994 3123 2271 2339 1
2401 797 760 118 1
2339 2271 2994 2717 1
2027 2089 1660 1244 1
2401 974 245 692 1
986 3785 2639 1863 1
21 57 2376 1939 1
3969 1334 3513 2771 1
1734 2091 1921 2499 1
1921 3596 565 2091 1
2091 565 1921 1990 1
2826 3847 3957 246 1
1030 692 189 231 1
3449 301 290 2882 1
2360 2650 2120 1334 1
2360 1334 2120 3969 1
1869 2360 3969 1334 1
2512 1144 2684 1078 1
1848 2025 320 1944 1
2138 1453 952 865 1
1437 703 684 1647 1
3957 3994 2826 246 1
1695 354 1148 678 1
1695 1867 354 2053 1
1148 354 1695 1867 1
698 1868 78 75 1
1763 1575 75 1868 1
1511 75 1868 698 1
775 1575 1868 75 1
775 1868 1511 75 1
3673 1144 2684 2512 1
1078 3340 1144 2684 1
3673 1144 3451 2684 1
1870 513 1533 435 1
2875 435 1870 1533 1
2376 713 885 1939 1
1024 1872 437 690 1
437 920 1872 696 1
437 690 1872 920 1
1861 1728 547 620 1
1861 547 572 620 1
2048 2140 1279 2073 1
1728 431 547 620 1
572 620 547 1707 1
1903 428 1387 2551 1
2778 1296 2265 1254 1
2048 1279 2140 1515 1
1918 2048 2140 1515 1
1918 1954 2140 2048 1
2048 2140 2073 3183 1
2048 1954 2140 3183 1
2498 3211 3399 1653 1
2097 1734 1722 1238 1
2097 1890 1734 1238 1
3431 1405 1659 876 1
730 613 470 1471 1
730 1471 470 2031 1
1371 1874 434 1338 1
688 1548 1290 1874 1
1174 886 424 4 1
1548 1338 1290 1874 1
3733 2755 2941 2774 1
1535 1874 1856 1075 1
2023 1371 1874 434 1
1875 550 456 416 1
1090 416 1875 1656 1
1459 1858 1495 1295 1
2776 2734 1858 1295 1
2395 2902 1105 2789 1
621 525 514 545 1
1227 621 514 545 1
621 1304 525 545 1
2714 1495 867 1652 1
2152 1559 2340 711 1
2431 1879 2240 1821 1
3184 1819 711 2340 1
1655 213 3616 2878 1
1819 1559 711 2340 1
211 225 219 2142 1
2164 2755 2941 3733 1
3116 2663 2142 2180 1
2142 2803 3605 3059 1
2142 3605 211 3059 1
344 781 1965 1809 1
2306 781 1965 344 1
1738 726 629 192 1
2627 2823 2412 2319 1
192 773 726 629 1
2300 2412 2997 2319 1
2816 2319 2997 2565 1
1862 2103 2547 2126 1
1882 2103 1862 2126 1
69 81 84 738 1
706 53 69 81 1
706 738 81 69 1
53 755 81 706 1
106 84 2195 738 1
220 216 3410 1472 1
674 216 1472 3410 1
798 673 924 756 1
644 630 1569 1884 1
630 2026 1569 1884 1
2469 468 881 1664 1
2129 1190 1864 1369 1
462 2758 2129 1864 1
2941 2110 1009 334 1
2941 2110 334 1973 1
2830 1689 64 1509 1
1711 1322 1647 1736 1
525 1330 1304 951 1
2647 3169 2364 2369 1
1254 1273 461 2265 1
1711 1322 1736 2003 1
2797 1300 3352 1995 1
3392 3870 2106 2989 1
3392 3014 2106 3870 1
2468 639 2210 3131 1
2111 95 103 2267 1
3538 2468 639 2210 1
1079 2151 1769 837 1
1294 2760 585 1597 1
2470 337 2721 338 1
3177 325 970 1597 1
1079 2069 1769 2151 1
325 1294 970 1597 1
1603 337 2470 338 1
2089 337 2470 1603 1
2350 410 398 1467 1
2470 2518 337 2089 1
1294 1854 325 970 1
1467 398 2350 840 1
2304 1559 2152 3182 1
810 1559 2152 2304 1
2254 1891 1894 851 1
1891 535 1274 1565 1
851 1891 1894 1274 1
2615 2681 1011 2265 1
2265 2778 1254 1273 1
2155 2640 3189 2278 1
640 2476 2341 1274 1
1894 2014 2341 535 1
1894 1274 535 2341 1
2476 1894 2341 1274 1
1726 2931 549 2828 1
2225 2338 2088 1882 1
3094 2338 3383 2225 1
2052 2908 2965 2305 1
2052 2908 1052 2437 1
2052 2908 2437 2965 1
725 2247 2156 2952 1
1083 493 214 1669 1
2247 2952 1815 2156 1
1815 2156 2939 2400 1
1732 3322 1052 2908 1
78 1868 571 1763 1
78 1868 698 571 1
2871 2932 373 2235 1
2724 3624 4004 3784 1
2724 3624 917 4004 1
43 2912 3496 2392 1
1767 1892 2613 2581 1
3407 2136 821 2312 1
23 2136 40 821 1
15 1703 1045 31 1
1945 2282 1509 507 1
2006 3358 1365 2521 1
1365 1676 2521 3358 1
3407 3580 2136 2312 1
924 1643 1524 1905 1
2006 426 1365 3358 1
958 867 1305 2714 1
2167 1604 1703 515 1
3071 3355 2017 1483 1
425 2865 2297 1989 1
1059 1039 548 92 1
1909 1039 1059 92 1
1067 1909 1059 92 1
1909 92 2397 1039 1
2573 1974 1929 1500 1
2718 2454 2179 1925 1
2037 1151 2124 1506 1
1925 2454 2179 2770 1
3869 2966 3489 2700 1
1246 2163 1873 785 1
2420 98 1873 2624 1
1025 834 2389 1217 1
2389 1025 2754 834 1
1600 1429 500 1945 1
2163 2624 1873 785 1
98 2624 2420 3505 1
1246 3371 3452 1283 1
3720 2621 1204 67 1
1809 781 470 1464 1
3528 1464 470 781 1
79 424 55 709 1
2672 55 79 424 1
2529 79 55 77 1
71 2621 67 1204 1
67 1204 1080 3525 1
1080 3720 1204 67 1
4011 1204 71 67 1
67 1204 3525 4011 1
2165 1506 1279 703 1
672 670 1717 1227 1
2165 1506 3394 1279 1
1506 954 703 2165 1
1506 1537 954 2165 1
1611 1227 1717 670 1
1227 670 1611 1923 1
340 357 1915 854 1
1267 2692 1000 188 1
3033 2692 1267 188 1
2475 2083 2857 303 1
2083 2475 2857 1731 1
2166 314 1702 1615 1
1228 1475 123 1919 1
1228 1919 1362 1475 1
2024 1277 1919 1475 1
440 1562 822 524 1
1469 1702 2166 2384 1
490 847 1319 1920 1
3026 1920 490 1319 1
2069 2166 1615 314 1
1943 2384 1469 2166 1
3792 871 2490 3714 1
1610 2471 1579 633 1
1923 1227 612 522 1
796 800 522 595 1
522 800 1060 595 1
474 800 1392 1060 1
2991 2511 463 2517 1
946 945 2408 2534 1
2318 451 1639 1299 1
1127 1299 331 1639 1
445 1902 1127 1912 1
3338 985 3108 3628 1
2409 3108 3338 985 1
2095 2337 1631 2024 1
1001 2337 3515 2320 1
1001 2337 3356 3515 1
2543 1941 748 21 1
65 81 53 755 1
3135 3338 2409 3108 1
1928 2262 2370 1315 1
1383 1928 2370 1315 1
2541 1928 2757 1383 1
1928 14 2262 1648 1
1974 2338 2397 637 1
1766 2905 2932 2235 1
1766 2932 1930 2235 1
1560 1672 2317 1678 1
2317 1672 2110 1678 1
3528 1781 2451 1464 1
1349 560 1242 573 1
738 2178 696 437 1
809 437 2178 738 1
932 437 1872 1360 1
1360 809 437 2178 1
1360 437 1872 2178 1
1560 1678 2317 1494 1
2317 1678 2110 1494 1
1764 829 3254 2435 1
321 1696 330 351 1
1299 330 1696 351 1
331 330 1299 351 1
778 464 418 568 1
405 778 648 418 1
2812 2435 1180 829 1
464 648 1171 778 1
1180 2435 3254 829 1
1171 648 730 2031 1
1835 453 1110 551 1
551 453 1110 1547 1
1835 453 551 484 1
484 453 551 1718 1
1946 2210 1824 2169 1
453 1718 1547 551 1
346 968 2113 836 1
1662 1767 1351 2158 1
2768 1798 2224 2902 1
2902 1798 2224 1876 1
3137 542 1662 2158 1
2601 1946 1824 2169 1
2977 2158 1662 1351 1
1512 2169 1170 1653 1
2601 2169 1512 1653 1
1662 542 1767 2158 1
33 885 1534 20 1
2977 3137 1662 2158 1
300 453 1835 484 1
1172 1835 1482 1419 1
300 453 315 1835 1
2934 1623 2161 1275 1
885 713 33 1534 1
696 920 725 797 1
1267 1027 1000 733 1
1043 1000 1027 733 1
1267 733 1000 2692 1
2692 733 1000 2476 1
1043 1000 733 2476 1
2497 473 3461 3434 1
3624 2724 2497 473 1
2724 3461 2497 473 1
1636 2172 1257 1974 1
2172 2765 1257 1974 1
3572 2381 1564 1799 1
1794 1445 3417 2553 1
1744 1564 954 1537 1
2165 1537 954 2772 1
2558 8 1935 17 1
2558 17 1935 50 1
1935 17 8 513 1
1749 1337 1584 2174 1
2413 3665 3215 985 1
2413 985 2988 3665 1
2988 3003 3665 3108 1
2716 2146 2924 3791 1
3385 526 713 1939 1
3536 3149 1961 728 1
1939 526 2368 57 1
2462 1068 1432 2686 1
1311 925 1387 429 1
1387 925 1411 429 1
1621 925 429 1411 1
3123 1068 1432 3389 1
3149 1911 1961 728 1
3493 728 3536 1961 1
2786 1433 2138 1453 1
2786 853 1079 1433 1
3230 2166 1469 865 1
1127 331 343 1912 1
1912 1902 1127 331 1
2840 45 1836 1591 1
2691 2284 500 1945 1
1591 2804 2001 3099 1
2162 2700 1003 1737 1
1095 2700 2162 1737 1
1591 2804 3099 2840 1
2840 2804 3561 3544 1
3389 3123 3253 3570 1
102 96 2533 2243 1
102 96 2243 90 1
2543 748 2368 21 1
2778 2777 1296 1254 1
1878 2563 2875 1463 1
2677 95 2132 2111 1
2555 2697 35 2711 1
2132 95 103 2111 1
2450 304 301 3223 1
2450 301 304 1144 1
2450 2669 3483 2459 1
2450 1144 2669 2459 1
2450 3223 2488 3483 1
513 523 1533 435 1
1347 791 825 1018 1
1347 1018 825 599 1
1939 21 1941 1555 1
21 1941 748 1939 1
885 21 1939 1555 1
21 2376 885 1939 1
1939 21 2368 748 1
1467 2350 890 840 1
3074 1321 2033 70 1
1645 1467 600 890 1
2799 3074 3031 70 1
1871 1424 3001 1582 1
1944 1582 1871 3001 1
759 735 465 413 1
735 2038 465 1058 1
735 730 465 2038 1
735 1058 465 413 1
2401 133 797 118 1
2799 70 1321 3074 1
3074 3736 70 2033 1
3031 3074 3933 70 1
1657 538 710 1497 1
3933 3736 70 3074 1
2581 336 324 993 1
2613 336 2581 993 1
549 1572 1069 2179 1
513 16 862 8 1
3701 3445 2419 2179 1
1845 1572 3445 2179 1
2959 2902 2548 2789 1
2339 2789 2548 2902 1
2065 921 1094 3422 1
2582 3061 1825 2188 1
3045 2582 2188 3061 1
2582 3061 2732 1825 1
1016 1953 601 1342 1
1396 1953 601 1016 1
1276 618 601 1953 1
618 1042 601 1953 1
1953 1342 1042 601 1
1396 1953 1523 601 1
601 1953 1523 1276 1
773 710 444 2667 1
1245 452 2150 2149 1
444 2667 710 690 1
1962 1653 3399 2832 1
1687 2498 3509 3399 1
423 452 357 1664 1
423 376 1664 357 1
2198 921 1010 282 1
921 3491 2530 282 1
1242 523 2389 1394 1
1394 2389 834 523 1
2530 921 1010 3719 1
2595 3123 1655 1106 1
1955 1295 504 1727 1
1290 504 1727 1955 1
2530 921 3719 3491 1
2283 561 1956 661 1
1956 1350 561 1442 1
2175 1470 795 1504 1
2531 2644 2696 186 1
527 605 446 1960 1
2450 2459 3483 2488 1
2531 3858 2644 186 1
677 1960 2594 446 1
2594 794 446 1960 1
2450 1144 2459 301 1
3483 2459 1865 2488 1
301 1144 2459 2660 1
2077 194 3877 2478 1
2077 2478 3043 194 1
1617 2176 1153 332 1
577 975 1103 743 1
1364 449 1580 1795 1
332 2176 1029 1658 1
1617 2176 332 1658 1
1103 739 743 1073 1
1218 3758 199 179 1
1000 1215 3876 1218 1
577 1103 739 743 1
975 3287 1103 743 1
1103 743 3287 1073 1
1103 3287 3543 1073 1
1417 3015 2185 3046 1
332 2176 1968 1029 1
2336 2187 537 1864 1
2187 2726 2357 1864 1
3792 3714 2490 2228 1
1278 1958 2464 303 1
1958 303 2475 2464 1
2777 1859 594 1230 1
1422 3757 1914 233 1
450 1750 1964 1733 1
858 1750 317 1964 1
450 1750 858 1964 1
642 3601 1103 1128 1
3601 642 1103 3276 1
1598 2064 3873 2236 1
1282 1802 344 1965 1
2306 1282 1965 1092 1
1809 1965 344 613 1
2306 1092 1965 781 1
3518 3094 1499 2954 1
70 38 2756 945 1
70 2756 2033 945 1
70 3736 3195 945 1
2954 2294 3094 2631 1
70 945 2033 3736 1
70 945 994 38 1
3534 3502 4012 4002 1
515 1509 36 2284 1
35 515 36 2284 1
1600 1945 500 2284 1
2310 3981 1134 3502 1
2310 3583 3320 2109 1
2310 3160 2877 2702 1
3094 637 1499 2954 1
2877 2820 3160 4002 1
1568 1101 2584 2303 1
2522 1101 2303 2730 1
1394 2190 1326 637 1
1394 637 1827 2190 1
1450 881 453 423 1
1830 1450 348 1110 1
1450 453 881 1110 1
527 1108 453 468 1
1350 1330 514 1108 1
514 1108 453 527 1
1199 452 1108 1664 1
3228 2549 1149 2184 1
2184 2549 1149 2508 1
3479 2184 3228 1149 1
2512 1078 929 3260 1
3479 1149 3717 2184 1
110 1382 1970 753 1
120 1970 2417 2230 1
2230 753 1970 2646 1
753 1382 485 1756 1
2184 2508 2489 3726 1
1715 1231 1970 829 1
1382 110 1970 1715 1
500 432 109 1728 1
1728 500 432 1429 1
2691 500 1429 1945 1
3717 2255 2184 1149 1
2052 1732 1052 2908 1
1062 730 759 735 1
2052 1732 2908 3235 1
735 759 465 730 1
483 2496 1971 603 1
763 483 1571 1971 1
483 2095 1971 2496 1
603 483 763 1971 1
1605 1631 1571 1971 1
877 198 433 471 1
198 1762 433 471 1
3143 2869 667 2636 1
3143 2636 667 3285 1
1636 1257 1929 1974 1
2190 2765 2754 1974 1
1862 2103 62 2547 1
1636 2658 2172 2754 1
2573 1500 2160 2579 1
2160 2573 1929 1500 1
2274 2680 2103 2547 1
2192 2502 935 2243 1
2756 930 923 38 1
38 48 2756 930 1
2547 2274 2680 4001 1
2502 2192 3358 2243 1
1998 2085 3358 2099 1
2125 1112 1404 1639 1
1886 1693 2276 1977 1
1759 2914 1693 459 1
2445 840 1323 456 1
1323 840 890 456 1
1323 1467 890 840 1
468 1323 1199 1645 1
2896 249 2044 2325 1
2191 1507 103 1007 1
2191 2132 103 1507 1
2946 1725 2102 1033 1
3228 218 2549 3165 1
1740 2946 2102 1033 1
3228 218 1149 2549 1
1981 1022 759 395 1
2549 218 1149 2508 1
403 417 594 1518 1
2778 2265 1296 2615 1
417 1518 2615 594 1
594 1518 2615 2265 1
540 434 1387 925 1
747 1387 540 434 1
434 504 925 540 1
434 504 540 1727 1
1288 434 540 1727 1
1549 616 633 2471 1
633 1549 2471 1397 1
1579 2471 1397 633 1
1984 1516 335 312 1
968 312 1516 1984 1
335 1984 2139 344 1
116 1937 1255 114 1
1389 80 1721 972 1
1255 116 114 3151 1
3117 1659 1932 2572 1
210 991 2478 3375 1
606 1986 2101 2189 1
3375 2077 991 2478 1
2189 606 1986 1338 1
3777 3877 204 2478 1
1288 1338 1986 606 1
1659 1818 1932 2960 1
2147 777 1519 2623 1
2409 3740 3665 2980 1
3740 3665 3135 2409 1
2954 2397 2645 2338 1
1751 2954 2397 1989 1
3094 2954 2338 637 1
1989 1909 1067 92 1
1909 2397 92 1989 1
2338 2954 3094 2631 1
2954 2397 2338 637 1
2631 2954 2645 2338 1
864 2289 2197 1289 1
424 685 886 1174 1
3241 864 2197 1289 1
2307 3241 864 2197 1
828 2202 1455 505 1
2004 542 3148 783 1
886 4 958 424 1
2227 327 2202 757 1
1446 827 1599 3148 1
505 2202 1455 1446 1
55 731 37 939 1
3147 3051 1529 3338 1
1992 315 1830 1110 1
1993 925 498 429 1
925 498 1589 1993 1
1993 1589 1150 2048 1
1993 513 634 1205 1
2261 2557 3013 1241 1
2557 1938 3013 1241 1
2557 1633 1938 1241 1
1994 521 763 967 1
2136 1836 3023 2312 1
2866 2205 2171 2429 1
2171 1642 2205 1427 1
2136 1836 40 3023 1
2171 2205 1642 2429 1
2136 3580 1836 2312 1
2488 289 265 299 1
2488 265 289 2882 1
2488 265 3483 299 1
1284 1364 2092 2123 1
1778 1364 1996 181 1
1817 181 1778 1996 1
2428 3122 3378 3413 1
1954 2209 3128 2751 1
1954 2209 2751 1877 1
3413 3122 2552 2428 1
2427 1886 611 1977 1
1685 1747 1886 1693 1
1685 1693 1886 1977 1
3221 507 1598 3873 1
2173 3374 2879 638 1
2553 2876 3518 2392 1
1467 570 1104 410 1
2173 3721 3374 638 1
1467 1104 600 410 1
1256 1104 600 1467 1
1728 500 1429 2691 1
2691 1945 1429 1016 1
2691 1728 1861 1016 1
1671 1861 572 1016 1
3721 2706 3374 1706 1
507 3873 2236 1598 1
1446 2004 2202 327 1
3181 1154 2305 1551 1
3181 1154 1551 126 1
975 916 2636 1103 1
975 916 1103 3287 1
631 2649 916 1103 1
1103 916 2636 2649 1
916 1103 3287 3543 1
631 916 3543 1103 1
807 728 1911 2215 1
125 1215 1201 128 1
125 1215 128 144 1
3015 2464 2705 2739 1
3149 2215 1911 728 1
1852 1994 632 1887 1
1244 3325 1046 2747 1
447 338 967 611 1
967 447 611 521 1
632 1926 1887 1994 1
828 1697 2227 2202 1
2009 3581 1424 1871 1
2009 327 757 2604 1
1755 2009 3581 1424 1
1820 2604 2009 757 1
1820 2009 1871 3581 1
788 1974 1326 1314 1
1974 2190 1326 2754 1
1974 1627 1500 2579 1
1627 1974 788 1314 1
2450 1144 2512 1078 1
3541 2512 1078 2450 1
3673 1144 2512 304 1
288 3673 2512 304 1
1881 2512 304 288 1
1020 2948 1976 2245 1
2245 458 1609 1020 1
2279 458 1609 2245 1
1976 2245 1486 2127 1
2144 1387 747 434 1
2144 747 1175 434 1
2144 1411 1387 434 1
2144 1175 1586 2023 1
2013 1690 973 1317 1
1866 973 2013 775 1
2013 973 1690 1371 1
2013 973 1866 1317 1
775 973 2013 1175 1
2013 1175 973 1371 1
771 2014 226 2753 1
1361 1317 1866 2015 1
808 499 1347 1018 1
1425 499 808 1018 1
1425 499 1018 609 1
1928 652 2746 3094 1
2768 2224 2395 2902 1
448 505 492 482 1
482 505 492 1336 1
2902 2224 2395 1876 1
2808 3084 3994 2503 1
2150 340 2020 323 1
3983 2638 2218 1913 1
2573 2754 1636 1974 1
1636 2754 2172 1974 1
2063 2168 2975 2170 1
2605 3486 1458 1557 1
2754 2765 2172 1974 1
969 325 970 1135 1
405 778 418 1136 1
648 464 418 778 1
1411 434 2023 1856 1
1856 1075 1874 2023 1
2023 1371 1690 1874 1
2023 1175 1371 434 1
2023 2144 434 1411 1
2144 1175 2023 434 1
1149 225 2508 2589 1
778 1430 405 648 1
778 1136 405 802 1
778 802 405 1430 1
2793 3712 2348 3392 1
1352 2024 1277 1252 1
519 3526 3022 4007 1
3881 4007 4011 1204 1
1708 2026 461 1867 1
1884 2026 1569 646 1
646 1254 630 2026 1
630 2026 1884 646 1
1569 2026 378 646 1
1835 1110 1992 318 1
1835 1110 318 551 1
551 1110 318 1547 1
2077 991 530 3375 1
709 47 615 424 1
1828 2991 2517 2511 1
2077 991 2478 3877 1
991 3067 3877 2077 1
1404 1112 1272 907 1
1227 1923 1611 522 1
2853 2472 3230 1617 1
1834 1735 2506 565 1
1834 1735 2223 2506 1
2481 1834 1710 1639 1
2223 2481 1834 1710 1
1491 1798 2636 2224 1
2224 1798 2636 1876 1
3459 2636 2424 2224 1
2224 2636 2424 1876 1
1935 50 17 516 1
516 513 17 1935 1
2225 3443 2126 1882 1
3304 2465 3094 3956 1
734 2126 2225 3443 1
734 3104 2225 3956 1
783 1441 2985 928 1
1680 2291 1438 2226 1
1438 695 1310 2945 1
2853 2472 3775 3230 1
3603 2552 859 263 1
3603 2552 263 3122 1
2985 1441 2637 928 1
2031 1234 1471 2585 1
2585 1234 1141 2031 1
470 1171 2031 1430 1
1805 1141 1616 2031 1
2031 1471 470 1430 1
1430 648 778 1171 1
1171 648 2031 1430 1
2250 249 1927 2325 1
2032 933 323 525 1
2311 2032 933 2148 1
1675 2931 2764 2688 1
2756 862 2033 945 1
1675 2688 2764 2039 1
862 2756 2033 1321 1
1042 1224 1429 432 1
1042 1429 1224 1342 1
2035 735 1062 1022 1
1384 1234 1062 2035 1
1655 2595 1668 2457 1
2527 2459 3449 1865 1
1865 2527 2459 2669 1
2156 2952 1815 2946 1
648 464 2038 414 1
2038 464 1465 1503 1
2308 1925 2532 2598 1
1616 414 2038 735 1
1616 648 2038 414 1
2308 2770 1925 2598 1
3102 218 2525 1149 1
2423 2770 2419 2598 1
1925 2332 2532 2598 1
2063 2170 1522 2545 1
2545 2170 1522 955 1
2170 1635 1522 955 1
3047 1040 2527 3689 1
2875 1870 1777 2043 1
2211 2280 1858 2776 1
1807 2607 1957 3474 1
2607 2568 1957 3474 1
422 1981 1476 409 1
1052 2908 2600 2437 1
2437 2908 2600 3453 1
92 788 622 1627 1
92 788 548 622 1
2140 1279 1506 1515 1
2042 2140 1506 1515 1
3453 2908 2600 3727 1
2908 3018 2600 3727 1
287 525 2032 2150 1
2457 1655 3123 2339 1
1655 2595 2457 3123 1
2850 436 2580 3614 1
2053 1708 1252 1867 1
1001 2053 3356 2337 1
1001 362 2053 354 1
1289 2610 1980 2289 1
354 2053 1867 362 1
2054 3404 2332 2532 1
2339 2994 2457 2717 1
2575 3047 3111 3516 1
1980 793 7 40 1
2895 3243 3178 3835 1
2994 3908 2457 2717 1
3209 390 2135 2240 1
2135 390 2638 2240 1
2240 390 1879 3209 1
1821 390 1879 2240 1
2638 1821 2240 390 1
403 1518 594 2114 1
634 703 498 1205 1
403 1518 2114 2948 1
403 1634 2948 2114 1
1243 2100 2243 2297 1
294 2157 2566 3603 1
2542 3725 2411 3875 1
2242 1602 1181 2912 1
581 3610 987 579 1
1653 2373 2346 1333 1
3496 2433 2242 2912 1
2645 1989 2954 3333 1
3968 2631 2242 2433 1
3330 2645 2631 2954 1
1276 2846 601 2201 1
2846 769 2061 2201 1
458 2114 2245 2279 1
2245 2114 1517 2279 1
440 1667 822 1562 1
2245 3729 2279 1517 1
1333 2330 1354 2239 1
1354 1607 2239 2251 1
2273 234 3066 3553 1
2114 2245 2948 458 1
2330 1354 2239 2251 1
3627 3066 2273 234 1
2273 3197 234 3553 1
1653 2791 2346 2373 1
227 3731 239 2570 1
871 2570 239 3882 1
824 2248 1906 1346 1
3302 898 1706 2552 1
1412 2248 824 1346 1
1412 962 2248 1346 1
962 1754 2248 1705 1
2248 1754 2494 1705 1
2248 2494 1906 1545 1
2249 879 866 960 1
879 2249 1660 960 1
2249 2027 866 879 1
2027 2249 1660 879 1
3000 1607 2251 2930 1
1991 1434 1959 1665 1
3972 4040 3366 3040 1
3786 2907 2528 3167 1
4040 3649 3366 3627 1
1991 1910 1665 1959 1
2074 2072 1497 563 1
1497 2072 797 563 1
2074 699 2072 563 1
2421 225 1149 2589 1
2421 225 2589 211 1
1565 805 1274 1227 1
633 1274 1549 1227 1
1274 805 1549 1227 1
1380 745 814 463 1
1380 2517 463 814 1
3696 2950 3367 3573 1
205 3367 3573 1908 1
1910 1959 3377 1665 1
95 1291 2111 1561 1
204 210 2478 221 1
204 210 3777 2478 1
1853 2699 1291 2111 1
188 2692 1000 3059 1
3356 362 1582 892 1
3356 2053 362 892 1
107 2082 1053 108 1
1651 951 323 2752 1
1651 2752 323 1479 1
3229 3051 2994 2492 1
2994 3226 1813 2271 1
3226 2994 1813 3229 1
1668 2250 249 2457 1
2325 2849 2250 2845 1
1740 2072 2991 2939 1
2250 249 2457 3908 1
2991 2939 812 1413 1
2474 2072 699 2991 1
1888 2642 2252 412 1
1888 2911 2252 2642 1
2377 222 208 3024 1
222 212 2919 208 1
222 3024 212 208 1
2252 2911 3816 2642 1
2663 1833 3625 2798 1
3270 3460 1422 3588 1
444 2074 538 1418 1
2474 699 2074 1418 1
538 2074 444 1497 1
444 2072 1497 2074 1
2474 699 2072 2074 1
3270 3460 986 1422 1
2450 3223 301 2488 1
2450 2459 2488 301 1
2706 2728 3134 921 1
2157 2728 3122 2935 1
692 256 746 245 1
1093 124 1480 1780 1
3510 1706 2706 2815 1
1633 2205 2898 2263 1
2834 2402 1427 2263 1
1427 2402 2287 2263 1
2898 1427 2287 2263 1
1457 1370 1527 656 1
2492 2994 1529 3051 1
3501 623 2646 1428 1
3439 2994 1432 1529 1
3439 2994 1529 2492 1
2079 746 256 779 1
1374 746 2079 779 1
2079 256 231 779 1
2253 2501 2002 2329 1
2884 2451 802 778 1
1448 2451 3528 1781 1
1448 2451 1092 3528 1
2884 2451 778 1795 1
2884 802 2451 1781 1
48 2756 70 38 1
2668 70 48 2799 1
2799 70 48 1321 1
48 70 2756 1321 1
1661 3942 1328 2329 1
1328 1553 2329 3942 1
3942 1592 2329 2501 1
2082 1550 76 1264 1
2082 1053 76 1550 1
1661 2659 2002 2329 1
350 996 2086 465 1
811 996 465 2086 1
2086 520 1303 876 1
876 520 811 2086 1
2086 1303 520 350 1
1625 1263 1684 1118 1
1263 1625 1684 2335 1
2258 1641 1969 884 1
1968 2176 2258 1029 1
2745 2423 2268 1925 1
2469 2076 1410 1916 1
1904 678 2349 1846 1
1029 1641 2258 1724 1
2176 2258 1969 1968 1
2349 660 2469 2076 1
2258 1641 884 1574 1
2258 1641 1574 1724 1
2181 2858 2260 2212 1
916 2564 3287 987 1
916 2564 987 3288 1
2858 3475 2181 2260 1
2564 3805 3953 2641 1
2564 3112 3287 987 1
3288 2564 2641 3805 1
972 2090 496 502 1
435 1321 2402 3009 1
1224 502 2090 1044 1
2260 28 2392 2212 1
1386 2090 1044 1224 1
2119 2090 496 972 1
2834 435 2402 3009 1
2459 301 2882 2488 1
2459 301 3449 2882 1
2092 449 181 1364 1
2092 1364 181 1996 1
2660 301 3449 2459 1
3196 2565 3343 2460 1
1751 1039 2094 584 1
584 2094 1326 788 1
584 2094 788 1039 1
652 1751 2094 584 1
584 2094 652 1394 1
584 1394 1326 2094 1
2168 1676 2975 1635 1
3196 2565 2319 3493 1
662 2565 3989 3536 1
3493 3536 4021 2565 1
2109 2372 2687 3397 1
1456 2680 2274 45 1
515 2691 1604 1945 1
2167 2691 1604 515 1
1974 2579 1500 2573 1
168 138 3469 155 1
3026 1773 2276 2371 1
3469 3917 155 138 1
2972 1490 1369 2842 1
2972 1608 1369 1490 1
2276 3220 2275 3189 1
3642 2278 3056 2477 1
3642 2477 3189 2278 1
2525 2589 1149 218 1
531 2218 2792 2342 1
531 3946 2218 2342 1
2337 1848 1631 2024 1
3946 2218 1439 531 1
1286 2096 117 1738 1
618 2096 1832 1276 1
117 2096 1832 1738 1
1928 2367 14 1648 1
1928 14 2367 1444 1
1622 377 380 2279 1
2127 1622 380 2279 1
2575 2542 3875 2609 1
1609 2279 2127 380 1
1533 1993 1205 513 1
3875 2609 3111 2575 1
380 2279 377 2650 1
2267 3274 2101 1776 1
889 246 3704 2628 1
1002 3480 681 2629 1
1865 2488 2882 265 1
1530 1388 2175 1470 1
2175 1388 772 1470 1
3483 1865 265 2488 1
2551 9 19 428 1
1986 1983 3274 2101 1
936 2101 1579 1007 1
1579 606 2153 2101 1
3245 2101 2482 2267 1
606 1986 2153 2101 1
3037 3483 1865 265 1
3595 3630 3282 2365 1
2633 2918 2375 2365 1
1175 1511 1521 747 1
1521 1511 698 747 1
1511 1868 1521 698 1
775 1521 1511 1868 1
3317 3526 519 3243 1
1052 2600 3526 3317 1
3317 2600 3526 3243 1
1052 3526 3379 3317 1
1052 2908 3322 2600 1
3303 2643 230 3512 1
3332 3512 2643 3303 1
3178 3506 3271 3732 1
3506 946 3732 2829 1
2600 2908 3322 3018 1
3243 2600 3526 3018 1
1052 3322 3526 2600 1
2600 3322 3526 3018 1
3397 3260 3346 1089 1
1130 3320 3238 3353 1
3560 3320 1130 3353 1
3313 2883 3798 1078 1
3397 1089 3291 3260 1
2286 695 1438 2945 1
1870 513 516 718 1
435 513 1321 1870 1
513 516 1321 1870 1
2036 1458 2286 695 1
2082 2112 1550 1037 1
107 1487 2112 1037 1
107 430 1053 2112 1
107 2128 2112 1487 1
2128 430 107 2112 1
2082 1053 1550 2112 1
1533 1150 815 590 1
1337 2211 2359 2288 1
987 1091 3438 744 1
1749 1877 1337 2288 1
2174 1337 2359 2288 1
1337 2751 2288 1877 1
2751 2211 1337 2288 1
1749 1337 2174 2288 1
378 362 1867 1708 1
1675 875 1726 2931 1
1867 2053 1708 362 1
2053 362 892 1708 1
157 1698 1897 1594 1
717 2864 3252 25 1
1263 3474 1625 2335 1
149 140 3601 1207 1
149 140 3551 3601 1
2546 2117 1530 1565 1
1625 3474 1997 2335 1
2254 2117 1891 851 1
494 956 1375 654 1
2564 2641 3112 987 1
3288 2564 987 2641 1
2641 1091 987 180 1
2641 1091 3112 987 1
2290 1896 89 2754 1
3256 2381 1896 2290 1
2381 3256 3158 2290 1
2290 89 91 2754 1
2757 2367 3341 1444 1
1928 14 1444 2370 1
2605 1458 676 2291 1
3787 276 999 3740 1
2291 1458 676 1438 1
2709 1458 1743 2291 1
2291 2860 1438 2226 1
551 318 2320 1547 1
3673 1144 3884 3451 1
1547 2320 322 318 1
1743 1458 2605 2291 1
459 1693 1685 1977 1
3451 3545 1144 3884 1
3166 2199 3460 3154 1
3166 2698 2199 3154 1
2402 510 1321 513 1
3583 2109 3556 3745 1
513 510 1321 862 1
459 2914 1693 3132 1
459 3132 1693 1977 1
3745 3556 3707 2879 1
2177 447 2695 2121 1
345 1137 482 2121 1
2177 447 2121 482 1
746 311 2122 931 1
2123 1364 1996 1282 1
1765 1282 2123 1092 1
1765 1364 2123 1282 1
1857 551 1482 318 1
1080 3432 945 2453 1
945 25 1315 2453 1
2453 3401 976 1080 1
1895 1744 3572 1025 1
2244 442 215 2627 1
130 107 2128 132 1
2567 2128 2383 1043 1
130 2128 1487 1803 1
2567 2128 1803 2383 1
1744 1564 3572 1025 1
1785 2500 1672 1678 1
1672 2500 2110 1678 1
1917 2832 3558 1722 1
848 1192 537 2129 1
1036 2129 1192 848 1
661 468 527 2133 1
2133 661 468 2674 1
527 468 605 2133 1
1429 432 823 500 1
816 1995 2871 1900 1
3755 2684 1140 3340 1
929 2684 3755 3340 1
3750 3382 3100 2944 1
3206 1097 2368 2137 1
789 2246 1012 3206 1
2301 2124 1877 3394 1
2301 2209 2379 3035 1
526 2303 2137 2587 1
1847 2124 1877 2301 1
1847 2301 1877 2708 1
3689 3176 3281 3545 1
3689 3545 3281 3619 1
3689 3281 1863 3619 1
3689 1863 3281 3176 1
1418 538 466 533 1
444 710 466 538 1
1185 538 466 710 1
444 538 466 1418 1
1553 1779 1328 970 1
3016 3218 3495 2826 1
2606 3197 3553 221 1
780 480 1570 1332 1
2606 3197 2273 3553 1
1332 480 1570 624 1
3688 3423 3375 530 1
2771 1334 2518 2143 1
2143 3969 2771 1334 1
335 1984 312 2139 1
874 613 1210 730 1
1869 3969 2143 1334 1
759 730 1367 874 1
2106 1035 3014 2793 1
1392 474 1459 1337 1
474 1392 1459 1955 1
474 1060 1392 1955 1
1429 1224 507 823 1
507 2090 1386 1224 1
2542 3188 2609 3934 1
2575 2542 2609 1489 1
2609 3992 4003 3962 1
2609 4003 3926 3962 1
3232 210 221 3423 1
2077 3043 2478 3375 1
2342 2130 1395 1814 1
3375 3064 3043 2478 1
530 3688 3066 3375 1
3860 3173 3118 3040 1
2651 1951 3963 3164 1
556 3160 2310 2702 1
4002 2820 3160 3207 1
3849 580 576 173 1
383 1099 360 1628 1
3644 576 580 173 1
2075 3354 2187 2322 1
2187 2075 2322 2726 1
679 1779 1644 1465 1
1644 679 1214 1779 1
405 1430 666 2585 1
2687 2372 3054 3721 1
1430 648 2031 405 1
2031 2585 1430 405 1
654 2147 695 1225 1
765 3486 550 456 1
2674 2147 456 1875 1
1911 1653 2323 2653 1
3721 2687 2372 3397 1
2148 2752 2526 323 1
2148 2032 933 323 1
3099 821 3023 2312 1
1653 1716 2323 3211 1
533 520 1117 699 1
541 699 1380 520 1
1694 1418 533 1924 1
1418 699 533 1117 1
699 1520 533 541 1
1418 699 1520 533 1
1811 2498 2323 3509 1
3516 3530 1863 3111 1
3516 1863 3689 3111 1
2498 3211 2323 3509 1
3580 2840 1836 2312 1
1911 1716 2323 1653 1
2840 3622 3561 3580 1
2092 2056 1795 1284 1
2680 62 1456 2103 1
1007 1507 103 2101 1
2153 1986 1776 2101 1
2680 62 2103 2547 1
2547 2680 62 4001 1
1456 62 2680 45 1
4001 2680 62 45 1
3127 3456 2324 3615 1
71 2621 3678 67 1
3720 3666 2621 67 1
3666 3678 2621 67 1
1591 2001 3796 45 1
3683 274 2324 2593 1
742 1250 2685 580 1
991 1250 580 2685 1
3796 2001 2274 45 1
3882 239 871 2315 1
2657 2245 1609 1020 1
3650 2327 2996 3861 1
2790 3559 3172 3514 1
3161 2491 3055 3778 1
986 1422 3619 3270 1
986 1422 2316 3619 1
2659 2253 2329 585 1
2279 1609 458 2650 1
717 3666 3678 942 1
3908 249 2457 2717 1
791 1345 825 1018 1
791 1490 1345 1018 1
2253 2608 3061 1614 1
1661 2659 2329 585 1
1557 1458 1743 2709 1
916 1156 2564 3288 1
3288 1156 2564 3805 1
3253 3288 3805 1156 1
2717 3363 3908 1927 1
3111 3076 3530 3875 1
3041 3785 3530 3771 1
3686 3785 3774 2626 1
3686 2626 3774 3527 1
860 1557 1743 1791 1
2626 3785 2639 986 1
2626 986 2639 3270 1
2626 610 3270 2652 1
1557 2709 1743 1791 1
369 2321 2427 3036 1
3159 2244 215 2627 1
369 2321 349 2427 1
2321 3036 1758 2427 1
349 1758 2427 2321 1
1040 2316 2750 3126 1
2977 1351 1900 2900 1
2331 2900 1900 2108 1
3249 2977 1900 2331 1
3776 3831 1124 3754 1
2628 246 2826 3994 1
2628 246 3704 2826 1
71 3299 2621 3803 1
3704 246 3197 2826 1
71 3678 2621 3299 1
2171 478 1427 1349 1
2171 478 1642 1427 1
2171 1642 478 1054 1
346 857 366 2113 1
857 2113 450 366 1
974 593 797 133 1
2268 2419 2332 2423 1
729 3397 3346 1089 1
2423 2419 2332 2598 1
2332 2419 2039 2598 1
2557 3835 3732 1633 1
2928 2927 2325 3597 1
2895 3835 2557 1633 1
1088 1794 3518 2746 1
1037 1226 2529 77 1
2529 1226 79 77 1
1055 2234 1802 501 1
1802 2234 1055 613 1
2234 613 1965 470 1
613 1210 1055 874 1
2529 2677 1720 1226 1
3094 3518 1088 2294 1
3646 145 2696 3138 1
1037 2677 2529 1226 1
3166 197 2199 2698 1
1088 2746 3518 3094 1
2669 1078 3340 1144 1
2294 1088 3417 3518 1
1088 3518 1794 3417 1
610 3527 3166 2698 1
3154 223 3588 235 1
3940 3115 2244 3462 1
3462 3901 4051 3940 1
520 699 2517 2062 1
2517 1380 699 520 1
188 1000 170 177 1
3758 177 1000 188 1
177 188 3758 3470 1
1826 1621 1411 1290 1
2792 459 1758 2177 1
2792 2269 1593 2177 1
345 1758 2695 2177 1
345 2177 2695 2121 1
345 2177 2121 482 1
158 3829 3646 2644 1
2363 1826 1411 1856 1
1314 1906 833 91 1
2626 3785 3774 2639 1
2626 2639 2652 3270 1
3281 2639 2682 3921 1
2639 3785 3774 3735 1
2639 3270 3281 2652 1
3922 2571 1270 3318 1
2804 3099 2197 2307 1
2307 864 3099 2197 1
3922 1270 3138 3318 1
2307 3241 2197 2861 1
1426 2195 809 2178 1
3112 2641 1212 3879 1
4033 3931 3879 3057 1
1906 2494 91 1314 1
4033 3879 3931 1212 1
3241 3680 2861 2307 1
631 740 1207 1220 1
631 1096 1207 740 1
3474 1263 1625 1118 1
1882 2103 2126 2225 1
3458 2225 2103 2536 1
3474 1118 1785 2500 1
2233 2133 1960 676 1
1787 1754 2494 2248 1
2233 2133 527 1960 1
1787 2494 2736 2248 1
794 527 446 1960 1
3156 158 3240 2644 1
3156 3858 158 2644 1
2954 1499 2080 1989 1
918 488 2182 584 1
2182 488 1751 584 1
1751 1499 2954 1989 1
2198 282 980 281 1
2353 1340 1684 1076 1
3915 172 177 3817 1
3915 177 172 3939 1
177 3788 3817 172 1
280 282 2198 281 1
1782 2163 1873 1246 1
1967 3776 3789 1258 1
2198 280 281 2822 1
732 2428 712 3413 1
1161 4033 2634 3892 1
2111 2699 1291 95 1
2267 2699 2111 95 1
2132 2677 2194 95 1
1768 2132 95 103 1
1768 2132 2194 95 1
2132 2677 2111 1776 1
2189 1295 1955 1727 1
1986 1983 2101 2189 1
2189 1986 721 1727 1
1757 1983 2189 2101 1
1757 1955 2189 1295 1
697 70 2668 3031 1
3458 2547 2103 2126 1
2132 1776 2111 103 1
1882 2765 1862 2103 1
1716 1911 2346 1653 1
1512 1170 2346 1653 1
1258 1124 1967 3776 1
1258 1124 3830 1967 1
2626 610 2652 4030 1
2626 2639 201 2652 1
2639 2652 3281 2682 1
2469 605 2349 1916 1
610 3365 2652 2693 1
3228 2549 2184 3497 1
3127 3497 3228 2184 1
3024 188 2692 3033 1
2592 2508 2184 3726 1
3587 3745 2351 2109 1
3587 2351 3238 2109 1
1653 1333 2346 1512 1
3149 2346 1911 2791 1
3238 2109 3320 3587 1
2109 3320 3587 3745 1
2195 738 809 2178 1
106 738 2195 2178 1
1901 1962 1687 1917 1
3476 243 3131 639 1
3416 3017 3131 3476 1
2998 243 2468 3131 1
3131 3416 3476 1404 1
3131 3091 2998 3017 1
1339 1188 593 797 1
3131 243 2468 639 1
3940 3115 3373 2244 1
3940 3373 208 3604 1
2498 1962 3399 1687 1
1270 173 3318 2571 1
2571 3825 3849 173 1
1270 576 173 2571 1
576 2571 3849 173 1
2121 447 338 720 1
338 447 967 720 1
720 447 967 787 1
967 447 1475 787 1
634 513 1935 8 1
634 1935 770 8 1
2558 770 1935 8 1
93 1797 2040 1505 1
2098 1877 1749 2343 1
1749 1877 2288 2343 1
93 1797 2737 2040 1
883 909 827 1446 1
1749 2288 2174 2343 1
1446 909 827 2004 1
755 65 665 2201 1
65 72 665 2201 1
2019 1899 2638 3983 1
1492 72 65 2201 1
1492 2632 2662 65 1
2019 2638 2218 3983 1
2019 2218 1439 3983 1
1439 1899 2019 3983 1
1755 2227 2202 757 1
3821 3866 3874 3890 1
1633 3732 3074 3009 1
2479 3074 3009 1633 1
1475 2204 1362 447 1
447 505 2204 1362 1
847 1277 447 2204 1
1336 543 2204 505 1
1336 2204 543 1239 1
1319 847 447 2204 1
1239 2204 1319 447 1
1475 1277 2204 447 1
1938 3074 2479 1633 1
1258 3318 3138 1270 1
2557 3732 3074 1633 1
10 1473 1399 2206 1
10 1174 2206 1399 1
3074 1633 1938 2557 1
2206 685 1174 10 1
939 2206 1473 10 1
1258 3240 3138 3318 1
3138 145 3240 1258 1
78 1763 75 1868 1
1258 3240 3318 3789 1
3830 1258 3240 145 1
1967 1258 3789 3240 1
1258 3830 3240 1967 1
3685 208 3743 3812 1
1855 1176 309 2481 1
3563 682 2968 3476 1
969 1854 325 1409 1
309 3563 283 279 1
2223 1710 2506 269 1
2347 565 310 1320 1
324 325 1854 1409 1
2601 1512 2169 1824 1
1512 2296 2930 1988 1
2510 1708 2881 361 1
892 2881 361 3001 1
2011 2201 1492 2846 1
2645 2118 589 2442 1
2595 3384 1668 2358 1
71 2621 1204 3803 1
3652 4011 71 67 1
3768 4011 71 3652 1
250 2250 2358 3908 1
250 2358 3794 3908 1
3829 3199 3310 3280 1
2141 2360 1334 2650 1
1869 2360 1334 2141 1
2348 3542 3014 3392 1
2816 3149 2300 1961 1
2816 2519 2300 3149 1
955 1635 748 557 1
1522 1635 748 955 1
1522 1635 1712 748 1
849 420 2758 1742 1
1195 3430 3634 2806 1
653 3210 3133 630 1
398 401 416 456 1
416 398 456 2350 1
840 398 2350 456 1
400 456 401 398 1
2607 2430 2361 2568 1
2431 596 803 1466 1
2607 2568 3474 2430 1
44 3344 3152 691 1
2707 3174 3029 2361 1
104 2040 962 1847 1
2364 2003 1322 3128 1
2364 2003 1736 1322 1
2364 1736 2432 1322 1
3933 3732 3074 2557 1
3933 3074 2261 2557 1
3128 2364 2432 1322 1
3858 186 1182 2670 1
3662 171 174 1165 1
2475 2014 2705 2857 1
3879 3931 3713 3057 1
2753 2014 2857 2705 1
2983 3983 2352 2208 1
3738 3250 3176 3856 1
3533 426 3578 2006 1
3738 3289 3250 3695 1
2886 1068 1106 3247 1
3247 1068 1106 3477 1
3050 489 237 3586 1
2352 2135 3983 2983 1
1437 893 958 12 1
3050 244 237 489 1
2745 1845 2718 1517 1
2796 1845 2745 1517 1
1845 3701 2268 2745 1
1845 2179 3701 2745 1
2718 2179 1845 2745 1
1258 3318 1270 173 1
1845 2796 2745 2268 1
2696 3140 172 186 1
1367 536 1377 643 1
1440 335 1802 1377 1
2226 1438 2945 2286 1
1802 536 1377 613 1
1802 613 344 1965 1
1740 2220 228 1033 1
2220 1540 228 1271 1
1740 1540 228 2220 1
3489 3868 2355 1116 1
688 1856 1290 1826 1
1132 1621 1290 504 1
1132 1621 504 1589 1
1856 1411 1290 1826 1
3174 2286 2226 2945 1
3156 2644 2696 2531 1
3156 3858 2644 2531 1
986 1863 2639 3270 1
2682 2639 4085 3921 1
986 3619 1863 3270 1
2311 2601 1512 1372 1
2639 2652 2682 201 1
2652 3365 4071 2693 1
3912 3365 2693 4071 1
2639 3250 3955 3921 1
3921 3912 4085 2682 1
1783 1209 2355 1983 1
3245 3868 2355 1783 1
3169 1736 2364 2369 1
2168 1635 955 1120 1
2369 2285 2444 2003 1
2369 2003 2444 1736 1
2369 2509 2701 2444 1
2369 3053 2509 2444 1
1214 1644 1779 1202 1
1863 3619 3281 3270 1
1863 3270 3281 2639 1
2685 174 3909 3640 1
783 1662 3352 2977 1
783 3352 928 2977 1
3610 3616 2878 1666 1
2878 1655 2339 1666 1
1354 1531 965 2373 1
2311 965 2373 1354 1
2878 1655 1666 3616 1
2311 2373 1333 1354 1
3624 917 2497 2724 1
2724 2497 3461 917 1
2342 1613 2130 1814 1
1502 3569 3452 3371 1
3156 206 165 166 1
204 3777 173 3640 1
742 3640 3644 580 1
3644 3640 173 580 1
3288 2641 987 180 1
180 3734 3288 3345 1
3288 3345 2641 180 1
110 753 1970 2230 1
430 2231 2844 1053 1
3903 3905 3864 4070 1
606 2614 1087 2383 1
2112 430 1053 2231 1
2128 430 2112 2231 1
1803 2383 2614 2567 1
987 180 3616 3288 1
20 852 1155 1775 1
3616 180 3734 3288 1
1709 1016 1534 1775 1
2537 97 927 2363 1
333 328 2612 2755 1
661 2133 527 2233 1
927 1391 1075 2363 1
794 527 1960 2233 1
2612 2022 2755 328 1
1282 1965 2234 1802 1
1210 470 613 2234 1
1210 1580 470 2234 1
1364 1765 1580 2234 1
1282 1765 1364 2234 1
1055 1210 613 2234 1
1802 1965 2234 613 1
1900 3511 2235 2108 1
2022 2741 2755 328 1
1766 2235 1930 1654 1
2755 2741 3607 328 1
3340 1140 3626 2684 1
3811 3929 3340 1140 1
3929 3626 3340 1140 1
1140 3340 3811 3755 1
1191 3837 3966 4086 1
3966 3893 2973 3837 1
1533 590 523 1205 1
2402 523 1242 1394 1
523 1242 590 435 1
3966 2973 4086 3837 1
1191 3077 3966 3895 1
513 1533 523 1205 1
513 1129 523 2402 1
333 2755 3607 328 1
1007 2101 1579 1507 1
2751 2379 1999 1877 1
2708 2379 1877 1999 1
2644 145 2696 3646 1
477 3906 1191 1195 1
2751 2209 2379 1877 1
2024 1919 1631 123 1
3662 174 3909 1165 1
2301 2209 1877 2379 1
2301 2379 1877 2708 1
2095 2024 1631 1971 1
1631 2024 123 1971 1
2209 3394 2301 1877 1
3909 174 3662 3640 1
382 1196 2382 1474 1
165 3234 187 3894 1
2365 2918 2375 1403 1
382 1474 2382 1743 1
4091 3881 3991 3933 1
2972 3065 1490 2842 1
1490 1790 2842 3065 1
2226 2725 2382 3168 1
332 2385 1153 1617 1
332 3425 2385 1617 1
487 496 1211 598 1
3776 3662 1967 3789 1
3776 3662 3789 3640 1
610 2693 2652 4030 1
2652 2693 2682 201 1
3912 2693 4085 2682 1
753 1247 485 1382 1
2646 1247 753 1970 1
4085 3912 209 2693 1
1246 1502 1411 1164 1
1164 1502 1782 1246 1
2342 2208 2130 1613 1
2042 1151 2124 1056 1
1476 383 1099 1297 1
2241 1297 383 1476 1
2241 1476 383 1618 1
1506 1151 2124 2042 1
1202 1034 1135 2388 1
2510 653 1708 2026 1
378 2026 1148 646 1
2026 1867 378 1148 1
378 2026 1708 1867 1
2485 2243 90 935 1
1784 1202 1135 2388 1
3140 2696 172 3646 1
1784 3177 2388 1135 1
2244 3462 4051 3940 1
1132 504 1812 1589 1
627 1132 1812 1150 1
1422 3941 3270 3588 1
714 1539 1707 112 1
2937 2367 3341 2757 1
1523 1539 1707 714 1
1523 940 1539 1276 1
1484 427 940 1707 1
2868 430 1053 108 1
2868 430 108 129 1
3896 3640 3789 173 1
2394 2561 3739 2327 1
1258 3644 3896 173 1
2368 526 1939 2137 1
2246 572 1012 2137 1
3789 3896 173 1258 1
3739 254 2561 2394 1
3133 2371 490 2275 1
3646 3138 172 3620 1
2371 2275 2276 490 1
3817 3620 172 3138 1
3646 2696 172 3138 1
3138 3788 3318 172 1
3133 3210 490 2371 1
3845 3469 3955 3735 1
3887 3955 168 3469 1
3250 3469 3955 4000 1
3072 4007 4011 3881 1
3072 4091 4042 4047 1
2204 505 828 1362 1
2204 543 828 505 1
828 505 1455 1362 1
2078 2398 3968 2433 1
758 1312 4009 2676 1
2257 1891 535 2254 1
2257 2117 1891 2254 1
3280 3829 3140 2703 1
2703 3140 3646 3829 1
159 2899 2703 4087 1
3915 172 2899 3939 1
3939 178 172 2899 1
2256 105 624 1309 1
1309 2256 105 1463 1
1165 3537 3776 3754 1
1888 2911 2914 2252 1
1457 1315 1527 1370 1
1165 174 3909 3532 1
174 1250 2685 3532 1
1527 1794 1510 1381 1
1165 3537 3754 4013 1
3909 174 2685 3532 1
1246 3452 2163 1283 1
1410 1084 2469 376 1
1664 2469 460 376 1
1165 174 3532 3862 1
174 1250 3532 3862 1
1410 2469 1664 376 1
1246 3452 1782 2163 1
207 165 3156 206 1
165 207 187 3234 1
2939 1339 1462 2400 1
2125 1404 639 1710 1
945 899 2277 2262 1
187 207 165 3156 1
1811 2498 3509 1687 1
1901 1962 2498 1687 1
2631 3968 3529 2794 1
1346 471 433 1477 1
1849 1346 433 1477 1
507 2236 64 2064 1
1363 1020 384 1609 1
384 1363 1609 1688 1
2689 2008 113 3180 1
2265 1296 461 1254 1
847 2265 490 3220 1
594 1518 2265 1619 1
935 2100 2243 2059 1
496 502 1224 591 1
2380 2552 667 2418 1
496 502 2090 1224 1
1796 2110 1009 1494 1
2384 1702 2166 314 1
1639 1404 907 1112 1
1943 3005 2384 2166 1
2257 1702 2546 2384 1
2631 855 2617 2338 1
1308 2792 345 2269 1
345 482 2269 2177 1
2782 3321 701 29 1
29 3801 32 2782 1
2782 29 3801 3321 1
2271 2994 3051 3570 1
3094 2631 2294 3304 1
3570 2994 3123 2271 1
778 1765 470 1580 1
778 2451 1430 470 1
3094 3518 2294 2954 1
3528 2451 1092 470 1
1765 2451 778 470 1
3063 3503 2849 2847 1
3375 2606 3553 221 1
2606 3423 221 3375 1
2912 2297 425 2392 1
719 1019 426 2392 1
426 1019 2297 2392 1
3152 44 426 2392 1
2392 3152 44 43 1
30 719 426 2392 1
2876 425 3518 2392 1
2392 1019 2297 425 1
1625 1118 1684 1672 1
1672 1118 1684 2594 1
3954 230 240 3538 1
639 240 3538 3954 1
3538 230 240 222 1
3538 240 2468 222 1
767 2161 2036 1275 1
923 899 16 2277 1
3538 240 639 2468 1
862 923 16 2277 1
2437 3453 2785 635 1
635 3963 2785 1839 1
2277 899 16 2262 1
635 3453 2785 3963 1
767 2036 1623 2286 1
1925 2770 2423 2598 1
2745 2179 2423 1925 1
3156 165 1967 3240 1
1339 2247 1186 1400 1
2268 2423 2332 1925 1
2156 725 1339 2247 1
187 165 1967 3156 1
1925 2423 2332 2598 1
2247 3520 2400 1815 1
2400 2247 1400 3520 1
2247 1815 2400 2156 1
2156 1339 2400 2247 1
2400 1339 1400 2247 1
1925 2179 2423 2770 1
3388 1213 1074 2028 1
2281 1045 2282 31 1
1810 1420 34 2281 1
2281 496 2282 1045 1
3340 3626 1144 2684 1
2684 3626 1144 3451 1
3176 1144 3340 3626 1
1283 1221 2624 2163 1
1283 1221 2819 2624 1
1144 3176 3545 3626 1
3451 3626 1144 3545 1
2243 3358 2100 2192 1
1808 910 2426 1673 1
1167 2090 2282 496 1
3150 2081 3217 2993 1
2281 496 1167 2282 1
910 2640 2426 1673 1
2911 2735 2426 2802 1
10 37 939 2206 1
2911 3441 1808 2426 1
3393 3811 3755 1140 1
807 1293 728 2215 1
2366 2215 728 1293 1
2361 3029 2430 3174 1
3174 2945 2430 2466 1
2466 2361 2430 3174 1
2430 3029 2226 3174 1
2284 2555 2502 2556 1
2430 3174 2226 2945 1
2691 2555 2502 2284 1
2691 515 2284 1945 1
1509 2284 64 2830 1
2409 3665 3108 985 1
51 1578 1015 2119 1
946 2534 2408 2829 1
3009 2402 2287 510 1
1633 3732 3009 2898 1
3542 139 3301 3406 1
3358 2085 2006 426 1
51 1015 2264 2119 1
492 505 448 825 1
492 505 825 1345 1
1925 2745 2718 1517 1
2796 1925 2745 2268 1
2264 1483 3071 2119 1
2920 2159 3360 3071 1
2227 2202 327 1455 1
1455 2202 327 1446 1
2227 828 2202 1455 1
3510 2413 921 3007 1
3510 3007 2694 2413 1
2085 1998 2006 2362 1
3358 1998 2006 2085 1
3358 2085 2192 2099 1
3501 1428 2646 2417 1
2870 3599 203 218 1
2007 1970 2441 2850 1
120 2417 3121 2230 1
2230 2646 2417 3121 1
426 3008 2085 691 1
1363 1886 611 3036 1
2555 1998 1770 2711 1
2870 3232 3599 218 1
1363 2470 369 3036 1
828 1187 2009 2293 1
1755 636 1697 2293 1
1468 1187 2293 653 1
2293 2299 462 653 1
1483 1389 972 2119 1
2295 1456 2658 2754 1
2252 2911 2827 2375 1
2295 1896 2658 1564 1
1454 2827 2375 2252 1
2944 3821 137 3690 1
3510 2413 2694 2000 1
2544 1561 2677 2111 1
3042 137 3690 2944 1
1067 2297 1989 1682 1
2544 2677 1776 2111 1
2991 2060 1413 2511 1
282 2530 921 1010 1
2991 1413 812 2511 1
1741 2948 3220 2681 1
1741 2948 1020 3220 1
1424 636 2293 2554 1
2293 636 462 2299 1
1520 2122 563 746 1
1750 541 746 311 1
282 2530 1010 2356 1
1886 3220 2155 1741 1
2155 1741 3220 3189 1
541 311 2122 746 1
2681 1741 3189 3220 1
1223 3570 3253 1156 1
916 2649 631 1096 1
2565 2378 3343 2460 1
1156 1096 916 631 1
3734 2990 3288 3345 1
1702 1442 1530 2515 1
1469 1442 865 1702 1
279 283 839 251 1
694 474 627 1132 1
815 694 627 1132 1
2409 3135 3147 3338 1
3010 278 3855 839 1
3014 3542 3292 3499 1
2425 2689 1463 1612 1
2689 1349 1630 2425 1
283 279 839 278 1
1630 1349 2171 2425 1
2834 2425 2473 1349 1
1568 2584 1109 2303 1
2425 1612 1463 435 1
3014 3292 2487 3499 1
251 3476 283 269 1
2375 2802 2911 1773 1
253 252 3010 277 1
2404 2802 2278 1673 1
2834 2425 1349 435 1
2827 2911 1693 1773 1
3943 1630 2304 3697 1
344 1282 1965 2306 1
600 1199 1915 1651 1
1915 1651 1199 2020 1
600 365 1651 1753 1
3851 167 3531 3940 1
3940 737 3531 3851 1
3253 916 3288 1156 1
3253 3570 916 1156 1
2612 2807 1869 2229 1
1869 2807 2360 2229 1
1869 2807 3969 2360 1
2612 2807 3224 1869 1
1869 2807 3224 3969 1
2432 1322 2165 1279 1
2772 2165 2432 1322 1
2432 2729 2772 1736 1
2729 2165 2432 2772 1
2432 1736 2772 1322 1
1040 2316 3778 2750 1
2319 2565 3196 2460 1
2656 2319 3196 2460 1
2434 2993 3977 3217 1
2834 2146 2473 2425 1
2146 2479 1777 2834 1
1255 1038 1100 2539 1
2834 2146 2425 1777 1
677 1960 2500 2594 1
3791 2146 2473 2834 1
2146 3791 2479 2834 1
266 254 4026 3739 1
3739 266 3010 4043 1
3314 3164 1839 1241 1
3697 2146 2924 1232 1
266 3010 254 3739 1
4043 4026 3739 266 1
799 1956 762 2233 1
2175 795 762 835 1
2441 2007 3614 3235 1
126 2417 120 2441 1
120 2441 1732 126 1
2441 3614 1732 3235 1
425 1181 2297 2912 1
3561 2197 2804 3099 1
2289 2197 3561 3099 1
2929 681 2629 2913 1
1181 2442 1682 68 1
1181 68 2118 2442 1
2840 2804 3099 3561 1
2320 1139 3515 322 1
2289 3099 3561 2312 1
2533 109 500 96 1
935 2243 2502 2485 1
2840 3561 3099 2312 1
1349 1585 1316 478 1
1585 804 1193 1349 1
2106 3014 1035 2821 1
2106 3014 2821 3870 1
3925 3014 2487 2821 1
3014 2487 2821 3870 1
1035 3014 3925 2821 1
2319 2387 3159 2823 1
2656 2387 2319 2823 1
2627 3159 2244 2823 1
3956 2901 2465 2937 1
2901 2465 2937 2757 1
2449 2405 3284 2681 1
3284 2449 2681 3189 1
2326 609 1335 464 1
2326 2722 1335 1143 1
2326 2722 1143 408 1
2740 385 2326 408 1
2740 2326 385 609 1
2477 2449 3642 3189 1
912 2465 2757 3823 1
1167 34 598 2281 1
1336 1829 492 2269 1
1336 1829 2269 1593 1
1211 1167 34 598 1
2330 2930 2296 2131 1
3096 2434 1167 1378 1
34 1167 1211 1378 1
2281 1167 34 1729 1
2825 2138 2801 2069 1
3109 2069 2825 2801 1
2138 2166 2069 2825 1
2825 2166 2069 3005 1
3096 2081 1729 1167 1
2914 2911 2827 2252 1
3109 3005 2825 2069 1
3502 3292 2452 4035 1
2991 2511 812 463 1
1454 2827 2914 3132 1
2914 2911 1693 2827 1
3132 2914 1693 2827 1
1454 2827 2252 2914 1
3519 2798 2663 3625 1
3858 3156 166 206 1
2144 1586 1175 1511 1
2113 2673 779 346 1
346 2113 366 643 1
2673 857 346 2113 1
2901 3924 2937 3956 1
1512 621 2210 1824 1
424 491 939 1473 1
1552 491 1390 2672 1
1390 2672 491 939 1
424 491 1473 2 1
270 1372 306 878 1
1531 306 965 1372 1
764 401 456 765 1
1531 306 1372 1962 1
2129 2758 2336 1864 1
2758 2238 2336 1403 1
2595 2358 1668 2457 1
1655 1668 2974 2457 1
965 306 270 1372 1
2716 2479 3791 1938 1
2716 1777 2146 2479 1
2125 1404 1710 1639 1
2878 1655 2974 2339 1
959 2458 1321 1777 1
1667 441 538 1657 1
4053 3782 3079 3568 1
1083 1819 2340 1573 1
3179 3370 2835 3918 1
3079 1414 3239 3722 1
3918 2516 3370 2835 1
2819 1283 1826 1132 1
2819 1221 815 2624 1
1784 2388 3177 2582 1
1283 2163 2624 3088 1
3088 1283 2819 2624 1
509 1397 1060 1338 1
509 2486 973 1801 1
509 733 1397 2486 1
509 1338 2486 1397 1
973 509 1371 2486 1
249 1927 3405 3124 1
2357 1864 2726 1454 1
494 1287 1699 2349 1
3405 249 2896 1927 1
2349 1230 2777 1904 1
3497 2324 3387 3204 1
3458 2274 2103 2547 1
601 1523 1396 2846 1
2126 2225 2103 3458 1
2113 746 450 536 1
2607 3474 1997 2466 1
2430 2945 3474 2466 1
3174 2012 2945 2466 1
2583 2887 3618 2810 1
2000 2418 2428 3021 1
3285 2418 3510 2000 1
2428 3021 2418 3002 1
2916 2841 4075 3718 1
1090 1656 2344 421 1
2344 842 1090 2926 1
1266 2344 2926 842 1
421 2344 890 1656 1
2916 3228 2841 3479 1
3228 4075 2916 2841 1
3461 473 237 3434 1
473 3586 237 3434 1
2473 2171 1427 1349 1
2866 2171 2205 2473 1
2866 2809 2171 2473 1
2473 2809 2171 2425 1
2473 2425 2171 1349 1
422 1384 1062 2035 1
2218 459 1685 2792 1
2349 922 472 660 1
2076 2349 660 922 1
2540 2349 1253 660 1
2469 2349 2076 1916 1
3419 2484 3672 3104 1
2455 2484 3104 3672 1
2346 1607 2239 1354 1
2449 1011 2681 2275 1
1011 2681 2275 2265 1
2536 2367 3801 2937 1
3716 3836 2351 3291 1
1411 97 872 981 1
97 1502 981 1411 1
1391 872 1411 97 1
3116 2489 2800 2222 1
97 3371 1411 2363 1
3726 2255 2800 2489 1
1708 1252 1867 461 1
490 461 847 1252 1
2509 2444 3053 3818 1
2716 2479 2146 3791 1
2333 669 794 2353 1
3741 1893 3920 2446 1
495 1712 1851 1563 1
1712 547 1851 1563 1
1712 748 547 1563 1
2418 3302 2552 667 1
3302 898 2552 667 1
1584 1337 1392 2359 1
1591 3796 2001 2804 1
309 2223 3563 2481 1
1979 1514 3388 2888 1
1757 936 2482 2101 1
2269 803 2431 492 1
2482 2101 936 1007 1
2791 1531 2373 1653 1
2888 1514 3388 2028 1
2386 2980 2616 2198 1
978 2198 281 2980 1
2363 1411 2023 1856 1
2001 1456 2536 2274 1
1024 555 1872 690 1
555 2952 1872 690 1
2667 555 1024 690 1
1033 2952 555 690 1
1327 632 763 1401 1
632 720 763 1401 1
2536 2001 2274 3801 1
662 3000 3149 2495 1
2653 2323 1811 2498 1
1062 1022 759 1981 1
2035 1022 1062 422 1
1345 828 543 505 1
1345 1190 543 828 1
1190 462 543 828 1
1901 2498 1811 1687 1
1786 1162 404 419 1
568 1162 1786 1790 1
1790 1162 1786 419 1
331 2318 1299 330 1
2653 1653 2323 2498 1
331 2318 1639 1299 1
1653 3211 2323 2498 1
3957 3797 3994 248 1
2859 675 2228 3430 1
2366 2791 2653 1531 1
2246 789 748 2368 1
572 2246 748 1939 1
748 2368 789 1057 1
1939 2246 748 2368 1
2316 1863 2491 986 1
2316 3421 2491 3744 1
2491 986 3785 3703 1
1928 2262 14 2370 1
2491 1863 3785 986 1
3663 3421 2491 3703 1
1722 1734 2499 1238 1
2863 473 3461 2724 1
2919 473 2863 2724 1
1238 2091 2499 1990 1
1734 2091 2499 1238 1
535 850 1731 2475 1
3229 2492 3552 999 1
1160 553 1958 445 1
301 2488 289 2882 1
2492 2183 3552 999 1
1865 2459 2882 2488 1
3229 3051 2492 999 1
2501 2608 1614 1592 1
2501 2608 2253 1614 1
2253 2501 1614 2213 1
3659 2938 2877 3617 1
3313 3037 2372 2883 1
3313 2372 2109 2883 1
3751 3062 336 2581 1
2788 1767 3062 2581 1
694 906 1570 780 1
3776 1124 1967 3906 1
1332 694 1570 780 1
3776 1124 3906 3754 1
1691 1705 1151 1355 1
1791 1601 1275 2021 1
2605 1458 1743 1557 1
1543 1376 944 2831 1
1376 879 2831 1543 1
866 2831 2005 1376 1
2005 2831 2022 1376 1
2831 1376 944 2022 1
2486 1338 1288 606 1
2486 1552 1087 606 1
2486 606 1288 1552 1
3887 3469 168 3827 1
866 2831 1376 879 1
160 3469 168 138 1
2962 2692 2803 640 1
2710 3263 1469 3230 1
3230 2166 2138 1943 1
3230 1943 1469 2166 1
3694 3230 2786 3412 1
3230 2138 2786 3412 1
33 1775 2461 3201 1
1155 1248 1045 1775 1
693 387 456 1341 1
387 371 1341 693 1
2295 834 2754 1025 1
2128 430 2383 1043 1
1043 430 2383 1027 1
2295 2754 1896 1025 1
377 2888 368 3011 1
2128 430 2231 2383 1
193 509 715 621 1
621 2296 715 193 1
2296 193 2015 715 1
193 715 509 1317 1
193 2015 715 1317 1
3942 1592 2501 3431 1
2273 2516 2407 2835 1
3918 2407 2516 2835 1
196 182 3367 3978 1
182 3367 205 196 1
182 3756 3367 3648 1
182 3367 3978 3648 1
1834 2223 1710 2506 1
2601 2125 2664 3596 1
182 3367 3756 205 1
2267 2699 1853 2111 1
1394 2389 560 1326 1
1291 1853 2111 3274 1
1853 2267 2111 3274 1
2516 3649 2407 3623 1
2072 725 1339 2156 1
3623 2407 2516 3918 1
2839 1887 3044 1583 1
4045 3566 2483 3200 1
2946 725 2072 2156 1
2049 3609 3145 2849 1
1887 2625 3044 1583 1
1837 1018 736 1490 1
1018 1490 2480 736 1
1369 2393 419 404 1
1780 124 1481 1093 1
2519 1988 2115 2930 1
1481 1780 2105 124 1
3041 2491 3785 3703 1
3161 1863 3041 2491 1
1353 3410 441 2396 1
3410 1119 441 2396 1
1558 1119 2396 441 1
2396 1558 441 1030 1
1030 441 2396 1353 1
2397 92 1500 1627 1
92 2397 788 1627 1
1500 2397 88 92 1
1751 1909 2397 1039 1
1039 2397 788 92 1
1751 2397 1909 1989 1
617 3520 1400 1481 1
1184 3520 617 1481 1
780 480 1332 1478 1
1332 1478 624 1309 1
2399 647 2838 1493 1
1842 2399 1189 3331 1
2523 3169 2432 2647 1
1702 1442 2515 1469 1
3576 2523 3169 2618 1
2684 1140 3626 3591 1
2684 3591 3626 3451 1
2684 3591 3451 3687 1
3386 2811 3175 2523 1
2523 2432 2811 3175 1
435 2402 1321 513 1
435 523 1242 2402 1
513 2402 523 435 1
2816 2300 1393 1961 1
3805 3891 1223 1156 1
2816 2300 2319 1393 1
1244 2771 3368 2055 1
1392 1060 1757 1955 1
2143 2055 3368 2771 1
2089 2518 337 1244 1
749 3805 3891 1161 1
749 3805 3953 3891 1
1156 3891 3953 3805 1
1161 3891 1223 3805 1
1005 1609 384 2657 1
1412 962 2737 2248 1
2278 1746 2802 3056 1
2033 945 510 2408 1
3732 2408 3736 3009 1
878 1372 2832 2601 1
2737 1754 962 2037 1
3732 2408 3009 2898 1
962 1754 2737 2248 1
1993 2048 1150 1205 1
1533 1993 1150 1205 1
2802 2918 2375 2633 1
3717 3726 2933 3629 1
1372 1653 2832 2601 1
1372 1653 1962 2832 1
3908 1927 249 2717 1
2717 1927 249 3124 1
3348 3264 3728 241 1
3348 3264 241 3434 1
324 1409 1050 336 1
2201 665 769 72 1
2501 2538 1614 2213 1
769 2061 2201 72 1
2011 2201 2061 72 1
2011 72 1492 2201 1
2501 1592 1614 2538 1
2213 2538 3248 2960 1
1744 1799 1505 1797 1
1505 1895 2037 1506 1
769 1276 2201 2846 1
1276 714 2846 769 1
2846 1276 1523 714 1
2846 769 714 2061 1
2846 2061 714 2011 1
601 1276 1523 2846 1
666 1430 1464 1471 1
4010 3419 2484 3672 1
2847 3488 3395 3649 1
2847 3395 2843 3649 1
3972 3507 3631 2528 1
2210 2414 640 621 1
2528 2907 2974 3167 1
2962 2692 640 2414 1
2437 2600 3317 2889 1
2962 2414 640 2210 1
2889 2600 3093 3727 1
2437 2889 3317 2785 1
2191 2132 1768 103 1
2416 2381 2290 3572 1
2785 2889 3004 3963 1
2889 3727 3004 3963 1
249 3405 3631 3124 1
3631 249 2896 3405 1
3094 1928 2541 2746 1
2746 1928 2541 1383 1
3823 2746 2541 1383 1
3094 2746 2541 3823 1
2536 1456 834 2190 1
1648 834 1827 2536 1
1827 834 2190 2536 1
1648 2307 834 2536 1
2001 1456 834 2536 1
834 2001 2536 2307 1
159 178 2899 4087 1
2536 1456 2190 2765 1
561 865 545 952 1
2967 589 855 2645 1
3805 2634 1028 1223 1
494 1904 1230 2349 1
3253 3805 1028 1223 1
3795 3805 1028 3253 1
3619 2316 3689 3126 1
1122 1684 1796 1385 1
1796 1684 1122 2594 1
2907 3066 3118 3860 1
771 199 438 2421 1
1506 1217 1515 2422 1
1205 1169 2422 1129 1
3860 2907 2528 3786 1
3786 2907 3118 3860 1
1305 1652 813 1086 1
1305 813 1652 867 1
3120 3321 701 2782 1
867 1495 813 1652 1
3858 3624 3784 4004 1
2205 2473 1427 2263 1
2473 2834 1427 2263 1
2205 1427 2898 2263 1
2205 2171 1427 2473 1
3858 4004 3784 2531 1
1775 1396 1016 1534 1
33 2461 1775 1534 1
2655 2380 2428 732 1
3149 2519 2300 1911 1
2519 1670 2300 1911 1
1337 1459 1392 2211 1
2300 2115 1670 2519 1
2211 1459 1392 2776 1
3852 3958 2915 160 1
369 1886 3036 2427 1
3414 2655 712 732 1
2903 584 1642 905 1
3208 2908 2429 905 1
3208 2429 1951 1054 1
2429 2903 1642 905 1
2429 1642 2171 1054 1
596 1133 1879 2431 1
1901 1293 807 2653 1
807 2653 1811 1901 1
328 2022 1302 1583 1
1583 2005 328 2022 1
1911 2215 2653 807 1
2005 2612 328 2022 1
333 2612 3034 2313 1
807 1911 2323 2653 1
563 797 692 974 1
2078 2433 3496 2912 1
1997 2317 1560 1672 1
1824 933 1304 2125 1
525 933 1304 1824 1
1186 127 2247 696 1
2863 473 237 3461 1
890 394 406 2436 1
421 890 406 2436 1
1753 854 600 365 1
1651 365 1479 1753 1
1538 1912 2995 1417 1
2628 2835 2826 3704 1
2628 2835 889 3179 1
1912 1417 2237 2995 1
2835 3918 889 3179 1
3054 1094 3134 2439 1
2372 3037 2439 3101 1
324 1854 1050 1409 1
1050 1854 1883 969 1
1852 1357 1887 1368 1
1646 1417 2995 2464 1
1538 1417 2995 1646 1
2559 1612 113 3883 1
2875 1612 2563 2559 1
2530 3491 957 282 1
2393 1821 396 404 1
1423 2875 2563 2559 1
1369 1821 2393 404 1
2818 3200 3350 2560 1
1006 992 615 1291 1
3384 2560 2733 2595 1
1086 1003 615 992 1
2886 3398 2818 2560 1
2595 2560 3804 2886 1
1006 1086 615 992 1
2733 2560 3804 2595 1
1682 2442 1102 2334 1
2050 2561 2981 3387 1
2981 3387 2561 2327 1
1989 1181 2645 2442 1
731 2443 55 54 1
3930 3842 3850 2228 1
731 2443 1550 55 1
1898 2562 901 1614 1
2563 113 1612 1463 1
2538 2960 2572 3248 1
1423 113 2563 1878 1
1878 113 2563 1463 1
2563 1612 113 2559 1
1423 2563 113 2559 1
3102 3165 3232 218 1
1592 2538 2562 1614 1
2572 2960 901 3248 1
511 3978 3916 3437 1
511 3978 3663 3916 1
2273 2606 2826 3197 1
940 618 1276 1953 1
1276 1953 1523 940 1
661 1323 468 2674 1
2627 442 215 3454 1
693 456 1047 1341 1
661 1323 2674 2445 1
468 1323 890 2674 1
3454 215 3332 442 1
3454 3332 215 2643 1
507 1598 2236 2064 1
220 2448 1119 998 1
220 1472 1119 2448 1
2911 2735 2802 2375 1
2911 2735 3816 2642 1
3089 2066 2607 2568 1
3089 2568 2361 1198 1
2175 772 795 1470 1
1956 561 2283 1442 1
2568 3682 1957 2226 1
2414 1512 2169 1170 1
2169 2414 3538 2210 1
885 1939 1534 1555 1
1939 1941 1671 1555 1
2837 1636 1929 2573 1
2573 2160 89 91 1
2837 2573 1929 2160 1
1001 2053 362 3356 1
89 2754 1636 2573 1
2754 2573 89 91 1
1698 1038 2599 2460 1
2884 1284 1285 2451 1
1285 1448 2447 2451 1
2884 1795 1284 2451 1
813 3027 2196 2162 1
1448 2447 2451 1781 1
715 1897 2578 2200 1
1988 1897 2578 715 1
2453 976 3401 1370 1
715 2200 2578 2748 1
2572 1932 901 2960 1
2579 1314 833 91 1
2579 1974 1314 2573 1
2572 1659 1932 2960 1
3431 2960 2572 2538 1
1719 2850 436 2580 1
3431 1659 2572 2960 1
3526 3322 1052 2580 1
2494 2290 91 2754 1
2576 2003 3103 2285 1
2416 2381 3158 2290 1
3183 2576 2285 2751 1
1133 1821 2431 492 1
890 394 410 600 1
2529 1720 2677 2672 1
410 394 392 600 1
600 3472 2679 460 1
3792 1831 871 2570 1
890 460 3472 600 1
1720 2672 2544 2677 1
3930 3792 871 2570 1
1858 2734 813 1652 1
2576 2285 3103 3183 1
1541 596 1985 1663 1
2419 2039 2770 2688 1
895 944 3011 2454 1
1280 3011 2770 2454 1
2039 2054 2770 2688 1
1517 2114 2454 2279 1
2734 2162 813 1652 1
788 1326 560 1545 1
1346 1849 1545 1620 1
788 560 1620 1545 1
1326 2389 560 1545 1
2395 3759 2410 2768 1
857 450 1964 358 1
3319 2949 3571 2591 1
3262 3054 707 2591 1
3194 2940 1936 2848 1
3083 1946 2169 3538 1
1216 1817 674 1472 1
3234 3671 187 3894 1
764 456 1341 375 1
2632 2662 528 3201 1
2937 1928 2367 2757 1
2465 2541 2937 2757 1
3804 2595 2886 1068 1
3867 1130 3811 3866 1
862 930 8 923 1
2937 2541 1928 2757 1
2597 2377 219 2998 1
3141 2597 3519 253 1
2465 2541 2757 3823 1
2286 777 1375 2828 1
2286 777 2036 1375 1
2599 2656 2891 3702 1
1698 2599 3343 2460 1
3155 2943 2599 1698 1
2460 2656 2599 3343 1
3155 3039 2599 2943 1
3702 3039 2891 2599 1
1339 1400 1186 1462 1
2400 1400 1462 617 1
2400 1339 1462 1400 1
3539 2583 3618 2466 1
2638 2019 2218 1759 1
1206 2466 1197 2880 1
2082 1550 1264 1037 1
1369 2357 2467 2393 1
1369 537 2467 2357 1
3550 3176 3353 3811 1
3811 3176 3353 3340 1
2059 2243 90 2334 1
3176 3550 3856 3811 1
1289 2289 1169 864 1
935 2243 90 2059 1
225 2489 3116 2421 1
2489 2588 225 3116 1
225 3391 3116 2588 1
225 2508 2588 2489 1
3176 3811 3856 3929 1
3811 3176 3340 3929 1
3519 252 2590 2824 1
2567 606 1579 2471 1
1815 3520 1184 1679 1
1579 606 1397 2471 1
224 239 238 2953 1
1677 533 876 1694 1
1815 1679 1184 1725 1
1815 2247 3520 1343 1
3519 2590 3625 2824 1
2592 2508 3726 3130 1
1856 2045 2744 1065 1
847 1277 2204 1920 1
1856 2744 2045 2363 1
3387 3204 2712 2592 1
847 1252 1277 1920 1
1319 847 2204 1920 1
3726 2592 2795 3629 1
4075 3165 2593 248 1
2988 2000 3752 3003 1
444 1540 2474 1014 1
444 2474 1418 1014 1
444 2474 1540 1740 1
4075 3683 248 2593 1
444 2072 2474 1740 1
444 2474 2074 1418 1
444 2474 2072 2074 1
2593 3683 248 3048 1
2593 3165 4075 3228 1
2413 3665 2988 3752 1
225 1149 2489 2421 1
2222 2489 1149 2421 1
2476 2803 2692 640 1
3321 3796 2274 45 1
1170 1716 1670 2346 1
1716 1670 2346 1911 1
1476 1367 759 1062 1
1476 1062 422 1384 1
1476 1384 1367 1062 1
2477 3210 3216 2897 1
436 2903 3018 2104 1
2908 3322 3018 2104 1
797 563 786 974 1
931 563 974 786 1
1998 1770 2085 2099 1
2995 3015 2739 2464 1
2335 1680 1596 2067 1
2353 1606 1684 1340 1
3850 2957 3611 217 1
3317 3243 519 3600 1
3379 3526 519 3317 1
1723 1300 2480 1018 1
1723 2480 736 1018 1
1018 2480 1345 1300 1
1842 1300 1650 2480 1
88 1102 1989 2442 1
1102 1682 1989 2442 1
2311 2296 1512 668 1
3096 1378 2893 2434 1
34 1378 1211 2602 1
43 2392 2260 28 1
2260 28 3475 43 1
2483 2391 4045 1501 1
3224 2612 3814 2005 1
2311 1512 2296 1333 1
3027 566 2145 2966 1
2966 566 2145 2700 1
515 31 1509 1945 1
2280 566 3027 2966 1
3869 566 2966 2700 1
3959 2966 3214 2280 1
1447 1581 1081 2884 1
347 2884 1447 1081 1
500 96 792 2502 1
96 2243 90 2485 1
3751 3062 2108 336 1
3358 2533 2502 2243 1
855 2242 2967 2645 1
2486 1027 606 1087 1
2242 2433 855 2967 1
3230 1453 2138 865 1
2452 3292 3502 3636 1
2409 3665 985 3215 1
985 3215 2065 2616 1
3717 3127 3615 2969 1
2969 3127 3615 3456 1
989 1047 2216 2605 1
1296 594 2777 1859 1
2615 1296 594 2265 1
2615 594 1859 417 1
1296 2615 594 1859 1
1152 1318 532 488 1
1152 1624 1318 488 1
222 3119 230 3705 1
1152 488 1978 1624 1
3112 2641 3947 1212 1
749 1212 3947 2641 1
3112 2641 3953 3947 1
3115 737 3851 3033 1
749 3947 3953 2641 1
442 3024 2414 3115 1
1197 2607 2466 2361 1
3416 3476 682 3936 1
682 2798 3416 3936 1
2798 682 3927 3936 1
2798 3927 682 2185 1
2625 3044 866 2249 1
2625 1244 2249 1947 1
1926 1244 2625 1947 1
3193 2704 3661 2921 1
2043 1777 1612 1173 1
890 394 2436 410 1
1553 1592 1898 2608 1
2329 1553 585 2608 1
2329 1553 2608 1592 1
2501 1592 2329 2608 1
1372 2601 1512 1653 1
3488 3298 2971 2847 1
2480 1493 1650 1842 1
1189 1650 2034 1493 1
3411 2847 2971 2044 1
2794 2403 2631 2433 1
2398 2403 2794 2433 1
4020 3296 3523 2973 1
2610 3407 1980 2289 1
3407 2610 3681 2289 1
2311 1333 2296 2330 1
3489 2734 2162 2280 1
2280 2966 3027 2162 1
2691 1861 748 1671 1
2691 1861 1671 1016 1
2854 3665 3752 3003 1
2162 2734 813 2280 1
3027 2162 813 2280 1
2878 3167 2548 2974 1
2339 2548 2974 2878 1
3489 2162 2966 2280 1
2496 469 1718 2586 1
2496 2586 1718 551 1
2586 2024 2337 2095 1
1524 1643 2817 1905 1
1643 1259 2817 1905 1
2741 1643 2022 1800 1
2637 3352 816 2936 1
143 3646 2899 3620 1
2703 143 3646 2899 1
972 964 2090 502 1
3474 1625 1785 1118 1
2611 2285 2369 2003 1
2576 2611 2285 2751 1
2611 2285 2003 2576 1
2466 3474 1785 2500 1
2466 2945 3474 2500 1
2611 3053 2509 2369 1
3527 197 3166 2698 1
2504 3053 2509 2611 1
500 792 1331 2502 1
96 2485 792 2502 1
3358 2533 2691 2502 1
2502 2243 96 2485 1
2122 311 541 1380 1
1380 311 745 2122 1
2781 3683 2929 248 1
2913 2781 2929 248 1
416 2350 456 1875 1
416 2350 1875 1656 1
2640 3189 723 722 1
2155 722 3189 2640 1
910 722 2155 2640 1
572 2874 2137 2522 1
2137 2303 2522 1183 1
3303 3512 230 3538 1
3332 3538 3512 3303 1
654 956 1375 583 1
1569 2510 378 2026 1
176 2634 1028 3805 1
378 1708 2510 361 1
378 2510 1708 2026 1
1028 2634 176 3893 1
747 1100 2486 1087 1
2601 2125 3596 2715 1
3596 2601 2715 2832 1
1706 2428 3122 2815 1
1706 2428 2552 3122 1
2832 3737 3596 2601 1
2617 2088 855 2403 1
2489 2800 2588 3116 1
3051 2854 3226 1491 1
3419 2088 2617 2403 1
1630 1316 1559 2171 1
2651 2171 1559 1951 1
2588 3391 3116 2824 1
2651 2866 1951 3164 1
2651 1630 1559 2171 1
2651 1630 2171 2809 1
2588 2508 3130 2489 1
2617 855 2088 2338 1
2616 2409 2980 2386 1
2617 2338 2088 3383 1
2617 3419 3383 2088 1
3576 2523 2647 3169 1
2618 2729 2523 1736 1
2519 2115 1670 2930 1
2997 1988 2115 2519 1
2300 2115 2519 2997 1
3251 3676 2620 3202 1
380 2654 2650 368 1
2650 368 2654 2141 1
2522 1396 572 2874 1
1396 1568 2874 2522 1
2137 2522 2874 1183 1
2655 2428 712 732 1
3002 2428 2655 2380 1
2655 3002 3261 2428 1
2981 3387 2592 3497 1
3387 3204 2592 3497 1
1651 1696 951 2752 1
3228 3165 3497 2593 1
1465 381 1178 818 1
633 1274 851 616 1
1922 851 616 633 1
1549 1274 633 616 1
1061 228 1014 2524 1
3994 3957 248 246 1
1858 1652 1495 1295 1
363 359 1628 395 1
1858 2734 1652 1295 1
383 1628 359 395 1
585 1048 1661 2659 1
1661 2329 2002 3942 1
2329 2501 2002 3942 1
3629 2520 3204 3376 1
3765 2622 3861 3769 1
2091 3596 565 2715 1
3596 2125 2506 565 1
3596 565 2506 1921 1
3795 3288 3805 3253 1
3288 3805 3345 3795 1
2148 2752 878 2526 1
2664 269 639 260 1
731 939 55 1550 1
939 1550 2529 55 1
2529 1264 77 55 1
3336 1509 36 2767 1
2830 3336 1689 1509 1
36 2830 1509 3336 1
1738 726 1832 629 1
1848 2053 892 1252 1
892 1848 3356 2053 1
3515 2025 2337 3356 1
2057 2939 1413 3286 1
168 3955 201 155 1
3911 201 168 3955 1
2502 2243 2533 96 1
1851 1728 2533 431 1
2533 1728 500 109 1
1851 1712 2533 1728 1
1851 431 2533 102 1
2534 2723 1080 2453 1
1080 918 2723 2534 1
3796 29 2274 2001 1
2534 1394 2287 584 1
3321 29 2274 3796 1
421 2344 406 890 1
3472 2344 1629 890 1
3321 29 3801 2274 1
2311 1824 2601 933 1
2535 2544 3274 721 1
3801 2274 29 2001 1
1986 2535 3274 721 1
1288 721 861 2535 1
1288 1986 721 2535 1
2311 2601 878 933 1
1824 2125 2601 933 1
3393 3587 3238 3867 1
2059 2100 2243 1243 1
3504 3311 2537 3657 1
1814 2431 1466 3347 1
3531 1027 2539 125 1
1255 3822 2539 125 1
1255 1038 2539 3822 1
2630 3387 2712 2592 1
2217 2211 1963 2776 1
2540 2349 660 2469 1
1253 1699 2540 842 1
2327 3387 2712 2630 1
1699 2469 2349 2540 1
2590 3362 2185 3625 1
2481 2318 1834 1639 1
2406 2481 1834 2223 1
2590 2185 2798 3625 1
2590 3927 2798 2185 1
2616 2409 985 3215 1
2198 2980 3215 2822 1
3215 2409 2980 2616 1
2132 1776 1507 2153 1
1512 2930 2296 1333 1
1010 2386 2616 2198 1
980 2386 1010 2198 1
2543 1772 2368 1057 1
2543 1772 1057 904 1
79 615 2544 424 1
656 2545 1522 955 1
3587 3745 2944 3914 1
2944 3937 3677 3745 1
3745 3914 3677 2944 1
2785 2889 3317 3004 1
2889 3727 3093 3004 1
3020 240 230 2683 1
2785 3004 3317 1839 1
3004 3979 3317 1839 1
2054 3404 2039 2332 1
3093 3727 3979 3004 1
1750 650 1733 512 1
1750 650 1329 1733 1
3119 2683 3705 473 1
2332 2598 2039 2054 1
879 1240 1640 1543 1
2120 1660 1240 879 1
1640 879 2120 1240 1
2631 2294 3529 3968 1
396 1821 2638 390 1
2631 3330 2294 3968 1
1701 2638 396 1821 1
1813 3226 3473 3759 1
3226 3759 1813 2768 1
2954 3518 2294 3330 1
2054 2018 1514 2770 1
2054 1979 2308 1514 1
1763 114 1575 1255 1
2688 2931 2764 2012 1
1280 2688 2018 1398 1
2018 2688 2012 1398 1
1280 2770 2688 457 1
2179 2688 2770 457 1
2590 3650 3861 3765 1
377 2308 2888 3011 1
1777 1612 2425 435 1
2834 1777 2425 435 1
1706 859 638 3721 1
1316 1344 2689 1966 1
1236 3117 1546 1898 1
2554 653 562 2299 1
2554 1187 3001 2881 1
2293 1187 2554 653 1
2554 2299 2293 653 1
653 2510 2881 2554 1
2554 3001 361 2881 1
1316 810 1344 1966 1
724 1384 1367 397 1
2689 1316 1966 2304 1
2689 1630 1316 2304 1
3071 1683 2920 2159 1
1592 3117 1236 1898 1
2653 1531 1653 1962 1
2653 1962 1293 1542 1
2653 1531 1962 1542 1
888 2690 3095 607 1
1998 2555 2603 2711 1
515 2691 2284 2856 1
807 1293 2215 2653 1
2653 1653 2498 1962 1
1998 2555 2521 2603 1
2521 1676 2856 2555 1
2323 2653 1811 807 1
4005 4029 3281 3545 1
1901 2653 2498 1962 1
3270 4029 3545 3281 1
1962 1293 1901 2653 1
2583 2810 2880 2887 1
1901 2653 1811 2498 1
3270 3619 3281 3545 1
1821 399 1879 390 1
500 2284 2556 1600 1
500 1600 2556 1331 1
2284 2084 2556 64 1
1888 2252 2232 412 1
2590 3861 3362 3765 1
3362 3765 3861 3769 1
1095 3489 2162 2700 1
1163 1024 555 932 1
932 1024 1872 437 1
555 932 1024 1872 1
3519 2590 2798 3625 1
310 1735 1320 565 1
3519 3927 2798 2590 1
2310 2702 3583 2109 1
2702 2687 3583 2109 1
2702 2372 2687 2109 1
2285 2217 2280 2211 1
2285 3214 2280 2217 1
222 3119 212 230 1
222 3512 230 212 1
2705 2464 2475 303 1
230 215 212 3512 1
2414 1512 2210 2169 1
1512 2930 2115 1988 1
1496 1554 3801 3458 1
1512 1170 2930 2346 1
1229 2567 2153 1579 1
130 2128 1803 2567 1
130 2567 1579 2471 1
2628 2826 3084 3994 1
2004 827 1446 3148 1
505 1599 2202 1446 1
2477 1011 2449 2275 1
2931 1576 2970 2661 1
3133 2477 2275 1011 1
1835 1110 315 1992 1
1919 320 1631 123 1
1273 1011 2477 3133 1
320 1228 123 1919 1
2661 2773 2707 3174 1
1631 320 1208 123 1
3775 3230 2786 3694 1
1319 3220 847 490 1
1319 1977 3220 2276 1
1534 2730 2522 1939 1
1534 713 2730 1939 1
2522 1396 1534 572 1
2137 2522 2303 526 1
3131 3017 2998 243 1
2931 2828 1576 2661 1
3017 2597 2998 243 1
3017 3476 3416 3936 1
2661 2828 2773 3174 1
2597 255 3017 253 1
3017 255 3936 253 1
699 2122 2577 563 1
699 2577 2072 563 1
3257 2381 2713 1797 1
260 240 230 3020 1
1232 2716 941 1173 1
2581 1587 1115 649 1
2581 1298 993 1587 1
941 1777 1173 2716 1
941 2458 2716 1938 1
468 1629 2674 890 1
2469 468 1629 654 1
3267 1266 2469 1629 1
941 1777 2716 2458 1
2344 1629 890 2674 1
2717 1813 2789 2271 1
1813 2717 3567 3229 1
1733 1750 1964 1843 1
2717 2789 3124 2339 1
3567 3229 2717 3363 1
594 2718 1069 402 1
1572 402 1069 2718 1
1845 402 1572 2718 1
594 2114 2718 402 1
2114 402 1517 2718 1
1517 402 1845 2718 1
939 2206 37 55 1
288 307 285 2805 1
3025 309 2406 2223 1
3025 309 2223 283 1
3431 876 1659 2671 1
666 2585 1430 1471 1
2031 2585 1471 1430 1
1805 2585 1141 2031 1
551 2320 2095 2586 1
1252 1695 2586 2053 1
2320 1695 354 2053 1
3354 537 2187 2357 1
2320 2586 1695 2053 1
2496 2024 2586 2095 1
2496 2095 2586 551 1
2187 2322 2357 2726 1
2322 2726 2463 2357 1
2463 1454 2252 2914 1
163 2727 3686 3898 1
3703 3648 2727 3730 1
366 1099 643 450 1
2706 1706 2728 2815 1
2728 1706 3122 2815 1
2706 1706 729 2728 1
3603 1706 3122 2728 1
3559 3409 1501 2620 1
3253 3288 916 3123 1
3253 3123 916 3570 1
1666 3288 2339 916 1
2271 3123 3570 916 1
916 3123 2339 2271 1
2671 876 1659 316 1
3183 2285 2280 2211 1
2671 1659 2960 316 1
2671 1694 876 316 1
2671 3951 1694 316 1
3951 2671 2960 316 1
882 1440 335 1802 1
1802 1440 1377 536 1
2578 3115 3033 737 1
2748 2578 3033 737 1
794 897 2594 1269 1
1269 2594 1800 913 1
1122 897 2594 2353 1
2573 2754 1314 91 1
2573 2579 2160 91 1
2579 2573 1314 91 1
2385 1442 1470 326 1
1361 2013 1866 1317 1
3868 1209 2162 2734 1
1236 845 1546 3117 1
2537 2744 3311 2363 1
3311 2744 2537 3657 1
1283 1621 1411 1826 1
3336 46 2678 1509 1
1622 2279 1925 377 1
1517 2279 2454 1925 1
2650 2279 377 3011 1
3011 2279 1925 2454 1
659 1832 1738 117 1
3785 3993 3845 3289 1
3771 3993 3785 3289 1
3530 3785 3735 3289 1
3785 3289 3845 3735 1
3530 3771 3785 3289 1
2986 2331 2108 3062 1
1216 1472 674 216 1
674 3410 1472 1119 1
3766 2894 2331 2986 1
1216 674 1562 216 1
2788 2894 3766 2986 1
2986 2894 2331 3062 1
2788 2894 2986 3062 1
2736 2494 91 1906 1
2474 1540 1117 1014 1
2474 1117 1418 1014 1
1229 1507 2191 1007 1
1674 2797 1351 1995 1
2603 2555 35 2711 1
2603 2555 2521 35 1
1674 3511 2932 1995 1
1643 2741 2817 1259 1
1302 1643 2022 2741 1
1259 2741 2817 2774 1
2755 2741 2774 3607 1
2743 556 3233 1312 1
3502 3987 4012 4002 1
1007 1579 1229 1507 1
3957 3232 2606 2574 1
2537 2363 2045 2744 1
2537 2045 2666 2744 1
1782 3569 1850 3452 1
2537 2744 2666 2922 1
1850 3452 3569 4023 1
2746 1794 1383 1088 1
3823 2541 2757 1383 1
3729 1622 1517 2796 1
2749 1334 2518 3513 1
3045 2582 1784 1597 1
2749 2910 2089 1363 1
1688 2910 2749 1363 1
1597 1784 1553 970 1
1597 3045 2582 2188 1
1441 3352 816 2637 1
2595 3384 2358 2686 1
2595 2686 2457 3123 1
2733 2462 2686 1068 1
2595 2358 2457 2686 1
1432 3123 2686 1068 1
3586 489 237 3985 1
1812 1954 2751 1877 1
2002 3431 2501 2213 1
1954 3394 2209 1877 1
2209 3394 3035 2301 1
2659 2213 2002 2253 1
3266 3050 3855 2683 1
3020 3266 3855 2683 1
2253 2213 2002 2501 1
3403 1925 2308 377 1
3211 442 3332 3538 1
734 3924 3458 4001 1
3874 138 3469 3866 1
1456 2658 56 1460 1
3971 1008 3052 3049 1
3971 1085 3052 1008 1
1552 2614 1087 606 1
3670 3052 1085 1008 1
1552 606 1288 1986 1
1803 2614 2153 2567 1
606 2614 2153 1986 1
1552 606 1986 2614 1
843 3857 3159 2244 1
3857 2244 843 3604 1
2244 3940 843 3604 1
2244 4051 843 3940 1
2244 3159 843 4051 1
3683 2929 248 3048 1
2051 3943 2833 2961 1
3883 1612 113 2759 1
2088 2484 3104 734 1
113 1612 2689 2759 1
3180 2689 2304 3943 1
2455 2484 734 3104 1
2051 3943 2961 2304 1
2455 3104 734 3956 1
976 3401 2619 717 1
1370 976 3401 2619 1
3031 3933 697 70 1
942 3582 1138 3085 1
697 3933 3031 2261 1
1897 157 2378 1698 1
3455 3169 3576 2647 1
2647 3455 3169 2369 1
1239 2204 1920 1319 1
157 1698 2984 2378 1
543 2204 1920 1239 1
190 157 2378 1897 1
888 2690 3290 3095 1
3095 3442 3972 2505 1
1519 3486 2147 2623 1
1519 3486 2623 765 1
98 1533 2624 105 1
2163 2420 1873 2624 1
3845 831 155 3917 1
683 831 3917 155 1
831 3845 155 2569 1
412 2252 3282 2642 1
3866 138 3469 160 1
4000 3827 3469 3887 1
3866 3469 4000 3827 1
1677 934 1214 3431 1
1677 1694 876 3431 1
2768 3226 2410 1491 1
2410 3459 2395 2768 1
2768 2271 1491 1798 1
1491 1798 2224 2768 1
3459 2224 2395 2768 1
2049 3609 2849 3063 1
2762 2338 1823 2769 1
2971 3609 2049 3063 1
2971 3063 2049 3170 1
2012 2661 3073 2707 1
2661 1576 1407 2707 1
1649 486 1667 873 1
1700 486 1657 1649 1
1657 1497 1700 538 1
486 1700 1626 1649 1
1657 538 1700 441 1
2308 2770 2598 2054 1
1280 2770 2018 2688 1
3168 2860 2382 2226 1
2532 2598 2332 2054 1
382 2709 1743 2382 1
2055 2027 1244 2771 1
2089 2771 2518 1244 1
2934 2709 1623 1275 1
3168 2860 2226 1623 1
975 2636 3143 1103 1
2027 2771 2089 1244 1
240 3020 3855 2683 1
1103 2636 3285 2694 1
240 3020 260 839 1
2018 1979 2054 1514 1
839 3855 240 3020 1
3281 1863 2639 3250 1
909 1446 1455 327 1
1181 2912 1602 59 1
3281 3250 2639 3921 1
1446 909 2004 327 1
3281 3176 3250 3929 1
105 2624 1309 1533 1
3281 3250 3921 3929 1
3281 1863 3250 3176 1
1089 729 3721 3603 1
3721 3397 729 1089 1
2018 3388 1979 1514 1
2887 1979 3440 2018 1
2280 3489 2734 2776 1
1149 2255 2184 2489 1
4011 4007 3448 1204 1
3448 4007 4011 3072 1
229 1422 3126 2750 1
3448 3072 4042 4047 1
700 396 2638 390 1
2638 1821 1789 2240 1
2184 2255 3726 2489 1
3448 3072 4011 4042 1
3983 2135 2638 1789 1
2630 2712 247 2592 1
252 3650 3418 2630 1
1945 1342 2282 507 1
3765 2712 3861 2622 1
1417 2185 1855 2237 1
1417 1855 2185 1902 1
3023 1595 684 954 1
3430 3671 3077 1195 1
3491 292 2780 2157 1
1249 4028 3080 3914 1
1249 3750 3080 3058 1
2887 2018 1560 3388 1
180 3427 3081 579 1
180 575 579 3081 1
3813 3081 575 180 1
185 3938 180 3081 1
3190 712 1577 2655 1
3813 3938 3081 180 1
1428 623 2646 1247 1
185 3427 3081 180 1
2230 2646 1970 2417 1
1428 1247 2646 1970 1
1979 2018 2887 3388 1
1577 712 3414 2655 1
2250 2719 2325 1927 1
4075 248 3683 3402 1
2231 1550 1793 1053 1
2112 2231 1053 1550 1
1793 1053 1550 731 1
3570 2649 916 1096 1
2927 2719 2325 3597 1
3082 3829 158 2644 1
3082 3829 2644 3199 1
3082 3199 3310 3829 1
1957 1198 1196 2725 1
1957 2382 1196 1680 1
2717 1813 275 2789 1
2725 1196 2382 382 1
2959 2548 3124 2789 1
1198 1196 2725 2942 1
2984 157 2378 164 1
2725 1196 1957 2382 1
2027 2120 1660 2089 1
3969 1334 2120 3513 1
1939 713 885 1534 1
2402 1321 510 3009 1
3009 1321 510 2033 1
3009 2408 2033 510 1
3009 2408 510 2287 1
2920 2264 3071 2119 1
2975 2063 2170 719 1
2042 1954 3394 2140 1
2889 2600 3317 3093 1
2434 1950 1167 1885 1
1459 1495 1858 3183 1
2889 3093 3317 3004 1
3317 3093 3979 3004 1
2048 1495 3183 1632 1
2434 1885 2779 1950 1
3355 3205 2017 2493 1
3093 3243 3317 3979 1
2600 3243 3317 3093 1
3963 3208 1559 711 1
3182 1559 3963 2651 1
1020 1488 384 2657 1
3080 3867 2915 3958 1
2689 1463 2008 1344 1
2008 1463 1166 1344 1
2689 1344 2008 1966 1
3080 3867 3393 2915 1
3575 2781 2913 246 1
2929 2781 2913 3575 1
2929 248 3048 2913 1
2295 2658 1460 1564 1
1932 2731 901 2960 1
1898 1614 901 2732 1
2842 537 419 1369 1
2660 296 301 1144 1
3449 296 290 301 1
2660 301 296 3449 1
3026 2371 2276 490 1
2276 3189 2275 2371 1
3210 490 2371 3026 1
1617 1860 2472 1453 1
2896 249 2325 1927 1
2632 2662 3201 2461 1
2662 1248 3201 2461 1
2662 1248 755 528 1
3091 2341 3131 2803 1
2142 2663 438 2180 1
3867 1130 3890 3880 1
2911 3441 2426 2735 1
2735 2802 2404 1673 1
2642 2735 3574 3265 1
1939 57 3385 526 1
2798 682 1066 1833 1
2911 3265 2735 2642 1
2376 3385 713 1939 1
2667 191 228 192 1
2667 1033 228 191 1
191 1033 555 2667 1
2257 535 1565 1702 1
2257 535 1891 1565 1
2257 1891 2117 1565 1
2257 1565 2546 1702 1
2257 2117 2546 1565 1
262 839 260 3266 1
3020 3266 260 839 1
1139 2337 2095 2320 1
2915 3958 3866 160 1
2095 2320 2337 2586 1
2915 160 3866 3827 1
2915 3867 3866 3958 1
3867 3866 3827 2915 1
3047 2527 1865 2669 1
3047 2669 3689 2527 1
2669 1144 3689 2660 1
1863 3735 3250 3530 1
3530 3735 3250 3289 1
1940 658 1536 2034 1
1493 3277 1189 2399 1
1930 2932 3511 2235 1
2254 1891 535 1894 1
1894 1891 535 1274 1
1674 2932 3511 1930 1
1731 952 850 535 1
861 2672 2544 424 1
2672 424 79 2544 1
2529 2672 939 55 1
2529 55 79 2672 1
861 491 2672 424 1
2672 424 491 939 1
786 1838 931 2122 1
2216 661 2674 2445 1
2674 2445 1323 456 1
729 3603 1706 3721 1
1706 3603 729 2728 1
769 665 1276 1704 1
1889 1163 2096 1286 1
1704 2096 1889 1163 1
2157 3603 3122 2728 1
3123 3794 2457 2994 1
2805 3673 3554 3902 1
3908 2457 3794 2994 1
2358 2457 3794 3908 1
3611 2957 224 217 1
1648 2536 1827 2367 1
1648 2307 2536 2367 1
1928 1648 1827 2367 1
2923 3472 460 2679 1
641 2679 376 460 1
2256 1309 624 1478 1
1478 2256 1309 1463 1
1722 2832 1921 1734 1
2832 2091 1921 1734 1
1921 3596 2091 2832 1
3314 2866 3164 1633 1
1630 2425 2809 2146 1
3791 2146 2809 2473 1
2473 2146 2809 2425 1
3697 1630 2809 2146 1
3558 2832 4022 1722 1
2832 4022 1921 3596 1
3284 2681 722 3189 1
2197 2289 3681 1289 1
1518 2265 1619 2681 1
2405 2615 1518 2681 1
2801 2138 1079 2069 1
3561 3681 3544 2197 1
1505 2041 2811 1506 1
2729 2873 3433 2811 1
2873 2811 2041 3467 1
600 854 1915 641 1
1645 460 600 1199 1
600 460 1915 1199 1
2507 494 1230 258 1
258 494 549 2507 1
1249 3080 3852 3058 1
889 246 2628 3092 1
3510 2815 2706 921 1
2815 2428 3122 2935 1
2706 2815 2728 921 1
2728 2815 3122 2935 1
3575 246 3092 2781 1
252 2327 3650 2630 1
3721 2372 729 3397 1
252 2327 2630 2981 1
1524 1643 1302 2817 1
1643 2741 1302 2817 1
2817 2741 3607 2774 1
3598 295 2345 3190 1
295 276 3598 2345 1
2773 1402 3174 2286 1
1402 3029 2773 3174 1
339 512 520 350 1
814 520 2513 339 1
1012 572 547 1707 1
1861 547 748 572 1
1928 2367 1827 3094 1
748 572 547 2246 1
572 1012 547 2246 1
2184 2508 1149 2489 1
3094 1928 2367 2937 1
2255 2222 2489 1149 1
2822 295 281 3974 1
3665 2822 2980 3974 1
2822 3928 281 295 1
1036 1032 2972 3324 1
1032 1608 1036 2972 1
1036 3324 2972 848 1
848 1036 2129 2972 1
192 2667 773 1061 1
192 228 2667 1061 1
3133 3210 2371 2477 1
680 2629 681 2913 1
680 1002 681 2629 1
3210 1273 2477 3133 1
681 914 966 680 1
1002 681 966 680 1
3717 3127 2969 3146 1
3717 3127 3146 3479 1
2916 3127 2969 274 1
2916 3127 3228 3479 1
2980 3974 281 978 1
2980 978 2386 1017 1
2409 1017 2980 2386 1
3449 3006 290 296 1
3126 3006 290 3449 1
3373 208 3604 212 1
783 3137 1662 2977 1
2977 3766 2158 2894 1
438 2803 2142 3059 1
2377 3605 219 2803 1
3148 542 1662 783 1
3373 3604 3857 212 1
1599 827 1662 3148 1
2476 2803 3059 2692 1
3812 212 3604 208 1
680 1002 1893 2446 1
3628 3108 2649 2694 1
2988 3003 3752 3665 1
3628 2909 2694 1128 1
680 1002 2629 1893 1
675 3792 3715 2228 1
3792 3715 3247 675 1
675 2859 3247 3349 1
2044 3411 2847 2761 1
3106 3411 2044 2761 1
2606 2273 3066 3553 1
3106 2761 2947 2528 1
1907 644 2299 562 1
2374 658 462 2299 1
3330 2080 3333 2954 1
2947 2761 2847 2528 1
1019 1324 1794 2553 1
696 2178 1872 437 1
115 696 2178 127 1
1955 1727 1290 1338 1
2189 1727 1955 1338 1
1675 2931 2970 2764 1
1675 2764 3799 2039 1
2764 2931 2970 2012 1
2764 3073 3799 3618 1
2764 3647 3618 3799 1
2823 3793 3159 3462 1
3793 151 2599 2656 1
2366 2653 2215 1293 1
811 2086 465 1644 1
934 2086 811 1644 1
138 2925 3821 3874 1
2417 1970 120 2441 1
2441 2850 3213 1732 1
3821 138 3866 160 1
138 137 3821 2925 1
147 3821 160 138 1
1816 322 1547 354 1
138 137 147 3821 1
3874 138 3866 3821 1
89 1636 2837 2573 1
89 2573 2837 2160 1
3520 1481 1184 1679 1
1093 1343 1780 1872 1
2846 714 1523 1568 1
2846 1523 1396 1568 1
1343 1780 1481 1093 1
1524 2839 328 1302 1
328 1583 1302 2839 1
2839 3044 3814 1583 1
3571 3054 2591 1094 1
662 3149 3536 2495 1
2706 3510 921 1094 1
2989 3054 3262 3571 1
2042 3394 1506 2140 1
3140 178 172 186 1
1506 2140 3394 1279 1
2644 3140 3646 2696 1
2644 3140 2696 186 1
283 3142 269 2223 1
3142 3025 2223 283 1
3251 3676 3409 2620 1
1288 1338 1727 1986 1
2189 1986 1727 1338 1
2095 2024 1971 2496 1
2567 2383 606 1043 1
1043 2383 606 1027 1
2567 2471 1043 606 1
262 3142 269 283 1
3146 3127 2969 2916 1
2661 1576 2707 2773 1
3146 3127 2916 3479 1
2661 2828 1576 2773 1
3584 2707 1576 2773 1
2068 2286 2773 2828 1
2068 3584 1576 2773 1
2843 3395 234 3649 1
2907 3860 2528 2843 1
2843 3860 3562 2907 1
2922 2819 2666 2836 1
3051 999 276 3740 1
2715 565 2091 1990 1
3787 3740 999 1017 1
3147 999 3051 3740 1
1608 1190 828 462 1
1608 828 1190 1345 1
2480 1650 1608 1345 1
1505 1744 1797 1895 1
1895 1217 2037 1506 1
3351 3405 1927 3124 1
1217 1506 1895 2422 1
1506 2422 1744 1895 1
1797 1895 2037 1505 1
3323 2514 2708 3576 1
1228 2009 1455 1362 1
3827 3469 168 160 1
828 1455 2009 1362 1
2708 3576 1999 3323 1
3866 160 3469 3827 1
2832 1567 306 878 1
2832 306 1567 1734 1
2147 3486 1458 2216 1
654 2147 2674 1875 1
878 1372 306 2832 1
2674 2216 456 2147 1
914 239 238 966 1
369 2470 2321 3036 1
680 914 966 239 1
1917 306 2832 1734 1
238 239 2315 966 1
2761 3488 2847 3649 1
966 2315 2438 239 1
680 239 966 2438 1
2779 3244 2159 2921 1
2779 3360 2159 3244 1
3080 3058 3382 3832 1
3852 3080 3832 3058 1
2848 3691 246 889 1
3750 3058 3382 3080 1
2325 2849 3294 2250 1
3585 3900 3566 3268 1
1019 3038 2182 1457 1
2182 3038 2723 1457 1
2190 2765 1974 637 1
652 2453 1457 2723 1
2919 473 2724 3743 1
3360 1885 3244 2779 1
2397 637 2094 1974 1
637 2190 1326 1974 1
2098 455 1749 1877 1
1699 654 956 494 1
1253 1699 1287 2349 1
1287 1699 956 494 1
3779 3725 4052 2203 1
2852 2455 3237 912 1
2748 1027 3531 3033 1
168 3955 155 3469 1
2138 1079 1769 1433 1
2786 1433 1079 2138 1
155 3845 3469 3955 1
2522 1939 2730 526 1
2522 2730 2303 526 1
862 510 16 513 1
16 8 11 1 1
2551 1903 428 19 1
16 1648 3241 1129 1
1898 2784 901 2562 1
2784 1932 901 2572 1
2784 2572 901 2562 1
3261 3665 3752 2854 1
3051 276 3226 2854 1
134 143 2899 3620 1
45 62 56 1456 1
2315 2790 3144 3514 1
2394 2981 2327 252 1
2327 2394 252 277 1
3010 2394 277 252 1
3549 3676 3804 2886 1
2886 3398 2560 3549 1
2560 3549 3804 2886 1
2886 3113 3549 3676 1
2886 3113 3398 3549 1
2791 1354 2346 2373 1
2428 2186 3122 2935 1
138 2925 3874 3369 1
724 1234 613 1367 1
724 1234 1471 613 1
730 613 1471 1234 1
138 3874 4049 3369 1
1101 1396 2461 1534 1
2461 1396 1775 1534 1
138 4049 4006 3369 1
2791 1607 2346 1354 1
2940 2738 1936 2848 1
3163 1161 4033 749 1
3931 4033 749 3163 1
1248 3201 528 2662 1
1775 1248 3201 852 1
2461 1775 1248 3201 1
3149 2346 2791 1607 1
3917 831 683 4006 1
3917 3993 4006 4049 1
277 3927 309 278 1
3927 279 309 278 1
309 3927 3563 279 1
2215 1607 3149 2791 1
3171 3927 3563 309 1
1557 1601 2709 1791 1
3381 3841 2761 3649 1
3185 3889 3853 3810 1
2709 1601 1275 1791 1
447 459 1758 1977 1
2427 1886 1977 1685 1
338 967 2747 720 1
1352 2265 847 1619 1
2971 3063 3170 2044 1
2748 1038 737 2539 1
3531 1027 2748 2539 1
3772 3925 1085 3052 1
1772 57 2368 3075 1
3772 3052 1085 3670 1
2487 1085 3925 3052 1
2543 3231 1772 904 1
1255 1082 1763 1937 1
2398 3419 2794 2403 1
1517 2718 1925 2454 1
2598 2770 2419 2039 1
3164 3187 2866 2429 1
2752 341 1479 1651 1
2752 319 2526 323 1
933 2752 2148 323 1
3726 2592 247 2795 1
323 951 933 2752 1
1939 526 2522 2137 1
3187 2205 2866 2429 1
1633 2866 2205 2473 1
3726 2795 247 3632 1
3269 3172 2738 3444 1
3269 3514 3172 3664 1
191 1024 1286 192 1
191 1024 192 2667 1
3958 3821 3866 160 1
147 3821 3958 160 1
1989 1499 2080 2865 1
1751 1499 1989 2865 1
2080 1989 2865 425 1
3377 1959 1910 3329 1
3958 3821 3867 3866 1
3377 3426 1959 3329 1
2939 2057 2102 1725 1
3627 3239 2516 2273 1
3495 3471 3016 2826 1
2273 3239 2516 2835 1
2826 3016 2273 2835 1
1896 2658 89 2754 1
3627 3239 2273 3016 1
2022 1800 2755 2741 1
2756 38 923 945 1
3210 1742 420 630 1
3210 2371 1746 3026 1
2945 2226 1680 1438 1
2897 2238 2336 2758 1
2213 3431 2538 2960 1
3474 2568 1957 2226 1
3474 2226 1957 1680 1
3474 2226 1680 2945 1
3474 2568 2226 2430 1
3474 2430 2226 2945 1
123 2024 1919 1475 1
1919 2024 1848 1277 1
1848 2024 1252 1277 1
1631 1848 1919 2024 1
1631 1848 320 1919 1
947 3587 3836 3393 1
2534 652 510 1394 1
3475 3273 2876 3496 1
2534 1394 510 2287 1
2876 2553 2212 2392 1
2294 3518 2876 3330 1
947 3587 3393 3080 1
3888 3782 3568 3179 1
3888 3568 2628 3179 1
3888 3179 2628 3092 1
2310 2877 1134 3583 1
3534 2820 2877 4002 1
3659 3621 1134 2877 1
507 823 1987 1121 1
2218 2019 1421 1759 1
2218 1421 1685 1759 1
3300 3206 1097 1157 1
2123 1364 2092 1996 1
696 127 2247 1780 1
3982 758 4059 2743 1
2770 1514 3011 1280 1
3053 2611 2504 2751 1
2308 1514 2888 3011 1
515 2284 35 2856 1
2770 1514 2308 3011 1
2288 2751 2504 1999 1
2751 2647 2611 1999 1
1731 2475 2857 535 1
1894 438 2014 226 1
535 2014 2475 2857 1
226 535 2254 2309 1
226 535 1894 2254 1
1894 2014 535 226 1
2611 2647 3455 1999 1
1223 3389 3253 3570 1
3763 1096 3570 1223 1
1223 3389 3570 3763 1
2800 2824 2588 3116 1
609 373 2905 2740 1
2905 2932 373 609 1
1726 875 549 2931 1
257 3457 3726 2800 1
2765 1257 1823 2172 1
1882 2765 1823 1862 1
2978 2195 1426 2178 1
1480 2178 1780 124 1
2178 127 1780 124 1
1972 1426 2178 124 1
1972 2178 1480 124 1
332 2385 326 1153 1
3150 2282 2767 2081 1
1153 1969 326 332 1
2978 127 2178 124 1
1969 1968 326 332 1
3945 990 997 2183 1
1180 2850 1719 961 1
990 3945 3439 2183 1
3705 3586 237 473 1
3705 473 237 2863 1
3705 3050 237 3586 1
3705 244 237 3050 1
3395 3194 3488 3298 1
3918 2940 3194 2848 1
1349 478 1316 2171 1
1819 478 1559 2340 1
2171 1054 478 1819 1
3488 3194 2971 3298 1
2407 3918 3194 2848 1
3203 2917 3150 2993 1
56 62 2658 1456 1
3691 1893 3575 889 1
3691 1893 889 3920 1
836 346 372 643 1
836 1516 1377 1984 1
3199 186 2670 178 1
3082 3199 2644 186 1
3082 186 2670 3199 1
3199 178 3140 186 1
2644 3199 3140 186 1
531 2218 1685 2792 1
2238 2365 2075 1403 1
2238 1746 2918 1403 1
3811 3827 4000 1140 1
3393 3811 1140 3827 1
3867 3811 3827 3866 1
3811 3866 4000 3827 1
1197 2390 2880 2466 1
1905 1259 2817 2774 1
2390 1560 2810 2466 1
3733 2755 2774 3607 1
2583 2810 3618 2466 1
2810 1560 2018 2466 1
2201 755 2662 601 1
65 755 2662 2201 1
2466 2810 3618 2018 1
3867 3811 3393 3827 1
2710 3230 3412 3263 1
3247 3349 3523 3795 1
3230 2138 3412 1943 1
3349 3408 3523 3795 1
3795 3408 3523 3893 1
1028 3893 3795 3523 1
3247 3523 3477 3795 1
2888 3011 2028 368 1
3412 2138 2801 1943 1
3477 3795 3523 1028 1
2219 1943 3412 2801 1
3494 3263 2710 3412 1
1701 1864 2357 1454 1
2726 1454 2463 2357 1
2348 2890 3749 3712 1
3444 2814 2738 2049 1
3712 3749 2348 3392 1
3444 3172 2738 2814 1
3172 2775 2738 2814 1
167 178 2899 159 1
1089 2173 3291 3219 1
1089 2173 3219 638 1
167 2899 134 143 1
2743 3980 2310 3987 1
2743 3980 3987 3982 1
3502 3982 3987 3980 1
3164 3606 2895 1633 1
2310 3502 3987 3980 1
3317 3243 3600 3979 1
3317 3979 3600 1241 1
2733 2560 3396 3202 1
3507 3631 2947 2896 1
2999 3200 3335 3202 1
3998 3631 2896 3405 1
2477 3210 2897 420 1
420 2897 2336 2758 1
2897 3210 2758 420 1
2300 2319 2997 2816 1
2428 2822 3070 2935 1
1227 1611 1717 522 1
2300 2997 2519 2816 1
2709 1458 1623 2036 1
2036 1623 2709 1275 1
2226 2860 1438 1623 1
2036 1458 1623 2286 1
2006 1998 2603 2362 1
2595 2818 3384 2560 1
2886 2818 2595 2560 1
2783 3101 3498 299 1
3838 1988 2519 2930 1
555 1033 690 2667 1
2800 2180 2222 257 1
2800 2663 2180 257 1
257 3457 2800 3625 1
257 3625 2800 2663 1
3247 2859 3523 3349 1
2787 2202 2985 1948 1
3649 2992 2516 3627 1
2787 2004 2202 1948 1
1948 3352 2202 1441 1
327 2202 757 2787 1
327 2004 2202 2787 1
2004 3148 2202 1948 1
2202 3148 3352 1948 1
1094 2909 3510 3007 1
3510 2909 2694 3007 1
3628 985 2694 2909 1
2824 252 2590 3418 1
2824 2590 3625 3362 1
2120 1334 2910 3513 1
2120 2650 2910 1334 1
2749 1334 3513 2910 1
3892 1161 4033 3163 1
3391 3418 252 2824 1
2593 3127 2324 3497 1
2911 2426 1808 1693 1
425 3496 2242 2912 1
3060 3444 3269 2738 1
3369 2925 3700 2665 1
2593 3497 3387 3048 1
274 2593 4075 3127 1
3369 3555 3638 2665 1
3700 3555 3369 2665 1
2992 3649 2516 3841 1
3889 3258 3853 2992 1
1167 2917 2282 2090 1
1167 1950 2090 2119 1
2493 3205 2017 1991 1
2282 2917 507 2090 1
2593 2324 3387 3497 1
3170 2845 2044 3063 1
2268 1925 2332 3403 1
3063 2845 2044 2847 1
3570 1432 3123 2994 1
1117 2062 699 520 1
2062 699 2517 1828 1
2044 2847 2845 249 1
1018 2797 1674 1723 1
1018 2797 825 599 1
599 2797 825 1599 1
1662 2797 1351 1892 1
1674 2797 1995 1723 1
1298 2797 599 1599 1
1701 396 2914 2463 1
2993 1950 2917 2081 1
3203 3150 3977 2993 1
1167 1950 2917 2090 1
2917 3377 507 2090 1
2832 1567 2715 1734 1
1160 1958 1731 445 1
553 445 1278 1958 1
403 1486 1634 2114 1
2114 1486 1634 2245 1
1634 1486 1976 2245 1
2462 3794 990 3589 1
3150 2917 3565 2904 1
3794 2462 990 3439 1
746 1374 998 1119 1
1752 746 1119 1374 1
1374 1752 746 1516 1
1374 1516 779 968 1
2461 3201 2632 2635 1
4053 3079 3471 3568 1
2826 3471 3016 2835 1
1133 1821 492 1490 1
3898 2727 3686 197 1
2537 2744 2922 3657 1
3088 2819 2922 2836 1
2744 2819 2922 3088 1
2998 2377 219 2803 1
3815 917 224 3348 1
917 224 3996 2953 1
2663 438 2803 2142 1
917 224 2953 3815 1
3996 917 3348 224 1
3086 1714 3992 2203 1
1232 2924 1241 3013 1
3013 2924 1241 1938 1
2676 1312 3225 3308 1
2440 2924 1241 1232 1
3046 2185 3655 3015 1
1617 1658 332 2853 1
2925 3690 3821 3700 1
332 2853 3425 1617 1
3296 3255 3430 4020 1
2597 243 3017 255 1
907 1833 2185 1417 1
3017 3476 3936 255 1
1417 1912 1855 1902 1
907 850 1833 1417 1
3546 43 2070 2912 1
4054 3973 2742 3222 1
4006 4054 2742 3222 1
457 2828 2931 2012 1
3866 3695 3874 3890 1
2688 457 2931 2012 1
3866 1130 3695 3890 1
961 2812 1180 829 1
994 2813 3899 2864 1
3289 3973 3222 3369 1
4049 3874 3289 3369 1
4006 3289 3222 3369 1
946 1080 3525 2813 1
4049 3289 4006 3369 1
1755 2202 1697 1441 1
2055 3814 3224 3034 1
3289 4032 3973 3369 1
3874 4032 3289 3369 1
3044 3814 3224 2055 1
1621 925 1993 429 1
925 1993 1589 1621 1
2032 1824 933 525 1
2311 2032 1824 933 1
3916 511 3800 3663 1
299 2783 3030 3498 1
3346 3307 2566 1013 1
2783 299 3030 3307 1
921 3491 282 2935 1
1309 2836 2624 105 1
2819 815 694 1332 1
2819 815 1332 1309 1
2819 2624 1309 2836 1
2819 1826 1065 1132 1
3491 2157 2780 2935 1
816 2936 1995 1900 1
3808 3154 3588 235 1
3808 3588 3306 4062 1
2977 1351 2936 1900 1
2936 1351 1995 1900 1
2637 2936 816 1900 1
3792 2490 871 3676 1
3249 2936 2637 1900 1
1982 3719 3422 1844 1
3491 3719 957 1844 1
3956 2465 3094 2937 1
1496 2937 3341 2901 1
3008 691 3152 3344 1
235 3588 3808 4062 1
3808 3588 3270 3306 1
2465 3094 2937 2541 1
2901 2937 3341 2757 1
3808 3154 3270 3588 1
3759 2395 2410 3414 1
3902 3593 236 232 1
3902 3593 232 3451 1
2457 3124 249 2974 1
2663 2705 3015 2475 1
3971 3327 1008 3049 1
2445 693 840 456 1
2705 3015 2475 2464 1
3971 2820 3327 3049 1
707 3054 2938 2439 1
2938 3054 3262 2989 1
3659 2938 3262 2989 1
707 2439 2938 3160 1
3262 2938 3659 3617 1
1537 1744 1799 1505 1
549 2828 494 258 1
2945 2828 494 457 1
3018 2829 3732 2898 1
918 2534 2829 584 1
2829 2534 2287 584 1
2903 918 2829 584 1
3855 244 3705 3050 1
2577 2122 786 563 1
2858 28 2260 2212 1
931 2122 563 786 1
563 797 786 2072 1
28 3475 2858 2260 1
1623 1458 1438 2286 1
2709 1458 2291 2860 1
2291 1458 1438 2860 1
2709 1458 2860 1623 1
2860 1458 1438 1623 1
3092 3179 2628 889 1
2937 3094 1928 2541 1
2069 2138 1769 1615 1
1943 2138 2801 2825 1
2069 2138 1615 2166 1
3113 3279 3398 3251 1
2174 1337 1584 2359 1
1693 2155 1773 2426 1
2458 1777 2479 3009 1
2458 3009 1321 1777 1
2834 1349 1242 435 1
2834 435 1242 2402 1
2836 3505 2624 105 1
4075 3683 274 3114 1
1343 1481 1679 1093 1
2867 3294 3268 3564 1
2233 799 1956 1292 1
2353 669 2233 1194 1
3335 3268 3200 3564 1
519 4007 3448 4047 1
2399 2838 373 1842 1
4007 3072 3448 4047 1
4012 4059 3669 3259 1
3904 3259 3669 3327 1
2733 1068 2686 2595 1
342 596 2884 347 1
347 2884 1081 596 1
347 2884 342 1285 1
1447 2884 347 2447 1
347 2884 1285 2447 1
2686 3794 2457 3123 1
950 554 803 596 1
3756 3696 202 2950 1
202 2950 3696 3573 1
3920 3691 2848 889 1
2953 224 239 3731 1
2844 2892 2868 1053 1
1201 2868 1126 2892 1
1201 2868 2892 1026 1
2855 2955 2793 3712 1
3712 2955 3236 2855 1
2868 430 1215 1126 1
2868 430 1126 2844 1
1855 2237 2185 2872 1
2542 3725 2609 3188 1
3171 2185 3927 3342 1
1492 2632 2461 2662 1
2846 2011 2201 2061 1
2846 601 2461 1396 1
2609 3725 3992 3188 1
93 2040 2873 1505 1
3725 1714 3992 3188 1
2846 2461 2662 1492 1
2999 3202 3396 2560 1
93 1505 2873 1792 1
93 1792 2873 2729 1
93 2873 2040 104 1
2729 93 3433 2873 1
2548 608 2959 3124 1
2959 608 3770 3997 1
2791 2346 1911 1653 1
2791 1653 1911 2653 1
2366 2791 2215 2653 1
65 2662 755 2632 1
3431 1659 2960 2671 1
2632 2662 755 528 1
2213 3431 2960 3951 1
2836 1309 2819 1332 1
624 2836 1309 105 1
2961 2759 3883 113 1
2961 3943 3180 2304 1
789 1715 2850 829 1
1715 1970 2850 829 1
789 2850 1180 829 1
1036 849 462 2851 1
658 2851 462 849 1
120 1732 2963 126 1
120 1732 3213 2963 1
890 410 2350 1467 1
2350 410 890 2763 1
2965 2908 2437 3453 1
2763 890 2436 410 1
2245 3729 2127 2279 1
426 3152 691 44 1
3266 244 3050 489 1
3266 244 3855 3050 1
3855 3266 266 244 1
489 244 266 3266 1
3280 3199 2670 178 1
3280 3140 2899 2703 1
178 3140 2899 3280 1
3280 178 2670 4087 1
3280 178 3140 3199 1
1191 1195 3077 3895 1
3236 898 638 2855 1
2855 943 2793 2955 1
3712 2855 3392 2793 1
1191 4086 3077 1195 1
3077 3430 1195 4086 1
159 2899 143 2703 1
167 159 2899 143 1
1710 2968 1404 3476 1
3563 3476 2968 1710 1
178 172 2899 3140 1
2691 2856 2555 2284 1
2167 2856 2691 515 1
1239 543 1336 2766 1
3140 2899 3646 172 1
1807 2607 2066 1957 1
2568 1198 2066 1957 1
2607 2066 1957 2568 1
3814 328 2612 333 1
3760 3762 578 3236 1
2753 2014 226 2857 1
152 3762 578 3760 1
3854 3760 152 578 1
4040 4060 2992 3627 1
2958 1847 2098 2885 1
1090 1875 2344 1656 1
1656 2344 890 1875 1
1847 1877 2098 2885 1
2885 1877 2098 2343 1
2935 2780 298 2186 1
3491 2780 282 2935 1
3296 3255 2859 3430 1
3106 2761 2044 2947 1
4020 3430 3296 2973 1
2044 2761 2847 2947 1
675 3255 3430 2859 1
2580 436 3322 3614 1
3526 436 3322 2580 1
249 2044 2847 2947 1
2283 1641 1617 1860 1
2226 1623 2286 3191 1
3490 3478 3426 3339 1
3221 2720 507 3873 1
2862 507 1987 2030 1
2080 2954 1989 3333 1
1989 2865 1067 1909 1
2297 2865 495 1067 1
2297 1019 495 2865 1
2865 1751 1909 1989 1
2161 1623 1402 767 1
767 1623 1402 2286 1
3191 2286 2226 3174 1
3270 3365 610 3808 1
1396 572 1016 1534 1
610 3154 3270 3808 1
1671 572 1534 1016 1
2369 2701 1736 2444 1
2369 2003 1736 2364 1
2058 129 2868 108 1
1053 108 2058 2868 1
1215 430 2868 129 1
2844 2868 430 1053 1
2346 2373 1354 1333 1
1333 2346 2239 1354 1
403 3107 417 1518 1
2196 1431 1003 2145 1
2602 1378 1934 2893 1
2196 1003 1975 1086 1
2196 1431 1975 1003 1
2196 2145 1003 2162 1
1378 1885 1934 2893 1
2288 2211 2359 2976 1
2976 2211 2359 2217 1
2174 2288 2359 2976 1
2985 2202 1755 1441 1
3369 3555 4032 3779 1
4032 3779 3973 3369 1
2871 1842 373 2932 1
2871 1842 1189 3331 1
4032 3555 4003 3779 1
4032 3779 4003 3973 1
928 2977 3352 2936 1
3249 2977 2936 1900 1
3062 2900 2108 2613 1
3087 3212 3820 3293 1
2977 1351 2900 2894 1
1183 1707 2874 1012 1
2874 1109 1707 1183 1
1568 1707 2874 1109 1
2894 2900 2331 3062 1
2522 2303 1109 1183 1
2522 1568 2874 1109 1
2874 2522 1109 1183 1
98 2875 1533 105 1
1870 959 2043 3032 1
98 2875 3032 1533 1
1770 2555 2099 1998 1
3032 1870 2875 2043 1
2331 2977 1900 2900 1
3062 1767 2900 2613 1
2675 1714 3725 3188 1
2894 2977 2331 2900 1
539 2892 2844 1053 1
1900 1351 3511 2900 1
1553 1202 1784 1546 1
2892 686 539 87 1
1126 2844 539 2892 1
1553 1236 1202 1546 1
1236 1898 1546 1553 1
55 2443 1550 1264 1
55 1550 2529 1264 1
124 2978 1426 2178 1
2203 1714 3725 2675 1
1553 1592 1236 1898 1
1553 1546 3045 1898 1
3086 3308 3225 3328 1
1553 1546 1784 3045 1
1978 1152 2850 789 1
3242 4037 3487 3800 1
507 2720 2904 1509 1
2904 2720 2678 1509 1
3034 3814 2612 333 1
1246 3371 1502 3452 1
2941 2755 2110 2774 1
2904 507 3377 3465 1
2164 2755 2596 1147 1
2904 3377 3565 3465 1
2979 3923 235 236 1
2722 1159 464 1335 1
3831 3864 3903 1191 1
3895 1191 3903 3966 1
477 3831 3903 1191 1
477 1191 3903 3895 1
2173 2687 2879 3374 1
3374 2855 2879 638 1
2879 2855 3236 638 1
121 101 760 1031 1
3310 3199 2670 3280 1
540 861 721 841 1
2544 1006 721 841 1
861 2544 721 841 1
2535 861 2544 721 1
540 841 721 2714 1
841 721 2714 1006 1
653 2881 1708 1252 1
892 1708 2881 1252 1
653 2881 1187 2554 1
892 1187 2881 3001 1
1475 1919 1362 2204 1
1475 1277 1919 2204 1
3082 3199 2670 3310 1
2372 2783 729 2883 1
3310 3280 2670 4087 1
342 596 1952 2884 1
342 2884 1952 1795 1
816 1650 1189 1842 1
2595 1106 2886 1068 1
122 659 1484 427 1
1539 122 1707 112 1
122 1707 427 1484 1
4032 3555 3369 3700 1
1492 2662 2846 2201 1
2846 2662 2461 601 1
2846 2662 601 2201 1
973 1027 2748 1801 1
973 2486 1027 1801 1
3890 3555 4032 3700 1
3312 831 3990 4084 1
1100 1087 1027 2486 1
3312 3675 3990 3326 1
3656 3312 4084 831 1
3990 831 3771 4084 1
675 3634 3430 3255 1
3349 4020 3296 3523 1
2217 3959 2280 2776 1
2217 2776 1963 3959 1
2305 1819 3208 3184 1
3912 3935 3105 3761 1
3912 3948 3935 3591 1
1819 3208 711 1559 1
2451 2447 2884 1781 1
2740 657 2326 609 1
1559 3208 1951 1819 1
3125 4059 4012 3982 1
1036 462 2129 1608 1
2452 3125 4012 3982 1
462 849 1036 2129 1
1036 2129 849 1192 1
2891 1575 114 1038 1
2208 374 2983 1613 1
2352 3209 2983 374 1
2892 2058 686 1026 1
87 1201 539 2892 1
2892 2868 2058 1026 1
2844 1126 2868 2892 1
374 2983 2352 2208 1
2397 88 2645 1880 1
1929 1257 88 2397 1
1929 2397 88 1500 1
3347 2135 2983 2130 1
2984 2943 1698 157 1
405 1805 648 2031 1
2906 3645 3668 2415 1
405 2585 1805 2031 1
3502 3982 4012 3987 1
3341 2367 14 1444 1
3341 14 2367 32 1
3230 1442 865 1469 1
3230 1442 2283 865 1
2903 584 2898 1642 1
2898 1642 584 1427 1
2898 1427 584 2287 1
2898 2903 1642 2429 1
2903 2829 2898 584 1
2898 2829 2287 584 1
2694 2000 2413 2988 1
2413 985 2694 2988 1
2694 2649 2988 3108 1
2694 2649 2000 2988 1
1654 1930 1222 1883 1
1222 1766 1930 1654 1
2104 2903 905 1624 1
2104 2903 2429 905 1
479 2914 700 1888 1
2914 396 2232 2463 1
2990 1655 3288 3123 1
3123 2990 1655 1106 1
3734 1655 3288 2990 1
3904 3259 3327 2820 1
3904 4012 3259 2820 1
3312 3326 3990 831 1
3193 2704 2921 63 1
3970 831 3730 3326 1
2269 482 345 1451 1
2269 1451 803 482 1
3730 831 3990 3326 1
1607 1531 1354 2791 1
3904 2820 3327 3971 1
1354 1531 2373 2791 1
2366 1607 2791 1531 1
3100 3382 137 2944 1
3614 2104 2908 905 1
3164 3606 3187 2429 1
4073 4066 3914 3760 1
2908 2104 2429 905 1
3253 2990 3288 3123 1
3914 3745 3760 4066 1
1106 3389 3123 3253 1
3123 3253 2990 1106 1
3762 4017 3677 3914 1
3914 3745 3677 3762 1
4073 3914 4017 3760 1
1139 2095 1631 1605 1
2723 3038 2298 976 1
1056 1954 2042 1918 1
2298 3038 3400 976 1
1918 2140 2042 1515 1
1918 1954 2042 2140 1
3086 3308 3328 1714 1
2378 2578 2460 2997 1
3328 1714 3992 3086 1
1714 3308 3328 3934 1
1714 3328 3992 3934 1
2914 2911 479 1693 1
1403 1746 2918 1461 1
2412 2578 2115 2997 1
1461 1746 2918 2827 1
2565 2378 2460 2997 1
2365 2238 2918 1403 1
2375 2802 1773 2918 1
3246 2377 2597 2998 1
3091 3519 2998 3017 1
3246 2377 2998 2962 1
3131 2998 2962 2468 1
3519 2597 2998 3017 1
3795 176 1028 3805 1
1028 176 3795 3893 1
3805 176 3345 3795 1
4010 2484 3594 3672 1
3838 3000 2251 2930 1
2519 3838 2930 3000 1
3795 4082 3893 176 1
120 1970 2230 2029 1
2158 542 1767 2788 1
2977 3137 2158 3766 1
542 1767 2788 2581 1
3487 3916 3703 3468 1
3002 2418 2380 2424 1
3002 3459 2418 2424 1
2424 2380 3002 3129 1
2424 3002 2410 3129 1
2655 3129 2410 3002 1
2410 3002 2424 3459 1
3752 2000 2428 3021 1
2854 3752 3261 3021 1
1491 3051 2854 3003 1
3003 2649 2000 1491 1
4069 3557 3487 3468 1
3487 3468 3990 3834 1
3487 3468 3703 3990 1
4009 1312 3233 3225 1
4018 3225 4009 3233 1
3225 1312 3233 3988 1
4018 4061 3225 3233 1
3225 3233 4061 3988 1
2742 4090 3334 4052 1
3097 1950 2921 63 1
2742 3684 3334 4090 1
3267 460 376 2923 1
376 2923 460 2679 1
2107 314 3005 2069 1
3005 2166 2069 314 1
3005 314 2384 2166 1
1915 376 460 641 1
2100 3152 3008 426 1
600 1915 460 641 1
2100 59 3152 2297 1
426 3152 3008 691 1
3255 2806 4020 3633 1
2065 3007 3215 985 1
3007 2413 3215 985 1
3007 985 2694 2413 1
1094 2909 3007 2065 1
2344 2926 1090 421 1
1266 2344 421 2926 1
731 939 1550 1390 1
939 1550 1390 2529 1
731 1390 491 939 1
1793 1390 491 731 1
3007 2909 2694 985 1
1793 1550 1390 731 1
1326 2754 2494 1314 1
2389 1025 2494 2754 1
1974 2754 1326 1314 1
2262 1648 16 510 1
510 862 16 2277 1
510 2277 16 2262 1
2519 3000 2930 3149 1
4086 3430 2806 2973 1
2239 1607 2930 2251 1
3966 3430 4086 2973 1
3012 3167 3124 608 1
3682 2725 2226 3168 1
1596 1680 1474 2605 1
3167 2528 3786 3972 1
3167 3631 2528 3972 1
2806 3430 4020 2973 1
400 764 401 456 1
3148 1662 3352 783 1
1599 1662 3352 3148 1
3072 3881 4042 4091 1
1662 3352 2797 1599 1
1900 3511 2932 2235 1
2871 1995 2932 1900 1
2871 1842 2932 1995 1
1848 2025 1631 320 1
1631 2025 1208 320 1
254 266 244 3010 1
4067 3881 3072 4091 1
2349 2777 687 678 1
678 2349 472 687 1
2349 2777 678 1904 1
2502 2485 792 1331 1
2917 507 3377 2904 1
949 2982 2928 2867 1
4025 3893 3966 3837 1
3905 3837 4025 3966 1
3721 3054 2687 3374 1
4085 201 209 3911 1
3903 1191 3864 3905 1
1232 2716 3013 941 1
941 2716 3013 1938 1
3903 1191 3905 3966 1
1191 3905 3966 3837 1
2946 2156 2072 2939 1
1740 2072 2939 2946 1
3912 3935 3761 3591 1
699 2122 541 1380 1
699 2122 1520 541 1
699 2122 563 1520 1
3726 257 2933 3632 1
2305 1154 3208 1819 1
3652 4042 3525 4031 1
3652 4042 4031 4056 1
3448 4042 3768 4077 1
382 2709 2934 1791 1
2164 2755 1730 2941 1
1552 1288 861 2535 1
4087 2899 2703 3280 1
1552 1986 1288 2535 1
1552 2614 1986 2535 1
2599 2943 1038 1698 1
4093 178 4050 159 1
4087 178 4093 159 1
3371 1826 1411 2363 1
4001 2274 2680 45 1
605 494 2945 695 1
2466 1398 2945 2500 1
2935 921 2822 280 1
2831 2755 2229 2612 1
3935 4085 209 3911 1
444 2946 1740 1033 1
2946 1815 2939 1725 1
1740 2946 2939 2102 1
2486 733 1397 606 1
606 733 1397 2471 1
2486 606 1027 733 1
1043 1027 606 733 1
1043 2471 733 606 1
4085 3935 209 3912 1
4047 4091 4077 697 1
4048 4091 4047 697 1
403 3107 1518 2948 1
2948 3107 1741 1063 1
1741 3107 2948 2681 1
2114 1518 458 2948 1
2114 1634 2948 2245 1
3601 1128 642 2949 1
1343 2247 1872 2952 1
2952 2247 1815 1343 1
1687 3399 1931 3558 1
3295 3838 2131 190 1
2501 3431 2538 2213 1
2501 1592 2538 3431 1
333 2755 2313 2164 1
333 2755 2164 3733 1
2942 1196 2725 382 1
1181 1989 2645 3333 1
2000 2418 3021 2636 1
2631 2338 3383 3094 1
3021 2636 2418 3459 1
2854 1491 3021 2410 1
3003 2000 3021 1491 1
2854 3003 3021 1491 1
2580 2850 3213 961 1
2410 3021 3459 1491 1
3213 2850 2580 1732 1
3379 3526 1052 3022 1
1807 1197 2066 2607 1
2893 1885 2779 2434 1
3261 3598 2410 2655 1
3598 3190 2655 3261 1
2655 3002 2410 3261 1
1339 2247 725 696 1
3598 2854 3261 2410 1
2854 3021 3261 2410 1
2410 3261 3002 3021 1
3027 2444 1431 566 1
3027 2285 2444 566 1
3128 3394 3035 2209 1
3027 1431 2196 2145 1
3027 2145 2196 2162 1
3028 3560 3550 3111 1
4061 3028 4055 3926 1
3555 4061 4055 3926 1
1491 916 2636 1798 1
2649 916 2636 1491 1
3538 2962 2468 2210 1
2394 2981 2561 2327 1
2561 254 2981 2394 1
2180 257 2663 2705 1
2663 2014 2705 2475 1
2050 2561 254 2981 1
3106 2947 2044 2896 1
2947 249 2044 2896 1
2495 2215 728 2366 1
1828 1540 2220 1271 1
2495 1607 2215 2366 1
2242 855 2631 2645 1
2631 2645 855 2338 1
2366 1607 2215 2791 1
2250 249 3908 1927 1
2250 2719 1927 3908 1
2733 3384 2956 3396 1
104 962 2958 1847 1
3011 377 2308 1925 1
3011 2279 377 1925 1
3417 2181 2876 2212 1
3272 3994 2781 3508 1
2500 2018 2466 1398 1
2291 1474 1680 2605 1
3186 1493 1032 2972 1
736 1493 3186 2972 1
2972 1032 1608 1650 1
3324 1032 2972 3186 1
1675 1576 1407 2970 1
2970 2661 3073 2012 1
2970 1576 1407 2661 1
1675 2970 1407 2764 1
2226 2725 1957 2382 1
2764 2970 3073 2012 1
1743 2291 2605 1474 1
3800 2491 3041 3703 1
3055 3161 4037 2491 1
3693 4046 3990 3487 1
2302 3159 2387 3793 1
3159 3809 4051 3793 1
3132 1864 3026 1239 1
1864 1742 3026 1239 1
1239 1920 3026 1319 1
1742 1920 3026 1239 1
662 190 2565 3838 1
2975 719 426 3578 1
2565 190 2378 3838 1
2565 2984 2378 164 1
2466 3618 3539 3073 1
3319 3262 3052 3049 1
3659 3049 3052 3262 1
3618 3073 3799 3539 1
729 3603 2157 2728 1
729 2728 2157 3491 1
2574 2826 2606 3957 1
2460 2578 737 3462 1
2578 737 3462 3115 1
2748 2200 2460 1038 1
2578 2200 2460 2748 1
2748 2460 737 1038 1
1126 1027 1087 430 1
1087 2231 2844 430 1
1027 2383 1087 430 1
2383 2231 1087 430 1
1126 1087 2844 430 1
415 1069 1572 402 1
415 594 1069 402 1
2278 2802 2404 3056 1
2641 3057 1091 180 1
2641 3944 3057 180 1
3057 3944 4079 4072 1
1091 3057 4078 180 1
1091 4078 3813 180 1
1336 2766 1829 459 1
1933 2867 2982 949 1
469 1547 678 1131 1
469 1695 1352 1713 1
1547 678 1695 469 1
1547 1846 678 1131 1
2627 2300 3454 1393 1
3493 2816 2319 1393 1
2681 2405 722 3107 1
3107 2405 417 1518 1
417 1518 2405 2615 1
1518 3107 2405 2681 1
2834 1349 1427 1242 1
1934 2119 1578 51 1
2834 2402 1242 1427 1
2834 2402 2263 3009 1
3737 2664 3596 2601 1
1934 2119 51 2920 1
1651 951 2020 323 1
1256 951 1199 1651 1
2020 1651 1199 951 1
1141 730 1062 735 1
1141 1616 730 735 1
2031 1234 1141 730 1
1141 1234 1062 730 1
2031 648 730 1616 1
2031 1141 1616 730 1
29 2804 3680 2307 1
2794 3419 2617 2403 1
2794 2617 2631 2403 1
3529 3419 3383 2617 1
2631 3529 3383 2617 1
2617 2794 3529 3419 1
3343 2984 2378 2565 1
734 2225 3458 3924 1
3924 2225 3458 2937 1
3431 1405 3117 1659 1
4060 3239 2992 3627 1
3658 3315 2992 4060 1
1014 2093 1540 1117 1
2992 3239 2516 3627 1
1014 2093 1117 1924 1
2093 1014 2524 1924 1
3889 3840 3258 2992 1
2989 3571 2855 3374 1
2989 3374 3054 3571 1
3374 2855 2989 2879 1
530 3066 3043 3375 1
3375 3066 3043 3064 1
2434 3097 2993 1950 1
1846 2349 2076 922 1
2993 2081 3217 2434 1
2434 1950 2993 2081 1
2470 2749 2089 1363 1
1363 2089 2470 1603 1
2907 3562 3043 3066 1
3066 234 3064 3553 1
252 2327 277 2996 1
3171 2996 3927 277 1
174 1250 194 3067 1
2991 699 1540 1828 1
1740 2474 1540 2991 1
1250 3067 983 194 1
1740 2072 2474 2991 1
3067 194 3877 2077 1
2733 3384 3396 2560 1
3564 3200 3335 2999 1
174 194 3877 3067 1
2655 3190 712 3070 1
3070 2935 3464 298 1
902 438 1894 226 1
3070 2428 3261 2822 1
500 2284 2502 2556 1
500 2556 2502 1331 1
3358 2555 2502 2691 1
2659 2253 2002 2329 1
3360 2159 2017 3071 1
2457 3123 2994 2339 1
2339 2717 2457 3124 1
1900 2900 3511 2108 1
1742 1920 1468 653 1
543 1468 1742 1920 1
1989 2865 2297 1067 1
425 1019 2297 2865 1
2158 1767 1351 2894 1
2334 1243 2059 2243 1
2977 2894 2158 1351 1
1816 354 1846 370 1
1816 354 1547 1846 1
2263 2402 2287 3009 1
1974 2397 1500 1627 1
2397 1974 788 1627 1
3778 3055 3161 3076 1
3076 3055 3161 4037 1
2575 3055 3778 3076 1
2542 3055 2575 3076 1
652 1751 637 2094 1
2094 637 652 1394 1
637 1499 2954 1751 1
3001 361 892 1582 1
1944 1582 3001 892 1
2719 2250 2325 3597 1
639 2125 2664 1946 1
3538 3954 1946 639 1
3462 3793 737 2460 1
2845 249 2325 2044 1
2325 2845 2250 249 1
286 3554 297 267 1
3006 297 296 3554 1
249 2847 2843 2528 1
249 2947 2847 2528 1
3006 296 3449 2660 1
3491 3709 282 2780 1
2528 2843 249 2974 1
2528 2974 249 3631 1
3631 2947 249 2528 1
2601 1946 2169 3083 1
3737 2664 2601 3083 1
3083 2664 2601 1946 1
2601 3083 2169 1653 1
1653 3083 3399 2601 1
2665 4018 3638 3846 1
3657 2744 2922 3088 1
3452 2163 3088 1590 1
3505 3088 2922 2836 1
3657 3088 2922 1590 1
3505 2624 3088 2836 1
607 3167 3631 3012 1
834 3099 2001 2307 1
2826 3495 2574 3218 1
1648 14 3241 2307 1
2367 2307 32 14 1
2367 14 1648 2307 1
2272 3639 235 3923 1
286 2272 3554 3639 1
3639 3923 3588 235 1
3363 3908 1927 3198 1
2719 3198 1927 3908 1
1066 2663 3091 2798 1
2798 2663 3091 3519 1
2663 2341 3091 2803 1
1066 2341 3091 2663 1
2855 2106 3392 2793 1
2650 458 2279 3011 1
3011 458 2279 2454 1
3011 1925 2770 2454 1
2855 642 2106 2793 1
2214 1624 1318 1152 1
3961 3016 3627 3218 1
3079 3471 3016 3742 1
3016 2273 3627 3218 1
3481 3016 3961 3218 1
1803 2128 1487 2112 1
1803 2128 2112 2231 1
1803 2128 2231 2383 1
1035 3551 2106 3052 1
2855 3392 2106 2989 1
2855 2989 2106 3571 1
2917 2081 3150 2993 1
3977 2993 3150 3217 1
42 1772 3085 57 1
3085 3582 1138 3535 1
1859 417 594 415 1
866 3224 3044 2005 1
3718 3390 3019 3994 1
732 2552 2380 2428 1
164 157 2378 190 1
2565 164 2378 190 1
3178 3506 3732 3018 1
1632 3183 3103 2280 1
1632 3103 1071 813 1
813 3103 1711 3027 1
3103 1071 813 1711 1
3183 3103 2280 2285 1
2751 2647 1999 2379 1
2751 2209 2647 2379 1
2361 1198 2568 3029 1
2568 3682 2226 3029 1
2624 815 1309 1533 1
1787 3572 1754 1797 1
2819 815 1309 2624 1
2382 2860 2291 2226 1
1797 3572 2071 1895 1
2382 2709 1743 2291 1
2656 3196 3343 2460 1
411 3186 736 1049 1
411 736 3186 3065 1
3324 3186 3065 411 1
2988 3108 3665 985 1
3628 985 3108 2694 1
2694 3108 2988 985 1
3665 3135 2409 3108 1
3035 2811 2432 3175 1
2209 3035 2647 2379 1
2902 2959 1105 2789 1
2811 3035 2301 3175 1
3303 3954 3083 3538 1
40 1836 1595 3023 1
40 1595 684 3023 1
3023 684 2422 954 1
2367 2307 2536 3801 1
2307 3801 29 2001 1
2536 2001 3801 2307 1
32 3801 29 2307 1
2367 2307 3801 32 1
2827 3026 1746 1773 1
2827 1746 2918 1773 1
1773 2802 1746 2918 1
1223 3253 3805 1156 1
2451 1765 1092 470 1
3056 1746 2633 2238 1
3056 1746 2802 2633 1
2633 1746 2918 2238 1
2633 2238 2918 2365 1
2729 1736 2432 2523 1
642 1706 2706 3510 1
2802 1746 2918 2633 1
2647 3169 2432 2364 1
2940 2738 2848 3920 1
169 2984 2565 164 1
3022 2580 1052 961 1
3022 2580 961 1204 1
3030 3807 292 284 1
3807 3030 292 2566 1
3448 3022 961 1204 1
1546 2582 3045 1898 1
1553 1898 3045 2608 1
585 1553 3045 2608 1
1181 2118 2645 2442 1
959 516 1321 48 1
959 48 1321 2799 1
162 199 3192 179 1
1546 2582 1784 3045 1
718 3032 1870 1533 1
1870 3032 2875 1533 1
3391 3519 3116 2824 1
98 3032 2875 2043 1
2142 3116 2421 225 1
219 3519 3116 3391 1
1597 1553 1784 3045 1
225 1149 2508 2489 1
585 1553 1597 3045 1
3347 1879 1985 374 1
2988 2649 3003 3108 1
2988 2649 2000 3003 1
3003 3135 3108 2649 1
3033 1027 1267 733 1
1417 3046 2237 2995 1
3758 1218 199 3309 1
1929 1974 2397 1500 1
3118 3066 3173 3860 1
368 3011 2650 377 1
3167 2907 3118 3786 1
2869 916 975 3287 1
2919 3119 212 222 1
2410 1577 3414 2655 1
2919 3743 212 3119 1
1758 611 3036 338 1
2321 338 1758 3036 1
1363 3036 1046 1603 1
1363 2470 3036 1603 1
438 2142 211 3059 1
3036 2470 2321 338 1
1182 3119 3812 3743 1
3015 2739 2705 257 1
3037 3483 2883 3313 1
271 2739 3015 257 1
3015 2705 2663 257 1
3655 3015 3625 257 1
120 2417 126 3121 1
3121 2646 2417 3501 1
3625 3015 2663 257 1
1019 1522 1563 3038 1
1237 316 1924 1694 1
2259 316 1237 1694 1
3951 2259 1694 316 1
3431 1694 876 2671 1
2285 2611 3053 2751 1
3053 3818 2285 3960 1
3431 3951 1694 2671 1
3053 3960 2285 2751 1
3703 2727 3785 3730 1
2400 3520 1400 617 1
2727 986 3686 3166 1
3286 3520 617 1184 1
3192 211 203 179 1
1888 1808 2911 3265 1
1808 3441 2911 3265 1
813 2162 1086 1652 1
2574 3218 3688 2606 1
2273 2606 3218 2826 1
2826 3218 2574 2606 1
2273 3688 3218 2606 1
2196 1003 1086 2162 1
2599 3039 1038 2943 1
2599 3039 2891 1038 1
3627 3066 3173 3688 1
3961 3627 3688 3218 1
3627 3066 3688 2273 1
3961 3173 3688 3627 1
3627 2273 3688 3218 1
1954 3128 3183 2751 1
2073 3128 3103 3183 1
3183 3128 2576 2751 1
3128 2576 3103 3183 1
2140 3128 2073 3183 1
2140 1954 3128 3183 1
3849 3599 2870 210 1
701 29 3796 2804 1
1936 3444 3060 2738 1
3129 2380 2655 732 1
3129 3002 2655 2380 1
3129 2655 3414 732 1
2848 3060 2951 2738 1
2951 2738 3741 3920 1
2218 2019 1439 1421 1
3062 2613 336 2581 1
3062 1767 2613 2581 1
2663 2475 535 2014 1
2786 2472 1453 3230 1
3775 2472 2786 3230 1
3135 3338 3108 2649 1
3051 3338 3135 2649 1
3147 3135 3051 3338 1
783 542 1662 3137 1
775 1521 973 1175 1
783 2977 928 3137 1
775 1521 1175 1511 1
681 2929 3048 2913 1
2653 2791 1653 1531 1
3313 2372 2702 2109 1
2310 3320 3560 2109 1
2653 2791 2215 1911 1
1600 64 2556 2221 1
2304 2651 3182 3139 1
2051 3139 2304 3182 1
2304 2651 3139 3697 1
3229 2994 3363 3198 1
2364 2611 2369 2003 1
3968 2794 2631 2433 1
1640 1609 1363 2650 1
1363 2650 1688 2910 1
1609 1688 1363 2650 1
2364 2611 2003 2576 1
2364 2576 2003 3128 1
3115 442 2412 2115 1
219 2597 3519 3141 1
2591 1094 3054 2439 1
2466 3073 2707 2012 1
2018 3073 2466 2012 1
1082 1126 125 1100 1
2688 2012 2764 3073 1
2424 667 2418 2380 1
2018 3073 2012 2688 1
2428 2418 2380 3002 1
2418 2380 2552 2428 1
1977 1239 1319 447 1
3782 4053 3079 1414 1
2162 2145 1003 2700 1
2225 2937 3094 2536 1
3888 4053 3568 3782 1
320 2009 1228 1187 1
1228 2009 1362 1187 1
1271 2093 1117 1540 1
2808 3495 2574 2826 1
3471 2826 3495 3084 1
2692 2476 1000 3059 1
1000 3876 3758 1218 1
3698 3495 2808 3084 1
2808 3084 3495 2826 1
1116 1757 1963 2482 1
2776 1116 2355 1757 1
1116 2355 1757 3245 1
2776 1963 1116 1757 1
1116 1757 2482 3245 1
3128 1322 2432 1279 1
3006 261 3126 290 1
3126 2660 3006 3449 1
2073 3128 1279 1322 1
2325 3294 3597 2250 1
771 2421 438 2014 1
771 1774 2014 2753 1
1828 1540 1117 699 1
2062 1828 1117 699 1
1828 1117 1271 2062 1
1828 1117 1540 1271 1
438 2014 2180 2663 1
3294 3090 3268 3564 1
1799 2381 1797 3572 1
1896 2381 1564 3572 1
3625 257 3457 3655 1
1674 1995 2932 1723 1
2663 2475 3015 1833 1
1723 2932 1842 1995 1
411 609 736 3065 1
3065 568 411 609 1
3065 568 1790 411 1
3876 179 177 3758 1
2354 2218 1685 531 1
136 179 1218 162 1
134 1000 177 170 1
2218 2354 1685 1421 1
3065 1790 2842 411 1
1153 2176 1969 332 1
2176 1968 1969 332 1
314 1702 2257 2384 1
3096 1729 3217 34 1
34 3096 1167 1378 1
369 2721 349 2321 1
2721 2470 338 2321 1
34 3096 1729 1167 1
349 1408 2321 2721 1
34 1378 2602 3096 1
2392 43 2912 3152 1
3008 3152 59 2070 1
426 2297 3152 2392 1
2100 2297 3152 426 1
2100 59 3008 3152 1
3097 63 3203 1950 1
63 3203 3977 3097 1
3144 2790 3172 3514 1
3027 1711 1431 2444 1
136 2571 179 162 1
136 2571 576 1270 1
3069 2353 669 2333 1
3027 2003 2444 2285 1
3027 3103 2003 2285 1
1122 1076 1385 3069 1
136 2571 162 576 1
3117 2572 2562 2538 1
1592 3117 2562 2538 1
734 2088 2225 3104 1
2088 3104 3383 2225 1
3672 3104 3383 3419 1
3912 3935 209 3105 1
169 3155 2599 3343 1
3872 3039 2599 3155 1
3912 209 4063 3105 1
3933 3271 3736 3732 1
3074 3009 3736 2033 1
2368 3075 789 1057 1
1057 1772 2368 3075 1
3582 3075 3254 3747 1
3517 2947 3106 2896 1
3158 89 91 2290 1
1095 1116 3868 3489 1
3516 1863 3161 2316 1
2316 1863 3161 2491 1
3516 3161 1863 3530 1
1875 2147 456 550 1
2147 1875 583 550 1
1875 654 2147 583 1
3431 1077 1236 3117 1
4075 3114 274 273 1
4075 3402 3114 3272 1
3497 2593 3127 3228 1
1812 1589 504 2048 1
1993 1589 2048 498 1
1150 1589 1812 2048 1
1132 1589 1812 1150 1
262 2456 2506 3142 1
565 310 1735 2456 1
3228 2549 3497 3165 1
3485 904 3316 1772 1
3485 1064 3316 904 1
3686 3166 3527 197 1
2727 3166 3686 197 1
3395 2407 234 3649 1
1701 2638 2914 396 1
3968 2294 3484 2876 1
2744 2819 2666 2922 1
2294 2415 3484 2876 1
2689 1630 2304 3943 1
2862 1200 1665 1959 1
1939 57 2368 21 1
1772 21 2368 57 1
3377 1959 2862 1665 1
1209 1086 1006 992 1
3868 1003 992 1737 1
2165 1792 1537 2729 1
1792 2165 2811 2729 1
2335 1997 1807 3474 1
1474 1743 860 2605 1
616 2476 733 1549 1
616 1274 2476 1549 1
2592 3130 3726 247 1
616 1894 2476 1274 1
2588 3130 247 2800 1
3726 2800 247 3130 1
3173 3066 530 3688 1
3373 215 2244 442 1
3232 210 3423 2870 1
2870 3232 210 3599 1
3174 2226 3191 3029 1
3475 2078 3273 3496 1
3273 2078 3968 3496 1
438 953 226 902 1
2296 715 2328 1988 1
2296 2015 2328 715 1
1317 1866 715 973 1
2466 2607 3474 2430 1
585 1597 1553 1328 1
585 3045 1597 2188 1
4002 3987 2820 3207 1
2783 265 3037 3101 1
2292 3794 3198 2719 1
2292 997 3198 3794 1
3589 3794 997 2292 1
3358 2192 2085 2100 1
113 2689 3180 2759 1
2961 2759 113 3180 1
2438 2790 3098 3144 1
1732 3614 2908 3235 1
2315 2790 2438 3144 1
2438 2315 3144 239 1
2052 2305 3181 3235 1
1339 2072 1188 797 1
1339 593 696 797 1
2438 3144 3098 2775 1
3182 1559 2152 711 1
2977 2894 2331 3766 1
2681 1518 3107 2948 1
1063 1634 2948 3107 1
3487 3916 3800 3703 1
3635 3723 2391 3145 1
3208 1819 711 3184 1
2305 2908 3453 3208 1
3047 2314 3111 3689 1
1847 1877 2885 2708 1
3150 2678 46 1509 1
3305 3150 3565 2904 1
3305 3150 3977 3565 1
987 3112 3438 1091 1
1004 2564 3287 3543 1
3953 2641 3112 2564 1
2133 661 2674 2216 1
3018 2898 3835 3187 1
1633 2898 2205 3187 1
1783 2101 3274 1983 1
3164 1633 2866 3187 1
1633 2205 2866 3187 1
3164 3606 1633 3187 1
2295 1456 1449 1460 1
3099 1456 1449 2295 1
2655 3261 3190 3070 1
3743 212 3812 208 1
3589 3794 990 997 1
2244 442 2412 3115 1
3115 442 3024 3373 1
3373 442 2244 3115 1
3431 3117 1236 1592 1
1875 2350 456 890 1
890 2674 456 1875 1
840 2350 890 456 1
2755 896 1730 2110 1
1784 1546 2388 2582 1
896 1800 2110 2755 1
2500 2594 1672 2110 1
677 2594 2110 1800 1
2838 736 609 1842 1
2838 1493 736 1842 1
3062 2613 2108 336 1
3954 639 2664 1946 1
2654 1005 1609 1688 1
2654 1688 1609 2650 1
2127 2279 1609 2245 1
380 1609 2279 2650 1
2127 1609 1005 2657 1
2127 2245 1609 2657 1
3648 184 2727 163 1
2727 184 3648 3696 1
3084 2503 586 3994 1
3881 946 3525 3195 1
945 946 3195 2813 1
3195 946 3525 2813 1
3736 946 3195 945 1
3888 3843 3084 4053 1
3386 2729 3433 2811 1
3455 2701 2618 3169 1
1936 3060 2848 2738 1
3384 2733 2686 2595 1
4021 2565 3196 3493 1
3384 2733 2956 2686 1
492 1190 543 1345 1
1336 492 543 505 1
492 1345 543 505 1
3389 3123 3570 1432 1
3168 2725 2382 382 1
382 2934 2709 2550 1
3198 3945 2994 3794 1
382 2709 2382 3168 1
382 2709 3168 2550 1
2942 2725 3168 382 1
723 2449 3284 3189 1
723 3284 722 3189 1
2548 3167 3124 2974 1
4045 3566 3200 3268 1
3405 3997 608 3124 1
2339 3124 2974 2548 1
2942 382 3168 2550 1
2787 2202 757 2985 1
1940 2034 1536 3277 1
2034 1493 3277 1189 1
1963 2211 1392 2776 1
1392 1963 2776 1757 1
2523 1736 2432 3169 1
2618 2523 3169 1736 1
2701 1736 2618 3169 1
3169 2701 1736 2369 1
3169 1736 2432 2364 1
219 3116 2142 225 1
2238 1746 2758 2897 1
309 3171 3927 277 1
2142 2803 219 3605 1
2142 219 211 3605 1
1855 3171 3563 309 1
2251 2930 2131 3838 1
1855 2185 3171 2872 1
1855 2185 3563 3171 1
3131 2803 640 2962 1
2310 3207 3160 556 1
1454 3132 2914 1701 1
2310 2743 3207 556 1
4034 2289 3561 2312 1
459 3132 1977 1239 1
2289 3681 3561 2197 1
1845 1572 2179 2718 1
2265 1273 3133 1011 1
4034 3681 3561 2289 1
2796 2745 1925 1517 1
660 2540 2469 995 1
2439 3134 3710 1844 1
3134 3719 3491 1844 1
3491 2728 921 3134 1
3576 3175 2647 2523 1
2523 2432 3175 2647 1
3035 3175 2432 2647 1
3175 3035 2379 2647 1
3386 3576 2379 2708 1
2352 3209 2135 2983 1
2983 3209 2135 3347 1
2794 2398 3645 3419 1
3645 3419 3529 2794 1
3079 4053 3471 3742 1
3136 3910 3466 1414 1
4010 3645 3419 3529 1
3347 3209 1879 374 1
4037 3041 3487 3800 1
4037 3161 3041 2491 1
4037 2491 3041 3800 1
2854 3740 276 3665 1
3147 3740 3051 3135 1
2854 3051 276 3740 1
2664 2506 269 260 1
3381 3810 3841 3649 1
3381 3748 3185 3810 1
1929 1257 2397 1974 1
1894 616 438 902 1
2476 616 438 1894 1
1946 2125 2664 2601 1
3800 3916 3663 3703 1
3663 2491 3800 3703 1
2550 1623 3191 1402 1
1855 1176 2481 1902 1
3191 1623 2286 1402 1
1402 2286 3191 3174 1
3174 3191 1402 3029 1
2276 3189 2371 2278 1
3425 3230 2385 1617 1
3425 2853 3230 1617 1
3425 2853 3775 3230 1
2155 3189 2276 2278 1
169 2984 3343 2565 1
2565 3989 169 164 1
1755 2009 2293 2227 1
2293 2009 1755 1424 1
3989 2565 169 4021 1
2293 2009 828 2227 1
3196 2565 169 3343 1
169 2565 3196 4021 1
2278 2477 3189 2371 1
2323 1716 3454 3211 1
1643 1259 1905 1269 1
2169 3211 1170 1653 1
3083 3211 2169 1653 1
1653 3211 3399 3083 1
2498 3211 3509 3399 1
2330 2239 2930 2251 1
1372 1333 1653 1512 1
2346 1333 2930 1512 1
577 975 3143 1103 1
975 2869 577 3143 1
2005 2831 2612 2022 1
3417 2553 2212 2876 1
3941 3554 3006 3884 1
1446 1599 2202 3148 1
2004 3148 1446 2202 1
1599 3148 3352 2202 1
3619 3941 3006 3884 1
3149 2791 1911 2215 1
839 3855 3020 3266 1
3149 2930 1911 2346 1
1706 898 638 2552 1
3151 114 1255 1038 1
2580 3322 1732 3614 1
2580 3322 1052 1732 1
3614 3322 1732 2908 1
1950 63 3203 1910 1
2413 3665 2822 3215 1
3007 921 1094 2065 1
2980 3665 3215 2822 1
3215 921 2065 2616 1
2614 2231 1087 2383 1
1803 2383 2231 2614 1
2065 3007 921 3215 1
3007 2413 921 3215 1
3203 3329 3377 1910 1
3977 3203 3844 3565 1
3203 3377 3329 3565 1
3216 1746 3056 2238 1
3497 2324 3204 3615 1
2269 1336 1593 2177 1
2269 482 1336 2177 1
3204 3615 2592 3497 1
2850 3614 1732 2441 1
3235 3614 2908 1154 1
2007 3614 905 2214 1
1592 2562 3117 1898 1
955 557 748 1941 1
1671 1941 557 1555 1
3205 1910 1950 1991 1
2543 21 2368 1772 1
3205 63 1950 1910 1
3837 2973 4020 3893 1
3205 1950 2017 1991 1
2921 63 1950 3205 1
2595 1068 3123 1106 1
46 1509 2767 3150 1
2120 2027 1660 879 1
2041 2124 2811 1506 1
2369 2285 3053 2444 1
2418 2636 667 2424 1
1537 1505 2165 1506 1
3053 2444 2285 3818 1
3467 2041 2124 2811 1
2611 2285 3053 2369 1
585 3045 2188 3061 1
1597 3177 1784 970 1
2027 3044 3224 2055 1
2055 3224 2771 2143 1
1101 2635 1534 2461 1
2461 33 3201 2635 1
3160 2938 2877 2702 1
889 246 3092 3575 1
3797 3718 3994 4075 1
3086 2676 3225 3308 1
3225 3328 3992 3086 1
3992 3225 3555 3962 1
3328 3308 3225 3934 1
1676 1771 2691 1635 1
1676 2856 2691 1771 1
2716 2458 2479 1938 1
2716 1777 2479 2458 1
3226 2854 2410 1491 1
3226 3598 2410 2854 1
3226 3598 3473 2410 1
1813 2768 3759 2789 1
3759 3226 3473 2410 1
3226 2410 3759 2768 1
2663 438 2014 2341 1
1066 2341 3131 3091 1
2341 2014 2663 535 1
3227 3673 2805 3902 1
3227 3673 3687 2684 1
3102 3165 3228 3797 1
3001 2009 1871 1820 1
3102 218 1149 3228 1
3102 218 3228 3165 1
2975 2170 426 719 1
3167 608 2548 3124 1
3631 3012 3124 3405 1
2255 2222 2800 2489 1
257 2800 2255 2222 1
1732 3235 2052 2963 1
2441 3235 1732 126 1
126 3235 3181 1154 1
2052 3235 3181 2963 1
2612 2831 2807 2229 1
3011 971 1147 2229 1
1424 361 3001 1582 1
1794 1381 3518 2746 1
2746 1381 1383 1794 1
3602 2720 3221 3873 1
3287 1313 916 987 1
3287 916 1313 2869 1
2862 3377 507 3221 1
3490 3465 3885 3339 1
3490 3885 3478 3339 1
3136 3337 3466 3910 1
3929 3811 3856 4000 1
3550 3560 1130 3353 1
2505 3658 4060 3315 1
3243 3526 3178 3018 1
1697 2293 2227 1755 1
3243 3018 3178 3835 1
2261 3600 3178 2557 1
2377 188 3059 2692 1
3933 3736 3074 3732 1
819 319 2715 1238 1
2832 2715 2091 1734 1
3024 188 2377 2692 1
2377 208 188 3024 1
243 3246 2597 2998 1
2468 3246 2998 2962 1
222 3246 2468 2962 1
3377 3426 2862 1959 1
3426 3377 3490 3339 1
2886 3715 3247 3792 1
3237 2455 2901 912 1
928 2936 2637 3249 1
3766 2977 3249 2331 1
3012 3998 3405 3631 1
928 2977 2936 3249 1
2140 1954 3394 3128 1
4060 3315 2992 3239 1
1659 316 1818 2960 1
3315 3239 4060 1414 1
3136 3722 3239 1414 1
2972 1032 1650 1493 1
647 1032 3186 1493 1
4036 3242 3055 3999 1
3242 4036 3055 3800 1
3055 4037 3242 3800 1
1101 1492 2461 2846 1
1101 2635 2461 1492 1
1886 2155 3220 2276 1
1885 2119 2017 1950 1
3244 1950 1885 2017 1
3245 1783 2101 3274 1
2101 1783 1757 1983 1
2779 1950 3244 2921 1
2779 1885 3244 1950 1
3244 2921 1950 3205 1
3244 1950 2017 3205 1
89 3256 1896 2290 1
3256 89 3158 2290 1
2428 2186 3378 3122 1
732 3413 2552 2428 1
630 3210 1273 420 1
630 3133 461 1273 1
1797 3257 1799 93 1
93 3257 2713 1797 1
2213 2538 1614 3248 1
2538 3248 2562 1614 1
2562 3248 901 1614 1
2571 203 179 3192 1
295 276 3261 3598 1
276 2854 3261 3598 1
3261 295 3974 276 1
2752 1696 341 1651 1
3262 3054 2591 3571 1
2938 3054 707 3262 1
1991 3153 1910 1959 1
3205 1910 1991 3153 1
1838 786 2577 2122 1
1838 1686 2577 786 1
3263 1943 1469 3230 1
3701 2419 2268 2423 1
2423 2179 2419 2770 1
3263 3230 3412 1943 1
2219 1943 3263 3412 1
2419 2770 2179 2688 1
3834 3675 3468 3990 1
3264 259 3767 914 1
3264 241 259 238 1
238 914 259 3264 1
3730 3675 3468 3780 1
3730 3675 3990 3468 1
2392 30 28 44 1
2212 28 2392 30 1
2212 2553 30 2392 1
44 426 2392 30 1
3265 2735 2404 1673 1
2911 3441 2735 3265 1
912 2465 2901 2757 1
2040 2041 2873 1505 1
2414 733 3033 2692 1
3024 3033 2692 2414 1
3169 3455 2701 2369 1
2647 2611 3455 2369 1
2658 2765 2172 2754 1
2295 2754 2658 1896 1
2708 1877 2885 2343 1
2951 3269 3741 2738 1
3741 2775 2738 3172 1
2353 794 2594 1960 1
2500 1118 1672 2594 1
2246 789 2368 3206 1
1012 3206 2137 1764 1
1138 3747 3254 1157 1
2368 3206 789 3075 1
1764 3254 3206 1157 1
3582 3747 3254 1138 1
1012 3206 2246 2137 1
2477 2275 2449 3189 1
2265 3133 2275 1011 1
2275 2681 3189 3220 1
1619 2265 3220 2681 1
4075 3272 3114 273 1
3271 3506 946 3732 1
3271 946 3736 3732 1
3271 3986 3881 946 1
2357 3354 2467 2393 1
2305 3453 3184 3208 1
3963 3727 1951 3208 1
1544 2463 2266 2393 1
2357 2463 1544 2393 1
2018 2054 3278 2688 1
2688 2054 3278 2039 1
2688 3073 2764 3278 1
2018 3278 3073 2688 1
2688 2039 3278 2764 1
630 3210 3133 1273 1
1746 3210 2758 2897 1
420 1273 2477 3210 1
1312 556 3233 3275 1
3275 556 3560 3047 1
3113 1831 3279 3251 1
3251 3279 2483 1831 1
3055 2542 4037 3076 1
1853 992 1006 1291 1
1006 1853 1291 3274 1
2237 2995 3046 3819 1
2252 3816 3282 2642 1
888 3290 3442 3095 1
1940 462 658 2034 1
3087 3293 3820 3724 1
148 3293 3820 3212 1
2250 3090 3294 3597 1
2928 2325 3294 3597 1
2250 2849 3294 3090 1
2325 2849 3078 3294 1
2400 3520 3286 1815 1
2325 3078 2928 3294 1
1815 1184 3286 1725 1
2057 3286 617 1184 1
3286 1184 2057 1725 1
3286 2400 617 3520 1
2179 1572 1069 2718 1
662 190 3838 3295 1
412 2463 2266 1544 1
2463 2232 412 2266 1
2322 2463 412 1544 1
2252 2232 412 2463 1
1701 1821 396 2393 1
1369 1821 1701 2393 1
1764 829 789 3254 1
2479 3009 1777 2834 1
1180 3254 789 829 1
1764 789 3206 3254 1
2407 1936 3194 3298 1
2173 2879 3219 638 1
3219 2879 3236 638 1
3073 2661 1407 2707 1
2962 3131 2210 640 1
2970 2661 1407 3073 1
2764 2970 1407 3073 1
1556 2213 2002 2659 1
2002 1556 1694 2259 1
1977 1886 3220 2276 1
1619 2265 847 3220 1
2155 3220 2276 3189 1
2681 3220 2275 2265 1
1079 2138 1769 2069 1
2151 1731 1769 1160 1
2184 3726 3629 2592 1
2184 3497 3615 3127 1
1037 2529 1264 77 1
875 2179 549 2931 1
2419 2179 875 2931 1
2419 2179 2931 2688 1
656 904 1057 976 1
1370 976 904 656 1
3304 2294 3529 2631 1
3297 3529 3304 2294 1
976 656 3038 1057 1
2451 1284 1285 2193 1
1285 1448 2451 2193 1
46 3150 3305 2678 1
3507 2947 3631 2528 1
46 3150 3977 3305 1
1403 2075 2187 2726 1
3282 3816 3630 3595 1
1134 3406 3292 3429 1
2944 3100 3677 3301 1
2758 849 1742 462 1
462 849 2129 2758 1
2129 2758 849 1192 1
3937 3429 3301 3406 1
3229 3473 3226 276 1
276 3051 3229 999 1
3229 1813 3226 3473 1
2843 2907 3562 2974 1
2528 2907 2843 2974 1
2974 1655 2457 2339 1
3549 3113 3251 3676 1
2339 3124 2457 2974 1
3549 3113 3398 3251 1
1892 1767 2613 2900 1
1930 3511 1892 2613 1
3230 2283 1453 865 1
2108 3511 2235 2613 1
1930 2235 3511 2613 1
42 21 3231 1772 1
2543 21 1772 3231 1
2900 1892 3511 2613 1
2108 2900 3511 2613 1
2413 3752 2822 3665 1
1931 3995 3737 3303 1
943 898 3236 2855 1
1931 3753 3995 3303 1
3956 3304 3383 3094 1
3447 3529 3672 3304 1
3304 3529 3672 3383 1
2180 2014 2705 2663 1
369 2749 2470 1363 1
607 3998 3012 3631 1
3116 2663 2180 2800 1
707 3319 3262 2591 1
3340 3798 3755 929 1
3309 132 902 616 1
616 1043 2476 3309 1
616 3309 132 1043 1
3306 3365 3808 3967 1
3306 3967 3884 4029 1
3306 3941 3884 3923 1
104 1847 2958 3157 1
3467 2301 1847 3386 1
1897 2378 2578 2200 1
2378 1897 2578 1988 1
16 2262 3241 1648 1
3323 1999 2343 2504 1
3576 2647 1999 3455 1
1898 1614 2732 3061 1
2894 1351 2900 1767 1
1892 1351 1767 2900 1
2900 1351 3511 1892 1
3311 1826 3371 2363 1
3504 3371 3311 3452 1
3311 1283 3371 1826 1
3371 1283 3311 3452 1
2504 2288 2976 3960 1
2343 2288 2976 2504 1
1403 2375 2726 1864 1
1864 2375 2726 1454 1
3630 2375 2252 2726 1
1454 2375 2726 2252 1
1403 2375 3630 2726 1
3792 2490 3715 2228 1
3848 146 3822 143 1
143 3822 3848 125 1
2838 1842 609 373 1
2838 1493 1842 2399 1
2829 2534 2408 2287 1
3732 2829 2408 2898 1
3170 2845 2325 2044 1
3153 1959 3329 1910 1
3203 63 3329 1910 1
3203 3329 3844 3565 1
3993 3917 3845 4049 1
3955 3887 3921 4000 1
3426 3424 3329 3844 1
3329 3565 4024 3844 1
3697 3791 2924 2146 1
3697 3314 2924 3791 1
2146 2809 3697 3791 1
3697 2809 3314 3791 1
1080 3401 3666 3252 1
3666 3401 717 3252 1
3252 25 2864 2813 1
3252 3432 2813 1080 1
2408 945 510 2534 1
2408 2534 510 2287 1
824 2736 1906 2248 1
1057 3075 789 3400 1
3075 3206 789 3254 1
2736 2494 1906 2248 1
1001 354 2053 2320 1
2948 1063 1976 1634 1
1976 2245 2127 2657 1
2948 1634 1976 2245 1
898 642 943 577 1
739 1103 577 642 1
3143 642 898 577 1
642 1103 577 3143 1
943 739 577 642 1
2086 1303 937 1405 1
3596 2125 2664 2506 1
2296 2330 1333 2930 1
3153 3193 3205 63 1
3205 3193 2921 63 1
42 3231 3485 1772 1
324 325 1294 1854 1
42 3485 3085 1772 1
3260 1089 1023 1013 1
3676 3715 2886 3792 1
3792 2490 3676 3715 1
3792 3113 2886 3676 1
2999 3335 1933 3202 1
3614 436 3322 2104 1
3322 436 3018 2104 1
3335 2867 1933 949 1
3590 3335 1933 949 1
3322 436 3526 3018 1
3325 1603 1046 338 1
3325 337 1603 338 1
3325 338 1046 2747 1
3759 2410 1577 3414 1
3136 3840 3337 3315 1
715 1866 2748 973 1
3819 2995 3015 2739 1
3819 2995 3046 3015 1
1417 3015 3046 2995 1
995 1266 3267 407 1
995 3267 2923 407 1
2469 1266 3267 995 1
2469 3267 376 995 1
995 3267 376 2923 1
1931 2643 3753 3303 1
2873 3467 2040 104 1
1847 2040 2124 3467 1
104 2040 1847 3467 1
3496 3968 2242 2433 1
2873 3467 2041 2040 1
2040 2041 2124 3467 1
250 2250 3908 2719 1
3333 2645 3330 2954 1
2876 3273 3968 3496 1
3330 3518 2876 425 1
2078 3968 3496 2433 1
2049 3444 3609 2738 1
2954 2080 3518 3330 1
3597 2250 250 2719 1
2642 3816 3282 3574 1
3454 3332 2643 3509 1
1759 1913 2638 2914 1
3211 442 3454 3332 1
3211 3332 3454 3509 1
2735 2802 2375 2633 1
2112 2194 2677 1037 1
1291 1006 3274 2544 1
2184 2592 3615 3497 1
2872 3861 3342 2996 1
3650 2996 3342 3861 1
1103 3601 3276 1073 1
2590 3650 3342 3861 1
1035 3551 3276 642 1
1493 2034 1032 1650 1
3277 647 2399 1493 1
3277 647 1493 2034 1
425 1181 3333 1989 1
2242 1181 3333 425 1
3330 2080 425 3333 1
2080 3333 1989 425 1
425 2242 3330 3333 1
2080 425 3518 3330 1
2137 2874 1012 1183 1
2118 68 1181 1602 1
2242 2645 1181 2967 1
3929 3250 3921 4000 1
1140 3935 3921 3948 1
3467 2124 2301 2811 1
3467 2811 2301 3386 1
230 2683 3705 3119 1
2919 3119 222 3705 1
3138 3240 2696 3318 1
3817 3138 172 3788 1
3138 2696 172 3318 1
3302 3285 3143 667 1
3143 975 2869 2636 1
1103 2636 3143 3285 1
3285 2636 667 2418 1
2782 3801 32 1496 1
743 3438 581 3287 1
3237 3924 2901 2455 1
975 581 3287 743 1
3345 2990 3288 3795 1
1496 2782 3801 1554 1
2999 3564 3200 3350 1
3384 3350 250 2999 1
4054 3771 2411 3289 1
2351 3798 3397 3291 1
3558 1931 4022 3737 1
3558 3399 1931 3737 1
3429 3301 3292 3042 1
2832 3558 4022 3737 1
2832 3399 3558 3737 1
3479 3127 3228 2184 1
3479 2184 3717 3127 1
1900 2932 2871 2235 1
2051 3139 2964 2440 1
2964 3139 2051 3182 1
2649 3628 631 1096 1
631 3628 1128 1096 1
631 3628 2649 2694 1
631 3628 2694 1128 1
1037 1550 1264 2529 1
3175 3035 2301 2379 1
3386 2379 2301 2708 1
322 1001 2320 354 1
322 1547 354 2320 1
910 2640 2155 2426 1
2790 3559 1501 3172 1
3098 2790 1501 3172 1
3098 3172 1501 2775 1
3559 2790 1501 3409 1
2483 2391 1501 3559 1
23 2136 821 3407 1
2587 1764 2137 3300 1
3783 3580 2136 3407 1
3580 4034 3407 3783 1
3355 1683 2159 2921 1
3355 1683 3071 2159 1
3355 3661 1683 2921 1
1934 2119 3360 1885 1
2902 2789 2768 1798 1
1798 2789 2339 2902 1
1934 1885 3360 2893 1
2339 2789 3124 2548 1
3302 642 898 3143 1
898 3302 1706 642 1
642 3302 1706 3510 1
642 3285 3143 3302 1
642 3510 3285 3302 1
3335 3361 4045 3268 1
3623 3194 2407 3918 1
2185 3046 3655 3362 1
2984 3155 169 3343 1
3343 2656 2599 169 1
2656 3196 169 3343 1
44 43 3152 3344 1
3008 3344 3152 2070 1
2185 3655 3625 3362 1
3345 3944 2641 180 1
1941 1671 748 1939 1
3972 3381 2528 3366 1
3381 3649 2528 3366 1
3366 3860 2528 3786 1
1078 2450 3483 3541 1
3786 2528 3366 3972 1
3860 3649 3366 2528 1
3766 2788 2158 2894 1
1842 1650 1189 1493 1
1493 2399 1189 1842 1
3758 211 3059 438 1
3059 2476 3309 438 1
211 3758 199 438 1
1000 3309 1043 1218 1
2844 2231 1793 1053 1
1087 2231 1793 2844 1
596 3347 1879 1985 1
3347 596 1663 1985 1
1103 2636 2694 2649 1
2649 2636 2000 1491 1
1613 3347 1663 374 1
3209 2240 2135 3347 1
3347 2240 1879 3209 1
1613 2983 3347 374 1
374 3209 2983 3347 1
3144 3741 2775 2438 1
680 239 2438 3144 1
3144 680 3741 2438 1
3047 2669 2314 3689 1
2669 3353 2314 3176 1
2314 2669 3176 3689 1
1986 2614 2153 2535 1
2859 3349 3296 3523 1
2153 2614 2677 2535 1
490 1252 847 1920 1
490 653 1252 1920 1
2859 3523 3477 3247 1
3559 3514 2790 3409 1
51 2264 2920 2119 1
1787 1797 2416 3572 1
2395 2789 3759 2768 1
2410 3459 2424 2395 1
1761 3037 2372 3313 1
1761 2372 2702 3313 1
3179 3782 3722 3370 1
1057 904 1772 3316 1
2480 1650 1345 1300 1
871 1831 3514 2570 1
3997 3405 3351 3124 1
490 3133 461 653 1
3739 2394 2327 277 1
2981 2050 3048 3952 1
2265 3133 461 490 1
653 3210 490 3133 1
177 2571 3922 3788 1
2050 3739 254 2561 1
3010 2394 3739 277 1
607 3507 3631 3972 1
3167 3631 3972 607 1
2361 2568 2430 3029 1
2430 2568 2226 3029 1
1526 1866 1361 1594 1
585 2329 2608 2253 1
1361 1866 1526 2015 1
3867 2944 3320 3880 1
3867 3320 2944 3587 1
3233 3880 3975 3320 1
2933 3726 2795 3629 1
1675 2764 1407 3799 1
3276 2793 642 739 1
3324 411 3065 2842 1
1078 3541 2883 3260 1
2109 3313 2883 3798 1
3798 3260 929 1078 1
2512 1078 3260 3541 1
104 2737 962 2040 1
93 2040 2737 104 1
2259 3951 2002 2213 1
2002 3951 3431 2213 1
2262 14 3241 1648 1
2002 2259 1694 3951 1
3431 2002 1694 3951 1
699 2991 463 2517 1
1828 699 2517 2991 1
3380 3820 3999 148 1
3183 2211 1858 1459 1
2285 3214 566 2280 1
2357 1544 3354 2393 1
888 3185 3106 3381 1
3748 3889 3185 3810 1
1842 2399 3331 373 1
2871 1842 3331 373 1
3748 3889 3810 4040 1
3384 250 2250 2358 1
3384 250 2358 2686 1
3172 3359 2814 4045 1
250 2956 2686 3384 1
2514 3386 3576 2523 1
2708 2514 3157 3386 1
2708 2514 3386 3576 1
219 3391 3116 225 1
3351 3363 2717 1927 1
1974 2397 2338 1257 1
3363 2994 3908 3198 1
1989 2397 2645 2954 1
2717 3363 2994 3908 1
3261 295 3598 3190 1
3070 3261 295 2822 1
3261 295 3190 3070 1
2998 2377 2803 2962 1
222 2377 3246 2962 1
3131 2803 2962 2998 1
273 3390 4075 3272 1
2424 2410 3414 3129 1
273 3019 264 3390 1
273 3390 264 4075 1
1197 3089 2066 2607 1
2315 871 3514 239 1
1197 2607 2361 3089 1
3144 2315 3514 239 1
1490 2480 1608 1345 1
4022 2832 1921 1722 1
1244 2518 337 3368 1
2143 3368 3436 2518 1
3172 3741 2775 3144 1
2407 3298 3194 3395 1
3395 3623 2407 3649 1
2407 3194 3623 3395 1
1632 1495 3183 1858 1
1858 1632 2280 3183 1
3396 2999 1933 3202 1
3718 264 3019 3390 1
1591 3796 2804 2840 1
3718 264 3390 4075 1
1502 97 3569 3371 1
97 3371 1502 1411 1
3569 3371 97 3504 1
3398 3200 2818 2560 1
3398 3200 2560 3202 1
2088 2484 3419 3104 1
3419 3104 3383 2088 1
3373 442 3024 3512 1
3512 442 215 3373 1
3373 3024 208 212 1
1083 1819 3184 2340 1
2493 1434 1959 1991 1
4045 3585 3566 3268 1
2493 3153 1991 1959 1
2493 3205 1991 3153 1
3338 3628 2649 1096 1
210 3375 2478 221 1
3665 3135 3108 3003 1
3221 3377 507 3465 1
3490 3465 3339 3377 1
3375 3064 2478 221 1
3423 210 221 3375 1
1130 3353 3238 3811 1
3340 1078 3798 929 1
3099 1456 2001 1591 1
1910 1665 3377 2090 1
2917 1910 3377 2090 1
2075 412 2322 2726 1
2917 3377 3565 2904 1
472 3524 678 1148 1
678 3524 472 2349 1
1846 678 2349 3524 1
3426 4024 3377 3339 1
3377 3465 3339 3565 1
519 3526 3379 3022 1
1284 342 2056 1795 1
1285 1284 2884 342 1
1284 1795 2884 342 1
2205 1642 2898 1427 1
2205 2898 1642 2429 1
412 2726 2463 2322 1
2463 2726 412 2252 1
681 2929 3480 3048 1
2929 3480 3048 2050 1
729 2783 2566 3346 1
729 3346 2566 3603 1
729 2883 2783 3346 1
2883 3346 729 3397 1
237 489 259 3985 1
3264 237 259 3985 1
3402 248 3683 2781 1
556 2109 3560 3313 1
3402 2781 3114 3272 1
556 2310 2743 3233 1
2414 733 640 1549 1
2476 640 733 1549 1
3402 248 2781 3994 1
733 2476 2692 640 1
3402 2781 3683 3114 1
2414 733 2692 640 1
426 2085 2006 691 1
3272 3994 3402 2781 1
2100 2085 426 3008 1
3383 2338 2088 2225 1
3104 3956 3383 2225 1
3415 3815 224 3348 1
2631 2338 2617 3383 1
3672 3529 3419 3383 1
2982 2927 2928 2867 1
1850 2420 1873 2163 1
1850 2163 1590 3505 1
2420 2163 1850 3505 1
172 3817 3915 3620 1
3388 2018 1560 1678 1
2018 1678 3388 1280 1
3388 1280 1213 1514 1
2596 3011 2028 1147 1
23 821 1980 3407 1
2610 23 1980 3407 1
345 2792 349 1758 1
349 1758 2792 2427 1
3783 2610 3681 3407 1
3783 3681 4034 3407 1
3122 3413 294 3378 1
2964 3963 3182 711 1
263 3122 3413 294 1
3132 2827 1693 3026 1
2391 3172 3635 4045 1
3635 2814 2049 3361 1
2106 2821 1035 3052 1
928 3352 2637 2936 1
3509 3303 2643 1931 1
3211 3303 3509 3399 1
3509 3332 2643 3303 1
3211 3332 3509 3303 1
2981 3387 2630 2592 1
2073 2140 1279 3128 1
2934 1623 2550 2161 1
219 3141 3519 3391 1
3313 1078 3353 2669 1
3238 2109 3798 3353 1
3313 3798 3353 1078 1
2669 1078 3353 3340 1
3353 2109 3798 3313 1
3353 3176 2669 3340 1
543 1742 1239 1920 1
3540 2804 2840 3544 1
2346 1607 2930 2239 1
3488 2847 2971 3411 1
3411 3488 2847 2761 1
3185 894 3411 2761 1
3528 781 470 1092 1
3045 2582 3061 1898 1
3045 1898 3061 2608 1
3494 2710 3110 3412 1
3357 2907 3066 3118 1
2538 2572 2562 3248 1
2562 2572 901 3248 1
3099 1591 1449 1456 1
3497 2549 2184 2508 1
3497 2508 2184 2592 1
3197 3847 2826 246 1
2322 412 3354 1544 1
1218 129 3364 131 1
162 129 3364 1218 1
2218 3983 1395 2342 1
3946 2208 3983 2342 1
412 3354 2075 2322 1
2208 3983 1439 3946 1
2832 3399 3737 2601 1
2693 3912 4063 3365 1
2808 2826 2574 3994 1
2808 3994 3084 2826 1
610 3365 3270 2652 1
1811 2323 3454 3509 1
2574 3994 2826 3957 1
3399 3083 3737 2601 1
2574 3718 3994 3797 1
2323 3211 3454 3509 1
2001 1456 2274 45 1
2574 3718 2808 3994 1
2574 3797 3994 3957 1
3978 3648 3367 3703 1
2920 3360 2119 3071 1
3663 3367 3548 2750 1
3421 3703 3663 3367 1
2304 1630 1559 2651 1
2304 1630 2651 3697 1
742 2685 3909 3640 1
3627 2407 234 2273 1
3649 2407 234 3627 1
3627 2516 2407 2273 1
3649 2516 2407 3627 1
2054 3637 2039 3404 1
3765 2712 247 2630 1
2824 3418 3765 247 1
2554 2299 562 636 1
2554 636 2293 2299 1
3677 3406 139 3762 1
2944 3429 3301 3937 1
3392 3762 3749 3406 1
2174 2288 2976 2343 1
1049 647 2838 3372 1
273 3420 3019 3390 1
273 3390 3272 3420 1
2687 3374 2989 2879 1
2273 3218 3016 2826 1
3016 3239 2273 2835 1
2350 2763 890 1656 1
3424 1179 3802 63 1
3413 2428 712 3378 1
1633 2473 2205 2263 1
2084 2284 2697 36 1
1770 2084 2555 2711 1
2800 247 2588 2824 1
2800 3457 2824 3625 1
2514 2729 2523 2618 1
3349 4020 3523 3408 1
2514 2729 3157 3386 1
2514 3386 2523 2729 1
1383 1928 1444 2370 1
2757 1928 1444 1383 1
2315 871 3409 3514 1
3174 2828 2945 2012 1
1542 1962 1293 306 1
1917 306 1293 1962 1
1917 306 1962 2832 1
1372 1962 306 2832 1
319 2752 1479 323 1
3481 3239 3627 3016 1
3481 4060 3627 3239 1
319 341 1479 2752 1
345 2792 1758 2177 1
345 2269 2792 2177 1
1622 2279 1517 1925 1
2294 1088 3428 3417 1
2294 1088 3297 3428 1
639 1710 2664 2125 1
2506 1710 2125 2664 1
2125 1834 1710 2506 1
3455 2618 3576 3169 1
2733 2595 3804 1068 1
3756 3696 184 202 1
4001 3321 2274 45 1
3499 2487 3870 3659 1
3392 3762 3406 3674 1
4001 1554 3458 2274 1
3392 3542 3014 3499 1
1554 3321 2274 4001 1
3659 3621 2877 2938 1
2938 3621 2877 2702 1
2938 2372 2687 2702 1
3157 3386 1847 2708 1
1340 2335 1684 1076 1
3706 3815 3415 3348 1
3069 2353 1122 1076 1
2950 205 3367 3573 1
1847 3386 2301 2708 1
3367 2950 3756 205 1
2242 2631 855 2433 1
3968 2631 3330 2242 1
1066 3091 3131 3416 1
1197 1997 2390 2466 1
3139 2651 3164 3314 1
1197 2607 1997 2466 1
3131 3091 2803 2998 1
3131 3091 3017 3416 1
1019 1324 2553 719 1
2553 2392 1019 719 1
2109 3798 2883 3397 1
3798 3291 929 3260 1
2553 2392 719 30 1
2372 2883 729 3397 1
1794 1445 1088 3417 1
1997 1197 1807 2607 1
3433 93 104 2873 1
1882 2765 2103 2225 1
3435 3725 2411 2542 1
3212 2675 3725 2542 1
2715 819 878 319 1
2707 3174 2361 2466 1
2707 2012 3174 2466 1
3797 4075 3994 248 1
2316 986 3421 1422 1
2316 986 2491 3421 1
3421 986 2491 3703 1
986 3703 3421 3367 1
3324 3065 2972 2842 1
848 3324 2972 2842 1
2313 2755 2596 2164 1
2313 2612 1869 2229 1
2612 2755 2229 2313 1
1295 1209 721 1983 1
1209 1295 2355 1983 1
1209 2734 2355 1295 1
2734 1209 1652 1295 1
3618 3440 2054 2018 1
3440 1979 2054 2018 1
1563 1057 789 3400 1
3038 976 1057 3400 1
3521 3582 3254 1138 1
3521 3254 3582 3400 1
3400 3075 789 3254 1
1801 1027 2748 3033 1
3956 3304 3672 3383 1
2200 1038 2748 1840 1
1866 2013 1361 775 1
1698 2943 1038 1840 1
632 2747 1926 1994 1
2735 1673 2426 2802 1
3441 1673 1808 2426 1
3441 1673 2426 2735 1
1808 1673 3441 3265 1
2453 3432 3401 1080 1
2453 3401 25 1370 1
3441 1673 2735 3265 1
3401 25 2619 717 1
1370 3401 25 2619 1
1080 3432 3401 3252 1
3401 25 717 3252 1
3290 888 3442 3748 1
3442 4040 2505 3889 1
3221 507 2030 1598 1
2898 2263 2287 3009 1
2898 2408 3009 2287 1
3118 3066 530 3173 1
3269 3172 3444 3664 1
2898 2829 2408 2287 1
3357 3066 530 3118 1
3405 3997 588 608 1
2391 3172 3444 3635 1
3066 3043 3357 530 1
3109 2825 1943 2801 1
3635 3172 3444 2814 1
3060 3664 3269 3444 1
3723 2391 3060 3444 1
3635 2391 3723 3444 1
1424 2554 361 562 1
1424 3001 361 2554 1
3447 3668 4010 3529 1
565 2456 1735 2506 1
1755 2009 757 3581 1
3547 3790 2852 3579 1
3297 3447 1265 3579 1
3547 4010 3594 3447 1
1265 3668 4010 3447 1
3458 2225 2536 2937 1
3426 3478 1179 3339 1
3320 2944 3937 3612 1
1134 3292 3502 3429 1
3502 3429 3981 1134 1
3450 3463 1206 3584 1
3150 2904 2678 1509 1
3824 3305 3565 2904 1
3655 2185 3625 3015 1
4052 3820 3724 3087 1
220 1251 3410 216 1
1353 3410 220 1251 1
1353 220 3410 2396 1
220 1119 3410 2396 1
2504 2509 3162 3455 1
2509 2701 3162 3455 1
3455 2509 2701 2369 1
3455 2611 2509 2369 1
2504 2611 2509 3455 1
3497 3127 2324 3615 1
2969 3127 3456 274 1
3457 247 3726 2800 1
3457 3362 2824 3625 1
3625 3457 3362 3655 1
3726 247 3457 3632 1
2930 1670 1911 2346 1
2536 3094 2367 2937 1
3413 263 2552 3122 1
3414 3129 2410 2655 1
2555 2556 2084 1770 1
2284 2084 2555 2556 1
3450 3641 3463 3584 1
1198 663 3029 3463 1
3463 3029 3584 3641 1
2904 507 3465 2720 1
3434 3586 237 3985 1
917 3461 3996 3348 1
2904 3465 3565 3824 1
3465 3824 3339 3565 1
3264 3434 237 3985 1
2009 1187 3001 2554 1
2293 1187 2009 2554 1
3436 3368 337 2518 1
1206 2707 3029 2361 1
1206 2707 2361 2466 1
2793 2348 3014 3392 1
3088 2624 2819 2836 1
1206 3029 3584 3463 1
2294 3428 3297 3529 1
3128 2209 2647 2751 1
2294 2415 3529 3484 1
3978 182 3648 3780 1
2576 2647 2611 2751 1
3945 2994 3439 2492 1
3128 3035 2647 2209 1
3035 2647 2432 3128 1
3128 2647 2432 2364 1
2647 2611 2364 2576 1
2994 3794 3945 3439 1
848 2842 1369 537 1
2129 1036 1608 2972 1
848 2972 1369 2842 1
2903 2898 3018 2429 1
2903 2829 3018 2898 1
2229 2831 2360 2650 1
2807 2831 2360 2229 1
3215 2409 3665 2980 1
3098 3144 3172 2775 1
3269 3144 3741 3172 1
4018 3949 3233 4009 1
2672 861 2544 2535 1
2672 2544 2677 2535 1
2607 2568 2361 3089 1
2439 1094 3134 3422 1
1094 921 3134 3422 1
2225 2088 3443 1882 1
3060 3269 2951 2738 1
734 3443 2225 2088 1
3074 1938 3013 2557 1
2956 2292 3794 3589 1
3031 3074 3013 2261 1
2779 1950 2921 3097 1
3178 3933 2261 2557 1
2935 2157 2780 2186 1
2593 274 2324 3127 1
3127 274 2324 3456 1
3445 875 2419 2179 1
3445 1572 875 2179 1
2279 3729 1622 1517 1
1486 402 3446 1517 1
1486 3729 1517 3446 1
1417 1833 2185 3015 1
585 2608 3061 2253 1
3029 2707 2773 3174 1
1000 3309 1218 3758 1
132 1218 1043 3309 1
2501 2608 2329 2253 1
2181 2260 2876 2212 1
2712 3204 2795 2592 1
2795 3204 2712 2622 1
3475 3273 2181 2876 1
3734 3427 213 185 1
983 2878 3616 213 1
3427 194 213 185 1
3427 213 194 983 1
3427 983 3616 213 1
104 3467 1847 3157 1
3433 2873 104 3467 1
3157 3433 104 3467 1
3673 3451 3687 2684 1
380 1005 1609 2654 1
2756 70 2033 1321 1
380 2654 1609 2650 1
4069 3468 3834 3675 1
3569 3452 3504 4023 1
3675 4080 4069 3468 1
3675 3468 3780 4080 1
1850 2163 3452 1590 1
3031 70 2668 2799 1
635 3453 711 3184 1
3184 3453 711 3208 1
4045 2620 3590 3592 1
1559 3963 1951 3208 1
2483 2620 1501 4045 1
3471 3742 3495 3016 1
2758 1746 2238 1403 1
3471 3079 3016 2835 1
3471 2835 2826 2628 1
2238 3216 1746 2897 1
3216 3210 1746 2897 1
734 2126 3458 2225 1
734 3956 2225 3924 1
2869 3287 975 581 1
1491 2636 3459 2224 1
581 1313 3287 987 1
581 3287 1313 2869 1
2813 25 945 3432 1
3432 25 945 2453 1
3252 25 2813 3432 1
2453 25 3401 3432 1
3432 25 3401 3252 1
2410 1491 3459 2768 1
1491 2224 3459 2768 1
3021 1491 2636 3459 1
3460 1914 1422 3588 1
3460 1914 3588 3154 1
3270 3460 3588 3154 1
1501 2391 4045 3172 1
3996 3264 3767 914 1
2412 3462 3115 2578 1
2412 2244 3115 3462 1
1165 3862 3532 3813 1
3813 3862 3532 575 1
1632 2280 3103 813 1
2280 3103 3027 2285 1
3287 3438 581 987 1
987 3112 3287 3438 1
295 3070 2822 3464 1
1414 3239 3481 3079 1
1414 4060 3481 3239 1
3519 252 3927 2590 1
252 2996 3927 3342 1
2208 3983 2130 2983 1
2342 3983 2130 2208 1
2590 252 3927 3342 1
252 277 3927 2996 1
3519 3927 252 253 1
2983 2135 3983 2130 1
252 3927 277 253 1
44 426 30 3578 1
2181 3484 2415 2876 1
2181 3273 3484 2876 1
3484 3273 3968 2876 1
1192 2336 537 2129 1
282 2780 298 2935 1
1192 2758 2336 2129 1
3579 3823 3297 3304 1
3472 1266 1629 2344 1
2761 3841 3488 3649 1
3623 3194 894 3488 1
3411 894 3488 2761 1
3319 3052 3670 1008 1
3052 3319 3571 3262 1
2989 3052 3571 3262 1
3168 2709 2382 2860 1
3168 2709 2860 1623 1
2382 2709 2291 2860 1
3448 1204 961 3803 1
2582 2188 1825 3492 1
3492 2188 1825 2760 1
2887 1560 2018 2810 1
2426 2278 2802 1673 1
2426 2640 2278 1673 1
1673 2278 3283 2640 1
2155 2640 2278 2426 1
3689 2316 1040 3126 1
1865 2459 3449 2882 1
2660 2459 3449 2527 1
3126 2660 3449 2527 1
3516 3689 1863 2316 1
2173 3556 2687 3397 1
2109 2883 2372 3397 1
2931 2828 2661 2012 1
2012 2828 2661 3174 1
3329 3426 1959 3424 1
2849 3609 3145 3503 1
2849 3609 3503 3063 1
3149 2930 2346 1607 1
2870 3102 3232 218 1
3102 218 2870 2525 1
311 650 1329 1750 1
3063 1936 3503 3298 1
650 360 352 1733 1
3972 3381 3507 2528 1
3517 3507 2947 2896 1
2260 3475 2181 2876 1
639 243 251 3476 1
1404 3476 3131 639 1
3106 2947 3507 2528 1
639 3476 269 1710 1
3358 1998 2099 2555 1
639 1710 1404 3476 1
639 251 269 3476 1
607 888 3507 3972 1
3517 3507 2896 3998 1
607 3863 3998 3507 1
3094 2294 1088 3304 1
3821 147 3958 137 1
3094 3304 1088 3823 1
1986 3274 1776 2101 1
3245 3274 2101 2267 1
1986 2535 1776 3274 1
3245 1783 1757 2101 1
3479 3228 3102 1149 1
3304 1088 3297 2294 1
3823 1088 3297 3304 1
3468 4080 4069 3557 1
3730 3990 3785 3703 1
2811 1506 3394 2165 1
2811 2124 2301 3394 1
1947 2249 866 960 1
2811 2165 3394 2432 1
2811 2124 3394 1506 1
406 407 394 3472 1
890 3472 406 394 1
406 2344 3472 890 1
1266 3267 3472 1629 1
407 1266 3267 3472 1
3137 542 2158 2788 1
2625 2249 866 1947 1
2129 1608 1369 2972 1
3766 3137 2158 2788 1
1417 3046 2185 2237 1
3600 3243 519 3178 1
519 3526 3178 3243 1
3600 3243 3178 2895 1
3600 2895 3178 2557 1
151 3793 3151 3781 1
3848 3151 1255 3822 1
4016 3793 3151 3822 1
3128 2647 2576 2751 1
2647 2576 2364 3128 1
3342 2996 3927 3171 1
681 3048 3480 3952 1
3048 3480 3952 2050 1
3096 1378 2602 2893 1
1911 1716 3454 2323 1
3288 3805 2641 3345 1
2783 265 3101 299 1
3065 736 3186 2972 1
3324 3186 2972 3065 1
3469 3845 155 3917 1
3800 3041 3487 3703 1
3845 3917 3469 4049 1
4000 3827 3887 1140 1
177 3758 211 3470 1
2768 2271 3226 1491 1
1813 2768 2789 2271 1
3226 2768 1813 2271 1
2679 407 3472 394 1
3267 3472 2923 407 1
2923 407 3472 2679 1
3868 2734 2162 3489 1
3868 2734 3489 2355 1
2588 3130 2800 2489 1
3726 2489 2800 3130 1
2354 1685 1508 531 1
1685 2354 1508 1421 1
3867 3821 3880 3890 1
3033 733 1267 2692 1
888 3507 3106 3517 1
3221 3873 3826 3602 1
3863 3507 3517 3998 1
3650 2712 3765 2630 1
3650 2712 3861 3765 1
3650 2327 2712 2630 1
3650 2327 3861 2712 1
2962 3024 2377 2692 1
2962 3024 2692 2414 1
3616 1655 1666 3288 1
2934 1623 2709 2550 1
3416 3091 3017 3519 1
2550 2709 3168 1623 1
3519 3116 2142 219 1
3519 2663 2142 3116 1
3546 3496 43 2912 1
2034 1536 2851 658 1
2299 658 849 644 1
2876 3496 3330 425 1
3097 3203 2993 1950 1
3203 2993 3977 3097 1
3674 3499 3659 1134 1
3499 3406 3292 1134 1
3636 2487 3499 3659 1
3392 3406 3499 3674 1
3499 3292 2487 3636 1
3037 265 2783 3483 1
3483 265 2783 299 1
2958 1847 2885 3157 1
608 3770 3997 3500 1
126 623 3501 1428 1
126 1428 3501 2417 1
764 3486 1519 765 1
2147 1601 3486 1519 1
3486 2623 550 2147 1
3121 3501 2417 126 1
3491 2728 2935 921 1
2728 2815 2935 921 1
1206 2583 3539 2466 1
2466 3073 1206 2707 1
3710 1844 3491 284 1
2256 1166 2008 1463 1
957 3491 1844 284 1
3491 284 957 3709 1
3491 284 3709 292 1
887 354 3524 1148 1
3576 2647 2379 1999 1
3493 1961 3536 2816 1
2565 2816 2319 3493 1
3229 3226 3051 276 1
3229 2994 3051 3226 1
3175 2647 2379 3576 1
2883 3037 2783 3483 1
663 2550 3191 1402 1
1402 3191 663 3029 1
3029 1402 3584 3641 1
641 394 2679 600 1
250 3564 2867 2999 1
2999 250 3564 3350 1
3394 3035 2432 3128 1
4045 2391 2483 3566 1
2582 1898 2732 3061 1
2783 3101 284 3498 1
3498 2783 3030 284 1
1995 1351 3511 1900 1
1674 1351 3511 1995 1
222 3512 212 3024 1
1998 3358 2521 2555 1
2521 1676 2555 3358 1
3919 3125 3773 4012 1
3125 4059 3773 4012 1
3099 821 1169 3023 1
3452 3371 3569 3504 1
97 2363 2537 3504 1
98 2624 3505 105 1
436 3506 3018 2903 1
436 1624 918 2903 1
436 918 3506 2903 1
2214 1152 1978 1624 1
1978 1152 2214 2850 1
2800 2824 3116 3625 1
3116 3519 3625 2824 1
2965 2908 3453 2305 1
1265 3447 3547 3579 1
1265 4010 3547 3447 1
3463 1198 3089 2361 1
3463 3029 1198 2361 1
2089 3513 2518 2771 1
2749 3513 2518 2089 1
2749 3513 2089 2910 1
2733 3202 3549 2560 1
3977 3150 46 3217 1
2575 3047 3516 1040 1
46 3150 2767 3217 1
1040 3047 3516 3689 1
3097 2993 3977 2434 1
3510 2694 1103 3285 1
3510 2418 3285 3302 1
3520 1481 1679 1343 1
3520 1184 3286 1815 1
1815 3520 1679 1343 1
2893 1885 3360 2779 1
1040 3516 3778 2316 1
1040 3689 3516 2316 1
3973 3435 4090 4052 1
947 3836 2351 3716 1
4090 3771 2411 4054 1
4054 2411 4090 3973 1
2544 3274 1776 2535 1
2879 2989 3674 3392 1
3527 3774 3686 175 1
197 3527 3686 175 1
2927 2719 3597 250 1
3161 3041 1863 3530 1
322 2320 1001 3515 1
4080 156 3711 3557 1
4069 4080 3711 3557 1
3557 156 4089 3984 1
3518 1499 2080 2954 1
3417 3518 2553 2876 1
3518 1019 1794 2553 1
2294 3518 3417 2876 1
2954 3330 2294 2631 1
3141 252 3519 3391 1
2800 3625 3116 2663 1
3141 3519 252 253 1
3116 3519 2663 3625 1
3636 3502 4012 3534 1
1134 3502 3534 2310 1
1134 3534 2877 2310 1
2021 3486 1601 1519 1
1134 3534 3659 2877 1
1934 2119 2920 3360 1
2147 1458 3486 1601 1
2528 2974 3631 3167 1
976 3316 1057 3521 1
2298 3521 3400 1180 1
2298 3521 1180 3666 1
976 3521 1057 3400 1
3813 3537 1165 4013 1
2840 3561 2312 3580 1
3580 3561 2312 4034 1
2294 3428 3529 2415 1
370 354 3524 887 1
1846 354 3524 370 1
3474 1098 1118 2500 1
4031 3525 3899 2813 1
2348 3749 3542 3392 1
2751 2611 2504 1999 1
2611 3455 2504 1999 1
3526 436 3506 3018 1
1004 3112 743 3287 1
3287 3112 743 3438 1
3392 3749 3542 3406 1
3323 3455 1999 2504 1
2504 3162 3323 3455 1
675 4015 2228 3430 1
3842 3930 675 2228 1
3255 3634 3430 2806 1
3577 3529 3297 3428 1
4010 3529 3419 3672 1
3297 3529 3577 3447 1
2631 3529 3304 3383 1
736 1493 2972 2480 1
2480 2972 1608 1650 1
1887 1947 1583 1994 1
1887 2625 1583 1947 1
3851 3531 1267 3033 1
170 1267 188 3851 1
2748 3531 737 3033 1
737 3531 2748 2539 1
3862 1250 3532 575 1
203 2870 3192 3849 1
3599 203 3849 2870 1
3192 203 2525 2870 1
44 426 3533 691 1
44 426 3578 3533 1
3075 1772 57 3085 1
3085 3075 3535 57 1
3493 3536 2565 2816 1
3303 230 3954 3538 1
3538 3954 3083 1946 1
3635 3145 2391 3566 1
4045 3635 2391 3566 1
2760 1597 3492 2188 1
2582 1597 3492 3177 1
1784 2582 3177 1597 1
1590 3088 2922 3505 1
2163 2624 3088 3505 1
3177 1597 3492 2760 1
3540 3796 2840 2804 1
1239 2766 459 3132 1
1336 2766 459 1239 1
1701 2766 1864 3132 1
1597 2582 3492 2188 1
1881 3541 3260 1013 1
3346 3541 3307 1013 1
3282 2252 412 2075 1
3541 1013 3346 3260 1
2075 2252 412 2726 1
3960 2211 2751 2288 1
3601 1220 3543 631 1
162 2571 179 3192 1
1735 2406 2318 1834 1
2406 1176 2318 2481 1
2406 2318 1834 2481 1
2418 3459 2636 2424 1
3727 3606 3164 2429 1
196 3367 1485 3548 1
3727 3243 3093 3979 1
3978 3367 196 3548 1
4040 3627 3366 3040 1
4040 4060 3627 3040 1
3860 3627 3040 3366 1
257 2800 3726 2255 1
3717 257 3726 2255 1
3782 1414 3079 3722 1
3568 3782 3722 3179 1
3568 2835 2628 3179 1
3568 3079 3471 2835 1
3568 2835 3471 2628 1
3726 2933 2795 3632 1
3452 2163 1283 3088 1
3311 1283 2744 3088 1
222 3538 3512 3024 1
3538 3512 3024 442 1
2962 222 3024 3538 1
2783 3483 299 3307 1
3483 3223 299 3307 1
1820 320 2009 2604 1
442 3024 3538 2414 1
1820 320 3001 2009 1
2414 3024 3538 2962 1
2940 2049 3609 2738 1
1454 2252 2726 2463 1
2971 2049 3609 2940 1
3111 3028 4019 3550 1
2314 3550 3111 3176 1
3111 2314 3560 3550 1
3084 586 2503 3843 1
2492 2183 997 3552 1
3732 946 3736 2408 1
3736 2408 2033 3009 1
3688 2606 3066 3375 1
3066 2606 3553 3375 1
3375 3553 3064 221 1
2606 3847 2826 3197 1
2404 2735 3574 2633 1
2404 2278 3283 1673 1
2773 2286 3174 2828 1
3191 2226 3682 3029 1
3174 2286 2945 2828 1
3283 2278 2404 3056 1
2831 2650 2120 2360 1
2831 2360 2120 3969 1
2807 2831 3969 2360 1
585 2608 3045 3061 1
2514 2523 3576 2618 1
3323 3162 2514 3576 1
3162 2618 2514 3576 1
2686 250 2358 3794 1
286 267 3639 3554 1
307 285 3554 286 1
3673 1144 3554 3884 1
3006 267 3554 3639 1
250 2956 3794 2686 1
250 3908 3794 2719 1
2956 250 3794 2292 1
4026 3522 3952 4041 1
2159 2921 3244 3355 1
3071 2159 2017 3355 1
2159 3244 2017 3355 1
2173 2687 3556 2879 1
3583 2109 2687 3556 1
3556 2687 3621 2879 1
702 1496 3924 1554 1
702 2901 3924 1496 1
2901 1496 2937 3924 1
1496 1554 3458 3924 1
2937 1496 3458 3924 1
3098 2790 3172 3144 1
1962 2832 3558 1917 1
250 2867 1933 2999 1
3396 250 2956 1933 1
2956 2733 2462 2686 1
3396 250 1933 2999 1
1933 2956 3589 2292 1
2049 2849 3145 3585 1
3078 2849 2049 3585 1
3078 2049 3361 3585 1
2049 3145 3635 3585 1
4045 3361 3635 3585 1
3361 2049 3635 3585 1
2590 3861 2185 3362 1
3784 2724 1182 3743 1
3858 206 4004 3156 1
3672 3790 3304 3956 1
912 3823 3579 3304 1
1489 3275 3560 3047 1
556 3313 3560 3047 1
3447 3672 3790 3304 1
3972 4040 3040 2505 1
4040 2505 4060 3040 1
1459 1392 2776 1757 1
2359 2211 1392 1963 1
2483 2620 4045 3592 1
2525 2589 218 203 1
2525 203 218 2870 1
2946 2156 2939 1815 1
1462 812 2939 3286 1
3594 2484 2455 3672 1
3790 3594 2455 3672 1
2633 2375 3595 2365 1
3621 2687 2702 2938 1
2735 2375 3595 2633 1
3621 2687 2938 2989 1
283 2223 3563 309 1
3574 2735 3595 2633 1
3563 1855 309 2481 1
2223 3563 2481 1710 1
3068 2258 1574 1724 1
2759 2689 2425 1612 1
2689 2425 1630 2759 1
1307 1340 1194 2353 1
1307 2353 669 3069 1
1307 1194 669 2353 1
3998 588 2690 3012 1
2824 3765 3362 247 1
3562 3860 3066 2907 1
3977 3150 3203 3565 1
3562 2907 213 1655 1
2974 1655 2907 3562 1
2917 3377 3203 3565 1
3377 3565 3339 4024 1
2800 247 2824 3457 1
3261 2428 3002 3021 1
3457 247 2824 3362 1
3655 3457 3806 271 1
2880 2390 2810 2466 1
2583 2466 2880 2810 1
2867 2927 3597 250 1
2867 3597 3564 250 1
1491 2649 3051 3003 1
3051 3135 3003 2649 1
3051 3570 3338 2649 1
2185 3046 3362 3861 1
1251 216 1667 3410 1
1667 216 674 3410 1
2415 2876 2294 3417 1
2294 3428 2415 3417 1
3567 275 1813 3473 1
1813 2717 275 3567 1
211 225 2142 2421 1
275 3567 2717 3351 1
254 237 259 3767 1
259 3952 3767 681 1
3888 3568 3471 2628 1
1965 781 470 1809 1
1895 3572 2071 1025 1
3078 3361 2928 3585 1
1931 3995 4022 3737 1
3885 3465 3602 3339 1
3465 2720 3602 3339 1
3510 2706 3571 1094 1
3374 2706 3571 642 1
3571 3551 642 2949 1
2855 3374 3571 642 1
1035 3551 642 2106 1
2989 2106 3571 3052 1
3885 3602 3478 3339 1
2460 2578 2412 2997 1
2493 3153 3193 3205 1
2362 1770 1998 2711 1
2590 3342 3927 2185 1
2416 2290 3158 2736 1
2483 3251 2620 3592 1
889 3575 3691 246 1
3559 3251 3409 2620 1
3251 3559 3409 1831 1
2628 2835 3704 889 1
2835 3918 3704 889 1
3266 3855 266 4043 1
2420 2624 2163 3505 1
3578 719 426 30 1
1945 2284 1509 515 1
2284 35 2697 36 1
2284 2697 2555 2084 1
4040 2992 3649 3627 1
3889 2992 3810 4040 1
1820 2009 3581 757 1
3504 3311 3371 2363 1
3580 3622 3561 4034 1
3051 1491 3226 2271 1
3051 3226 2994 2271 1
850 1958 2475 1833 1
3521 3316 1057 3582 1
1057 3316 1772 3582 1
1057 1772 3075 3582 1
1057 3075 3400 3582 1
3400 3075 3254 3582 1
3521 3582 1057 3400 1
3745 3556 2351 2109 1
3556 2109 2687 3397 1
3384 2250 1668 2358 1
2351 3556 3397 2109 1
3609 3444 1936 2738 1
3609 1936 3723 3503 1
3609 1936 3503 3063 1
2940 3609 1936 2738 1
2706 2728 729 3134 1
2157 2728 2935 3491 1
3134 3491 3710 1844 1
729 2728 3491 3134 1
986 2727 3696 3166 1
986 2727 3703 3648 1
2977 2270 3352 2936 1
3352 2270 1995 2936 1
2797 3352 2270 1995 1
2977 1662 3352 2270 1
1662 3352 2270 2797 1
2310 3981 3320 3583 1
1134 3583 3707 3745 1
3836 2351 3587 947 1
3153 3424 3329 1959 1
3426 3844 3329 4024 1
3426 4024 1179 3844 1
3757 267 3006 3639 1
267 3639 3757 242 1
242 3639 235 2272 1
2702 2687 3621 3583 1
3621 3583 2687 3556 1
2331 2900 2108 3062 1
2894 1767 2900 3062 1
2987 3450 1206 3584 1
3830 3894 1967 1124 1
3222 3973 2742 3779 1
3615 3456 2324 2520 1
2962 2692 2377 2803 1
3615 2324 3204 2520 1
3204 2520 3629 3615 1
3338 2649 3570 1096 1
1732 3235 2963 126 1
2963 3235 3181 126 1
3601 1073 3543 1220 1
3601 3708 3276 1073 1
2707 3584 1407 3871 1
3584 1407 1576 2707 1
2683 3586 3705 473 1
3225 4061 3555 3962 1
4003 3992 3555 3962 1
3613 2987 1206 3871 1
3073 2707 3871 1206 1
1206 3613 3871 3539 1
2707 3584 3871 1206 1
2378 1988 2578 2997 1
2987 3584 1206 3871 1
425 3330 2242 3496 1
4045 3359 3361 949 1
3359 4045 3590 949 1
3365 4094 3679 3967 1
3593 3679 4064 4076 1
3593 3967 4029 3884 1
3106 3185 3411 2761 1
3540 3544 2840 3622 1
3540 3544 3622 3976 1
3849 3599 3825 203 1
2516 3649 3623 3841 1
3395 3488 3623 3649 1
3623 3194 3488 3395 1
970 325 3177 1135 1
2091 3596 2715 2832 1
3995 2506 4022 2664 1
3717 3629 2933 2520 1
2933 3629 3376 2520 1
1017 999 3147 3740 1
3601 1207 3708 1220 1
3717 3629 2520 3615 1
2788 3062 3751 2581 1
3708 1073 3601 1220 1
2183 999 3147 1017 1
2980 3215 2616 2198 1
2413 2822 921 3215 1
2198 2822 3215 921 1
2788 3062 2986 3751 1
3282 3630 2252 2075 1
2365 3630 2075 1403 1
3282 3630 2075 2365 1
116 1082 1177 125 1
2075 3630 2252 2726 1
1403 3630 2075 2726 1
3632 257 2933 271 1
294 3603 2566 293 1
263 3603 294 293 1
271 272 3376 3632 1
2933 3632 271 3376 1
3632 3806 3457 271 1
3632 3457 257 271 1
271 272 3632 3806 1
2345 276 3598 3473 1
2509 3053 2504 3960 1
3470 3758 211 3605 1
3059 2377 3605 188 1
3059 3605 211 3758 1
511 3916 4036 3984 1
3916 511 4036 3800 1
3916 3487 4036 3984 1
3487 3916 4036 3800 1
3386 2811 2523 2729 1
4045 3172 3359 1501 1
2049 3609 3635 3145 1
2663 3015 3625 1833 1
2261 519 3178 3600 1
3635 2814 3361 4045 1
3635 2814 3444 2049 1
2762 2645 589 1880 1
2645 2442 589 1880 1
2645 589 855 2762 1
3776 3906 1967 3662 1
3776 3662 3909 1165 1
2338 1880 2645 2762 1
855 2338 2645 2762 1
2049 3635 3609 3444 1
3206 2368 2246 2137 1
2246 2368 1939 2137 1
2694 2636 3285 2000 1
2938 3054 2687 2372 1
2694 2636 2000 2649 1
3510 2000 2694 3285 1
2628 2826 3471 3084 1
3084 3888 3471 2628 1
3618 664 3647 3637 1
3637 3643 2039 3404 1
3608 3611 217 3886 1
2292 2719 2927 250 1
2867 2292 2927 250 1
2292 3794 2719 250 1
1933 250 2956 2292 1
1933 250 2292 2867 1
2219 3263 3494 3412 1
3717 3615 2520 2969 1
579 3610 180 3427 1
2969 3615 2520 3456 1
579 983 3610 3427 1
3717 2184 3629 3615 1
3604 3940 3373 2244 1
3171 2185 3342 2872 1
2872 2996 3342 3171 1
2027 2831 3224 866 1
866 2831 3224 2005 1
3224 2831 2612 2005 1
3450 663 3463 3641 1
3463 3029 3641 663 1
3029 1402 3641 663 1
3999 3380 3242 3820 1
3606 3243 2895 3835 1
3606 3018 3187 2429 1
3606 3018 3835 3187 1
3243 3018 3835 3606 1
3999 3242 4037 3820 1
4046 4037 3041 3487 1
3820 4046 3487 4037 1
3299 1157 1180 2812 1
1180 1138 3254 1157 1
3299 1138 1180 1157 1
2812 1157 1180 2435 1
1180 1157 3254 2435 1
125 1255 116 1082 1
2817 2741 328 3607 1
3541 304 2450 3223 1
2512 2450 304 1144 1
1078 2669 3483 2450 1
3483 2669 1865 2459 1
1078 1144 2669 2450 1
3541 3223 2450 3483 1
3369 3973 3222 3779 1
42 21 1772 57 1
2376 57 3385 1939 1
212 215 3857 3373 1
3373 3512 3024 212 1
212 3512 215 3373 1
3610 3616 180 3427 1
3610 180 3616 987 1
1655 213 3734 3616 1
3616 3734 1655 3288 1
3427 3616 3734 213 1
3647 664 3643 3637 1
3637 3660 3643 3404 1
3647 664 3799 3643 1
3655 3806 3769 271 1
3046 271 3655 3769 1
3706 917 3815 3348 1
3415 3706 3611 3815 1
3806 271 272 3769 1
3612 2944 3429 3042 1
3042 2944 3880 3612 1
3999 3242 3055 4037 1
3999 2542 4037 3055 1
3999 2542 3212 4037 1
3619 3126 3689 2660 1
3619 3006 3126 2660 1
1232 2924 3013 2716 1
2716 2924 3013 1938 1
3278 2054 3647 2039 1
2169 3538 442 3211 1
3647 3637 2039 2054 1
2764 2039 3647 3799 1
3647 3643 2039 3637 1
2414 2962 3538 2210 1
3647 3643 3799 2039 1
3278 2039 3647 2764 1
3948 3929 3921 1140 1
2707 3029 3584 1206 1
3399 3303 3509 1931 1
3706 917 3348 3624 1
206 4004 3624 3858 1
1687 3399 3509 1931 1
1931 3303 3737 3399 1
1066 682 907 1833 1
3626 3929 3948 1140 1
907 1833 682 2185 1
1404 682 907 1066 1
2185 1855 2968 1902 1
268 3006 261 267 1
2968 682 907 1404 1
290 3006 261 268 1
3659 3617 3049 3262 1
3338 3108 2649 3628 1
2018 3618 2466 3073 1
2575 3076 3516 3111 1
2810 2887 3618 2018 1
3875 3076 2575 3111 1
3539 664 3799 3618 1
2685 3067 3877 991 1
252 2327 2996 3650 1
2590 252 3650 3418 1
252 2996 3342 3650 1
2590 252 3342 3650 1
888 3106 3507 3381 1
3621 2989 3674 2879 1
2877 3621 1134 3583 1
3556 3621 3707 2879 1
1761 2372 3160 2702 1
3160 2372 2938 2702 1
3972 888 3507 3381 1
1134 3583 3621 3707 1
144 1270 3138 3922 1
144 2571 1270 3922 1
3973 2411 4090 3435 1
3973 3725 2411 3435 1
3428 2415 3577 3529 1
2415 3645 3668 3529 1
1035 3950 3276 3551 1
3625 3015 2185 1833 1
140 3551 3601 3276 1
286 242 2272 3639 1
3668 3645 4010 3529 1
3941 3554 3884 3923 1
3639 235 3588 242 1
3194 2971 1936 2940 1
3194 1936 2971 3298 1
2971 1936 3063 3298 1
2971 1936 3609 3063 1
2971 3609 1936 2940 1
271 3015 3655 257 1
3655 257 3457 271 1
271 3046 3655 3015 1
3079 3239 3016 2835 1
2631 2403 855 2433 1
3083 3538 2169 3211 1
3777 580 173 3640 1
742 3896 3644 3640 1
3167 3631 3124 2974 1
3211 3538 3303 3083 1
2955 943 3236 2855 1
2626 3166 986 3270 1
610 3166 3270 3154 1
3106 3185 2761 3381 1
3106 2761 2528 3381 1
2505 587 3658 3315 1
2460 3793 2823 3462 1
4040 3889 3658 2505 1
2928 2927 3597 2867 1
3408 4020 3523 3893 1
1195 3430 4015 3634 1
675 4015 3430 3634 1
2928 3597 3294 2867 1
3390 3994 4075 3272 1
3636 3292 3502 1134 1
1134 3636 3499 3659 1
3499 3292 3636 1134 1
1134 3502 3636 3534 1
1134 3534 3636 3659 1
3718 3390 3994 4075 1
3431 2572 3117 2538 1
4075 248 3402 3994 1
1592 3431 3117 2538 1
3117 2572 2784 2562 1
3272 3994 4075 3402 1
3703 986 3785 2727 1
3671 4015 195 1195 1
1195 4015 195 3634 1
675 195 4015 3634 1
2459 2669 2527 2660 1
2459 1144 2669 2660 1
3638 3992 2203 3086 1
3637 664 3643 3660 1
3859 3756 3648 184 1
1863 3785 3735 3530 1
425 2392 3496 2912 1
2372 2783 2883 3037 1
2876 3496 425 2392 1
2876 2260 2392 2212 1
3496 2260 3475 43 1
2260 3475 2876 3496 1
2903 918 3506 2829 1
2903 3506 3018 2829 1
3579 3790 2852 912 1
259 3651 3952 681 1
3522 3651 681 3952 1
3579 3790 912 3304 1
986 2727 3648 3696 1
3313 2669 3047 1865 1
986 3648 3367 3696 1
3313 2314 3560 3047 1
2852 3790 2455 912 1
3659 3971 3052 3049 1
2645 88 2442 1880 1
3009 1321 2033 3074 1
3664 3514 3172 3559 1
2458 3074 1321 3009 1
1989 88 2442 2645 1
3664 3172 3444 2391 1
3060 2391 3664 3444 1
3334 4090 3667 4052 1
3652 3525 3899 4031 1
3930 3842 217 3850 1
2315 3409 2790 3514 1
3842 3653 3930 217 1
4052 3820 3667 3724 1
3862 579 3427 1250 1
579 1250 983 3427 1
4090 3820 3667 4052 1
3654 991 580 3777 1
723 2278 3283 3642 1
723 3642 3189 2278 1
3642 2449 723 3189 1
3160 2439 2372 1761 1
2439 3054 2938 2372 1
2439 2372 2938 3160 1
2906 3668 3577 2415 1
4082 4092 3893 176 1
3837 3893 3633 4092 1
3297 3577 1265 3447 1
3577 3668 3447 3529 1
2783 3307 3030 2566 1
3577 2415 3668 3529 1
2570 239 3882 3731 1
3087 2675 3212 3293 1
3212 3725 3435 2542 1
2744 1283 3311 1826 1
3087 3725 3435 3212 1
2509 3053 3960 3818 1
2883 3483 2783 3307 1
2883 3483 3307 3541 1
2862 3377 3221 3490 1
3426 3377 2862 3490 1
3221 3465 3490 3377 1
2550 1623 3168 3191 1
663 2550 3682 3191 1
2850 3614 2580 1732 1
663 2942 3682 2550 1
1899 3209 2135 2352 1
3754 477 1124 3906 1
3906 1191 3754 477 1
3776 3906 3662 3754 1
3818 2444 2285 566 1
3818 566 2285 3214 1
3384 2999 3396 2560 1
2818 3350 3384 2560 1
2560 3350 3384 2999 1
2850 2214 3614 2007 1
3507 2947 3106 3517 1
3740 3665 2980 3974 1
3135 3740 3003 3665 1
3665 3752 2822 3261 1
3435 2542 2411 4037 1
3666 3252 717 67 1
3435 4046 4037 2411 1
3384 250 2956 3396 1
3384 250 3396 2999 1
4052 3725 3087 2203 1
2203 2675 3725 3087 1
3087 2675 3725 3212 1
2027 3513 2089 2771 1
2027 3513 2120 2089 1
4052 3725 3435 3087 1
3054 2372 2439 3710 1
2372 2783 3037 3101 1
2120 3513 2910 2089 1
3139 2651 3963 3164 1
2466 3073 3539 1206 1
3073 2707 1407 3871 1
3773 4059 3669 4012 1
2651 1951 1559 3963 1
2651 3963 3182 3139 1
3895 3671 3482 1195 1
702 3924 2901 3237 1
3617 2938 2877 3160 1
2877 2820 3617 3160 1
707 2938 3617 3160 1
663 3682 1198 3029 1
2550 3168 3682 3191 1
1198 2942 3682 663 1
2550 2942 3682 3168 1
438 2476 2803 3059 1
2377 3059 2803 2692 1
3059 2377 2803 3605 1
307 304 3673 288 1
288 3673 2805 3227 1
288 3673 3227 2684 1
288 3673 2684 2512 1
2753 1774 2014 2705 1
3191 3682 663 3029 1
1881 2512 3260 3541 1
3035 3394 2432 2811 1
294 3122 2157 3603 1
263 3122 294 3603 1
3394 3035 2301 2811 1
3724 3293 3820 148 1
2872 2237 2185 3861 1
2872 2185 3342 3861 1
2185 2237 3046 3861 1
3198 3794 3908 2719 1
3452 3088 4023 1590 1
1080 976 2298 3666 1
3311 2744 3657 3088 1
976 3521 3400 2298 1
976 3521 2298 3666 1
3541 304 3223 1013 1
1881 3541 1013 304 1
23 2610 3783 3407 1
3977 3203 63 3844 1
3203 3329 63 3844 1
2729 2432 2811 2523 1
1308 1814 2342 1395 1
1308 2342 2792 1395 1
1395 2269 1593 2792 1
3391 2824 252 3519 1
2342 2130 3983 1395 1
3313 3353 3560 2314 1
3047 2314 3560 3111 1
2314 3353 3550 3176 1
3550 2314 3560 3353 1
3635 3172 2814 4045 1
642 1103 3143 3285 1
3551 3601 642 2949 1
642 3510 1103 3285 1
2628 3994 3084 586 1
3601 3551 642 3276 1
3547 3594 2852 3790 1
3447 3594 3790 3672 1
4012 4059 3259 3987 1
2377 222 3024 2962 1
4083 3692 3487 3820 1
3820 3692 3487 4046 1
3820 3692 3667 4083 1
4046 3692 4090 3820 1
3070 2186 2935 298 1
3011 2308 2770 1925 1
2186 2428 3070 2935 1
3176 1144 2669 3340 1
3689 2669 3176 1144 1
3689 3176 3545 1144 1
3693 3771 4046 4090 1
3954 260 2664 639 1
3693 4084 3771 4090 1
260 230 240 3954 1
639 240 3954 260 1
3693 3312 3990 4084 1
3693 3771 3990 4046 1
3693 3990 3771 4084 1
3744 3421 2491 3663 1
3204 3629 2795 2592 1
3421 3663 2750 3367 1
3663 3978 3548 3367 1
2512 2684 929 1078 1
929 2684 3340 1078 1
3204 3629 2592 3615 1
2727 3785 3686 986 1
2717 3229 2994 3363 1
1957 1198 2725 3682 1
2994 3794 3439 1432 1
2568 1198 1957 3682 1
3794 1432 2994 3123 1
1198 2725 3682 2942 1
2568 1198 3682 3029 1
2527 3126 2660 3689 1
2669 3689 2527 2660 1
3516 3047 3111 3689 1
116 1082 1255 1937 1
2503 3698 2808 3084 1
3698 3084 3843 4053 1
721 1209 3274 1983 1
1209 1783 3274 1983 1
3245 1853 1783 3274 1
1006 1209 1853 3274 1
3868 3245 1853 1783 1
2823 3159 2244 3462 1
1951 3727 2429 3208 1
3389 3253 1028 1223 1
3840 587 3337 3315 1
1073 743 3287 1004 1
1073 3287 3543 1004 1
1220 1073 3543 1004 1
3889 587 3840 3658 1
2455 3672 3956 3790 1
3658 587 3840 3315 1
983 213 194 3043 1
3784 3743 1182 3685 1
2650 2654 1688 2141 1
1134 3621 3659 3674 1
3870 3499 3659 3674 1
2867 2982 2927 2292 1
1933 2292 2982 2867 1
3621 3674 3707 2879 1
3367 3756 3696 3648 1
3711 156 4089 3557 1
4069 3711 154 3557 1
2710 3230 3694 3412 1
2412 2115 2578 3115 1
2319 2460 2997 2565 1
3244 2921 3205 3355 1
2412 3462 2578 2460 1
3244 3205 2017 3355 1
3686 2626 3527 3166 1
610 3166 2626 3270 1
4036 3487 3242 3984 1
3487 4036 3242 3800 1
307 3673 296 3554 1
3673 307 296 304 1
307 3673 3554 2805 1
2411 3530 3746 3289 1
3242 3380 3999 3984 1
3241 14 3680 2307 1
2610 1289 3681 2289 1
4034 3681 3544 3561 1
4083 154 141 148 1
3557 4083 3487 3380 1
3703 3978 3663 3367 1
3780 3468 3703 3916 1
3683 2593 3387 3048 1
183 208 3685 3604 1
178 3685 2670 4050 1
2645 2118 1181 2967 1
2742 4084 4090 4054 1
2919 473 3119 3705 1
2919 473 3705 2863 1
3157 2729 3433 3386 1
3848 1255 116 125 1
3157 3433 3467 3386 1
3601 1207 140 3708 1
199 211 3192 179 1
3491 3709 957 282 1
3491 3709 2780 292 1
3227 3673 3902 3687 1
2372 3101 2439 3710 1
2372 2783 3101 3710 1
2439 3134 3054 3710 1
3673 3451 3902 3687 1
1483 3355 2017 2493 1
3134 3491 729 3710 1
2106 3870 3052 2989 1
2106 2821 3052 3870 1
2071 1754 2494 3572 1
1754 3572 2071 1797 1
3319 707 3262 3049 1
3262 3319 3571 2591 1
3467 3386 1847 3157 1
2783 3307 2566 3346 1
2883 3307 2783 3346 1
2883 3541 3307 3346 1
3480 3522 3952 2050 1
2744 1826 3311 2363 1
2537 3311 3504 2363 1
4045 2620 1501 3590 1
2925 137 3821 3690 1
2236 2720 3873 507 1
1509 1689 2236 2720 1
1509 2720 2236 507 1
949 2928 3361 2867 1
2867 3361 949 3335 1
1000 3758 188 3059 1
949 3361 4045 3335 1
3470 188 3758 3605 1
3059 3605 3758 188 1
1893 2913 3691 3575 1
3272 3994 3508 3390 1
3272 3390 3508 3420 1
894 2516 3258 3918 1
894 3194 3623 3918 1
894 2940 3194 3918 1
1417 1958 1833 3015 1
3239 3722 2516 2835 1
3079 3722 3239 2835 1
3837 3893 4020 3633 1
2126 3458 2547 4001 1
3179 3722 2835 3370 1
3370 2516 3722 2835 1
3568 3722 3079 2835 1
3568 3722 2835 3179 1
3676 3715 3804 2886 1
3592 2620 3590 3202 1
3741 2446 2738 2775 1
3200 3592 4045 3335 1
3335 3590 1933 3202 1
3726 3457 257 3632 1
3695 4032 4055 3926 1
3867 1130 3866 3890 1
23 3783 2136 3407 1
3738 3695 3250 3856 1
1897 1698 2200 1594 1
2200 1897 2378 1698 1
1866 1897 2200 1594 1
3240 158 3156 161 1
3422 921 3134 3719 1
1010 921 3422 3719 1
957 3719 1982 1844 1
957 2530 3719 3491 1
3134 921 3491 3719 1
1936 3723 3060 3444 1
3609 3723 1936 3444 1
2051 3697 2833 3943 1
2051 3697 2440 2833 1
2051 3697 3943 2304 1
2051 3697 2304 3139 1
2051 3139 2440 3697 1
3601 140 3276 3708 1
3886 195 3850 3699 1
217 3842 3699 3850 1
1080 2298 3720 3666 1
918 3720 1204 1080 1
918 2298 3720 1080 1
3842 3653 217 3699 1
3721 1706 3374 638 1
1089 3721 2173 638 1
2173 3721 2687 3374 1
3721 2706 3054 3374 1
3736 945 2033 2408 1
2925 3690 3700 2665 1
3700 3690 3880 2665 1
976 2619 904 717 1
717 3666 942 3316 1
1370 976 2619 904 1
1845 3445 3701 2179 1
976 904 1057 3316 1
3291 3397 2173 1089 1
2179 2419 3701 2423 1
3716 3291 2351 2173 1
2351 2173 3397 3556 1
2351 3397 2173 3291 1
3294 2849 3078 3585 1
2745 2423 3701 2268 1
3294 3078 2928 3585 1
2599 2656 3702 169 1
3872 3039 3702 2599 1
3717 2255 3726 2184 1
3726 257 3717 2933 1
912 2901 3956 2455 1
3956 912 2465 2901 1
3778 2491 3055 3744 1
3689 3619 1863 2316 1
3304 912 2465 3956 1
3619 2316 3126 1422 1
3790 912 3304 3956 1
2455 3790 3956 912 1
3704 2848 246 889 1
3315 3136 2992 3239 1
3136 3239 3315 1414 1
3313 2109 3560 3353 1
3732 3736 3074 3009 1
2483 3559 1501 2620 1
3736 3195 946 3271 1
3732 946 2408 2829 1
2070 3152 2912 43 1
2070 3344 3152 43 1
2483 3251 3559 2620 1
3251 2483 3559 1831 1
207 3706 3415 206 1
207 3706 3611 3415 1
2813 25 2864 38 1
3745 3556 3583 3707 1
3556 3621 3583 3707 1
3621 3674 1134 3707 1
3571 2706 3054 1094 1
3374 2706 3054 3571 1
3968 2078 3645 2398 1
3645 2078 3968 3273 1
3933 3736 3195 70 1
1432 3051 2994 3570 1
3570 1432 3051 3338 1
333 2755 3733 3607 1
3712 2955 2793 578 1
3156 165 3240 161 1
3156 166 165 161 1
578 2955 3236 3712 1
3762 3712 578 3236 1
3858 3156 158 166 1
3362 247 3765 3806 1
3362 3457 247 3806 1
3286 812 1413 617 1
3286 2400 1462 617 1
3471 4053 3495 3742 1
3471 3084 3495 4053 1
2057 3286 1413 617 1
1462 812 3286 617 1
2237 3819 3046 3861 1
1881 2512 3541 304 1
3079 4053 3742 1414 1
1414 3079 3481 3742 1
3313 3483 2669 1865 1
3313 1078 2669 3483 1
3037 3313 1865 3483 1
1404 682 3416 3476 1
1066 2798 3416 682 1
1404 1066 3131 3416 1
3507 3106 2528 3381 1
3654 580 173 3777 1
2880 2390 2887 2810 1
3849 3654 580 173 1
2390 1560 2887 2810 1
3576 3386 3175 2523 1
3717 3726 3629 2184 1
1091 3713 4078 3057 1
3713 4078 3813 1091 1
2536 2765 2190 637 1
1827 2190 637 2536 1
2225 637 2765 2536 1
2225 3094 637 2536 1
2759 1630 3697 2146 1
888 3748 3185 3381 1
3442 3748 3381 4040 1
3442 3889 3748 4040 1
242 235 3588 223 1
1105 3770 291 275 1
3113 1831 3251 3676 1
2789 2959 1105 275 1
3792 1831 3113 3676 1
3770 291 275 3500 1
1831 3792 871 3676 1
1831 871 3409 3676 1
3676 3251 3409 1831 1
2590 3342 2185 3861 1
274 3683 4075 2593 1
3953 3805 749 2641 1
3716 2351 3745 3556 1
3683 2324 3387 2593 1
3782 3136 3722 3370 1
145 3240 2696 3138 1
2644 3240 2696 145 1
3664 3559 3172 2391 1
158 145 3240 2644 1
3747 1097 3206 1157 1
1097 57 3535 3075 1
3075 3535 1097 3747 1
3075 1097 3206 3747 1
3425 2385 3230 2710 1
3110 2710 3775 3694 1
3775 3230 3694 2710 1
4066 3745 3760 3716 1
3718 3102 3797 2574 1
3425 3230 3775 2710 1
3110 2710 3425 3775 1
3092 246 2628 3994 1
3092 2781 3994 3508 1
3153 3802 2704 63 1
3092 246 3994 2781 1
2986 3062 2108 3751 1
3526 2580 1052 3022 1
3059 2476 1000 3309 1
1043 1000 2476 3309 1
2273 2835 3197 2826 1
2504 3960 3053 2751 1
2571 3849 3192 576 1
2571 203 3849 3825 1
3175 3576 2379 3386 1
3175 2379 2301 3386 1
1182 3743 3812 3685 1
1002 966 3839 680 1
2811 2165 2432 2729 1
1064 717 3316 904 1
3559 2391 1501 3172 1
717 976 3316 904 1
2712 3204 3387 2622 1
2675 3188 3725 2542 1
2465 3304 3823 912 1
2600 3018 3243 3727 1
3537 2047 3831 3864 1
3776 1165 3754 3662 1
3453 2908 3727 3208 1
2908 3018 3727 2429 1
2907 3043 3357 3066 1
3727 2908 2429 3208 1
2181 3645 2415 3484 1
3562 3043 213 2907 1
2181 3645 2906 2415 1
3755 3340 3238 3798 1
3836 3238 3798 3755 1
2181 3273 3645 3484 1
171 194 174 3862 1
1590 2163 3088 3505 1
174 3862 194 1250 1
2764 3073 1407 3799 1
3799 3073 1407 3871 1
3348 3996 224 3728 1
3757 3639 3941 3588 1
267 233 3757 261 1
3639 3588 3757 242 1
261 3006 3757 267 1
3758 438 3059 3309 1
211 3758 177 179 1
3758 211 199 179 1
438 3758 199 3309 1
3729 2796 1517 3446 1
163 3730 3686 2727 1
227 3930 3731 2570 1
871 2570 3882 3930 1
2953 224 3731 217 1
871 3930 3882 3714 1
3355 2921 3205 3193 1
2811 3175 2301 3386 1
3448 4011 71 3768 1
3448 1204 3803 71 1
3682 2725 3168 2942 1
978 980 2198 2386 1
2639 3735 3955 3250 1
1863 3250 3738 3530 1
1863 3735 2639 3250 1
3530 3250 3738 3289 1
2832 4022 3596 3737 1
3995 2664 4022 3737 1
3111 2314 3176 3689 1
3995 2664 3737 3954 1
3889 3840 2992 3658 1
3889 3658 2992 4040 1
4022 2506 3596 2664 1
3355 3193 3661 2921 1
3762 3712 3236 2879 1
3762 3392 3749 3712 1
3010 266 244 3855 1
3592 3251 2620 3202 1
3806 2622 3769 272 1
247 2712 3765 3806 1
3418 2630 3765 247 1
2040 1797 2737 2037 1
93 1797 2713 2737 1
3574 2735 2404 3265 1
2687 3054 2938 2989 1
2989 2687 3054 3374 1
3659 3621 2938 2989 1
2824 3418 2590 3765 1
2824 2590 3362 3765 1
174 1250 3067 2685 1
174 3067 3877 2685 1
3877 2685 3640 174 1
4083 3692 4088 3487 1
3111 3738 3176 3550 1
3746 3289 3738 3695 1
3111 1863 3738 3530 1
3541 3223 3307 1013 1
3746 3530 3738 3289 1
4050 3685 2670 3604 1
167 3901 3531 3940 1
3807 3710 292 284 1
3710 3491 292 284 1
3740 978 2980 1017 1
3455 2701 3162 2618 1
2981 3387 3497 3048 1
3455 3162 3323 3576 1
1017 3740 3147 2409 1
3455 2618 3162 3576 1
680 1893 3691 2951 1
2951 3741 680 1893 1
2951 3269 680 3741 1
3839 2775 3741 2438 1
3839 2446 3741 2775 1
680 2446 1893 3741 1
3260 3346 2883 3397 1
3541 3346 2883 3260 1
3762 3674 3392 2879 1
3712 2879 3762 3392 1
3391 247 3418 2824 1
986 3703 3367 3648 1
2588 3391 2824 247 1
3102 3232 3423 2870 1
2244 442 2627 2412 1
2300 442 2627 3454 1
3102 3232 2574 3423 1
1853 992 1291 2699 1
3063 3298 3503 2847 1
154 4083 3557 3380 1
154 3557 3984 3380 1
4083 4088 154 3557 1
154 4069 3557 4088 1
3635 3145 3566 3585 1
4045 3635 3566 3585 1
2870 3849 210 3654 1
2965 3453 3184 2305 1
3297 3529 3447 3304 1
3297 3447 3579 3304 1
3270 3365 3808 3306 1
3813 3862 575 3081 1
2316 3421 3744 2750 1
2411 4046 4090 3435 1
4090 3771 4046 2411 1
3744 3548 2750 3663 1
2750 3421 3744 3663 1
3875 3530 3111 3746 1
3111 3746 3738 4019 1
3111 3530 3738 3746 1
2811 2873 3433 3467 1
3386 2811 3433 3467 1
983 213 3043 3357 1
2907 3043 213 3357 1
3123 1068 3389 1106 1
871 3514 239 2570 1
3541 3223 3483 3307 1
3813 4078 3938 180 1
3468 3916 3780 4080 1
3164 1633 2895 1241 1
1938 2924 1241 1633 1
3164 1633 1241 3314 1
3780 3648 3703 3730 1
3463 1206 3029 2361 1
3730 3468 3703 3780 1
3323 3576 1999 3455 1
2801 2786 1079 2138 1
717 976 3666 3316 1
3666 3316 3521 942 1
976 3316 3521 3666 1
3850 3714 2957 217 1
1149 2589 2508 218 1
2070 59 2912 3152 1
2912 2392 3152 2297 1
2912 2297 3152 59 1
3782 3722 3079 3568 1
3710 284 2783 3101 1
3782 4053 1414 3466 1
3774 2569 3845 3785 1
3730 831 3785 3990 1
3888 586 3084 3843 1
3730 2569 3686 3785 1
586 3888 3084 2628 1
2348 2890 139 3749 1
3749 2890 152 578 1
2890 152 139 3749 1
3762 3749 152 578 1
3749 152 139 3762 1
3659 3052 2989 3262 1
3677 3750 3100 2944 1
3659 2487 3052 3971 1
2840 3544 3561 3622 1
3571 3319 3551 2949 1
3052 3319 3551 3571 1
3914 3750 3677 2944 1
3622 3544 3561 4034 1
3976 3544 3622 4034 1
2608 1592 1898 1614 1
1592 2562 1898 1614 1
2608 1898 3061 1614 1
3747 3206 3254 1157 1
3075 3206 3254 3747 1
3752 2000 3021 3003 1
2413 2000 2428 3752 1
3803 1180 1204 961 1
3803 2812 1180 961 1
2621 3299 1180 3803 1
2854 3752 3021 3003 1
2621 3678 1180 3299 1
3261 3752 2428 3021 1
2867 3564 3335 2999 1
3752 2428 2822 3261 1
2867 3335 1933 2999 1
2795 3204 2622 3376 1
3793 2656 2599 2460 1
4016 3781 3793 3809 1
2656 2823 2460 3793 1
3462 3159 4051 3793 1
2852 3594 2455 3790 1
2338 855 2088 2769 1
3447 3594 3547 3790 1
855 2338 2762 2769 1
3447 3790 3547 3579 1
2049 2849 3170 3063 1
3170 2849 2845 3063 1
2798 1833 3625 2185 1
3170 2849 2325 2845 1
2049 2849 3078 3170 1
3078 2849 2325 3170 1
3957 2826 2606 3847 1
1294 325 2760 1597 1
2760 325 3177 1597 1
3166 3696 986 3460 1
3918 2516 3258 3370 1
3136 3782 3722 1414 1
3782 3466 1414 3136 1
3601 1103 3543 1073 1
3753 2643 230 3303 1
1103 3601 3543 631 1
3557 4089 154 3984 1
3711 4089 154 3557 1
3115 3024 3851 3373 1
3851 208 3024 188 1
3024 3851 188 3033 1
3851 3024 208 3373 1
3115 3851 3024 3033 1
3223 289 2488 299 1
3223 2488 3483 299 1
3613 664 3799 3539 1
2351 3397 3798 2109 1
3340 3798 3353 3238 1
3238 2351 3798 2109 1
2883 3260 3798 1078 1
2883 3397 3798 3260 1
271 3819 3015 2739 1
271 3819 3046 3015 1
3624 473 1182 2724 1
3624 2724 1182 3784 1
3095 888 3972 3442 1
3972 3442 3381 4040 1
3624 3784 1182 3858 1
3720 3666 1180 2621 1
3666 3678 1180 2621 1
607 888 3972 3095 1
2629 3480 681 2929 1
942 3316 3582 3085 1
3085 3075 3582 3535 1
3712 2855 3236 2879 1
3392 2989 2855 2879 1
2855 2879 3712 3392 1
291 302 3759 275 1
275 1813 3473 3759 1
1813 3759 275 2789 1
3759 1105 291 275 1
2712 2622 3765 3806 1
3759 302 3473 275 1
2786 2138 2801 3412 1
3115 3033 2414 2578 1
3115 3024 2414 3033 1
3030 2783 3807 284 1
2783 3030 3807 2566 1
2783 3710 3807 284 1
2783 729 3807 3710 1
729 2783 3807 2566 1
3810 2992 3841 3649 1
2290 3572 1896 1025 1
3810 2992 3649 4040 1
3381 3810 3649 4040 1
3398 3279 3200 3251 1
1896 3572 1564 1025 1
3202 3398 3200 3251 1
3380 3487 3242 3820 1
3242 3487 4037 3820 1
3242 3487 3380 3984 1
3343 3155 2599 1698 1
2378 1698 2984 3343 1
1698 3155 2984 3343 1
3764 4079 4078 3057 1
3764 4079 3864 4078 1
783 3352 1441 928 1
1441 3352 2637 928 1
2503 3019 586 3994 1
928 2977 3249 3766 1
3656 3834 3913 3312 1
3264 259 237 3767 1
3461 3264 237 3767 1
3316 1772 3582 3085 1
3834 3312 3693 3913 1
3816 2375 2252 3630 1
3595 2375 3630 2365 1
2965 3453 2437 635 1
3816 2375 3630 3595 1
2965 3453 635 3184 1
2735 2375 3816 3595 1
3907 3620 3817 144 1
3907 3817 177 144 1
3620 3138 3817 144 1
144 3138 3817 3922 1
177 3922 144 3817 1
177 3788 3922 3817 1
3044 3814 2005 3224 1
2867 3597 3294 3564 1
3597 3090 3294 3564 1
3485 3316 3085 1772 1
3485 1064 3085 3316 1
3361 2928 3268 2867 1
2928 3585 3361 3268 1
3718 3019 2503 3994 1
3570 3338 1096 3763 1
2928 3294 3268 2867 1
2867 3361 3335 3268 1
3294 3585 2928 3268 1
3793 1038 3822 737 1
143 3531 3822 125 1
3822 3531 2539 125 1
3822 1038 2539 737 1
3901 3793 3822 737 1
2678 2904 3824 2720 1
183 208 3851 188 1
2904 3465 3824 2720 1
208 183 3851 3940 1
3465 2720 3339 3824 1
3913 4084 3693 4090 1
4054 3993 3771 3289 1
3834 3312 3990 3693 1
3885 3826 3478 3602 1
3075 1772 3085 3582 1
3075 3535 3747 3582 1
3205 63 1910 3153 1
63 3153 3329 1910 1
63 3424 3329 3153 1
4083 148 141 3724 1
1156 740 3828 1114 1
3828 3543 1156 2564 1
1114 3953 750 3828 1
4083 3380 154 148 1
1156 3805 3953 2564 1
3724 4083 4065 141 1
2626 3774 201 2639 1
888 3748 3381 3442 1
3754 477 3831 1124 1
3972 888 3381 3442 1
1116 3868 2355 3245 1
1095 3245 3868 1116 1
3965 3706 3415 3348 1
206 3706 3624 4004 1
3965 3706 3348 3624 1
3034 2612 3224 1869 1
3224 3814 2612 3034 1
3211 3538 3332 3303 1
3742 3016 3481 3495 1
2569 3686 175 163 1
3481 3016 3218 3495 1
2750 2316 3778 3744 1
3240 158 161 145 1
3320 2109 3238 3353 1
3560 2109 3320 3353 1
3836 929 3798 3291 1
929 3798 3755 3836 1
3798 3260 3397 3291 1
171 3862 185 194 1
1776 2111 103 2267 1
2933 3376 2795 3632 1
3274 2111 1776 2267 1
3779 3555 4003 3992 1
3779 3555 3992 3638 1
3166 3460 986 3270 1
3166 3460 3270 3154 1
3781 3793 3151 4016 1
1204 3986 3881 4007 1
4051 4016 3793 3809 1
3334 4065 3667 3913 1
3556 3745 3716 2879 1
1206 2466 2880 2583 1
3112 1004 750 3953 1
3464 2935 280 298 1
3928 295 2822 3464 1
3840 3136 3258 2992 1
2462 2956 3794 3589 1
3840 3136 2992 3315 1
3773 3669 4058 3904 1
894 3194 2971 3488 1
894 3488 2971 3411 1
894 2971 3194 2940 1
3040 3860 3366 3786 1
3786 3366 3040 3972 1
3786 3860 3118 3040 1
2933 3629 2795 3376 1
3185 894 2761 3841 1
3777 3877 3640 204 1
3488 894 3623 3841 1
2761 894 3488 3841 1
3258 3841 2516 894 1
3649 3488 3623 3841 1
3185 3853 894 3841 1
978 3974 3787 3740 1
978 3740 3787 1017 1
3853 3258 894 3841 1
3635 3609 3723 3145 1
3635 3723 3609 3444 1
1863 3785 2639 3735 1
2465 3094 2541 3823 1
2184 2592 3629 3615 1
1938 3791 2924 1633 1
1938 2479 3791 1633 1
1633 3791 2866 2473 1
3874 2925 3821 3700 1
3314 1633 2924 3791 1
3791 2866 3314 1633 1
3698 3084 2503 3843 1
3811 3353 3238 3340 1
3785 3845 3774 3735 1
3424 63 3329 3844 1
2956 2462 3794 2686 1
2944 3821 3690 3880 1
2686 2358 2457 3794 1
3821 3690 3880 3700 1
2665 3690 3880 3042 1
3424 3844 1179 63 1
2994 3198 3794 3908 1
701 2804 3796 3540 1
1255 116 3151 3848 1
1068 1028 1106 3477 1
1180 3521 3254 1138 1
3521 3254 3400 1180 1
1106 1068 3389 1028 1
3521 1138 1180 3678 1
3678 1138 1180 3299 1
3901 737 3531 3940 1
3901 737 3822 3531 1
3822 737 2539 3531 1
2505 3290 3442 587 1
3688 2606 2273 3066 1
203 3849 3192 2571 1
3040 3860 3173 3627 1
2841 3797 4075 3718 1
3957 3232 2574 3797 1
3797 3957 3232 3165 1
3289 3469 3845 3735 1
3797 3165 4075 248 1
3228 4075 2841 3797 1
2686 1068 3123 2595 1
3794 1432 2686 2462 1
3886 3850 3611 217 1
3234 207 187 3886 1
2252 2911 2375 3816 1
2713 1797 1787 2737 1
2173 3397 3721 1089 1
1797 1754 2737 2037 1
1787 1797 1754 2737 1
2173 2687 3721 3397 1
1797 1895 2071 2037 1
2911 2735 2375 3816 1
183 188 3851 167 1
170 3851 188 167 1
3851 3033 1267 188 1
3889 2992 3853 3810 1
2992 3841 2516 3258 1
3810 2992 3853 3841 1
3080 2944 3914 3587 1
3055 2491 4037 3800 1
3055 4036 3744 3800 1
3744 2491 3055 3800 1
1496 3801 32 3341 1
3801 2367 32 3341 1
139 153 3762 152 1
894 3623 2516 3918 1
1925 1622 377 3403 1
2268 1622 1925 3403 1
3021 3459 2418 3002 1
2410 3021 3002 3459 1
2516 3841 3623 894 1
211 2589 3192 203 1
3592 2483 3251 3200 1
1267 170 3531 3851 1
143 167 3531 134 1
3666 942 3521 3678 1
3666 3521 1180 3678 1
3092 3508 3994 586 1
3092 3994 2628 586 1
586 3888 2628 3092 1
3603 3346 2566 293 1
3362 3457 3806 3655 1
3159 2302 3809 3793 1
3809 3781 3793 151 1
2951 3691 2848 3920 1
2951 3741 1893 3920 1
2738 2951 2848 3920 1
1893 2913 680 3691 1
3373 215 3857 2244 1
3857 215 3159 2244 1
1156 1096 3570 916 1
631 916 1156 3543 1
1156 1096 631 740 1
680 1893 2629 2913 1
631 740 3828 1156 1
182 3756 3648 3859 1
2634 176 3893 3892 1
3221 3465 507 2720 1
3526 2580 3022 1204 1
987 180 744 579 1
581 987 744 579 1
579 180 3610 987 1
1313 3610 987 581 1
3465 2720 3221 3602 1
3812 3119 212 3743 1
3362 3806 3769 3655 1
3046 3655 3362 3769 1
3555 4061 3926 3962 1
1244 2027 3044 2249 1
1244 3044 2027 2055 1
2625 1244 3044 2249 1
1583 3814 328 2005 1
3814 2612 328 2005 1
2839 3814 328 1583 1
3079 3239 3481 3016 1
3815 3611 224 217 1
3815 3611 217 3608 1
3815 224 2953 217 1
185 3938 3081 3862 1
3815 3706 3611 3608 1
1165 171 174 3862 1
3813 3938 3862 3081 1
3862 4013 3813 1165 1
3079 3016 3481 3742 1
3390 586 3019 3994 1
4060 3040 3961 3627 1
3481 3627 3961 3016 1
3662 1191 4008 3754 1
3390 3420 3019 586 1
3390 3994 3508 586 1
3813 3864 3537 4013 1
3905 4008 3864 4079 1
3813 4078 3864 4013 1
3754 4008 3864 1191 1
3185 3841 2761 3381 1
3381 3185 3841 3810 1
3613 3799 3871 3539 1
3073 1206 3871 3539 1
3799 3073 3871 3539 1
3609 3723 3145 3503 1
888 3863 2690 607 1
607 888 3863 3507 1
888 3507 3517 3863 1
4005 3593 4029 3884 1
3270 3306 3884 4029 1
3673 3884 3554 3902 1
3270 3941 3884 3306 1
3490 3465 3221 3885 1
3999 3212 3820 4037 1
3221 3465 3602 3885 1
3424 3802 3153 63 1
3692 3693 3487 4046 1
1088 2746 3823 1383 1
3557 3916 3487 3468 1
3367 3696 3756 2950 1
3468 4080 3557 3916 1
4007 3526 3022 1204 1
4007 3986 3881 4067 1
2867 3268 3335 3564 1
3423 210 3375 991 1
238 3264 241 3728 1
67 3252 2813 1080 1
3525 1080 67 2813 1
1080 3252 3666 67 1
1080 3666 3720 67 1
3305 3150 2904 2678 1
2678 3305 3824 2904 1
3080 3832 3382 3958 1
3852 3080 3958 3832 1
3526 3506 3178 3018 1
1249 3750 3833 4017 1
3239 3136 2516 3722 1
3136 2992 2516 3258 1
3835 3732 1633 2898 1
2992 3136 2516 3239 1
3370 2516 3136 3722 1
3835 2898 1633 3187 1
3606 3835 2895 1633 1
3606 3835 1633 3187 1
3229 2994 3945 2492 1
3229 2994 3198 3945 1
3258 2516 3136 3370 1
3229 2492 997 3552 1
1505 1506 2811 2165 1
3907 177 3876 144 1
3876 144 136 1215 1
3907 3876 1215 144 1
179 3876 144 136 1
144 179 177 3876 1
4005 4029 3545 3884 1
3270 4029 3884 3545 1
3749 3762 139 3406 1
2348 139 3542 3749 1
3749 139 3542 3406 1
2944 3100 3301 3042 1
2944 3429 3042 3301 1
3819 3769 3046 3861 1
3046 3769 3362 3861 1
2949 149 3551 3601 1
185 194 3862 3427 1
243 3246 2998 2468 1
3862 3427 194 1250 1
3427 1250 983 194 1
3579 3447 3790 3304 1
240 243 639 2468 1
3233 3612 3880 3320 1
4091 3881 4042 3991 1
3246 240 2468 243 1
3238 3320 3867 3587 1
3426 3339 1179 4024 1
3612 2944 3880 3320 1
3426 3844 1179 3424 1
180 3427 3734 185 1
3427 3616 180 3734 1
2131 3838 1988 190 1
662 3989 2565 190 1
190 1988 2378 3838 1
2565 3989 164 190 1
3295 3000 2251 3838 1
662 3295 3838 3000 1
2251 3838 2131 3295 1
149 3319 3551 3670 1
680 1002 2446 3839 1
3549 3398 2560 3202 1
3202 3200 3592 3251 1
3574 3816 3282 3595 1
2404 2802 2735 2633 1
3056 2802 2404 2633 1
3549 3251 3398 3202 1
3989 2565 4021 3536 1
1182 473 3119 3743 1
3673 3884 3902 3451 1
3913 4090 3692 3667 1
3451 4005 3884 3593 1
3914 1249 3750 3080 1
1249 3750 3058 3833 1
3362 3765 3769 3806 1
3192 2589 2525 203 1
161 3894 1967 3830 1
3608 207 3886 187 1
3234 3850 207 3886 1
3266 3855 4043 839 1
839 262 4043 3266 1
3506 3732 3018 2829 1
4067 3986 3881 3271 1
3803 3299 1180 2812 1
3842 4015 3850 2228 1
4015 3842 675 2228 1
3842 195 3699 3850 1
195 3653 3842 3699 1
3221 3826 3885 3602 1
3200 3592 3335 3202 1
3335 4045 3590 3592 1
3200 2483 4045 3592 1
1106 3389 3253 1028 1
3283 2278 723 2640 1
3891 740 1223 1156 1
506 3892 4025 1262 1
3892 4025 3893 506 1
3158 2290 91 2736 1
3080 3958 2944 3867 1
3442 3889 2505 587 1
3889 587 3658 2505 1
4009 2676 3086 727 1
3442 587 3748 3889 1
3671 195 187 1195 1
3234 3886 187 195 1
3234 195 187 3671 1
3234 195 3850 3886 1
3197 221 2606 3847 1
2560 3200 3350 2999 1
2560 3200 2999 3202 1
3834 3693 3990 3487 1
3692 3834 3487 3693 1
3693 3913 4090 3692 1
2590 3650 3765 3418 1
3650 2630 3765 3418 1
2906 3668 1265 3577 1
161 3894 165 1967 1
1206 3463 3089 2361 1
1206 3089 1197 2361 1
2944 137 3100 3042 1
3042 3690 3880 2944 1
2606 3423 3375 3688 1
2606 3423 3688 2574 1
1218 179 136 3876 1
3876 1215 136 1218 1
38 2813 994 2864 1
3200 3279 2483 3251 1
3806 2622 3765 3769 1
2717 249 2457 3124 1
3351 1927 2717 3124 1
2735 3816 2642 3574 1
3574 2735 3816 3595 1
2261 3600 2557 1241 1
3393 3867 3238 3811 1
3600 2895 2557 1241 1
2895 1633 2557 1241 1
1967 187 3906 3894 1
3899 3525 67 2813 1
3334 3684 3897 3913 1
3652 3525 67 3899 1
3334 3684 3913 4090 1
158 3646 145 2644 1
280 282 921 2198 1
921 280 2198 2822 1
980 2198 281 978 1
3821 137 3958 2944 1
3867 3958 2944 3821 1
153 3100 139 3677 1
3677 3100 139 3301 1
3677 3406 3301 139 1
4051 4016 3901 3793 1
159 3901 4016 143 1
159 3901 4050 4038 1
3822 4016 3901 143 1
4016 3793 3822 3901 1
3543 631 1220 3828 1
3543 631 3828 1156 1
3572 1754 2494 1787 1
3442 3290 2505 3095 1
3572 2494 2736 1787 1
2416 3572 2736 1787 1
3290 3748 3442 587 1
3821 3890 3874 3700 1
1035 3950 3551 3772 1
1035 3772 3551 3052 1
3270 3941 3619 3884 1
3772 1035 3925 3052 1
3159 2823 2627 2319 1
4070 3966 4025 506 1
3906 1191 3662 3754 1
3906 1195 477 3482 1
3840 3315 2992 3658 1
125 1215 3907 134 1
134 3620 3915 3907 1
134 3915 177 3907 1
134 177 3876 3907 1
134 3876 1215 3907 1
3878 3913 3656 3834 1
3270 3365 4071 2652 1
3913 3684 3897 3656 1
3656 3897 3913 3878 1
3211 3303 3399 3083 1
3913 4084 3684 3656 1
3585 2849 3145 3900 1
3738 3856 3176 3550 1
3909 2685 742 3532 1
3896 3640 742 3909 1
3695 3866 3856 1130 1
4019 3695 3856 1130 1
3294 2849 3900 3090 1
3294 2849 3585 3900 1
3644 3896 173 3640 1
3836 3798 2351 3291 1
3798 2351 3238 3836 1
3845 3774 155 2569 1
3897 4065 3913 3878 1
3913 3692 4065 3667 1
3692 4083 4065 3667 1
3334 3897 4065 3913 1
272 271 3819 3769 1
3819 271 3046 3769 1
3591 3761 3912 4068 1
3881 3195 3525 4031 1
945 3195 994 2813 1
4031 3195 3525 2813 1
2712 2795 247 2592 1
247 2795 2712 3806 1
2712 2795 2622 3806 1
3632 2795 247 3806 1
3907 3620 3915 3817 1
3907 3915 177 3817 1
134 177 3939 170 1
3860 3649 3627 3366 1
134 2899 3915 3620 1
3860 234 3649 2843 1
2795 3629 3204 3376 1
2843 234 3562 3860 1
3185 3810 3853 3841 1
2992 3258 3853 3841 1
2712 3387 3861 2622 1
3451 4005 3545 3884 1
2316 2491 3161 3778 1
3778 2316 2491 3744 1
4003 3555 4032 3926 1
662 2519 2816 3149 1
2495 3000 3149 1607 1
662 3838 2565 2519 1
2816 2565 2519 662 1
662 3838 2519 3000 1
662 3000 2519 3149 1
3632 247 3457 3806 1
737 3531 3851 3033 1
3136 3315 3910 1414 1
3805 4033 2634 1161 1
3136 3337 3910 3315 1
3805 1161 2634 1223 1
2621 1180 1204 3803 1
3865 259 238 914 1
681 259 3865 914 1
3238 2351 3587 3836 1
3836 3587 3238 3393 1
259 3865 3651 681 1
2310 2877 3583 2702 1
2877 3621 3583 2702 1
3921 4085 3912 3935 1
3250 4000 3955 3921 1
3921 3912 2682 3281 1
3922 2571 3318 3788 1
3922 3138 3817 3788 1
3922 3788 3318 3138 1
3214 2966 566 2280 1
3489 2966 2162 2700 1
3214 2966 3959 3869 1
4065 3692 3913 4057 1
3693 3834 3913 3692 1
3849 3825 3599 173 1
3289 3866 3250 3695 1
3695 3866 3250 3856 1
3289 3469 3250 3866 1
3806 2795 2622 272 1
3375 991 530 3423 1
210 991 3423 3654 1
2795 3376 2622 272 1
210 991 3777 2478 1
3654 991 3777 210 1
3632 2795 3806 272 1
3632 3376 2795 272 1
3080 3867 2944 3587 1
3585 3900 3145 3566 1
2734 1209 2355 3868 1
3868 1209 2355 1783 1
1853 1209 1783 3274 1
1209 3868 1853 1783 1
3925 2821 2487 3052 1
3597 3090 250 2250 1
3869 1095 3489 1116 1
3869 1095 2700 3489 1
3392 3014 3870 3499 1
3392 3674 3870 2989 1
3392 3499 3870 3674 1
3597 3090 3564 250 1
3126 2316 2750 1422 1
2316 3421 2750 1422 1
3692 3834 4088 3487 1
3777 991 3877 2478 1
4088 3692 4057 3834 1
4042 3881 3525 4031 1
2042 2124 3394 1056 1
4057 3913 4065 3878 1
4069 3468 3487 3834 1
1506 2124 3394 2042 1
4088 4069 3487 3834 1
3915 177 3939 134 1
3714 3792 871 3930 1
3913 4057 3692 3834 1
4057 3913 3878 3834 1
169 3872 2599 3155 1
169 3872 3702 2599 1
3933 3881 3195 3271 1
3319 3551 3670 3052 1
3772 149 3551 3670 1
3772 3670 3551 3052 1
3369 2925 3874 3700 1
4037 2542 3875 3076 1
2542 3076 2575 3875 1
4003 3555 3926 3962 1
3626 3176 3281 3929 1
3176 3626 3340 3929 1
67 4011 3525 3652 1
3720 1180 1204 2621 1
167 3939 170 134 1
3939 3915 134 2899 1
2781 248 2913 246 1
2781 246 3994 248 1
3112 2641 3879 1091 1
3147 2492 2183 1529 1
3147 3051 2492 1529 1
2492 999 3051 3147 1
2183 999 2492 3147 1
185 3427 3862 3081 1
3882 239 224 3731 1
2957 3882 224 217 1
3882 3731 224 217 1
3137 2977 928 3766 1
279 283 3476 3563 1
2564 3828 3953 1156 1
251 279 283 3476 1
3112 2564 1004 3953 1
2223 3476 1710 269 1
2310 3320 3981 3980 1
3980 3612 3320 3981 1
140 149 3551 142 1
3950 140 3551 142 1
3950 142 3551 3772 1
149 3551 142 3772 1
3233 3612 3320 3980 1
2310 3320 3980 3233 1
3877 3777 3640 2685 1
1156 740 1114 3891 1
2559 1612 3883 1173 1
1173 1612 3883 2759 1
2833 2759 1173 3883 1
3849 3654 173 210 1
3821 3880 3890 3700 1
3813 4078 4013 3938 1
185 171 3938 3862 1
3813 4013 3862 3938 1
167 3939 134 2899 1
3759 302 291 1577 1
3759 2789 1105 275 1
1105 3759 291 1577 1
1513 1737 3868 1853 1
1095 1737 3868 1513 1
3894 3482 3906 1124 1
1967 3906 1124 3894 1
717 67 3678 3666 1
3851 3115 3373 3940 1
208 183 3940 3604 1
3604 3940 843 4050 1
183 4050 3940 3604 1
3727 3018 3243 3606 1
3727 3018 3606 2429 1
3888 4053 3471 3568 1
3888 3466 4053 3782 1
3890 4055 4032 3555 1
3890 4055 3695 4032 1
143 3901 3531 167 1
143 3901 3822 3531 1
3631 249 2947 2896 1
2641 3879 1091 3057 1
1091 3879 3713 3057 1
635 3963 1839 2964 1
635 3963 2964 711 1
635 3453 3963 711 1
148 3212 3820 3999 1
3462 3901 737 3793 1
3462 3901 3940 737 1
3830 3240 161 145 1
3240 3830 161 1967 1
2395 2902 2789 2768 1
3393 3238 3836 3755 1
2495 3149 3536 728 1
662 2816 3536 3149 1
3536 2565 2816 662 1
3686 3898 175 163 1
197 3686 3898 175 1
2138 2166 2825 1943 1
1943 2166 2825 3005 1
3109 3005 1943 2825 1
3112 3953 750 3947 1
3964 3947 750 3953 1
1967 187 3894 165 1
3963 3727 3164 1951 1
3905 4079 3864 3764 1
3164 2429 2866 1951 1
3164 3727 2429 1951 1
3813 3713 3537 3864 1
3813 4078 3713 3864 1
3948 3912 3921 3281 1
3281 3929 3921 3948 1
3626 3929 3281 3948 1
3948 3591 3912 4068 1
3811 3340 3238 3755 1
3393 3238 3755 3811 1
3527 2626 4030 610 1
3527 2626 610 3166 1
4001 2547 2274 3458 1
3458 1554 3801 2274 1
3950 140 3276 3551 1
3674 3406 3499 1134 1
3931 3764 3713 3057 1
3931 3764 2047 3713 1
2050 4026 254 3739 1
3522 4026 3952 2050 1
2805 3902 3554 236 1
2805 3902 236 232 1
3919 4012 3773 3904 1
3636 3502 2452 4012 1
2487 3904 3971 3659 1
3773 3904 1085 2487 1
3717 2184 3615 3127 1
1597 1294 970 1328 1
1294 1854 970 1328 1
3953 3891 1114 3964 1
3964 3953 750 1114 1
3429 3406 3292 3301 1
3937 3406 3301 3677 1
2358 2250 2457 3908 1
1258 3789 3318 173 1
3644 1258 1270 173 1
3776 3640 3896 3909 1
610 2698 3166 3154 1
153 3750 3100 3677 1
3914 3750 4017 3677 1
3916 156 3984 511 1
3156 2644 3240 2696 1
4085 3911 3935 3887 1
3918 2848 2407 3704 1
3918 2940 2848 3920 1
3933 3074 3031 2261 1
2651 1630 2809 3697 1
2651 2809 3314 3697 1
3139 2651 3314 3697 1
3636 3292 3919 2452 1
3918 3920 2848 889 1
3371 2363 97 3504 1
2280 3103 813 3027 1
3332 215 3512 442 1
2643 215 230 3512 1
3332 3512 215 2643 1
675 3715 3247 2859 1
3696 1914 1422 3460 1
3696 3573 1422 1914 1
3460 3696 986 1422 1
2743 1312 3233 4009 1
2959 3770 1105 275 1
2272 3554 2979 285 1
3639 3554 3923 2272 1
3306 3923 3884 236 1
3923 3554 3884 236 1
2455 2901 3956 3924 1
4004 207 3156 206 1
3706 207 4004 206 1
4004 207 3706 3608 1
4004 207 3608 3156 1
3776 3640 3789 3896 1
3789 3776 3896 1258 1
3924 2455 734 3956 1
2455 3672 3104 3956 1
749 3947 3964 3953 1
3909 3662 3776 3640 1
749 4033 3805 1161 1
749 3931 1212 4033 1
2641 4033 3805 749 1
477 3754 3831 1191 1
3754 3864 3831 1191 1
2833 3697 2440 1232 1
3760 3762 3236 2879 1
3219 2879 3760 3236 1
3716 3745 3760 2879 1
3760 3745 3762 2879 1
3066 234 3043 3064 1
3562 234 3043 3066 1
3562 234 3066 3860 1
4087 3280 2703 3829 1
2899 172 3915 3620 1
3935 3912 3921 3948 1
3953 3891 3964 749 1
3926 3028 4019 3111 1
3746 3926 4019 3111 1
3875 3926 3746 3111 1
3875 3926 3111 2609 1
3431 1659 3117 2572 1
3927 279 278 253 1
277 3927 278 253 1
2822 280 281 3928 1
3928 2822 280 3464 1
2935 2822 3070 3464 1
227 3653 217 3930 1
3351 3567 2717 3363 1
4035 3982 2452 3502 1
3982 4035 3980 3502 1
3178 3271 3933 3732 1
4067 3881 3933 3271 1
3730 3648 2727 163 1
3970 3675 3730 3780 1
2487 3292 3919 3636 1
2487 3919 3773 3904 1
2565 3838 2378 2519 1
2565 2378 2997 2519 1
2816 2997 2519 2565 1
3314 2651 3164 2866 1
2866 3791 2809 2473 1
3791 2809 3314 2866 1
2821 2487 3052 3870 1
3499 2487 3014 3870 1
2328 1897 157 190 1
2328 1988 1897 190 1
190 1897 2378 1988 1
3080 3587 3393 3867 1
2542 3934 2609 1489 1
3934 1312 3988 1489 1
3320 3937 2944 3745 1
3320 3583 3745 2109 1
3320 3937 3745 3583 1
3587 3320 2944 3745 1
3737 2664 4022 3596 1
3178 3835 3732 2557 1
2895 3835 3178 2557 1
3219 3291 3716 2173 1
2173 3716 3219 2879 1
3219 3716 3760 2879 1
3476 255 243 251 1
3476 279 255 251 1
3936 279 3927 253 1
253 255 3936 279 1
3519 3936 3927 253 1
3937 1134 3429 3406 1
3320 3937 3981 3612 1
3937 1134 3762 3745 1
3937 1134 3406 3762 1
3320 3981 3937 3583 1
2773 1402 3584 3029 1
2068 3584 2773 1402 1
3142 1735 2506 2223 1
1735 3025 2223 3142 1
3041 3771 3530 2411 1
3530 2411 3771 3289 1
3306 3588 3941 3923 1
3588 3639 3941 3923 1
3270 3588 3941 3306 1
3618 664 3799 3647 1
3278 3073 2764 3618 1
3943 2759 2833 2961 1
3943 3697 2833 2759 1
3234 3850 195 4015 1
3234 4015 195 3671 1
3842 195 3850 4015 1
195 3842 675 4015 1
3739 254 2394 3010 1
3794 2462 3439 1432 1
1432 3123 3794 2686 1
1422 3941 3619 3270 1
2639 3955 4085 3921 1
2639 3774 201 3955 1
3955 3887 3911 4085 1
3945 2183 997 2492 1
2183 3945 3439 2492 1
3945 3794 990 3439 1
990 3794 3945 997 1
2494 3572 2290 1025 1
3855 3050 3705 2683 1
2683 3050 3705 3586 1
2218 3946 3983 2342 1
3946 3983 1439 2218 1
4083 3820 148 3724 1
2665 3042 3949 3846 1
3949 3042 3880 3612 1
2665 3042 3880 3949 1
3846 3042 3949 3932 1
3951 3431 2960 2671 1
3563 1855 2481 2968 1
2481 3563 2968 1710 1
2612 2831 3224 2807 1
3542 3406 3292 3499 1
3392 3406 3542 3499 1
3147 3740 3135 2409 1
259 254 3767 3952 1
2242 1181 2645 3333 1
3330 2242 2631 2645 1
3333 2242 3330 2645 1
3083 3954 2664 1946 1
3995 3954 3737 3303 1
3367 1422 1908 2750 1
986 3367 3421 1422 1
3367 1422 3573 1908 1
3421 3367 2750 1422 1
986 3696 3367 1422 1
3696 3367 1422 3573 1
3774 3845 155 3955 1
3887 3911 168 3955 1
3383 3956 3094 2225 1
2225 3956 3094 2937 1
3672 3956 3383 3104 1
3797 248 3957 3165 1
3958 3832 3382 137 1
3958 137 3382 2944 1
3080 3382 2944 3958 1
3063 2849 2845 2847 1
3959 2966 2280 3489 1
3959 3489 2280 2776 1
3959 2776 1963 1116 1
3960 2217 2285 2211 1
3960 2211 2976 2217 1
3960 3818 2285 2217 1
1052 2600 3317 2437 1
2437 2600 2889 3453 1
3453 2600 2889 3727 1
2600 3243 3093 3727 1
3860 3066 3173 3627 1
3040 3173 3961 3627 1
3308 1312 3225 3934 1
3962 1489 3028 3926 1
2609 3962 3926 1489 1
2609 3934 3962 1489 1
3934 3988 3962 1489 1
3182 1559 711 3963 1
711 3453 3963 3208 1
2018 3618 3073 3278 1
3278 3647 3618 2764 1
2718 2179 2745 1925 1
206 3706 3415 3965 1
206 3706 3965 3624 1
2847 3649 2843 2528 1
3941 3639 3554 3923 1
3941 3639 3006 3554 1
3139 3314 2440 3697 1
2437 3453 2889 2785 1
2785 3963 3004 1839 1
2785 3453 2889 3963 1
3066 3553 3064 3375 1
3306 3967 3808 4062 1
3306 236 3884 3967 1
3967 3593 3679 4064 1
3593 236 3967 3884 1
2415 3645 3529 3484 1
3529 3645 3968 3484 1
2876 3496 3968 3330 1
2398 2794 3968 2433 1
3496 3968 3330 2242 1
3496 3475 3546 43 1
2027 3969 3513 2771 1
2027 3969 2120 3513 1
3224 2027 2771 3969 1
2143 3224 2771 3969 1
2831 3969 2120 2027 1
3224 2831 2027 3969 1
3867 1130 3238 3811 1
3238 3320 1130 3867 1
163 2569 3686 3730 1
3970 3730 2569 163 1
2487 3904 1085 3971 1
1105 2395 3759 3414 1
1105 3759 1577 3414 1
3759 2395 1105 2789 1
2378 1988 2997 2519 1
3838 1988 2378 2519 1
3542 3301 3292 3406 1
3283 2278 3056 3642 1
3905 3764 4070 4092 1
3905 3764 3864 4070 1
3537 3831 3776 3754 1
3537 3831 3754 3864 1
3289 3874 3866 3695 1
3874 3695 3289 4032 1
3289 4049 3469 3874 1
3289 3469 3866 3874 1
3226 276 3598 2854 1
3226 276 3473 3598 1
3166 3696 3460 2199 1
3412 2710 3110 3694 1
222 240 2468 3246 1
3973 4090 2742 4052 1
3289 2411 4054 3973 1
2822 295 3974 3261 1
2280 2734 813 1858 1
3171 2185 3563 3927 1
2185 1855 3563 2968 1
2961 2759 2833 3883 1
1962 2832 3399 3558 1
3712 2793 2890 578 1
3712 2890 3749 578 1
3762 3712 3749 578 1
2440 3697 2924 1232 1
2440 3314 2924 3697 1
1869 3224 2143 3969 1
2807 2831 3224 3969 1
3111 3738 3550 4019 1
1130 3550 3353 3811 1
4019 3856 3550 1130 1
3550 1130 3856 3811 1
707 2938 3262 3617 1
3262 3617 3049 707 1
2419 2931 1675 2688 1
2419 2688 1675 2039 1
3998 3012 2690 607 1
3998 588 3012 3405 1
3975 3560 1130 3028 1
3976 3622 3580 4034 1
3150 2917 3203 3565 1
3198 997 3945 3794 1
3229 3945 997 2492 1
3229 3945 3198 997 1
3875 2542 3725 2609 1
2411 2542 3875 4037 1
2411 3530 4037 3875 1
3598 2345 1577 3190 1
3703 3916 3663 3978 1
70 3195 994 945 1
3933 3881 3991 3195 1
2911 2426 1773 2802 1
1773 2278 1746 2802 1
3691 1893 3920 2951 1
3741 2446 3920 2738 1
3489 2355 2734 2776 1
3959 2966 3489 3869 1
3959 1116 3489 2776 1
697 4048 3933 2261 1
4048 519 3178 2261 1
2727 184 3696 197 1
3696 197 184 202 1
3166 2727 3696 197 1
3166 197 3696 2199 1
2413 2000 3752 2988 1
3713 2047 3537 3864 1
3963 3164 3979 1839 1
3979 3606 2895 3164 1
3979 3164 2895 1241 1
3963 3727 3979 3164 1
3727 3606 3979 3164 1
1839 3164 3979 1241 1
1232 2146 2716 1173 1
2716 1777 1173 2146 1
1173 1612 2759 2146 1
2833 2146 1173 2759 1
2833 2146 1232 1173 1
3156 207 3608 187 1
262 2506 269 3142 1
2506 3142 2223 269 1
3563 2223 3476 1710 1
283 3476 3563 2223 1
283 3476 2223 269 1
3994 3718 2808 2503 1
3954 2664 3737 3083 1
3399 3303 3737 3083 1
3737 3954 3083 3303 1
2827 1773 2918 2375 1
2827 2911 1773 2375 1
4009 3949 3233 3980 1
3233 3949 3612 3980 1
2743 3233 3980 4009 1
2310 1134 3981 3583 1
2310 3981 3502 3980 1
3980 3429 3981 3502 1
3937 1134 3745 3583 1
3981 3937 1134 3429 1
3981 1134 3937 3583 1
2981 2050 3952 254 1
2327 3387 2630 2981 1
3932 727 3125 3982 1
727 758 3125 3982 1
727 3932 4009 3982 1
727 3982 4009 758 1
2841 3102 3797 3718 1
2841 3228 3102 3479 1
3228 3797 2841 3102 1
2352 3983 1439 2208 1
1439 1899 3983 2352 1
3270 3619 3545 3884 1
3264 3985 259 241 1
3434 3985 3264 241 1
1204 3506 946 3986 1
3271 3506 3986 946 1
1204 3506 3986 3526 1
3526 3506 3986 3178 1
3178 3506 3986 3271 1
3495 3084 3698 4053 1
3888 3084 3471 4053 1
2103 2225 2765 2536 1
253 277 3010 278 1
1095 2162 3868 1737 1
1095 3868 2162 3489 1
3744 511 3548 3663 1
3663 511 3548 3978 1
3504 3452 3311 4023 1
3452 1283 3311 3088 1
3311 3452 3088 4023 1
3504 3311 3657 4023 1
3311 3088 3657 4023 1
1312 3275 3988 1489 1
3988 3275 3560 1489 1
3225 1312 3988 3934 1
3988 3560 3028 1489 1
3225 3988 3962 3934 1
3962 3988 3028 1489 1
2759 1630 3943 3697 1
3180 2689 3943 2759 1
2961 2759 3180 3943 1
2689 1630 3943 2759 1
1489 3560 3028 3111 1
2609 1489 3111 2575 1
3047 3560 1489 3111 1
1489 3047 3111 2575 1
3926 1489 3028 3111 1
2609 3926 3111 1489 1
2886 3715 1068 3247 1
3247 3715 1068 3477 1
3804 3715 1068 2886 1
3730 3468 3990 3703 1
163 2727 3898 184 1
184 2727 3898 197 1
697 3991 70 3933 1
3991 3195 3881 4031 1
4042 3991 3881 4031 1
3933 3991 70 3195 1
2203 1714 3992 3725 1
3779 3992 2203 3638 1
3779 3992 3725 2203 1
3111 1863 3689 3176 1
3111 1863 3176 3738 1
3738 1863 3176 3250 1
3955 4000 3469 3887 1
3866 3469 3250 4000 1
3811 3866 3856 4000 1
1035 2821 3925 3052 1
3917 831 4006 3993 1
831 3917 3845 3993 1
3785 831 3845 3993 1
3771 831 3785 3993 1
3227 3902 2805 232 1
3227 3902 232 3687 1
3902 3451 232 3687 1
3554 285 2272 286 1
285 2805 3554 236 1
3902 3884 3554 236 1
680 239 3144 3269 1
3144 239 3514 3269 1
3269 680 3741 3144 1
3954 260 3995 2664 1
3995 260 2506 2664 1
3247 3477 1106 3795 1
1106 3795 3477 1028 1
3801 2367 3341 2937 1
3996 238 914 2953 1
3996 224 238 2953 1
238 914 3264 3996 1
2773 3029 3584 2707 1
4045 3335 3590 949 1
1501 4045 3590 3359 1
2609 3188 3992 3934 1
3328 3225 3992 3934 1
2440 3314 1241 2924 1
3314 1633 1241 2924 1
183 3685 178 4050 1
4050 183 3685 3604 1
138 4049 3917 4006 1
3917 138 3469 4049 1
4049 138 3469 3874 1
2569 831 3845 3785 1
3730 831 2569 3785 1
831 3730 2569 3970 1
3507 3631 2896 3998 1
607 3507 3998 3631 1
148 3380 154 3984 1
3557 3487 3984 3380 1
3984 3380 3999 148 1
2717 275 3124 2789 1
3124 3997 608 2959 1
275 2959 3124 2789 1
275 3351 2717 3124 1
275 3997 3351 3124 1
2494 2736 91 2290 1
2494 2736 2290 3572 1
2416 3572 2290 2736 1
3526 3178 4067 519 1
1204 3986 4007 3526 1
3526 3986 4067 3178 1
147 3958 3852 160 1
3852 3958 147 3832 1
3971 4058 1008 3327 1
1085 4058 1008 3971 1
3929 3811 4000 1140 1
4000 3887 3921 1140 1
3929 4000 3921 1140 1
3706 917 3624 4004 1
3968 2398 3645 2794 1
3685 1182 2670 3604 1
3784 3685 1182 186 1
3852 3958 3080 2915 1
3534 3502 4002 2310 1
2877 4002 3160 2310 1
2310 4002 3160 3207 1
3534 4002 2877 2310 1
2310 2743 3987 3207 1
3988 3560 3975 3028 1
3233 556 3560 3275 1
3560 3975 3320 3233 1
556 3560 2310 3233 1
3233 3275 3560 3988 1
2310 3560 3320 3233 1
3233 3560 3975 3988 1
2536 3458 3801 2274 1
1554 3321 3801 2274 1
2411 3725 4003 3875 1
3973 4003 2411 3725 1
2411 4003 3289 3746 1
3725 4003 3875 2609 1
3289 4003 2411 3973 1
238 3996 3264 3728 1
238 3996 3728 224 1
3860 234 3066 3627 1
3860 234 3627 3649 1
1244 2518 3368 2771 1
2143 2771 3368 2518 1
3120 1554 2782 1496 1
3591 4044 3761 4005 1
3591 3761 4068 4005 1
3451 3591 4005 4044 1
2743 2310 3980 3233 1
4006 4084 4081 2742 1
4006 3993 4054 3289 1
4006 4084 2742 4054 1
1513 2699 1853 2267 1
3448 4007 3022 1204 1
3918 2848 3704 889 1
2826 2835 3197 3704 1
3918 2407 2835 3704 1
2183 2492 3439 1529 1
3974 276 3787 3740 1
2413 2428 2822 3752 1
255 251 279 839 1
3881 3195 3271 946 1
3933 3195 3736 3271 1
3482 477 3906 1124 1
3846 3086 727 4009 1
3846 3932 4009 727 1
1554 3321 3120 2782 1
2964 3139 3182 3963 1
1496 3801 3341 2937 1
178 3685 186 2670 1
1182 3685 2670 186 1
2935 921 280 282 1
280 282 298 2935 1
3624 917 3348 2497 1
2497 3348 3461 917 1
196 3437 3978 511 1
3780 3703 3978 3916 1
3978 3648 3703 3780 1
3010 4043 266 3855 1
3447 4010 3594 3672 1
3447 3529 4010 3672 1
4011 1204 3525 3881 1
3778 3516 3161 2316 1
3778 3161 3516 3076 1
1554 2782 3801 3321 1
3381 3649 2761 2528 1
2761 3649 2847 2528 1
3744 511 3663 3800 1
3663 2491 3744 3800 1
3638 3225 3992 3086 1
3034 3224 2143 1869 1
3636 3919 4012 2452 1
3135 3740 3051 3003 1
3003 3740 2854 3665 1
276 3665 3261 2854 1
3665 3261 3974 276 1
3665 2822 3974 3261 1
3974 276 3740 3665 1
3519 3017 3416 3936 1
2798 3519 3416 3936 1
3519 2798 3927 3936 1
3862 171 4013 1165 1
4013 4079 3864 4008 1
4013 4079 4008 3938 1
4013 171 3862 3938 1
3860 3649 2528 2843 1
3916 3437 4014 156 1
3916 4014 3780 4080 1
511 3437 3916 156 1
227 217 3731 3930 1
2570 3930 3731 3882 1
2327 3387 3861 2712 1
3448 1204 71 4011 1
2957 3714 3882 217 1
4017 152 153 3833 1
1249 4017 3833 3854 1
152 153 3762 4017 1
3760 152 3762 4017 1
4073 4017 3854 3760 1
2575 3076 3778 3516 1
2964 3963 1839 3139 1
1602 1181 59 68 1
2967 2242 1602 1181 1
2242 2433 2967 1602 1
3829 3280 3310 4087 1
3714 3930 3882 217 1
3882 3930 3731 217 1
917 3706 3815 4004 1
3638 3225 3846 4018 1
2665 3949 4018 3846 1
2665 3949 3880 4018 1
3142 2456 2506 1735 1
3636 3904 2487 3659 1
3534 3904 3636 3659 1
3636 3919 2487 3904 1
3534 4012 3636 3904 1
3028 3560 1130 3550 1
4019 3028 1130 3550 1
4055 3028 1130 4019 1
3695 4055 1130 4019 1
3094 3304 3823 2465 1
1622 380 377 3403 1
3446 2796 1517 1845 1
2796 1622 1925 2268 1
3837 4020 2806 3633 1
3255 2806 3430 4020 1
2806 2973 4020 3837 1
3296 3255 4020 3349 1
3349 3255 4020 3408 1
3408 3255 4020 3633 1
2733 3549 3804 2560 1
3365 3761 4063 3679 1
1831 3514 3409 871 1
3409 3559 3514 1831 1
2421 2222 2489 3116 1
3726 2489 3130 2508 1
2916 274 4075 3127 1
3127 4075 2916 3228 1
4022 2506 1921 3596 1
3658 4060 2992 4040 1
3959 3869 3489 1116 1
1850 3452 4023 1590 1
3453 3727 2889 3963 1
3645 2794 3529 3968 1
3645 3273 3968 3484 1
2409 1017 3740 2980 1
3426 3329 3377 4024 1
3377 3565 4024 3329 1
4025 3892 176 1262 1
3892 176 3893 4025 1
4070 3905 4092 4025 1
1002 4027 681 3480 1
966 4027 681 1002 1
1140 3935 3948 3591 1
1140 3948 3626 3591 1
3306 3967 4029 3365 1
4094 3967 3365 4029 1
3270 3306 4029 3365 1
4094 3365 4071 4029 1
3270 3365 4029 4071 1
2626 4030 2652 201 1
4030 2693 2652 201 1
3527 2626 201 4030 1
2641 4033 3879 3057 1
2641 3879 4033 1212 1
749 4033 1212 2641 1
994 4031 3899 2813 1
3652 4031 3899 4056 1
994 3195 4031 2813 1
3991 3195 4031 994 1
4042 3991 4031 4056 1
3041 3785 3990 3703 1
3990 831 3785 3771 1
3990 3771 3785 3041 1
3289 4032 3695 3746 1
4003 4032 3289 3746 1
3289 4032 4003 3973 1
3407 2289 4034 2312 1
3580 4034 2312 3407 1
3407 3681 4034 2289 1
3976 4034 3580 3783 1
3348 3461 3264 3434 1
3801 3458 2536 2937 1
2937 1496 3801 3458 1
680 3839 3741 2438 1
680 2446 3741 3839 1
2959 3997 3770 275 1
3997 3770 275 3500 1
3124 275 3997 2959 1
2980 2198 281 2822 1
196 182 3978 3437 1
3916 3437 3978 4014 1
511 3978 196 3548 1
3429 3292 4035 3042 1
3042 3932 2452 4035 1
4035 3292 2452 3042 1
4035 3042 3612 3429 1
3932 3042 3949 4035 1
3949 3042 3612 4035 1
2639 3735 3774 3955 1
3735 3845 3774 3955 1
2452 3932 3125 3982 1
4036 511 3744 3800 1
3212 2542 3435 4037 1
4037 3041 3530 2411 1
3859 3648 3780 163 1
3859 184 3648 163 1
3780 3648 3730 163 1
3921 4085 3935 3887 1
3955 3887 4085 3921 1
3451 4005 3626 3545 1
4005 3545 3281 3626 1
159 3901 4038 4016 1
4038 146 4016 3781 1
966 4039 681 4027 1
3972 3381 3366 4040 1
3381 3649 3366 4040 1
3381 3748 3810 4040 1
3764 3864 2047 3713 1
259 254 4041 266 1
2676 1312 4009 3225 1
2307 14 29 32 1
29 2307 3680 14 1
3924 3956 2225 2937 1
2407 3194 1936 2848 1
3139 3314 1839 2440 1
2440 3314 1839 1241 1
2809 2171 2651 2866 1
3314 2809 2651 2866 1
3685 208 3812 3604 1
3685 3812 1182 3604 1
4033 176 2634 3892 1
3892 4033 176 1262 1
3448 4011 3768 4042 1
3448 4042 4077 4047 1
3768 4011 3652 4042 1
3768 4042 3652 4077 1
3638 3225 3086 3846 1
3487 3041 3990 3703 1
2531 3858 4004 3156 1
3858 3784 1182 186 1
4020 2973 3523 3893 1
4026 4041 254 266 1
3077 3671 3895 1195 1
3612 2944 3937 3429 1
3980 3429 3612 3981 1
3612 3937 3981 3429 1
3593 3761 3679 4076 1
3687 4044 3451 232 1
3451 4044 3593 232 1
3739 277 278 3010 1
3335 4045 3200 3268 1
4045 3359 2814 3361 1
3361 3585 4045 3268 1
4046 2411 3041 4037 1
3820 4046 4037 3435 1
4046 2411 3771 3041 1
3516 3076 3530 3111 1
3516 3161 3530 3076 1
3453 3727 3963 3208 1
3041 1863 3785 2491 1
3041 3785 1863 3530 1
224 239 2315 238 1
224 239 3882 2315 1
4091 4067 3881 3933 1
4048 3178 3933 2261 1
4049 3993 4006 3289 1
3993 4049 3845 3289 1
3845 4049 3469 3289 1
1577 3473 3759 302 1
2345 3473 1577 302 1
3914 1249 4017 3750 1
2670 178 4050 4093 1
259 254 3952 4041 1
3554 236 2979 285 1
3554 2979 3923 2272 1
4050 3901 3940 4051 1
3159 3809 843 4051 1
843 4038 4051 3809 1
4038 4016 3901 4051 1
3677 3937 3762 3745 1
3677 3937 3406 3762 1
1134 3674 3762 3707 1
3745 1134 3762 3707 1
3674 3762 3406 1134 1
2345 3598 1577 3473 1
2964 3139 1839 2440 1
3963 3979 3004 1839 1
1839 3979 3317 1241 1
70 3991 994 3195 1
3978 182 3780 4014 1
182 3648 3780 3859 1
4014 3978 3916 3780 1
146 3151 3848 3822 1
3781 4016 3151 146 1
1130 3867 3320 3880 1
3560 1130 3320 3975 1
3975 3880 1130 3320 1
3979 3243 2895 3606 1
3727 3243 3979 3606 1
3667 4083 4065 3724 1
3408 3633 4020 3893 1
3502 3987 4002 2310 1
2310 3987 4002 3207 1
3867 3890 3866 3821 1
1130 3866 3856 3811 1
3608 207 3611 3886 1
3706 207 3611 3608 1
3886 3850 207 3611 1
914 238 239 2953 1
3895 3966 3903 506 1
3903 3966 3905 4070 1
3373 2244 3857 3604 1
3858 3082 158 2644 1
3858 3082 2644 186 1
3858 186 2670 3082 1
2915 3867 3393 3827 1
240 2683 3705 230 1
240 3855 3705 2683 1
222 3705 230 240 1
3822 146 4016 143 1
146 3151 3822 4016 1
4080 156 3557 3916 1
2899 3646 172 3620 1
2703 2899 3646 3140 1
4090 4084 3684 3913 1
4006 831 683 4081 1
947 3080 3914 3587 1
4028 947 3080 3914 1
4017 153 3762 3677 1
3760 4017 3762 3914 1
3914 3745 3762 3760 1
3779 4003 3973 3725 1
3973 3725 4052 3779 1
2929 2629 1893 2913 1
4025 3893 4092 176 1
3080 3382 3750 2944 1
3914 3080 3750 2944 1
4084 3771 4090 4054 1
4054 3973 3222 3289 1
4084 3993 3771 4054 1
4054 4090 2742 3973 1
4006 3993 4084 4054 1
4006 4054 3222 3289 1
3865 966 4039 681 1
3600 3243 2895 3979 1
3600 3979 2895 1241 1
3735 3469 3955 3250 1
3289 3469 3735 3250 1
4019 3746 3738 3695 1
3746 3926 3695 4019 1
4055 3028 4019 3926 1
3695 4055 4019 3926 1
3890 1130 4055 3880 1
3890 1130 3695 4055 1
3880 1130 4055 3975 1
4055 3975 1130 3028 1
3004 3727 3979 3963 1
3753 230 260 3954 1
3753 230 3954 3303 1
3995 260 3954 3753 1
3995 3753 3954 3303 1
4088 4083 4057 3692 1
3829 3280 3140 3199 1
2644 3829 3646 3140 1
2644 3829 3140 3199 1
3929 3856 3250 4000 1
3176 3856 3250 3929 1
3856 3866 3250 4000 1
2609 3992 3962 3934 1
3992 3225 3962 3934 1
4026 3952 254 4041 1
3952 4026 254 2050 1
1191 4008 3864 3905 1
4003 3926 3746 3875 1
4003 3926 3875 2609 1
966 680 2438 3839 1
4007 3526 4067 519 1
4007 3986 4067 3526 1
3178 3986 4067 3271 1
4067 519 3178 4048 1
3178 4067 3933 3271 1
3461 3264 3767 3996 1
3958 147 3832 137 1
3854 4017 3833 152 1
3854 4017 152 3760 1
3549 3251 3202 3676 1
4057 4083 4065 3692 1
3846 3949 4009 3932 1
3932 3949 4009 3982 1
2971 3298 3063 2847 1
2971 2847 3063 2044 1
3481 4060 3961 3627 1
2980 2822 281 3974 1
978 2386 2198 2980 1
4061 3988 3975 3028 1
4061 3233 3975 3988 1
4038 3781 4016 3809 1
4038 4016 4051 3809 1
3534 4012 3904 2820 1
3534 4012 2820 4002 1
4012 3987 2820 4002 1
4012 3987 3259 2820 1
4062 3923 3306 236 1
235 3923 4062 236 1
3306 3967 4062 236 1
947 3914 3745 3587 1
2351 3745 3587 947 1
2351 3745 947 3716 1
3931 4033 3163 1262 1
4037 3041 3161 3530 1
3076 4037 3161 3530 1
3738 3695 3856 4019 1
3738 3856 3550 4019 1
4083 3380 148 3820 1
3380 4083 3487 3820 1
4067 4007 3072 3881 1
4067 4091 3072 4047 1
519 4007 3022 3448 1
4009 3949 3980 3982 1
3188 1714 3992 3934 1
3990 4046 3041 3487 1
3990 4046 3771 3041 1
3914 3745 4066 947 1
947 3745 4066 3716 1
4028 947 3914 4066 1
4048 3178 4067 3933 1
519 4067 4047 4048 1
519 4007 4047 4067 1
4007 4067 3072 4047 1
3359 3172 2775 1501 1
3172 2775 2814 3359 1
3269 3741 2738 3172 1
3269 3514 3144 3172 1
3247 3715 3477 2859 1
3659 2820 3049 3617 1
3659 2820 3971 3049 1
3534 2820 3659 2877 1
3534 2820 3904 3659 1
2877 2820 3659 3617 1
4068 3365 3912 4071 1
3948 4068 3281 3626 1
3948 4068 3912 3281 1
4068 3365 4071 4094 1
4068 4005 3281 3626 1
3686 2569 3774 3785 1
3820 3212 3435 4037 1
3087 3212 3435 3820 1
4052 3435 3820 3087 1
3662 1165 3754 171 1
3537 3864 3754 4013 1
3662 4008 171 3754 1
3754 4013 3864 4008 1
3774 175 155 2569 1
201 3774 155 3955 1
3779 3992 4003 3725 1
3982 4059 3987 2743 1
3125 758 4059 3982 1
2743 4009 3982 758 1
4043 3739 278 3010 1
3940 4050 183 167 1
167 4050 3901 3940 1
3851 3940 183 167 1
3903 4070 1262 506 1
3903 4070 2047 1262 1
1262 4070 4025 506 1
4070 3764 1262 176 1
4070 3764 2047 1262 1
1262 4070 176 4025 1
2652 4071 3281 2682 1
3912 4071 2682 3281 1
3270 4071 3281 2652 1
4005 4071 3281 4029 1
3270 4071 4029 3281 1
4068 4071 3912 3281 1
4068 4071 3281 4005 1
3057 3944 4072 180 1
3057 4072 4078 180 1
4078 4072 3938 180 1
3972 4040 2505 3442 1
4040 3658 4060 2505 1
3892 3163 4033 1262 1
2798 1833 2185 682 1
4032 3926 3695 3746 1
4003 3926 4032 3746 1
3902 3884 236 3593 1
3902 3884 3593 3451 1
3874 3695 4032 3890 1
1249 4028 3914 4073 1
1249 3914 4017 4073 1
1249 4017 3854 4073 1
163 3970 3730 3780 1
3932 3949 3982 4035 1
3980 3949 3612 4035 1
4056 4031 3899 994 1
4056 3991 4031 994 1
3652 4011 3525 4042 1
4035 3612 3980 3429 1
3294 3900 3268 3090 1
3294 3900 3585 3268 1
4036 3242 3999 3984 1
3805 176 2634 4033 1
3932 3982 2452 4035 1
3982 3949 3980 4035 1
155 201 175 3774 1
3774 2626 201 3527 1
3527 201 3774 175 1
2597 3017 3519 253 1
3519 3017 3936 253 1
3970 3326 3730 3675 1
3834 3675 3990 3312 1
3730 3326 3990 3675 1
3072 3881 4011 4042 1
3880 4055 3555 4061 1
4018 3880 3555 4061 1
3890 4055 3555 3880 1
3890 3880 3555 3700 1
3936 3476 3563 279 1
3563 279 3927 3936 1
3936 255 3476 279 1
3636 4012 3919 3904 1
4003 3725 3992 2609 1
4081 831 683 4074 1
4075 3402 3683 3114 1
3228 3165 4075 3797 1
3127 2593 4075 3228 1
2641 176 3057 3944 1
3345 176 2641 3944 1
2641 176 4033 3057 1
3805 176 2641 3345 1
2641 176 3805 4033 1
839 278 253 3010 1
4043 839 3855 278 1
3010 4043 3855 278 1
278 839 253 279 1
3916 156 3557 3984 1
3557 3984 3487 3916 1
2452 3125 3919 4012 1
4077 4042 3652 4056 1
3369 3555 3779 3638 1
4018 3225 3846 4009 1
4018 3949 4009 3846 1
3593 4076 4064 232 1
4044 4076 3593 232 1
3057 4079 4078 4072 1
4078 4079 3938 4072 1
4078 4079 3864 4013 1
4078 4079 4013 3938 1
3764 4078 3713 3057 1
3764 4078 3864 3713 1
843 4050 3940 4051 1
843 4038 4050 4051 1
697 3991 994 70 1
697 3991 4056 994 1
3904 4012 3669 3259 1
3669 3327 4058 3904 1
4013 4008 171 3938 1
3905 4079 3764 4092 1
3764 176 4079 3057 1
3057 176 4079 3944 1
4038 3901 4050 4051 1
3916 4014 4080 156 1
3233 3949 3880 3612 1
4018 3949 3880 3233 1
3880 3975 4061 3233 1
4018 3880 4061 3233 1
3225 3988 4061 3962 1
4061 3988 3028 3962 1
1165 4013 3754 171 1
3754 171 4013 4008 1
3795 3408 3893 4082 1
3408 3633 3893 4082 1
3820 4083 3667 3724 1
154 141 4057 4083 1
4057 141 4065 4083 1
2743 3980 3982 4009 1
4062 3588 3306 3923 1
235 3588 4062 3923 1
2742 3973 4052 3779 1
3874 4032 3369 3700 1
3901 143 159 167 1
3901 159 4050 167 1
3890 4032 3874 3700 1
3971 1085 2487 3052 1
3875 3530 3746 2411 1
3875 4003 2411 3746 1
4085 2693 201 2682 1
201 4085 209 2693 1
4084 3684 4074 4081 1
3656 3913 4084 3312 1
3913 3312 3693 4084 1
4084 831 3771 3993 1
4006 831 4081 4084 1
4006 831 4084 3993 1
2682 2639 201 4085 1
2639 3955 201 4085 1
3955 3911 201 4085 1
3904 3327 4058 3971 1
3904 2820 3971 3659 1
1195 3430 2806 4086 1
1191 4086 3966 3077 1
3966 3430 3077 4086 1
4017 3750 153 3677 1
4017 3833 153 3750 1
758 2743 4009 1312 1
727 758 4009 2676 1
4011 3881 3525 4042 1
4087 178 2670 4093 1
3530 3076 4037 3875 1
4083 4088 3557 3487 1
154 4083 4057 4088 1
3557 4069 3487 4088 1
2665 3555 3638 4018 1
3638 3555 3225 4018 1
3700 3880 3555 2665 1
2665 3880 3555 4018 1
3984 154 148 4089 1
2452 3982 4012 3502 1
3982 4059 4012 3987 1
3451 4044 4005 3593 1
3948 3591 4068 3626 1
3451 3591 3626 4005 1
3591 4005 4068 3626 1
3973 3725 3435 4052 1
4090 3435 3820 4052 1
4046 3693 4090 3692 1
4090 3820 3692 3667 1
3435 4046 4090 3820 1
4009 3225 3086 2676 1
3846 3225 3086 4009 1
4018 3555 3225 4061 1
3638 3555 3992 3225 1
697 4091 3991 3933 1
697 4048 4091 3933 1
697 4091 4056 3991 1
3687 3591 3451 4044 1
3903 3864 2047 4070 1
3864 3764 2047 4070 1
4033 176 1262 3764 1
4033 3764 3931 3057 1
4033 176 3764 3057 1
3931 3764 4033 1262 1
159 4016 146 143 1
159 4016 4038 146 1
4055 4061 3975 3028 1
3880 3975 4055 4061 1
3773 4058 1085 3904 1
3904 4058 1085 3971 1
4092 3764 4070 176 1
4070 4092 176 4025 1
4092 4079 3764 176 1
2693 3912 209 4063 1
4073 4028 3914 4066 1
2652 4071 2682 2693 1
3912 4071 2693 2682 1
3365 3761 3679 4094 1
3912 3761 4063 3365 1
3761 3365 3912 4068 1
3761 3365 4068 4094 1
506 3893 3966 4025 1
3905 4025 4070 3966 1
2742 4084 3684 4090 1
4084 3684 4081 2742 1
3334 3913 3667 4090 1
4005 3593 4094 4029 1
4005 4094 4071 4029 1
4068 4094 4071 4005 1
3761 3593 4094 4005 1
3761 4094 4068 4005 1
4094 3593 3679 3967 1
3593 3967 4094 4029 1
4094 3761 3679 3593 1
4048 4067 4091 3933 1
4077 4091 4056 697 1
178 159 167 4050 1
4056 4091 4042 3991 1
4025 3893 3837 4092 1
3905 4092 4025 3837 1
4067 4091 4047 4048 1
4044 3593 3761 4005 1
3593 4064 236 232 1
3967 3593 4064 236 1
3912 3105 4063 3761 1
4082 3633 3893 4092 1
4044 3761 3593 4076 1
4047 4042 4077 4091 1
4077 4091 4042 4056 1

End
