MeshVersionFormatted 1
Dimension 3

Vertices
5635
-0.033698819577693939 -0.032879188656806946 0.00793409813195467 1
-0.033217228949069977 -0.038734659552574158 -0.00056867336388677359 1
-0.032740600407123566 -0.02807314321398735 0.013435009866952896 1
-0.032181218266487122 -0.027188008651137352 0.005944814532995224 1
-0.03214571624994278 -0.028817728161811829 -0.0019602130632847548 1
-0.032130084931850433 -0.038280095905065536 0.010542390868067741 1
-0.032126698642969131 -0.063009202480316162 -0.0093929609283804893 1
-0.032049350440502167 -0.062033925205469131 0.0022504494991153479 1
-0.031862162053585052 0.079078301787376404 0.0090096937492489815 1
-0.031832102686166763 -0.024111190810799599 0.013715551234781742 1
-0.031713958829641342 -0.070559583604335785 -0.0065279090777039528 1
-0.031696360558271408 -0.055218633264303207 -0.010199084877967834 1
-0.031649403274059296 -0.053594246506690979 0.0032560674007982016 1
-0.031497668474912643 -0.036598742008209229 -0.0053831259720027447 1
-0.031436949968338013 0.082398325204849243 0.0067224353551864624 1
-0.031302655717947929 0.078848758946816228 0.010290952953590983 1
-0.031296033412218094 0.079557925462722778 0.0050254589878022671 1
-0.031267188489437103 -0.041588995605707169 0.0063013560138642788 1
-0.031266294419765472 0.078302986919879913 0.0061183720827102661 1
-0.031357823445700185 0.080997013896723119 0.010410344159935948 1
-0.03118479810655117 -0.087804891169071198 -0.0074712345376610756 1
-0.031129055164235576 -0.069488641595004966 0.004559605098779989 1
-0.031005004420876503 0.081352703273296356 0.0070685539394617081 1
-0.030954500660300255 0.08245086669921875 0.0048296158201992512 1
-0.030942078896487011 0.077504275222901209 0.010813829083459531 1
-0.030917923897504807 -0.061112254858016968 0.0074258185923099518 1
-0.030811337754130363 -0.087416581809520721 0.0049273790791630745 1
-0.030689548109634264 0.082863616747099911 0.010546251445477321 1
-0.030698515474796295 0.078674912452697754 0.00910152867436409 1
-0.030695371329784393 -0.04896223172545433 -0.0045016184449195862 1
-0.030574357137084007 0.079745568335056305 0.0053227273747324944 1
-0.030384692112567224 0.077226141682433386 0.014268128408962223 1
-0.030541102535079835 0.08000359049451411 0.010516024976017486 1
-0.030391496298833552 0.080328482313623897 0.01403506976657559 1
-0.030384382233023643 -0.030854677781462669 0.01880187913775444 1
-0.030330554794561117 0.081978483011313996 0.0095321896028512133 1
-0.030229197815060616 0.082545943558216095 0.0059057008475065231 1
-0.03017229400575161 0.078004851937294006 0.011687171645462513 1
-0.030078984797000885 -0.036162178963422775 0.015807492658495903 1
-0.030039224773645401 -0.048730440437793732 0.0030753426253795624 1
-0.029961887747049332 -0.090034715831279755 -0.0065658017992973328 1
-0.029870431870222092 -0.064020797610282898 -0.014646230265498161 1
-0.029803805864621568 0.079353963157214699 0.015657795246908031 1
-0.029723137617111206 0.080323994159698486 0.013516738079488277 1
-0.029667984694242477 -0.025132570415735245 0.022181693464517593 1
-0.029597169614506775 0.076659368365808042 0.0060387987635128161 1
-0.029586793854832649 -0.053983323276042938 0.009097779169678688 1
-0.029549019070543074 0.075399855682089581 0.015706461118418506 1
-0.029539238661527634 -0.016633225604891777 0.021593816578388214 1
-0.029508251696825027 0.077051900327205658 0.014049002900719643 1
-0.029506484046578407 0.080250933766365051 0.0028857127763330936 1
-0.029217017814517021 -0.017453648149967194 0.0054666944779455662 1
-0.029211346060037613 -0.0016377612482756376 0.0064329016022384167 1
-0.029271450653181295 0.078106502152316681 0.0042536161598920562 1
-0.029415556225680817 0.084393365062563133 0.0091388293345276827 1
-0.029060920990465471 -0.046115596625299925 -0.0064607329604748579 1
-0.029105024412274361 0.081091277301311493 0.0036078502889722586 1
-0.029103383421897888 0.083991199731826782 0.0078584859147667885 1
-0.029277472237903661 0.075924405988959567 0.0074110522583740908 1
-0.028938514225527099 0.082934625386825639 0.0112321050219342 1
-0.029051026329398155 -0.088456422090530396 0.0087050292640924454 1
-0.029005233198404312 0.084204815328121185 0.010955594480037689 1
-0.028870260888927995 0.076099539751509807 0.010904496577837156 1
-0.028800130147805848 0.084909384691552056 0.0046065779157538839 1
-0.028839057311415672 0.083639174699783325 0.0043311780318617821 1
-0.02883722260594368 -0.04960906133055687 0.0086208870634436607 1
-0.028827123706064512 -0.012624467248965932 -0.0060897443094317409 1
-0.028827114030718803 0.085141092538833618 0.0065096146427094936 1
-0.028823932632803917 -0.0035836489405483007 -0.0025279440451413393 1
-0.028819650411605835 -0.090750306844711304 0.0035917994100600481 1
-0.028724631294608116 0.077052317559719086 0.0061004380695521832 1
-0.028708154335618019 0.076170213520526886 0.0077338423579931259 1
-0.028652820736169815 0.076605916023254395 0.017924167215824127 1
-0.028599672019481659 0.075679950416088104 0.016007371246814728 1
-0.028433477574465845 0.077658359462850587 0.016512963493453926 1
-0.028549936511361482 -0.051254333445482914 -0.015359358124253812 1
-0.028089924202216201 -0.066645176342694082 -0.016346081702572825 1
-0.02841675654053688 -0.013525874353945255 0.011703481897711754 1
-0.028400221839547157 0.083120666444301605 0.002131093293428421 1
-0.028366415262119117 0.075198741980521913 0.01303319689425016 1
-0.028352208435535431 0.074732057750225067 0.0090073775500059128 1
-0.028301950544118881 -0.019401140511035919 -0.0049060420133173466 1
-0.028252987191081047 0.074699506163597107 0.010908431373536587 1
-0.028331674075397214 0.07691754474625008 0.010904286724230623 1
-0.028190577402710915 -0.072149261832237244 -0.011271437630057335 1
-0.028188068124977428 0.083574235286603349 0.012872630426241047 1
-0.028085989877581596 0.079317621886730194 0.0038675016257911921 1
-0.028076821938157082 0.07585771381855011 0.006018531508743763 1
-0.02808987361058346 0.072628199824148337 0.01027472704571109 1
-0.028057316318154335 -0.043568048626184464 -0.00022041633201297373 1
-0.028027921915054321 0.084433197975158691 0.0055380347184836864 1
-0.02794804766759117 0.073062845641848478 0.012698092774738223 1
-0.027769673066077499 -0.05670482010675959 -0.018305931524624435 1
-0.027884805575013161 0.082505799829959869 0.013107013888657093 1
-0.027669692825261615 0.082165995661589261 0.015250856894762082 1
-0.027976661694643742 -0.019281403647966142 0.0092133061587745934 1
-0.027794694527983665 0.001065577962435782 -0.0015628988621756434 1
-0.027990458116818332 0.079750095975347934 0.015871352225738662 1
-0.027846391113336817 0.075304951005851897 0.018281113336133383 1
-0.027692906558513641 -0.06437142938375473 0.012581747956573963 1
-0.027665756642818451 0.075472049415111542 0.0088986502960324287 1
-0.027636535465717316 -0.020006602630019188 0.01474196370691061 1
-0.027617733925580978 -0.062037155032157898 -0.018195256590843201 1
-0.027587268501520157 -0.034055363386869431 0.022315051406621933 1
-0.027535293251276016 0.070781484246253967 0.010906525887548923 1
-0.02734196527316736 -0.0021264436089893229 -0.0068529608682965518 1
-0.027527147163603861 0.079367008887675367 0.017896870719875366 1
-0.027495192363858223 0.083052508533000946 0.002777529414743185 1
-0.027486883103847504 -0.023787351325154305 0.0012900553410872817 1
-0.027473395690321922 -0.0025170107837766409 0.013359988108277321 1
-0.027418579906225204 -0.021699950098991394 0.025511302053928375 1
-0.02733205258846283 0.072600819170475006 0.011514966376125813 1
-0.027339308591934713 -0.010629560546434234 0.018891227209045968 1
-0.027197948448584617 0.071300498924365616 0.013007464937696927 1
-0.02725374698638916 -0.02729155495762825 -0.0056185186840593815 1
-0.027248138561844826 0.084317855536937714 0.0097226323559880257 1
-0.027237832546234131 0.075851716101169586 0.011152285151183605 1
-0.027140843659534338 0.081277552437936842 0.0018376590274790465 1
-0.027197776187032941 -0.043800486125528455 -0.010259585615725335 1
-0.027226096019148827 -0.0066127441823482513 -0.010121461004018784 1
-0.027043678297773821 0.077509896815485854 0.018845127027099891 1
-0.02718315739184618 0.07898838073015213 0.0028876415453851223 1
-0.026981581782033935 0.073004131217187504 0.016636576965268282 1
-0.027084151282906532 0.085387751460075378 0.0096946340054273605 1
-0.027072647586464882 -0.071940869092941284 0.0093879783526062965 1
-0.027016198262572289 -0.055146921426057816 0.014146596193313599 1
-0.026976138353347778 0.076645024120807648 0.011771693825721741 1
-0.027066206790447831 -0.023226144167652684 0.010284383696960234 1
-0.026796023318657984 -0.025583809422957141 0.0024573582053156523 1
-0.026625689730584198 0.085042639805165979 0.003363931542945414 1
-0.026916757225990295 -0.089271858334541321 -0.012022519484162331 1
-0.026878111064434052 0.070676788687705994 0.011283782310783863 1
-0.026860566809773445 0.075280696153640747 0.012041334994137287 1
-0.027063572959079567 0.084784687884839782 0.010926402057872864 1
-0.026815026998519897 -0.019263820722699165 -0.010253805667161942 1
-0.026804598048329353 0.075593121349811554 0.013130543753504753 1
-0.026733735576272011 0.075197890400886536 0.0093944268301129341 1
-0.026718100532889366 0.073362976312637329 0.014245606958866119 1
-0.026713410392403603 0.076532565057277679 0.018302110955119133 1
-0.026671722531318665 0.080645062029361725 0.0030247026588767767 1
-0.026751951538633675 0.069306219648502421 0.010048604293350855 1
-0.026580797603780137 0.069214875100469822 0.012784054278241553 1
-0.026592213660478592 0.075224526226520538 0.0069167944602668285 1
-0.026550464332103729 0.073839403688907623 0.010177012532949448 1
-0.026504429057240486 0.07454102486371994 0.0094809802249073982 1
-0.026480663567781448 -0.040851708501577377 -0.0051945517770946026 1
-0.026949004507259518 0.085365034754834992 0.0066146031833711778 1
-0.026423722505569458 0.078651405870914459 0.017744792625308037 1
-0.026424086171403419 -0.02445275713709371 0.0066984668966490538 1
-0.026336297392845154 0.081304661929607391 0.015292759984731674 1
-0.026320129632949829 0.072570204734802246 0.01312711089849472 1
-0.026337540376274303 0.0045222270069902879 0.0082108866183366342 1
-0.026251045987010002 -0.02417428232729435 -0.0055508119985461235 1
-0.026234470307826996 0.073765218257904053 0.017119962722063065 1
-0.026175469160079956 0.074059516191482544 0.014338617213070393 1
-0.026162880783427021 0.067172560108687454 0.010091435410241023 1
-0.026005936786532402 0.080712579190731049 0.0093931565061211586 1
-0.025997169315814972 0.0057733543217182159 -0.0014331352431327105 1
-0.025974651798605919 0.072286956012248993 0.0090335756540298462 1
-0.025943965367007757 0.083720996114340945 0.0015324373645435462 1
-0.025877298787236214 -0.030777296051383018 -0.0086980564519762993 1
-0.025776144117116928 0.071966841816902161 0.010153177194297314 1
-0.025825118766970332 0.066539657701635835 0.012142745820635495 1
-0.025650964050341236 0.080685250665023606 0.01733061356313835 1
-0.025751564890438873 -0.040378706824480345 0.014421636072764803 1
-0.025737838819622993 0.076485015451908112 0.0066971108317375183 1
-0.025737369433045387 -0.043006516993045807 0.0080527039244771004 1
-0.025733238086104393 0.068279601633548737 0.011044296436011791 1
-0.02572934702038765 0.083590142428874969 0.011282011866569519 1
-0.025717031210660934 -0.01588008925318718 0.020990826189517975 1
-0.025618331506848335 0.084535121917724609 0.0074327150359749794 1
-0.025623921363015202 0.074852424102460693 0.019210712812127061 1
-0.025583235218136692 0.08053705815341998 0.011586444933171732 1
-0.025669949614751622 0.084281706317846108 0.01146538575086517 1
-0.025627354326187426 0.070998595054395985 0.014791552386721411 1
-0.02534852363834373 0.077329981255844504 0.013068763594558471 1
-0.025709899048887472 0.0027574536696605119 -0.0061283289154881486 1
-0.025350044030955036 0.076492979732853794 0.0087343427230017114 1
-0.025363041087985039 -0.0097895786166191101 -0.013857331126928329 1
-0.025333845987915993 -0.0028154314495623112 -0.011530634015798569 1
-0.025353252228614353 0.081524107008358507 0.007246569662119319 1
-0.025450784698865875 0.070051633999461238 0.013425304030636407 1
-0.025281047448515892 0.084358721971511841 0.0036020304542034864 1
-0.025008597777709918 0.067271543319188665 0.014809134074877432 1
-0.025258580222725868 0.069451719522476196 0.0095959892496466637 1
-0.02524925209581852 0.073417134582996368 0.014299758709967136 1
-0.025245172902941704 0.073378875851631165 0.018431548029184341 1
-0.025242667645215988 -0.067326709628105164 -0.019798984751105309 1
-0.025217320770025253 0.082549110054969788 0.0085978265851736069 1
-0.025209607556462288 0.082147747278213501 0.013428966514766216 1
-0.025201931595802307 0.080549277365207672 0.0092022363096475601 1
-0.025171620771288872 0.077781423926353455 0.011413806118071079 1
-0.025143450126051903 0.085061542689800262 0.0090145030990242958 1
-0.025130369642431906 0.074818682260993474 0.010610933449614097 1
-0.025085199624300003 0.077441148459911346 0.0056316754780709743 1
-0.025192103444180824 0.064330737641001029 0.010847860071168622 1
-0.025050265714526176 0.078432202339172363 0.018979208543896675 1
-0.024804080089970114 0.085336133236870504 0.0061783782150784212 1
-0.024941213428974152 0.074234135448932648 0.011863670311868191 1
-0.024879314530037635 0.064648425298627854 0.013207707045179571 1
-0.024881402030587196 0.06812344491481781 0.0087233185768127441 1
-0.024855110555563154 0.066024452870158831 0.011262615337336723 1
-0.024797773028903809 0.076387609805362688 0.0055902973284962529 1
-0.024811195209622383 -0.0036919992417097092 0.018978752195835114 1
-0.02478162944316864 0.074749194085597992 0.018041815608739853 1
-0.024686386808753014 0.080710083246231079 0.002451109467074275 1
-0.02467513270676136 0.081224411725997925 0.011181335896253586 1
-0.024663913995027542 0.082657136023044586 0.0018716162303462625 1
-0.02433318566844149 0.077963278537668365 0.0074565681064863373 1
-0.024571914225816727 0.00076448562322184443 0.027141498401761055 1
-0.024317597102225121 0.069906507926517272 0.0094044201063243939 1
-0.024507623165845871 0.066132210195064545 0.01343297865241766 1
-0.024498244747519493 -0.049982298165559769 0.015251711942255497 1
-0.024484008550643921 -0.037237770855426788 -0.0092036658897995949 1
-0.024483544752001762 0.078940406441688538 0.017167525365948677 1
-0.024602760134998528 0.083055938042849775 0.012941542216054522 1
-0.024435980245471001 0.081998519599437714 0.0077850762754678726 1
-0.02441894736948479 0.083721090409893048 0.010036388435123882 1
-0.024364260956645012 0.065172672271728516 0.0086207473650574684 1
-0.024157184557074995 0.062623181092259811 0.009647388754516515 1
-0.024333851411938667 0.075529657304286957 0.012741141952574253 1
-0.024349948750334267 -0.046339504705582971 -0.01877217233651297 1
-0.024296542629599571 0.066339239478111267 0.009443528950214386 1
-0.024287022650241852 0.07426559180021286 0.014606366865336895 1
-0.024239374324679375 0.079147972166538239 0.0060744755901396275 1
-0.024220028892159462 0.079706422984600067 0.014882594347000122 1
-0.02414526604115963 -0.028441308066248894 0.02857867069542408 1
-0.024106660857796669 -0.02715909481048584 -0.0096505358815193176 1
-0.024106502532958984 0.0016890766564756632 0.016983935609459877 1
-0.024103343486785889 0.079714410006999969 0.0019836972933262587 1
-0.024176287198813793 0.082480857879316902 0.00080669663152745346 1
-0.024058753624558449 0.080634169280529022 0.0069727934896945953 1
-0.024045037105679512 0.084626689553260803 0.0069461730308830738 1
-0.024078196686076005 0.079225094029757567 0.013288398717863366 1
-0.024072614803272684 0.081618201948359614 0.014769775978089655 1
-0.023986814543604851 0.084193170070648193 0.0058951070532202721 1
-0.023958923295140266 0.068778157234191895 0.015048959292471409 1
-0.023934083059430122 0.063916340470314026 0.012108450755476952 1
-0.023929791525006294 0.072612762451171875 0.016329105943441391 1
-0.02386608879576534 0.068323197266091013 0.0091112742012092063 1
-0.023848941549658775 0.0024766563437879086 -0.011068729683756828 1
-0.02383146807551384 0.077637381851673126 0.005458892323076725 1
-0.02370934641405174 0.063899939430692318 0.015233002804661576 1
-0.023941162753215294 0.062162485111524328 0.012300798000156394 1
-0.023790746927261353 0.073641985654830933 0.016012897714972496 1
-0.023354667088429756 0.072579457347716536 0.011490501562059026 1
-0.02374919131398201 0.065870396792888641 0.01482309028506279 1
-0.023689335212111473 -0.0077439295127987862 0.023181406781077385 1
-0.023687580600380898 0.078642882406711578 0.0065431674011051655 1
-0.023536665365099907 0.063112117350101471 0.0099366186186671257 1
-0.023373132136305264 0.069156051792683276 0.016681232818703956 1
-0.023650433470173576 -0.089880439301483386 0.012986178566888489 1
-0.023498468101024628 -0.021298998966813087 0.030985990539193153 1
-0.023481357842683792 -0.076400361955165863 -0.013631855137646198 1
-0.023448783904314041 0.084725275635719299 0.0015042349696159363 1
-0.023435356095433235 0.076686672866344452 0.017224900424480438 1
-0.023224377034930226 0.061168043523814525 0.0089752718181325755 1
-0.023354994133114815 0.075188443064689636 0.014399967156350613 1
-0.023319192230701447 -0.020388927310705185 -0.014154225587844849 1
-0.023441421512778202 0.078044292895945208 0.0036214808358526933 1
-0.023042346549215813 0.061580674605811209 0.014280606403348163 1
-0.023243984207510948 -0.018956141546368599 0.024617627263069153 1
-0.023231584578752518 0.062905393540859222 0.013161549344658852 1
-0.023358814488058297 0.076783785756186662 0.018459435998420193 1
-0.023195657879114151 -0.052068110555410385 -0.022907257080078125 1
-0.023118631914258003 0.078736878931522369 0.0042295791208744049 1
-0.023095443844795227 0.074409507215023041 0.01777772419154644 1
-0.023086084052920341 0.073038578033447266 0.016133269295096397 1
-0.023027464747428894 0.073849797248840332 0.013495235703885555 1
-0.022960029542446136 -0.0030121980234980583 0.030649473890662193 1
-0.022956889765864914 0.078799096355901682 0.016348698898788091 1
-0.022386717639497351 0.068793889643653933 0.011042047752870484 1
-0.022809308022260666 0.0076858135871589184 -0.0059963022358715534 1
-0.022897402221680536 0.084620119947315151 -1.2410010615248723e-05 1
-0.022690175101161003 0.071089036762714386 0.015823151916265488 1
-0.02262573951361815 0.063647840814055529 0.0090474254259452283 1
-0.02248682692051835 0.081561279900413133 0.00019078700126264663 1
-0.02262997068464756 0.010647919028997421 0.0029694151598960161 1
-0.022617844864726067 0.066153876483440399 0.0091259516775608063 1
-0.022658955125153313 0.074944983286541353 0.016778403368528826 1
-0.022584164515137672 -0.069453135132789612 0.015464319847524166 1
-0.022653647656220164 0.067818860442595219 0.01192661498323792 1
-0.022493492811918259 0.083096742630004883 0.0056324652396142483 1
-0.021985826783599366 0.060999399658863869 0.013431652608211221 1
-0.022483361884951591 0.084315791726112366 0.0016107391566038132 1
-0.022445645183324814 -0.03528224304318428 -0.013522086665034294 1
-0.022426684792709164 0.070284918355181247 0.011787597155397617 1
-0.022437341511249542 0.073188334703445435 0.01469294261187315 1
-0.022415406943224851 0.065386887145124986 0.017446273250886865 1
-0.022378461435437202 -0.040279753506183624 0.011028382927179337 1
-0.02220888081038476 0.062555089219028567 0.0075291416321383439 1
-0.022193636542511708 0.060777855921951271 0.010643232260256192 1
-0.022287873551249504 -0.03555910661816597 0.020287767052650452 1
-0.022235572519445451 0.083148653215927598 0.0064404974495633161 1
-0.02216625027358532 0.05925503745675087 0.0088205914944410324 1
-0.02218789648571487 0.05935258314278085 0.013174483018422146 1
-0.022017276202482582 0.085604284267528571 -0.0021742943952094513 1
-0.022023566067218781 0.010923003777861595 0.0091623133048415184 1
-0.022019170224666595 0.085343077778816223 0.0039337663911283016 1
-0.021999860182404518 0.08218865841627121 0.00070213055005297065 1
-0.021916504949331284 0.061131082475185394 0.008487943559885025 1
-0.022134848758355842 0.064584780216083298 0.0084310554067015698 1
-0.021697078365850081 0.074193474731080178 0.013966168441066285 1
-0.021581131964921951 0.06729859858751297 0.018508305773139 1
-0.021545395255088806 -0.037123553454875946 0.013497363775968552 1
-0.021542103961110115 0.063359268009662628 0.016273448243737221 1
-0.021516142413020134 0.071017034351825714 0.016350874677300453 1
-0.021513897925615311 0.085152097046375275 0.00016036492888815701 1
-0.021468538790941238 -0.06118551641702652 0.01950366236269474 1
-0.021435074508190155 0.069351658225059509 0.018254606053233147 1
-0.021414473652839661 0.071376428008079529 0.014179711230099201 1
-0.021361302584409714 0.064999021589756012 0.017080342397093773 1
-0.021340355336182348 0.08820121249348381 -0.0048316211188465666 1
-0.021346274763345718 -0.027863467112183571 -0.013877776451408863 1
-0.021274875849485397 -0.085424251854419708 -0.014140702784061432 1
-0.021247761324048042 0.086356930434703827 -0.004923548549413681 1
-0.020923035899734363 0.067614743671354602 0.012240193162375942 1
-0.021209297701716423 0.069130405783653259 0.01653716154396534 1
-0.021166016439173208 0.086638435006646544 0.0010447392599531834 1
-0.020908615994492084 0.061224998569318609 0.015241697717254537 1
-0.020885602937952594 0.085779375666146365 0.0028254776999822357 1
-0.020850698383498355 0.083393344207930487 -0.00062415513790895719 1
-0.021015817299485207 0.085441984236240387 -0.0021028614137321711 1
-0.021014848724007607 0.0062633771449327469 0.024186510592699051 1
-0.020999979227781296 0.078651979565620422 0.0014612603699788451 1
-0.021023586109759594 0.088568890999722191 -0.0018040966228004564 1
-0.020898283314174846 0.057394802818196054 0.0079016904011786401 1
-0.020930904895067215 0.067640416324138641 0.01767311617732048 1
-0.020875563845038414 0.058748688548803329 0.0085442224517464638 1
-0.020862415432929993 0.069026671350002289 0.013871581293642521 1
-0.020687083324403541 0.083455680082661451 -0.0022793469750227806 1
-0.020854158326983452 0.079384393990039825 0.001923432108014822 1
-0.020821304991841316 0.087805598974227905 -0.0028920872136950493 1
-0.020772287622094154 0.07963765412569046 0.0052173431031405926 1
-0.020888441836954531 0.063555766623368093 0.017678852619226127 1
-0.020720379427075386 -0.086646720767021179 0.0088900607079267502 1
-0.02070529719326554 0.072176172081931791 0.013926638957903543 1
-0.020670896396040916 0.0061381347477436066 0.017041480168700218 1
-0.020633883774280548 0.059954695403575897 0.0066295764409005642 1
-0.020673153253011171 0.065204036168115556 0.010957390937732082 1
-0.020614352077245712 -0.028993567451834679 0.024403929710388184 1
-0.02036670017072972 0.061065435772068292 0.016642739576120502 1
-0.020367888746819746 0.063108033598361896 0.010836684280561872 1
-0.020526183769106865 0.087237514555454254 -0.0049151279963552952 1
-0.02062481238945536 0.083550815411548074 0.0037368200325505739 1
-0.020124348201897176 0.080860124236532063 -0.00027391742041429164 1
-0.020429469676578989 0.080028898373417354 0.0060322058029685741 1
-0.020505732197882362 0.062392396428784178 0.0082795391598212194 1
-0.020385961979627609 -0.022736012935638428 0.023901896551251411 1
-0.020379858091473579 0.085222929716110229 0.0025908332318067551 1
-0.020421717533449874 0.069615078794021637 0.013191121525241656 1
-0.020261150902896406 0.086670792240759562 -0.00010313058159481996 1
-0.02024335041642189 -0.067446216940879822 -0.024251537397503853 1
-0.020015249820960718 0.085017704650504441 0.0036872305645274236 1
-0.02008580690407635 0.065409012732538671 0.01286615459264405 1
-0.020325592352423559 0.080571805706046259 0.0032725704499005867 1
-0.019692791066468717 0.060508894619010316 0.0067115190247706725 1
-0.020118465647101402 -0.061790276318788528 -0.025308758020401001 1
-0.020115842044278482 0.0701046898176554 0.015606032549767402 1
-0.020148161832768036 0.07844710486680409 0.0043382807950336387 1
-0.019871699903099324 0.056550038270987694 0.012541938195125507 1
-0.020061807706952095 0.065218210220336914 0.017764031887054443 1
-0.020041532814502716 -0.013986721634864807 -0.019317863509058952 1
-0.020007044076919556 -0.090493127703666687 0.01103611197322607 1
-0.019943241029977798 -0.032709144055843353 0.017542807385325432 1
-0.019640896535328228 0.085245450200122835 -0.0065562276877324148 1
-0.019890904426574707 0.06821664422750473 0.017432065680623055 1
-0.019826730713248253 0.067829512059688568 0.015031910501420498 1
-0.019793350249528885 0.057643730193376541 0.012300354428589344 1
-0.019556006533624024 0.059583845892514198 0.015865949786040012 1
-0.019740089774131775 -0.090290658175945282 -0.0078591853380203247 1
-0.019707297906279564 -0.080306380987167358 0.0092014996334910393 1
-0.019684378057718277 -0.037558905780315399 -0.019071675837039948 1
-0.019629108955691747 0.083194226492841014 0.0042217988393990708 1
-0.019485895882558939 0.090195092233356339 -0.0033731917540320718 1
-0.019532222300767899 -0.036138832569122314 0.010710440576076508 1
-0.01951306127011776 0.059158504009246826 0.0070537040010094643 1
-0.019460760056972504 0.055785048753023148 0.0071053695864975452 1
-0.019454529508948326 0.088078826665878296 -0.0072414064779877663 1
-0.019281463321642017 0.06441684653223044 0.014101619853976953 1
-0.019423965364694595 -0.025971520692110062 0.017739005386829376 1
-0.019382694736123085 0.066205553710460663 0.015578527934849262 1
-0.019368955865502357 -0.09071514755487442 0.0049818595871329308 1
-0.019330952316522598 0.079284027218818665 0.0026742250192910433 1
-0.019200957357418006 0.068395191943038933 0.014717946619778636 1
-0.018188306362092538 0.081856077487928003 -0.0012471920420052858 1
-0.019237743562235746 0.085029559477330693 -0.0042646345957297431 1
-0.018959375451476308 0.089980684252319559 -0.0054135889265398435 1
-0.019099652767181396 0.00059489114210009575 -0.016499897465109825 1
-0.019074264913797379 -0.029138736426830292 0.01143366377800703 1
-0.018981790170073509 0.056995280086994171 0.0056192516349256039 1
-0.018993074840556286 0.066435666254756331 0.013474852289239647 1
-0.018934927880764008 0.080079153180122375 0.00096642604330554605 1
-0.018821004778146744 0.056508909910917282 0.0072324876673519611 1
-0.018720463522628586 0.08339368819865163 -0.0049284184804161604 1
-0.018754180520772934 0.089247278869152069 -0.0052168695256114006 1
-0.018488168164183614 0.089765208593303725 -0.00045412500750045164 1
-0.018479309243973324 0.089234892737653795 -0.0012500043922478179 1
-0.019032978799806557 0.060089821032103918 0.0091683001977814239 1
-0.018582753837108612 0.064027167856693268 0.015947910025715828 1
-0.018544264218491105 0.062715784320085427 0.017002804653374559 1
-0.018516628071665764 0.086332350969314575 0.0020338541362434626 1
-0.017990549843166347 0.080114345983386348 -0.0010729588505556998 1
-0.018466770648956299 0.06115959957242012 0.015775598585605621 1
-0.018450809642672539 -0.01114280242472887 0.029977701604366302 1
-0.018449952825903893 -0.046456526964902878 0.019254438579082489 1
-0.018434727564454079 0.058597851544618607 0.0053777308203279972 1
-0.018529091661955242 0.082581142584773837 0.0020084370108273356 1
-0.0187391143732785 0.063262266100616651 0.012276294383447893 1
-0.018307188502081437 0.085145342606266078 0.0028358435961041255 1
-0.018065086650218099 0.087134181960810131 -0.008230851202265306 1
-0.018290390406734504 0.062165881221202653 0.013240194465950653 1
-0.018631420809582182 0.062355651126834416 0.010184941030362602 1
-0.018301831558346748 -0.052719872444868088 0.021241709589958191 1
-0.018330806363450677 0.087066075243245583 0.0026157633989468557 1
-0.018313276477084937 0.064415455623279078 0.011898645931322314 1
-0.01834030720774428 0.066593293677926269 0.015701590822473657 1
-0.018030809461991138 0.082807031076107415 -0.0069992575488036302 1
-0.018084589969195704 0.054983971410742787 0.011683910217119895 1
-0.018192108720541 0.055046863853931427 0.0056906859390437603 1
-0.01816767081618309 0.081095114350318909 0.0024431762285530567 1
-0.018082387092826054 -0.089660684690478012 -0.012927271953220597 1
-0.017946470528841019 0.059577248990535736 0.015054620802402496 1
-0.017912318930029869 0.085319921374320984 -0.0073576443828642368 1
-0.017908215522766113 0.055498439818620682 0.010888031683862209 1
-0.017866030335426331 0.082151040434837341 -0.0030771507881581783 1
-0.01804534899209085 0.078987253517187481 0.00061245932594210706 1
-0.017737997695803642 0.057968799024820328 0.013919077813625336 1
-0.017972564498264721 0.064328754548624259 0.013856845252163434 1
-0.017681373283267021 0.088269345462322235 -0.0068764304742217064 1
-0.017209813597277458 0.08180874067213742 0.001418784096955201 1
-0.017577311024069786 -0.0060263844206929207 -0.020205657929182053 1
-0.017518762071994806 0.06046936115681472 0.016171113001367129 1
-0.017556477338075638 0.089214518666267395 -0.0068684695288538933 1
-0.01762399581261466 0.083656101865608928 -0.0061803921494907217 1
-0.017448874190449715 0.0070607769303023815 0.024881485849618912 1
-0.017430925741791725 0.083094291388988495 -0.0042554847896099091 1
-0.017429979518055916 0.014165531843900681 -0.0030212108977138996 1
-0.017385361716151237 0.061774864792823792 0.014560239389538765 1
-0.017340339720249176 0.088203392922878265 0.0011979523114860058 1
-0.017317961901426315 0.063844949007034302 0.015454509295523167 1
-0.017317816615104675 0.057099398225545883 0.0051617962308228016 1
-0.017283448949456215 0.053601942956447601 0.0081913694739341736 1
-0.017264444380998611 0.060808669775724411 0.011146862991154194 1
-0.01723782904446125 0.059892222285270691 0.0085785724222660065 1
-0.01709943645044797 0.053763807081393951 0.010157169658421367 1
-0.017061430383293979 0.014478966986118856 0.0076850491588859289 1
-0.017026649262017118 0.058037837244068663 0.0076697518090859769 1
-0.017155785113573074 0.081742875277996063 -0.0041806260123848915 1
-0.016849588526637961 0.058722004600405976 0.0066943127901048297 1
-0.017123416066169739 -0.020210746675729752 -0.020277900621294975 1
-0.016948706955295913 0.062458882412997893 0.012313158338993782 1
-0.01690339483320713 -0.080069251358509064 -0.013844696804881096 1
-0.016854092478752136 0.055077984929084778 0.0054119075648486614 1
-0.016728641465306282 0.0039863903075456619 0.031909435987472534 1
-0.016858133704983767 0.058165453057119398 0.01499735933585036 1
-0.016666965559124947 -0.01687253825366497 0.03136226162314415 1
-0.016694644461666016 0.080208640805529738 -0.0064628831602395586 1
-0.016568582504987717 0.061114352196455002 0.010198927484452724 1
-0.016719535085312435 0.054591366169118499 0.0039771900379687326 1
-0.016487861052155495 -0.043234337121248245 -0.024986753240227699 1
-0.016293053060535259 0.081688787111121181 -0.0090390074623065107 1
-0.016213856542138267 0.083304336258431227 -0.0084527995497566122 1
-0.016483761396153852 0.062096242841823308 0.014683086933763958 1
-0.01637222059071064 0.086411371827125549 -0.0090771578252315521 1
-0.016061966619248736 0.057114798246503846 0.0038182417846094304 1
-0.016149714589118958 0.079592011868953705 -0.0022476045414805412 1
-0.016145193949341774 0.08108995109796524 -0.0061589125543832779 1
-0.01607522119769772 0.078984535240108497 -0.00022422037034777981 1
-0.01602909874513446 0.084064066714483909 -0.010117003762984609 1
-0.016016591340303421 -0.018165223300457001 -0.021557247266173363 1
-0.0159780103713274 -0.0062568848952651024 0.032498724758625031 1
-0.015968695282936096 0.086354747414588928 -0.007941247895359993 1
-0.015932854264974594 0.054734706878662109 0.010790246538817883 1
-0.015937549111052156 0.081399193850781607 -0.0077628714268069771 1
-0.015961905878628425 0.081488056820590099 -0.0032800357318531655 1
-0.015892047435045242 0.080761842429637909 0.00088083691662177444 1
-0.015874160453677177 -0.066343359649181366 0.021792305633425713 1
-0.015868166461586952 0.053615067154169083 0.0080977696925401688 1
-0.015864120796322823 0.079888582229614258 -0.001146783703006804 1
-0.015845101326704025 0.089746639132499695 0.00016740499995648861 1
-0.015483482478140085 0.052680996738675573 0.0081508458771041778 1
-0.015989596937316036 0.089918470851781646 -0.0046432047799648754 1
-0.016077641369053312 0.08810068460590692 -0.0075302146641389135 1
-0.015773609280586243 0.058873381465673447 0.013389683328568935 1
-0.015680115669965744 0.088948369026184082 -0.0061141992919147015 1
-0.015796781332836112 0.08843787977261347 0.0017635028959175161 1
-0.015535438046852961 0.054614116967431507 0.011872083180112293 1
-0.015623228624463081 -0.062750689685344696 -0.027578568086028099 1
-0.015584061853587627 0.056090466678142548 0.0042767501436173916 1
-0.015573738142848015 0.089369192719459534 -0.0019633648917078972 1
-0.015061705845904695 -0.077359886240632433 0.014084237001501387 1
-0.015545278244949931 -0.088773343336428487 0.014508375055652591 1
-0.015488930977880955 -0.050543397665023804 -0.027619663625955582 1
-0.015484621748328209 0.058864332735538483 0.010483636520802975 1
-0.015451375395059586 -0.075795285403728485 -0.021499905735254288 1
-0.015395179564673936 0.08377519923124728 -0.0036808504244452284 1
-0.015444946722711194 0.088886663050295425 -0.00065046517884896843 1
-0.015304682776331902 0.060682717710733414 0.0135536789894104 1
-0.014982414131652067 0.054144945122209381 0.0037691567419497513 1
-0.015571110433904928 0.053757362779030426 0.0055851476482130886 1
-0.01520770475069794 0.082611951892238161 -0.0094820860027659236 1
-0.015173107211905606 0.078537447505191399 -0.0069570061706774895 1
-0.015166815509133283 0.012961063011420202 -0.0094750930840887797 1
-0.015129641629755497 0.079444132745265961 -0.0069556352682411671 1
-0.015150645874877577 0.056836448405055896 0.0065092202670904622 1
-0.015119737014174461 0.056694421917200089 0.013480712659657001 1
-0.015062028542160988 0.057273969054222107 0.012816076166927814 1
-0.015387029653454771 0.052579375916014755 0.0053707973355656717 1
-0.015093472626682161 0.084913583957536065 -0.0057237981098772275 1
-0.014966720715165138 0.08120419830083847 -0.0055135679431259632 1
-0.014958878047764301 0.079472251236438751 -0.0025458992458879948 1
-0.014944272115826607 0.086744934320449829 -0.0063822721131145954 1
-0.014917506836354733 0.088357433676719666 -0.0039088143967092037 1
-0.014915792271494865 0.081989340484142303 -0.0026511650066822767 1
-0.014809858053922653 -0.062293972820043564 0.023242009803652763 1
-0.014830217486872606 -0.028395734422900259 0.018238124299612184 1
-0.014800334654982867 0.080966334068209148 0.001874444860979273 1
-0.014796786654369712 0.086308715603828454 -0.0041179126736778024 1
-0.014627167193638619 0.081777390364968089 -0.0080447919929616946 1
-0.014628461013882562 0.087877749762795596 0.00026960803077272791 1
-0.014713181182742119 0.08552464097738266 -0.0081523358821868896 1
-0.014693163335323334 0.078922934830188751 -0.0089276330545544624 1
-0.015234089996919874 0.081721776163833026 -0.010502241913665458 1
-0.014597225002944469 -0.0011605551699176431 0.034780200570821762 1
-0.014586973004043102 0.081898465752601624 -0.004689093679189682 1
-0.014935509263694066 0.059303007845971749 0.0089434147200501361 1
-0.01442297128551261 0.015746083242310676 0.00072656411402524375 1
-0.014991116389415214 0.083931381639800823 0.0026765579943527412 1
-0.01444366667419672 0.086110986769199371 0.0018061656737700105 1
-0.014290058351506348 0.078678117447911255 -0.0023413334893902637 1
-0.014433098025619984 0.084990426898002625 -0.0099814534187316895 1
-0.014293760442190707 -0.0071604918544482549 -0.022436684866156329 1
-0.01438334584236145 0.082876794040203094 -0.0030414338689297438 1
-0.014490476722516951 0.089388209756010889 -0.001790528709699086 1
-0.013860545687527544 0.052144022763368027 0.007469816645270356 1
-0.014487321452729322 0.08710993442797367 -0.0073796434489161629 1
-0.014212477106390406 0.085119106565118147 -0.011608340293196205 1
-0.014250482432544231 -0.089896515011787415 0.0059605487622320652 1
-0.014246152713894844 0.031666740775108337 -0.0058013061061501503 1
-0.014234325848519802 0.033145986497402191 -0.0036990165244787931 1
-0.014663030960550855 0.083282953659022801 -0.012080742133805798 1
-0.014189219102263451 0.052935246378183365 0.0067480076104402542 1
-0.013910499012797777 0.058972031896548163 0.011992669819099057 1
-0.014163132756948471 0.08762078732252121 -0.0025011058896780014 1
-0.014256802115650046 0.053838801158156556 0.0018255680879026013 1
-0.014063145034015179 0.082201085984706879 -0.010801277123391628 1
-0.013936268210702655 0.086661254308821739 -0.0059361366965201764 1
-0.014007555320858955 0.0842413529753685 -0.0069944434799253941 1
-0.013987565413117409 0.085530504584312439 -0.0036033629439771175 1
-0.01394972950220108 0.054247207939624786 0.009836285375058651 1
-0.013936052098870277 0.078819587826728821 -0.0081578018143773079 1
-0.013798756482036293 0.085713040676101485 0.0025443481330492206 1
-0.013905526138842106 0.079518638551235199 -0.0044077318161725998 1
-0.013898295350372791 0.085972629487514496 -0.0092638768255710602 1
-0.014129743950363392 0.012551780068477767 0.015266673889977298 1
-0.013833748176693916 -0.05158570408821106 0.023756580427289009 1
-0.015664770276461834 -0.090295055481530911 -0.0015240770815342329 1
-0.013778942637145519 0.056550730019807816 0.011515635065734386 1
-0.013773206621408463 -0.0093668727204203606 0.031620576977729797 1
-0.013542852268951844 0.084208021465373414 -0.0018654238123635256 1
-0.013690045103430748 0.057495668530464172 0.0093262121081352234 1
-0.013688218779861927 0.052826803177595139 0.0040267887525260448 1
-0.013683107681572437 0.032537117600440979 -0.0073682041838765144 1
-0.01366135012358427 0.079649649560451508 -0.0090846400707960129 1
-0.013790001693327282 0.087434234477647962 -0.0010332719086045767 1
-0.013634504750370979 0.088573798537254333 6.5481190176797099e-06 1
-0.013607539131784935 0.080540772714930112 -0.0052456441281945824 1
-0.013848684618689922 0.05806945622116972 0.007269482995127011 1
-0.013690754923676621 0.087999609629733924 -0.0038105140411588793 1
-0.013946473125016691 0.053361548582337437 0.0098645907360799066 1
-0.013532841276704205 0.035991991861241024 -0.003897867146226008 1
-0.013562521794738193 0.083472861160242134 -0.014360576071224901 1
-0.013469146564602852 0.084469504654407501 -0.0094095049425959587 1
-0.013866520553958431 0.056499398232557688 0.0018206553059769205 1
-0.013460369461723973 0.078495558965771997 -0.0052369097017460047 1
-0.013392395339906216 0.055291660130023956 0.0017207373166456819 1
-0.013285063372830877 0.081188131844255162 -0.013272297626614431 1
-0.013194509157361886 0.085858963334718652 -0.0015826034183625455 1
-0.01316771749407053 0.084694549441337585 -0.0084023997187614441 1
-0.013022242242140318 0.082565864517800278 0.0019018434436728787 1
-0.013188941125611682 0.051804100386354336 0.0032384533808200271 1
-0.013054800219833851 -0.022624580189585686 0.028893634676933289 1
-0.013013459742069244 0.084355592727661133 -0.012788948602974415 1
-0.013008282519876957 -0.071168646216392517 -0.025926573202013969 1
-0.012961014981087163 0.056839593611370816 0.011821582377487837 1
-0.012866265652332834 0.0036414011377164479 -0.018612643443165457 1
-0.012964640744030476 -0.027642438188195229 -0.021635329350829124 1
-0.012971690672812761 0.080998676248527468 -0.011166961845693563 1
-0.012941219843924046 0.084350384771823883 0.0012438079575076699 1
-0.013099959161125233 0.054916401922326115 0.011222675317126837 1
-0.012912937439978123 0.08204922080039978 0.00052178459009155631 1
-0.01312090792694233 0.035528491731610309 -0.0016028611809250949 1
-0.0128283223960924 0.083473668655379613 -0.016564173468640253 1
-0.012692794379611254 0.085685398690289113 -0.012973103073589278 1
-0.012568965674028034 0.057298057229455336 0.0048656544193079274 1
-0.012825815938413143 0.032497525215148926 -0.0069787199608981609 1
-0.012822133488953114 0.031805433332920074 -0.0045574777759611607 1
-0.013019348826766414 0.056406187335656215 0.0053090986452743114 1
-0.012780457735061646 0.034506946802139282 -0.0056399954482913017 1
-0.012778974138200283 0.080676667392253876 -0.001833447371609509 1
-0.012772551737725735 -0.082554899156093597 -0.010515629313886166 1
-0.01269122704029778 0.080119409153209212 -0.00044747026446024396 1
-0.012864977877857207 -0.035453619612512109 -0.024008529010038686 1
-0.012652640180821099 0.07937813043795855 -0.0037003106051668897 1
-0.01263612974435091 0.0344386026263237 -0.0026348954997956753 1
-0.012535964138805866 0.085733562707901001 0.00026861764490604401 1
-0.012852824393869346 -0.038761374701483317 0.017889176308019856 1
-0.012283458932777182 0.016486312876394814 0.0067721404248758344 1
-0.012267554508203505 0.055540223296176722 -0.00036345875412077466 1
-0.012451251037418842 0.086939319968223572 -0.0019087635446339846 1
-0.012446839362382889 -0.032405506819486618 0.015515740960836411 1
-0.012408090853664266 0.037846427288685362 -0.0039779852853205596 1
-0.012381825596094131 -0.072219252586364746 0.020494565367698669 1
-0.012376492843031883 0.080930672585964203 -0.0093355877324938774 1
-0.012344248592853546 0.081839405000209808 -0.013868825510144234 1
-0.012468946560476285 0.057777710610748857 0.010419760846410038 1
-0.012296611443161964 -0.011022734455764294 -0.023449588567018509 1
-0.01224095281213522 -0.057162832468748093 -0.029769862070679665 1
-0.011290179564262691 0.052399362753402214 0.004614436887269922 1
-0.012175407575579495 0.081246819811430768 -0.017655667383913529 1
-0.012054387184054294 0.085129515740713105 -0.015871435857949912 1
-0.012095310772087088 0.078618238664038539 -0.010318611030210192 1
-0.012116287634582553 0.037963762426958335 0.00011823429728700105 1
-0.012097520753741264 -0.091387510299682617 0.009942544624209404 1
-0.012089441530406475 0.079483099281787872 -0.0089027974754571915 1
-0.012035730845063505 0.084933613116494569 -0.0021661956778816676 1
-0.01238559986727625 0.053274255385318679 0.0077749245188080971 1
-0.012238973695303749 0.079753820187689825 -0.012624803756018861 1
-0.011759412296030787 0.051652565421387173 0.0056087099338522298 1
-0.011955850757658482 0.084194548428058624 -0.015335012227296829 1
-0.011907839154952818 0.051314948796204317 -0.0020537807769130676 1
-0.011908674379539533 0.034280491927361413 -0.0077339973692998635 1
-0.011824540793895721 0.036049772053956985 -0.00090551900211721659 1
-0.011821475811302662 0.05501190572977066 0.0095205781981348991 1
-0.011820243671536446 0.05263235792517662 -0.0055687413550913334 1
-0.011806946247816086 0.084108807146549225 -0.001304280012845993 1
-0.011810772749000708 0.085442338006364152 0.0011182892576402782 1
-0.011751506477594376 0.081886731088161469 -0.0017903316766023636 1
-0.011691844090819359 0.081649631261825562 -0.016366971656680107 1
-0.011675655841827393 -0.026474479585886002 0.025225091725587845 1
-0.011258596447340129 0.083428363925642637 -0.0093634536270493403 1
-0.011940691905582732 0.056948940634740382 0.0025206529851403273 1
-0.011633020825684071 0.030264576897025108 -0.0063959998078644276 1
-0.011617003008723259 0.03757186233997345 -0.0035167792811989784 1
-0.011653847093502223 0.052323587636561718 -0.00040311366080193311 1
-0.011613090522587299 0.032367151230573654 -0.0024370835162699223 1
-0.011593167670071125 0.079876042902469635 -0.011219008825719357 1
-0.011540482752025127 0.039872482419013977 -0.0018197207245975733 1
-0.011527786174498048 -0.089887316668498835 -0.0062328606828894514 1
-0.011480918154120445 0.047025222331285477 -0.0039690956473350525 1
-0.011454039253294468 0.031142355874180794 -0.006400073878467083 1
-0.011437936685979366 -0.015404966659843922 0.033140949904918671 1
-0.011396588103951732 0.079933058408167085 -0.015204155226827477 1
-0.011422216892242432 0.085221916437149048 -0.013246270827949047 1
-0.01182958380733571 0.085595598401776177 -0.010562130177032215 1
-0.011416227470608992 0.050886613269901113 -0.0051846702062442193 1
-0.011463997046448819 0.056399951716851568 0.0040629761223699174 1
-0.011406432092077177 0.03143589841950855 -0.0076380793798531826 1
-0.011347625404596329 0.054475534707307816 -0.0029066847637295723 1
-0.011346411891281605 0.056260980665683746 0.0073407553136348724 1
-0.011276831850409508 -0.062031339854001999 -0.030015012249350548 1
-0.010993791603676469 0.086079554977753533 -0.014603896423391339 1
-0.01125002559274435 0.048303611576557159 -0.00064245797693729401 1
-0.011366317237696981 0.053013444558530923 0.0085810339355288298 1
-0.011233802618512239 0.084194134209397489 -0.018082041936775425 1
-0.01175829145769167 0.056659273072413363 0.00054474584419750337 1
-0.011213524636893773 0.0082078563465431097 -0.016316250448510823 1
-0.011153751984238625 0.051518004387617111 -0.0039903051219880581 1
-0.011115373431063516 0.052819794254363187 0.00014493526362795308 1
-0.011003613575916209 0.055148826584643082 0.010042316853973884 1
-0.010783715835340763 0.057034876342609384 0.0083484795494807515 1
-0.011073347181081772 0.038287036120891571 -1.6310999853885733e-05 1
-0.011064647696912289 -0.086560480296611786 0.0093165859580039978 1
-0.011146297071611837 0.081242912339819284 -0.0023202709600233964 1
-0.011021017096936703 0.053645286709070206 0.00028201789245940745 1
-0.010981916449964046 0.033226657658815384 -0.0033383343834429979 1
-0.010913668391448075 0.037286797155084699 -0.005892153862654315 1
-0.010602472014691765 0.080570581255995616 -0.017549045165681506 1
-0.010802061395152388 0.024920282794910507 0.0018252742005982103 1
-0.010901864618062973 0.082896433770656586 -0.018161781132221222 1
-0.010822711311420694 0.054198869010037641 -0.001363156666006669 1
-0.010844426229596138 0.052762456238269806 -0.0010786911007016897 1
-0.010839993134140968 0.081179164350032806 -0.010326819494366646 1
-0.01078316755592823 0.052348516881465912 -0.0056792567484080791 1
-0.01088267701736147 0.029964628673185043 -0.0028441152557960132 1
-0.010785757505198414 0.020922185184928638 0.0040365843275044682 1
-0.010647166799484313 0.015380216537824173 -0.007377520100044885 1
-0.010730878449976444 0.08037838339805603 -0.016383493319153786 1
-0.010998633053192214 0.079065130347359333 -0.012038176167310463 1
-0.01072228979319334 -0.08237486332654953 0.008608577772974968 1
-0.010686743073165417 -0.017058262601494789 -0.024366391822695732 1
-0.010665812529623508 -0.089822083711624146 -5.9491005231393501e-05 1
-0.010657263919711113 0.034718342125415802 -0.0063828206621110439 1
-0.010631769895553589 0.084526136517524719 -0.0114468177780509 1
-0.010628958232700825 0.049709063023328781 -0.0046762814745306969 1
-0.010631629291945931 0.082912633674309094 -0.019479175884847579 1
-0.010421465493585058 0.048761156731563615 0.00085131114151732585 1
-0.010600343346595764 0.053401272743940353 0.0003956073778681457 1
-0.0103588766010244 0.051724073468210903 0.00099886270614260586 1
-0.01053386503960929 0.081431980535082132 -0.0094722385445890379 1
-0.010775693308701787 0.034434723421676229 -0.00071388977366026887 1
-0.010697009273413566 0.082894205988930367 -0.00028887444097612644 1
-0.010369691106155102 0.04793694788370103 -0.0069936129618126432 1
-0.010366488631610818 0.024625353175793552 0.0043223385521130812 1
-0.010514140650786898 0.03693381471456271 0.0013951254628410152 1
-0.010487793944776058 0.030896665528416634 -0.0036297070328146219 1
-0.010457549223154819 0.07888141369200484 -0.01755199358083533 1
-0.010477703029009529 0.052121370981713669 0.006806135651229504 1
-0.010222318635755359 0.054258525214046456 -0.00037174240449413805 1
-0.010407306253910065 0.053125791251659393 0.0065111718140542507 1
-0.010379926301538944 0.050018321722745895 -0.00097916950471699238 1
-0.01037242915481329 0.05624997615814209 -0.00045222349581308663 1
-0.010369565337896347 0.023092109709978104 0.0014702762709930539 1
-0.010192559631809294 -0.044289369971915273 0.022758221281497217 1
-0.01033133827149868 -0.052210833877325058 0.025096481665968895 1
-0.010298698209226131 -0.061641111969947815 0.025587081909179688 1
-0.01028529883091916 0.052165675417581304 0.0021942999097956063 1
-0.010266033001244068 0.080480366945266724 -0.013983299024403095 1
-0.010131020923257125 0.034649849935839507 -0.0072532140342316392 1
-0.010377392172530515 0.040655506627623517 0.0011158059040101769 1
-0.010241162031888962 0.0546998530626297 -0.0018682793015614152 1
-0.010226229205727577 0.031388584524393082 -0.00073716329643502831 1
-0.010220854543149471 0.050995580852031708 -0.0046023484319448471 1
-0.010198137722909451 0.047895163297653198 -0.00014088909665588289 1
-0.010112417861819267 0.045401833951473236 -0.0017388509586453438 1
-0.010129354469779273 0.052507881771756394 -0.00033303964882500553 1
-0.0099263849315580962 0.056797579012353348 -0.0023329315341153577 1
-0.010416454301722706 0.057502636112745344 0.0037623940416799785 1
-0.01005948893725872 -0.02335144579410553 -0.023618223145604134 1
-0.010038370392083579 0.053207207894283785 -0.00083567360823035464 1
-0.010045943781733513 0.041847672313451767 -0.0020863919053226709 1
-0.01004446018487215 0.053907483816146851 -0.0044781062752008438 1
-0.010007350705564022 0.021838311105966568 0.0033639117609709501 1
-0.010162070194269089 0.084781206989765531 -0.016327052932074076 1
-0.0099925175309181213 0.032439179718494415 -0.0052446145564317703 1
-0.0099906474351882935 0.056846920400857925 0.0020371212158352137 1
-0.0099631631746888161 0.00092401821166276932 -0.02115199901163578 1
-0.0098677318408052616 0.019119176284920891 0.003284935010550466 1
-0.010030994692357815 0.079511918756997479 -0.010994640382530363 1
-0.0099110901355743408 0.080881960690021515 -0.018905706703662872 1
-0.0097399728785761003 0.054139091825184248 0.00078469816070514506 1
-0.0098926834762096405 0.0057556345127522945 0.027090007439255714 1
-0.0098777320235967636 0.0026953835040330887 0.032760880887508392 1
-0.0098201083019375801 0.048215482383966446 -0.0059840693138539791 1
-0.010111964651598316 0.051337191368267039 0.0042190100832220547 1
-0.0099846859484892681 0.052699656040496361 0.0010480926449129295 1
-0.0097333872593258867 0.046662548735483186 0.0014908512835889495 1
-0.009729381650686264 0.027696957811713219 0.00083231902681291103 1
-0.0097050061449408531 0.050628434866666794 -0.0013086010003462434 1
-0.0096857668831944466 0.025623004883527756 0.0017779527697712183 1
-0.0096205578500263983 0.054971067134059408 -0.0050411554903815742 1
-0.0096708405762910843 -0.083816640079021454 0.00502779521048069 1
-0.009660765528678894 0.034219149500131607 -0.0025903354398906231 1
-0.0096457479521632195 0.049186419695615768 -0.0032986619044095278 1
-0.0095848338287739896 0.035293777535288874 -0.00094710594774760474 1
-0.0095865204930305481 0.041338004171848297 -0.001076802727766335 1
-0.009723157807009844 0.057695800407635313 -0.00050368560967999011 1
-0.0096169148224889839 0.017188047489645031 -0.0028822124707786243 1
-0.0094604266913906193 0.030127463986080696 -0.002137324012869582 1
-0.0095458691939711571 0.0548408143222332 -0.0012157532619312406 1
-0.0094230668922364886 0.057280409408311077 0.0046080968132735925 1
-0.0095344800502061844 0.046405967324972153 -0.0031424574553966522 1
-0.0095674676016608579 0.044548455790316389 0.0013400545702410773 1
-0.0094923330470919609 0.052085675299167633 8.3535916928667575e-05 1
-0.0094689363613724709 -0.080408133566379547 -0.019025087356567383 1
-0.0094599137082695961 -0.084809362888336182 -0.0035142845008522272 1
-0.0095110439584975316 0.086010299982272484 -0.012245273881597272 1
-0.0094749355514089067 0.030960980904562792 -0.0046841676776422352 1
-0.0093972254544496536 0.037513375282287598 -0.004825197160243988 1
-0.0090997648079671686 0.039911883340734061 0.0033938937504395033 1
-0.0093590142205357552 0.052506387233734131 0.0015790351899340749 1
-0.0093171445184038956 0.079826600961798458 -0.019786673796668989 1
-0.0093036424368619919 0.045570880174636841 -0.0014295099535956979 1
-0.0092812506482005119 -0.041297081857919693 -0.027803996577858925 1
-0.0092705683782696724 0.0077403560280799866 0.022662339732050896 1
-0.0092703560367226601 0.023894477635622025 0.0044607655145227909 1
-0.0094769552292083472 0.085523767807799106 -0.017100224765739438 1
-0.0092627648264169693 0.034096691757440567 -0.0047132493928074837 1
-0.0093440048554824812 0.05194238869424745 -0.00826458520937845 1
-0.0092297978699207306 0.053783964365720749 -0.00056411128025501966 1
-0.0092204464599490166 0.030986817553639412 -0.00099061254877597094 1
-0.0092873980841481889 0.056449519009305636 0.00390761715923641 1
-0.0091850748285651207 0.03296525776386261 -0.0035303065087646246 1
-0.0091702910140156746 0.051914341747760773 -0.0071998080238699913 1
-0.0090016326026727631 0.022806903382034227 0.0059520656829394414 1
-0.0092444961057192906 0.079737959561969593 -0.013144894715314768 1
-0.0090921642258763313 -0.0018207266693934798 0.031500156968832016 1
-0.0091249146062448491 0.054177344740891024 -0.0024841491522273299 1
-0.0090605439618229866 0.045154828578233719 -0.0042934170924127102 1
-0.0091440293325168748 0.040101290239161549 -0.0041970811299312447 1
-0.0090245930477976799 0.084101580083370209 -0.010916308499872684 1
-0.0089952554553747177 0.078877106308937073 -0.017784425988793373 1
-0.0090059311208058566 0.040111719927285086 0.0017649184821580286 1
-0.0088883396238088608 0.031541462987661362 -0.0017896067583933473 1
-0.0080988158678793488 0.014399512556739056 0.015594204293922163 1
-0.0089140287988871397 0.034954192732204896 0.00067320594818781089 1
-0.0088147586211562157 0.081055313348770142 -0.011557722464203835 1
-0.0088036657186991475 0.024582240538691097 -0.0024985881565164326 1
-0.00874230784069642 0.054242325577411835 -0.001266383977944802 1
-0.00879665557295084 0.08226226270198822 -0.012128251604735851 1
-0.009283357427084804 0.05230560671268588 0.0034194703659714606 1
-0.0087880445644259453 0.050835773348808289 0.0024309768341481686 1
-0.008570601507315527 0.057456940489532933 -0.00045696321854590794 1
-0.0087696500507346842 0.033081796964232572 -0.0056456753981618925 1
-0.0087351736652685266 0.018142040927090982 0.0051380419323961198 1
-0.0086751406872801768 0.054466129279560585 -0.0068934447115615279 1
-0.0086879953742027283 0.029299812391400337 -0.00047845474909991026 1
-0.0086674997583031654 0.018844021484255791 0.0033715551253408194 1
-0.0086471037939190865 0.054821755737066269 0.0068296114914119244 1
-0.00862897839397192 -0.047484342008829117 -0.029606813564896584 1
-0.0087209633125742043 0.024071338269108775 -0.00018090423770827482 1
-0.0085927406325936317 0.056771788746118546 -0.0027993794064968824 1
-0.0088952578952456 0.058026771172337628 0.0025330459668324863 1
-0.0085732173174619675 0.037966113537549973 0.0016317368717864156 1
-0.0085873231503974957 0.036694108530855994 -0.0055927692192664549 1
-0.0085285082459449768 0.027352618053555489 0.00033205535146407783 1
-0.0085647729952290173 0.036200363393170953 -0.0019972632009323315 1
-0.0084940185770392418 0.046137116849422455 -0.0057709827087819576 1
-0.0083144621294652804 0.05194982708607402 0.0025865947515756891 1
-0.0084806988015770912 0.049031473696231842 0.00093675317475572228 1
-0.0080757702510814988 -0.028946647771678553 0.021487399775722043 1
-0.008147257389065559 0.079395541351180252 -0.01603464481834635 1
-0.0085411842428927253 0.042187491684301852 0.0033120118886166647 1
-0.0084000057064165887 0.021720771107473294 -0.0024229134563755503 1
-0.0083435773849487305 0.084284268319606781 -0.017615102231502533 1
-0.0083330273628234863 0.050011076033115387 -0.0049417931586503983 1
-0.008295978489939097 0.055261300238994997 -0.0024592711993877137 1
-0.0082894116640090942 0.026951592415571213 -0.0014124889858067036 1
-0.0082256267386595708 0.058651031345215883 -0.0039530288750277108 1
-0.0082326550036668777 0.080289296805858612 -0.013935115188360214 1
-0.0082227876409888268 0.02000017836689949 0.0052005117759108543 1
-0.0082107726484537125 0.047955650836229324 -0.0080944914370775223 1
-0.008184233727795585 0.034504980292433936 -0.0027352766772337635 1
-0.0082001117989420891 -0.021999102085828781 0.031097833067178726 1
-0.0082116271404933574 0.085144909940395433 -0.011847370500624569 1
-0.0081768832476250396 0.075879672823220362 -0.016964542122274748 1
-0.0082514358476793361 0.02098766537205397 0.0017662709239984913 1
-0.0079351633391407106 0.052283340552344383 -0.00072266345283414498 1
-0.0081741390749812126 0.035725250840187073 -1.6201565813389607e-05 1
-0.0081608057953417301 0.052519142627716064 0.0025665406137704849 1
-0.0081569068133831024 0.024030076339840889 0.00078830489655956626 1
-0.0081133924157171973 0.054351738430599365 -7.6430721989806114e-05 1
-0.0081400386989116669 0.057491850107908249 0.0017731287516653538 1
-0.0081385672092437744 0.041273411363363266 -0.0023767328821122646 1
-0.0081322034820914268 0.055307876318693161 -0.0037291273474693298 1
-0.0081296879798173904 0.051660247147083282 0.0015801067929714918 1
-0.0079048508302369709 0.022975895908775079 -0.0035032298523106349 1
-0.0080858767032623291 -0.06718677282333374 -0.0301215760409832 1
-0.0080803437158465385 0.054438717663288116 -0.0028841404709964991 1
-0.0080579706470523434 0.082288579706060905 -0.01998812929816448 1
-0.0080093427523646558 0.043263659121210961 0.0020916209296562376 1
-0.0075254218837989325 0.054598800320494856 0.0067649829843969295 1
-0.0080143695130887142 0.017024641546124552 0.0044566104883598133 1
-0.0080141881480813026 0.077545963227748871 -0.01799326203763485 1
-0.008003690280020237 0.074168339371681213 -0.015424424782395363 1
-0.0079787131398916245 0.023841721937060356 -0.0018611457198858261 1
-0.0078683055893920828 0.05293418384093037 0.0015987975166623764 1
-0.0078568501483700474 0.026655719851907941 0.0026212869672757894 1
-0.0080497827990238385 0.037777235742578283 0.0040061475370693688 1
-0.0079631004482507706 0.013027144595980644 -0.013025849126279354 1
-0.0079589206725358963 -0.082826338708400726 -0.015354401431977749 1
-0.0079573336988687515 0.047165818512439728 0.0020676839631050825 1
-0.0079161880362349502 0.076530683850266151 -0.014216036522239879 1
-0.0079178502783179283 0.037424873560667038 -5.8634053857531399e-05 1
-0.0079895924188211481 0.050942451744062471 0.00084760319293674985 1
-0.0073623811254628722 0.079077909127076837 -0.013792923616921426 1
-0.007845638319849968 0.051415916532278061 -0.0076150023378431797 1
-0.0078127460175522155 0.05894005356999385 0.0009711227896693252 1
-0.0078290263496074014 0.019294457793002994 0.006295686930452034 1
-0.0076828072664669213 0.054008429256201397 0.0023510980763824523 1
-0.0076704332131150412 0.04294496654964839 -0.0036831507774888993 1
-0.0077058463357388973 0.050458312034606934 -0.0079511366784572601 1
-0.0076995892450213432 0.075745910406112671 -0.015836158767342567 1
-0.0076589169974092333 0.03332997555574034 0.0012133886832559921 1
-0.0076864631846547127 0.050222940742969513 -0.0035631018690764904 1
-0.0076998056714392936 0.030531089463126961 -0.0020438816446632325 1
-0.0075812619605761834 0.070006000396108672 -0.013549428315956734 1
-0.0080389318985957491 0.052010682098505012 0.0035553717677771317 1
-0.0076177301816642284 0.022143851965665817 0.0027957423590123653 1
-0.0076124002225697041 0.051893435418605804 0.0035427003167569637 1
-0.0075814221054315567 0.019058525562286377 -0.0020557371899485588 1
-0.0075543947080374168 0.052866739681481492 0.0031101523648672425 1
-0.0073766173236387358 0.071889148752103366 -0.012745012053508741 1
-0.0075335376895964146 0.083562940359115601 -0.019289351999759674 1
-0.007533390074968338 0.035888455808162689 -0.0014317077584564686 1
-0.0077399727231538705 0.056283116511393672 0.0065192021503089129 1
-0.0074771665485245508 0.054434796561831297 -0.001678104457497793 1
-0.0073201972570180115 0.041484150520884819 0.0057459794720573117 1
-0.0071787231003356934 0.054486476687184274 -0.004558055530133419 1
-0.0075189605430164268 0.045498604905852794 -0.0078578745375040473 1
-0.0074308236453339612 0.030549145262395532 0.0018340456651003401 1
-0.0075011209607637758 0.055139215161490986 0.00083250488822776355 1
-0.0074380940452779482 0.038820649748455956 -0.0023040005647777667 1
-0.0073748831637203693 0.022824516519904137 0.0048385323025286198 1
-0.0078697873758881032 0.081503053385654028 -0.01043972150342099 1
-0.0073737152852118015 0.078521579504013062 -0.015272014774382114 1
-0.0073324872128480312 0.026998435931396985 0.0039597815200234018 1
-0.0073568322695791721 0.03285667672753334 9.3361144536174834e-05 1
-0.0072814593815915705 0.047860494467273557 0.0042874093898662598 1
-0.0071722153508974179 0.052033486652346757 0.0026167887672788842 1
-0.0073279254138469696 0.049106404185295105 -0.0026945034042000771 1
-0.0072985519655048847 0.085237182676792145 -0.017625892534852028 1
-0.0072663384489715099 0.049596976488828659 -0.0074234423227608204 1
-0.0072483527474105358 0.085318021476268768 -0.015169453807175159 1
-0.0072077568620443344 0.080677062273025513 -0.011976296082139015 1
-0.0072017572820186615 0.0037501608021557331 -0.020275413990020752 1
-0.0070782465269794729 0.037681382040993382 -0.003206480254452141 1
-0.0071701016277074814 0.026045005768537521 -0.0018647705437615514 1
-0.0071280878037214279 0.077802978456020355 -0.016841107979416847 1
-0.0071206903085112572 0.04728018119931221 -0.009891163557767868 1
-0.0070668037363181236 0.079031642167909838 -0.012102801015080733 1
-0.0070863291621208191 0.079745680093765259 -0.019600545987486839 1
-0.0071634090682362759 0.023952897576895976 0.0049453291395936006 1
-0.0070775488192447921 0.066857963024320358 -0.011921540089616193 1
-0.0071217560973890906 0.024193096905285916 0.0024574896414832127 1
-0.0073386060008466987 0.05971411478287604 -0.00095074551755499833 1
-0.0070611280389130116 0.052871610969305038 0.0014757415046915412 1
-0.0070523621980100887 0.038624180480837822 0.00034433063410688712 1
-0.0070484792813658714 0.028716243803501129 -0.00071871641557663679 1
-0.0069227985600542217 0.069310007417248423 -0.010378352376665069 1
-0.0073070429659987919 0.016463809733540863 0.012239682978626614 1
-0.007142412885832704 0.029417563409353829 0.0053661668795902569 1
-0.007023099809885025 0.03694746270775795 0.00064879469573497772 1
-0.0070181544870138168 0.022358933463692665 0.00021613072021864355 1
-0.0071655377520956041 0.056510982747560945 -0.0049221364168622224 1
-0.0068442023027532129 0.050996879246849196 -0.0050659804048628961 1
-0.0069890483282506466 0.043917465955018997 -0.0030235936865210533 1
-0.0070817302978046295 0.028757237413521104 0.0026326720639035881 1
-0.0069869980216026306 0.085431702435016632 -0.0097517985850572586 1
-0.007024328562254406 0.038743443911628817 0.0024146827527330834 1
-0.0069552971981465816 0.071635767817497253 -0.013545735739171505 1
-0.0071024339533371081 0.049191073860538267 -6.8371459934061119e-05 1
-0.0069411592558026314 0.039025012403726578 0.0062905075028538704 1
-0.0069385443348450367 0.017253492027521109 0.0017802627989998696 1
-0.0068895914627225691 0.026752782148657232 0.0056721367426898752 1
-0.0070044700693707405 0.045443088791791028 0.0032298985102771731 1
-0.0066578681284640874 0.049610689385351438 -0.0094731218188761901 1
-0.0068319595228803201 0.053409755862952699 0.0032508524213151657 1
-0.0068432465195655823 0.074184492230415344 -0.016391446813941002 1
-0.0068308035843074322 0.020895138382911682 -0.0029028472490608692 1
-0.0068260198459029198 0.017153974622488022 0.0042728339321911335 1
-0.0069462474467558624 0.040517311418128858 -0.00063013894691289546 1
-0.006823323667049408 -0.0042109270580112934 0.031274016946554184 1
-0.0068205399438738823 0.042065024375915527 0.0041496464982628822 1
-0.0068199522793292999 0.022479686886072159 0.0015450987266376615 1
-0.0065363376086020643 0.055347155499083499 -0.003849977771373123 1
-0.0067780641838908195 0.080933503806591034 -0.018948160111904144 1
-0.0067758145742118359 0.030065011233091354 0.00093179370742291212 1
-0.0067496339042162111 0.053175082060873395 0.0020908733560761534 1
-0.0067696520127356052 0.059450320899486542 -0.00375140062533319 1
-0.0071389377098697807 0.049862267865858269 0.0017638820799917181 1
-0.0067523475736379623 0.04829045757651329 -0.0090110236778855324 1
-0.0067188492635670794 0.025254646675208423 -0.0033959189381847048 1
-0.0067977206795104082 0.052436964830343116 0.0037748069432369542 1
-0.0067473213114584325 0.033814969576724925 0.0080961289797263896 1
-0.0066994576020275075 0.017138544413802248 0.0049091489589735849 1
-0.0067205075174570084 0.051315665245056152 -0.0086135966703295708 1
-0.006576513066044897 0.04319415909909298 0.0046464248381271845 1
-0.0065751450556030527 0.017258083786495296 0.002509156392822193 1
-0.0066814292222261429 0.081974491477012634 -0.0084812827408313751 1
-0.0066625000908970833 0.052910719066858292 -0.00039083228330127895 1
-0.0065712689937161145 0.083958530322046213 -0.0079833314195940398 1
-0.0066418224014341831 0.022267507389187813 -0.00080998655175790191 1
-0.0064443901817934192 0.030212165342466908 0.0076813263896106029 1
-0.0066012823954224586 0.020295020192861557 0.0027201347984373569 1
-0.0065668720060743629 0.03745648704119682 0.0011955653823111276 1
-0.0065897242166101933 0.069837354123592377 -0.012297919020056725 1
-0.0065896813757717609 0.078836113214492798 -0.016742844134569168 1
-0.0065790936350822449 0.084201738238334656 -0.016940262168645859 1
-0.0065888287194283864 0.077534882966831545 -0.011166548593250343 1
-0.006709350915861622 0.020701013650691387 -0.0039124455640326909 1
-0.0065300846472382545 0.053838174790143967 -0.0071102897636592388 1
-0.0065183131955564022 0.037769656628370285 -0.00013898093311581761 1
-0.0066142851872185342 0.036959017764642575 0.0039894141319122079 1
-0.0065420996761484948 0.033996444103904823 -0.00075625926373742059 1
-0.006494554691016674 0.081813760101795197 -0.0098012769594788551 1
-0.006471339559168638 0.066132787806708365 -0.0083993634283679366 1
-0.0064019740293496455 0.049377974178210583 -0.0015554367959785193 1
-0.0067524253573551648 -0.035073763591253249 -0.02643667532275587 1
-0.0064384434372186661 0.019043078646063805 -0.0022225847933441401 1
-0.0065063256753038982 0.061286188725797587 -0.0032706595183428938 1
-0.0064120409078896046 0.077303089201450348 -0.014191079884767532 1
-0.0064038988202810287 0.080228827893733978 -0.0092450706288218498 1
-0.0062933662740565378 0.071401992982722332 -0.015945565673998113 1
-0.0063858162611722946 0.022919507697224617 0.0040239198133349419 1
-0.006359055516836667 0.0374232716774133 0.0026260309422646779 1
-0.0064017996977581617 0.036171659720006549 0.0066229955060811653 1
-0.0063728683376442566 0.042609028631954232 -0.0015681512787345669 1
-0.0061555716252448952 0.029131735240420741 0.0037249201087990826 1
-0.0063333176076412201 0.055790532380342484 0.0045375167392194271 1
-0.006456728281502214 0.040631525608532247 -0.0026904966002525327 1
-0.0063079509420225889 0.059888617428664234 -0.0055174348852886504 1
-0.0061451921704538696 0.072892809571120501 -0.011674627677733479 1
-0.0062722773291170597 0.067404523491859436 -0.010620073415338993 1
-0.0062980090308673697 0.038378557128154175 -0.0010897112212373637 1
-0.0062487092800438404 0.027332160621881485 0.0049016168341040611 1
-0.0062456768937408924 0.052916955202817917 0.0036826070863753557 1
-0.0063270793772784335 0.05060935460919256 -0.00045897176256169854 1
-0.0060866938901278532 0.042145184696384452 0.0077037975838271924 1
-0.0062320530029761562 0.0625532532998192 -0.0088402427113808482 1
-0.0059492177647440525 -0.031372729363269215 0.018256713276982639 1
-0.0062428317268362647 0.074078482811751653 -0.01394403854364498 1
-0.0062128053978085518 -0.073302812874317169 -0.027530092746019363 1
-0.0061840347602911535 0.064330682699852551 -0.010802974673737937 1
-0.0061987987719476223 0.04025983065366745 0.0064561334438621998 1
-0.006166394445514518 0.044394699199762536 -0.001153523458718234 1
-0.0061698612350462468 0.032355058365619173 0.00557477480874483 1
-0.0061798910610377789 0.025378389284014702 0.0028633107431232929 1
-0.0061798002570867538 0.037636939436197281 0.0016459104372188449 1
-0.0061689848080277443 0.02825646847486496 -0.0019866973161697388 1
-0.0061560426838696003 0.041258156299591064 -0.00053320860024541616 1
-0.0061533763073384762 0.056634899228811264 -0.0044853757135570049 1
-0.0061698037736085112 0.063669022725003702 -0.0055414725695475996 1
-0.0061438879482834004 0.038041520732713538 0.0098947914203662193 1
-0.005979025976381472 0.052656158759186618 0.0026952599255110595 1
-0.0060763478054787611 0.083448859148281915 -0.0057962389815143563 1
-0.0061255886835792014 0.040242302192371904 -0.0019507045774723466 1
-0.0061729009531179286 0.073453545934185641 -0.017313891478739848 1
-0.0058222925777682505 0.039157898431938232 0.0032797240962652405 1
-0.0060641517532322477 0.03992518473276617 0.00071466154978743726 1
-0.0059940564528892784 0.019760838438775501 0.0032608665977889315 1
-0.0059882441378003026 0.031696933282930551 0.00014467980544582033 1
-0.0060538789257407188 0.080497384071350098 -0.0064600124023854733 1
-0.0060860401466332125 0.045665090281026451 -0.0020316745466780776 1
-0.0060248267836868763 0.086128287017345428 -0.014800482429563999 1
-0.0060219587758183479 -0.08073059469461441 0.014680310152471066 1
-0.0062198001440859985 0.043869563215767973 -0.0018622104202174858 1
-0.0058373491675699574 0.038193574781699803 0.0020044859734155147 1
-0.0060027432627975941 0.05196477472782135 -0.00026054008048959076 1
-0.0059293909984286398 0.05374468105985844 0.0014118477920841272 1
-0.0059641248227747306 0.038312055621913844 0.0049909985596368334 1
-0.0059647262096405029 0.054043106734752655 -0.0079162949696183205 1
-0.0059000740208940295 0.069352771946570024 -0.014580706756400432 1
-0.0057919864909443874 0.055379309137710296 0.0053315856395437285 1
-0.0059259640984237194 0.030165687203407288 0.0066661722958087921 1
-0.0059528477605441275 0.065439592147544412 -0.010245500089002 1
-0.0057707715493513093 0.034678457056550538 0.0053792285020998493 1
-0.0058907801285386086 0.016969431191682816 -0.001744224107824266 1
-0.0058655459433794022 0.047956455498933792 0.0038390294648706913 1
-0.0058607929386198521 0.082680568099021912 -0.008114643394947052 1
-0.0058600381016731262 0.052299968898296356 -0.0076792556792497635 1
-0.0058564981445670128 0.070871233940124512 -0.014562168158590794 1
-0.0058551230614780521 0.055324109486726801 -0.0026481434278493397 1
-0.0058473572134971619 0.077615708112716675 -0.016561554744839668 1
-0.0058393017388880253 0.085082098841667175 -0.0095083126798272133 1
-0.005835377611219883 0.07260025292634964 -0.015746040269732475 1
-0.0058271614834666252 0.038643956184387207 0.00029975789948366582 1
-0.0058409461779409333 0.040544593489926214 0.010032400796494149 1
-0.0058116959407925606 0.050040889531373978 -0.0036684700753539801 1
-0.0058009051717817783 0.044644594192504883 -0.0015027222689241171 1
-0.0058581963629704224 0.017274096458601406 0.0037910413806846121 1
-0.0057816123589873314 0.046986807137727737 -0.002232635859400034 1
-0.0057805217802524567 0.07958657294511795 -0.01289817038923502 1
-0.005499052163222923 0.038721045783631738 0.0015394065086250914 1
-0.0057784742675721645 0.07821376621723175 -0.013444180600345135 1
-0.0057561197318136692 0.027216142043471336 0.0031816517002880573 1
-0.005722357237384311 0.039628732906317403 -0.00028140224532622314 1
-0.005597880619809671 0.03769217834184193 0.0037884535930838943 1
-0.005566225186821679 0.046337916471524437 0.0044995157955676924 1
-0.0057103317230939865 0.024624781683087349 0.0036585144698619843 1
-0.0053127261789160107 0.059876797813404443 0.00049059067708107714 1
-0.0056911283172667027 0.081914559006690979 -0.01892477460205555 1
-0.0056712874211370945 0.038339536637067795 0.0069372248835861683 1
-0.0056625790894031525 0.080342046916484833 -0.010085807181894779 1
-0.0057589023584261748 0.018380720152143662 0.00039859257958044806 1
-0.0056189541598837701 0.05444890470469764 -0.0017046643619249954 1
-0.0054337813444656205 0.052460359497662194 0.0041108662108149058 1
-0.0056219822727143764 0.061645779758691788 -0.0048475298099219799 1
-0.00561888562515378 0.042866099625825882 -0.0029141062404960394 1
-0.0054072081278955597 0.035817315620814645 0.010696180643976589 1
-0.0056159240193665028 0.033334303647279739 0.0065001384355127811 1
-0.005604112520813942 0.07814248651266098 -0.011296382173895836 1
-0.0055916276760399342 0.018510900437831879 0.0026829030830413103 1
-0.005582065787166357 0.033334210515022278 0.008442198857665062 1
-0.0055468548089265823 0.043202310800552368 0.00032888766145333648 1
-0.0055467323400080204 0.067366056144237518 -0.01192140206694603 1
-0.0056017609390940463 0.059758726501373205 -0.0010976004741187944 1
-0.0055353706702589989 -0.070735961198806763 0.023727230727672577 1
-0.0054665807999607907 0.066633172843820587 -0.012588409986234832 1
-0.0055320896208286285 0.067237891256809235 -0.0087930690497159958 1
-0.0057168224151200866 0.053729412136112292 -0.00071422718378464896 1
-0.0055129197426140308 0.017651259899139404 -0.001286989776417613 1
-0.0056119856728577555 0.050836630063457268 0.0018007446584724265 1
-0.0055018449202179909 0.045624937862157822 -0.0041459747590124607 1
-0.0054842010140419006 0.082680515944957733 -0.0025469737593084574 1
-0.0054746237583458424 0.019954117015004158 -0.00077900208998471498 1
-0.0054530268535017967 0.039124660193920135 -0.00096371944528073072 1
-0.005229869139507415 0.043942712673631631 -0.0029802316904257876 1
-0.0054469979368150234 0.047174993902444839 -0.0037736594676971436 1
-0.0059549608799466299 0.0540470238781115 0.0028522510768934223 1
-0.00564625383769231 0.017183660928925679 0.0054733624706405437 1
-0.0053479201160371304 0.041569516062736511 0.0014259314630180597 1
-0.0054008192015864952 0.041177834113914763 -0.0014264544435777585 1
-0.0051437754395430623 0.045417797422558685 0.0021994380509869071 1
-0.0054156124935155559 0.046279322100553306 -0.0076714087424571697 1
-0.0052916001618928997 0.037286757474947078 0.0069183680722489076 1
-0.005367157980799675 0.02870417945086956 0.00064491573721170425 1
-0.0053268177247124777 0.019350804984991504 0.0040548113282179851 1
-0.0053678522541901769 0.044511062080326916 -0.0039554021954364528 1
-0.0053472393192350864 0.020235359668731689 0.0053224624134600163 1
-0.005339745432138443 0.022958070039749146 -0.0028630865272134542 1
-0.0053351041860878468 0.078501492738723755 -0.01677173376083374 1
-0.0052363754219518707 0.046251174129348087 0.00070874650760263571 1
-0.0053302696906030178 -0.061391793191432953 -0.034039478749036789 1
-0.0053112348541617393 0.083537407219409943 -0.0062299119308590889 1
-0.0055068653532753227 0.038104624937714118 0.0026642562186691837 1
-0.0052898419089615345 0.065903373062610626 -0.010785486549139023 1
-0.0052743451669812202 0.035839688032865524 0.0011753560975193977 1
-0.0052698585204780102 -0.0060913893394172192 -0.023991366848349571 1
-0.0050346233633381107 0.056476349373798793 0.0031028296909852622 1
-0.0052578742615878582 0.026785232126712799 -0.0017971256747841835 1
-0.0052519575692713261 0.078712671995162964 -0.014746878296136856 1
-0.0051589606690716537 0.085702154157761695 -0.0079792977148632951 1
-0.005243910476565361 -0.037589248269796371 0.021038999781012535 1
-0.0048705657254879279 0.056793437568391343 0.0042043535897580116 1
-0.005236899945884943 0.049878347665071487 0.0010092641459777951 1
-0.00523409154266119 0.024757662788033485 0.00015086392522789538 1
-0.0052339774410741866 0.08103973889731729 -0.0065412081172440554 1
-0.005223417654633522 0.029702596366405487 0.0018652533181011677 1
-0.0052173766307532787 0.040440745651721954 0.0024575606221333146 1
-0.0052061146125197411 0.042394723743200302 -0.0018527802312746644 1
-0.0052064409985758571 0.032939113137631308 0.009528300576291799 1
-0.0051979478448629379 0.079819135367870331 -0.015663797035813332 1
-0.0051827272400259972 0.065266594290733337 -0.006977464072406292 1
-0.005187149103684981 0.058857174578472962 -0.0071913592536694054 1
-0.005281518870600228 0.01720090594804621 0.00057433878427882122 1
-0.0054214759924924695 0.048775223858673222 0.0016975277602426604 1
-0.0051402724348008633 0.035264179110527039 0.0096437158063054085 1
-0.0050384893692051562 0.077578544368786778 -0.0091126420375586478 1
-0.0051309955306351185 0.064063221216201782 -0.0093168681487441063 1
-0.0051303100772202015 0.078781351447105408 -0.013301714323461056 1
-0.0047739688971884164 0.042797372630906425 0.00094592379077342329 1
-0.0051015540957450867 0.060941331088542938 -0.0074995299801230431 1
-0.0050796065479516983 0.03995826467871666 0.00073876394890248775 1
-0.0049050010326161658 0.071951558104098229 -0.011024170001475186 1
-0.0050778365693986416 0.0052746757864952087 0.025582224130630493 1
-0.0048585068634664306 0.042907780785816335 0.006666787298478645 1
-0.0050151536617900686 0.017189178498704719 0.0031094613590424451 1
-0.00501190566971914 0.05694352492833183 -0.0054806977669327314 1
-0.0049656552336476015 0.068811689719911834 -0.0077900435103379498 1
-0.0050000674091279507 -0.026778038591146469 -0.024171844124794006 1
-0.0049980212934315205 0.038457684218883514 0.0031421934254467487 1
-0.0049888906069099903 0.042467564344406128 0.0036395641509443521 1
-0.0053078925850868564 0.061541458646230243 -0.0016349025767194913 1
-0.0049716909416019917 0.044810645282268524 -0.0010741424048319459 1
-0.0049661193042993546 0.038957085460424423 0.00724038016051054 1
-0.0049188608298346061 0.01726933950139975 0.0050967301180593659 1
-0.0049620792269706726 0.058959126472473145 -0.006010883953422308 1
-0.0047923432059443693 0.020130916831884945 -0.0042112663088934958 1
-0.0049521112814545631 0.07792932540178299 -0.012433799915015697 1
-0.0051945831947714594 0.054482495473256266 -0.0031181765903020861 1
-0.0050091997568138978 0.055314323212547006 -0.0038421824337388703 1
-0.0049372632056474686 0.08195146918296814 -0.003418999258428812 1
-0.0049367933534085751 -0.00069754908327013254 -0.02234453521668911 1
-0.0050366884879891197 0.044740742366303668 -0.0063442106456191348 1
-0.0048878507039460456 0.076527250678651168 -0.017314505566475302 1
-0.0049219452776014805 -0.053705386817455292 0.026142844930291176 1
-0.0048718214138658358 0.066219091461580615 -0.0058902618056242964 1
-0.004911425057798624 0.075889445841312408 -0.011169622652232647 1
-0.0048766741529107094 0.044555135071277618 0.0028031943365931511 1
-0.0047061619502407441 0.050377605983997278 -0.0047945766694135038 1
-0.0048251934859507043 0.043670713855524963 -0.0021899627797801256 1
-0.0048654922284185886 0.053418586030602455 0.0022816337877884507 1
-0.0048649492673575878 0.054413799196481705 -0.00067767559085041285 1
-0.004847030621021986 0.038176640868186951 0.0039540417492389679 1
-0.0049459306415757208 0.0806965383238612 -0.017967291147208343 1
-0.0048636518480393636 0.061315702587835773 -0.0088152918196395275 1
-0.0048351469449698925 0.042761430144309998 0.0019606130663305521 1
-0.0048103248700499535 0.055365979671478271 -0.0050224596634507179 1
-0.0048035858199000359 0.024017421528697014 0.0029138654936105013 1
-0.0048018419183790684 0.038716159760951996 0.011199755594134331 1
-0.0047851800918579102 0.048251759260892868 0.00044764974154531956 1
-0.0047696991823613644 0.029976274818181992 0.0038803075440227985 1
-0.004767764825373888 0.038213342428207397 0.0087085962295532227 1
-0.0047609629109501839 0.082397043704986572 -0.016361517831683159 1
-0.0047554168850183487 0.038712333887815475 0.012412701733410358 1
-0.0047523393295705318 0.079172879457473755 -0.0044598113745450974 1
-0.0047429655678570271 0.077720493078231812 -0.014872504398226738 1
-0.004739005584269762 0.051917493343353271 0.0034654992632567883 1
-0.0045933855495492778 0.044118499811211367 -0.0021998740464635033 1
-0.004733686801046133 0.04215925931930542 0.0061912601813673973 1
-0.0047085820697247982 0.041880145668983459 0.0088307764381170273 1
-0.0047042504884302616 0.045054469257593155 -0.0027075414545834064 1
-0.0047041429206728935 0.037041764706373215 0.0042146043851971626 1
-0.0046906592324376106 -0.06468500941991806 0.026643220335245132 1
-0.0049044630341357693 0.05048754834161967 -0.0063388313153343728 1
-0.0046768793836236 0.037998925894498825 0.0059726606123149395 1
-0.0044520747532151399 0.049665949912282119 0.0032044274565140819 1
-0.0046903053515463975 0.039148259557372347 -0.0032275755283534061 1
-0.0046239997715129093 0.085073662171870124 -0.0049997750088142346 1
-0.0047949692324230683 0.041013673263545658 0.0030032328356775413 1
-0.0046442174352705479 0.086285389959812164 -0.0095714163035154343 1
-0.0044670317116543897 0.045213168084701646 -0.0020555324214240143 1
-0.0044632244503332039 0.06461361938934225 -0.010417122359719774 1
-0.0043985095157497685 0.027882662747886228 0.0067529390912311705 1
-0.0045982967130839825 0.042992282658815384 -0.0025127239059656858 1
-0.0045558445346445047 0.071098584419927294 -0.0086959983763006937 1
-0.0041654591022773236 -0.0093166940322971514 -0.0067653933228401719 1
-0.0045763379439850392 0.017037522120245834 0.0012662828402745024 1
-0.0045450911857187748 0.084629513323307037 -0.013435311615467072 1
-0.0045450571924448013 0.040433727204799652 0.0015053623355925083 1
-0.0045345071703195572 0.040966931730508804 0.00072222441667690873 1
-0.0045265275985002518 0.049503907561302185 -0.0091508999466896057 1
-0.0044389496481667791 0.019749293080252722 0.00013149866098343931 1
-0.0045390194329299914 0.026010040586602182 -0.0024634032582482417 1
-0.0045020421966910362 0.016769846901297569 -0.002998266601935029 1
-0.0040768568631382833 0.043691986759984348 0.00063951736048343676 1
-0.0050082932325637309 0.022812514325463482 0.0059826077420457912 1
-0.0044928048737347126 0.049170598387718201 -0.0052406024187803268 1
-0.0044852397404611111 0.039351478219032288 0.0033684319350868464 1
-0.0046561180197378892 0.055354290931992116 0.0023790314430362533 1
-0.0042680580108737315 0.042420476099749013 0.0098104429516333233 1
0.0076802717002868075 -0.0089094355732629114 -0.0057881275898426518 1
-0.0044689900241792202 0.041551884263753891 4.4709497160511091e-05 1
-0.0044605671428143978 -0.025969317182898521 -0.025270139798521996 1
-0.0044450941495597363 0.075065359473228455 -0.011704713106155396 1
-0.0038274470679585362 0.055304132414133227 -0.0028746499146376642 1
-0.0043403819095836436 0.017643286013777452 -0.00026748686808495987 1
-0.00436808789983329 0.063873727363834704 -0.003593150972622645 1
-0.0044162995181977749 0.020935963839292526 -0.0017402189550921321 1
-0.0044083199463784695 0.044397570192813873 -0.003553805872797966 1
-0.0044052824378013611 0.085025064647197723 -0.0075153200887143612 1
-0.004386210348457098 0.076843611896038055 -0.012514556758105755 1
-0.004262013986622612 0.055482376191190175 -0.0016885105860221213 1
-0.004089698146371167 0.017161803134076933 0.002727981492875853 1
-0.0043525989167392254 0.061627574265003204 -0.0026359332259744406 1
-0.0039373749840411216 0.058323543626159158 -0.0043922566780168143 1
-0.0043708678561468249 0.024018975256977507 -0.0029550303661116592 1
-0.0043367971666157246 0.036469977349042892 0.001736994949169457 1
-0.0043108202517032623 0.058048028498888016 0.0026622230652719736 1
-0.0043029864318668842 0.079800866544246674 -0.0087879924103617668 1
-0.0042694555923265248 0.024222169132917491 -0.00045923334571986119 1
-0.0041250916406634537 0.035993097638533367 0.0051692918072342815 1
-0.0042345738038420677 0.082896992564201355 -0.017037859186530113 1
-0.0042130537331104279 0.041129309684038162 0.0015552863478660583 1
-0.0041967146098613739 0.021993251517415047 0.00040126827661879361 1
-0.0043115527369081974 0.041857171803712845 0.00049554900033399463 1
-0.0040082226267518298 0.052251490000759196 -0.0077661465950797284 1
-0.0041443291120231152 0.078947581350803375 -0.0093584880232810974 1
-0.0041315939743071795 0.017033865675330162 0.00085783351096324623 1
-0.0041265473701059818 0.047941239550709724 -0.0033463933505117893 1
-0.0043070674959574283 0.055017775509757089 0.0017146568349657968 1
-0.004107404500246048 0.073908798396587372 -0.015213217586278915 1
-0.0041041099466383457 0.02144593745470047 -0.0038538237567991018 1
-0.0043881428651052316 0.017736139628194324 -0.003983222757763848 1
-0.0040946989320218563 0.0176710095256567 -0.0030159603338688612 1
-0.0040994422071656302 0.045267413371493349 -0.0013266833352869245 1
-0.0040613058512191493 0.054280359065365401 0.0028611585432151455 1
-0.0040419611993236767 0.01685283949413733 -0.00097828509884807769 1
-0.0037971527355932528 0.04244178525111101 0.0012828770435597487 1
-0.0039993850514292717 0.046907387673854828 -0.003270318266004324 1
-0.0039920513518154621 0.078751929104328156 -0.0083695529028773308 1
-0.0040758931472904972 0.050184002717615105 -0.003415445339605585 1
-0.0039631392704687985 0.05060453119898687 -0.0047883941890476565 1
-0.0039688030025144972 0.021555357623387679 -0.00059611514812290102 1
-0.0040380603378579842 0.073383321022438094 -0.0097035336220011002 1
-0.0039502086519956721 0.049590125916104871 -0.00434747828453099 1
-0.0039153890684247017 0.022223161533474922 0.0050621549598872662 1
-0.0041376405808767319 0.045914845051561591 -0.0035488990353483595 1
-0.0039137708954513073 0.019632861018180847 -0.0030084934551268816 1
-0.003927060061276447 0.050343954169198242 -0.0052420448303782856 1
-0.0038967598229646683 0.033836644142866135 0.0051468457095324993 1
-0.0038926261477172375 -0.08495774120092392 -0.012120082043111324 1
-0.0038914924012572504 0.051887278443873405 -0.0050825193721836318 1
-0.0037584757577327644 0.017085346360497907 -0.0022314383363006706 1
-0.0039777013755783637 0.050858255190372341 -0.005516378030963727 1
-0.0038882014341652393 0.085124678909778595 -0.010439060628414154 1
-0.0036917709731271171 0.085597369922499528 -0.012024816571052012 1
-0.0038859520573168993 0.036373928189277649 0.0062613771297037601 1
-0.0041603697612183597 0.044176071777622214 -0.0016817737776169738 1
-0.0036205183491456144 0.040619094133083511 0.0042559988510649047 1
-0.0037494624903277878 0.080147697521461711 -0.015531965579939435 1
-0.0032451037058741691 0.044446226815773947 -0.0046493296131145823 1
-0.0038453619641360018 0.050484076674790442 -0.0060231949507460608 1
-0.0037926403137027295 0.045626172197145827 -0.0023262336725369381 1
-0.0038283357862383127 0.049554161727428436 -0.010185355320572853 1
-0.0038246482145041227 0.0011353485751897097 0.028434019535779953 1
-0.0039049431264217499 0.040768126040028434 -0.0032325376814390308 1
-0.0038127761799842119 0.084784410893917084 -0.014472398906946182 1
-0.0029485999414984049 0.05706852796418678 -0.0020760273782833029 1
-0.0038579552111151767 0.018262359122555052 0.0020814883419631603 1
-0.0038058068603277206 0.083960197865962982 -0.0031836859416216612 1
-0.0037911853287369013 0.081957064568996429 -0.014883564785122871 1
-0.0038061229378472993 0.051422348377886472 -0.0061048228547272996 1
-0.0037820178003915876 0.048563637858037606 -0.0046097040994088866 1
-0.0037703206762671471 0.080234475433826447 -0.011868287809193134 1
-0.0037668966688215733 0.07065591961145401 -0.0091384248808026314 1
-0.0037621848750859499 -0.041449040174484253 0.023309636861085892 1
-0.0037644055446095157 0.049377895398103812 -0.0058671663516170402 1
-0.0037388675846159458 0.042967673391103745 0.0021355007775127888 1
-0.0039197139348511089 0.069885146801463183 -0.012035671889814328 1
-0.003714393125846982 0.046524643898010254 0.00012223981320858002 1
-0.0037137079052627087 0.073582269251346588 -0.016045365482568741 1
-0.0037110944977030158 0.054368061944842339 0.00058431422803550959 1
-0.0037056063301861286 0.024101581424474716 -0.0014420902589336038 1
-0.0036970627445118312 0.055472215340561654 0.001164901260405742 1
-0.0036832678597420454 0.045584600418806076 -0.0041089239530265331 1
-0.0036543364480161877 0.032921169434484143 0.0036776494090452372 1
-0.003651278093457222 0.025909183546900749 0.0052978033199906349 1
-0.0036415150389075279 0.036064106971025467 -0.0017327482346445322 1
-0.0035452760770946813 0.070589425286365151 -0.013549901554400204 1
-0.0036156954667657267 0.053374524527947685 -0.0063659234386834133 1
-0.0036080251447856426 0.05148431658744812 -0.0036774387117475271 1
-0.0037216837776309032 0.055426035557185484 -0.00029454950248888325 1
-0.0035624758341666215 0.036366224270729067 0.012205453421510241 1
-0.0035405394155532122 0.065915599465370178 -0.0060568638145923615 1
-0.0035403578076511621 0.076380819082260132 -0.01082684937864542 1
-0.0035298650618642569 0.054391805082559586 -0.00080600992077961564 1
-0.0033030088809724279 0.045478627338017538 -0.0048173638817617251 1
-0.0035145832225680351 0.047286488115787506 -0.0055004293099045753 1
-0.0035128158051520586 0.080036453902721405 -0.0098946848884224892 1
-0.003440177903192807 0.016712215804564761 -0.0035761500180564441 1
-0.0035605434399707974 0.056184389824400632 0.0019048678523201315 1
-0.0037917874307551516 0.030266280019792407 0.0084652179735895689 1
-0.0034469158854335546 0.011638992466032505 0.021504847332835197 1
-0.0033287280343580593 0.039403773349492195 0.00098308975753298201 1
-0.0034286482259631157 0.05819421261548996 0.0012531725224107504 1
-0.0034271131735295057 -0.0087398914620280266 0.036579333245754242 1
-0.0034237782820127904 0.042071007192134857 0.00065756319963838905 1
-0.0033772127295143332 0.042623950570367525 -0.0047981912448362123 1
-0.0033922513734848457 0.050506403910712566 -0.006642835359614796 1
-0.0033921890426427126 0.045294549316167831 -0.00094843067927286029 1
-0.0033849631436169147 0.036773059517145157 0.0055853277444839478 1
-0.0033774764742702246 0.064154811203479767 -0.004598827101290226 1
-0.0033541352022439241 0.073486782610416412 -0.010364925488829613 1
-0.0033471530769020319 0.04130081832408905 0.01280808262526989 1
-0.003339358838275075 0.075481109321117401 -0.014388991519808769 1
-0.0033309513237327337 0.084755860269069672 -0.0025740119162946939 1
-0.0033903501440648775 0.061948675219708788 -0.0015531299606397478 1
-0.0033267573453485966 0.040772169828414917 0.0062006642110645771 1
-0.0033095129765570164 0.04668232798576355 -0.0085954619571566582 1
-0.0031787531701238068 0.044979744312732092 1.198923189058285e-05 1
-0.003286256454885006 0.048791809007525444 -0.0038668160559609532 1
-0.0032840077765285969 0.064779616892337799 -0.0082582868635654449 1
-0.0032816436141729355 0.04455682635307312 -0.0011775565799325705 1
-0.0032813975121825933 0.053596664220094681 -0.0047453390434384346 1
-0.0032789031974971294 0.038654956966638565 0.0081719430163502693 1
-0.0032713892869651318 0.03842732310295105 0.0066772177815437317 1
-0.0033313420338462194 0.051893386662951131 -0.0066795725691387274 1
-0.003252777736634016 0.057829748839139938 0.0026200457941740751 1
-0.003343110599831074 0.068321883998570629 -0.0069032904739384157 1
-0.0033153981799214725 0.047736353721273217 0.0052683817717368523 1
-0.0032249889336526394 0.079638868570327759 -0.004434049129486084 1
-0.003219251986593008 0.08573468029499054 -0.0096975164487957954 1
-0.0032084200065582991 0.030377376824617386 0.0074811768718063831 1
-0.0032040525693446398 0.052499346435070038 -0.0067922803573310375 1
-0.0032389196448168295 0.063941574806312226 -0.0089770578281337839 1
-0.003500178051631316 0.044369623073941579 -0.0026727276554363156 1
-0.0031610376024941537 0.019061539535440649 0.0044687990571338444 1
-0.0031795084942132235 0.035066824406385422 0.010411530733108521 1
-0.0031637069769203663 0.084515467286109924 -0.0052776364609599113 1
-0.0031537408940494061 0.025795863941311836 -0.0014520258409902453 1
-0.003170106739117497 0.042263103757986538 0.005627656941124287 1
-0.0031256964430212975 0.036073517054319382 -0.004279003944247961 1
-0.0030953032399703732 0.054133342463393387 -0.004872404371128825 1
-0.0032025132068857704 0.040375400917586256 -0.004742280252720066 1
-0.0030682736542075872 0.027153130620718002 0.0054002497345209122 1
-0.003067253390327096 0.025100864470005035 0.0031022089533507824 1
-0.0032286666199129854 0.077410107487137766 -0.01472159852992588 1
-0.0030622922349721193 0.084096118807792664 -0.011459984816610813 1
-0.0031437949258740546 0.02090948425520215 -0.0023871952601422965 1
-0.0030916061942743338 0.04983593254719404 -0.0045011776686616125 1
-0.0030533373355865479 -0.058748878538608551 -0.031509920954704285 1
-0.0030177166762136646 0.073001034493515887 -0.012864255597117765 1
-0.0030475679668597738 0.048060357570648221 -0.0040836816187948283 1
-0.0026865681033209966 0.049429587415997185 -0.0066295338401475487 1
-0.0030366941355168819 0.036888856440782547 -0.0012206198880448937 1
-0.0029440611680213121 0.051198036751568685 -0.0048145243876471268 1
-0.0030842807495785711 0.047167127379834535 -0.010042828043934582 1
-0.0030147850047796965 0.046607330441474915 -0.0017651458038017154 1
-0.0030090047512203455 0.069021508097648621 -0.0083681950345635414 1
-0.0028367561210580947 0.025956143739146585 0.0070921825556567661 1
-0.0029813980218023062 0.049311067909002304 0.0020367088727653027 1
-0.0029723267070949078 -0.031143486499786377 -0.025980427861213684 1
-0.0029505686834454536 0.044205989688634872 -0.0031899008899927139 1
-0.0026416030851013068 0.042461132199308985 0.00042423693060813448 1
-0.0030480132463606858 0.043427574980640517 -0.0038765547599474235 1
-0.002881536073334183 0.079771986214112856 -0.0031292130556056751 1
-0.00292549142614007 0.023725468665361404 0.0050411042757332325 1
-0.0027355497859354351 0.050537507675756946 -0.0038582197948878942 1
-0.0029110697796568513 0.053688116371631567 -0.004308792762458314 1
-0.0030368693691552413 0.027486635678469526 -0.0026404302033168786 1
-0.0029056165367364883 0.037649698555469513 -0.0033746815752238035 1
-0.0029396932126338256 0.018155119725253677 0.0028194210995165334 1
-0.0028992085717618465 0.055982954800128937 0.00036015271325595677 1
-0.0028913393616676331 0.047833245247602463 0.0043918583542108536 1
-0.0029587050397555398 0.024253987599718363 0.0020629325662031507 1
-0.0028759252745658159 0.043852962553501129 0.0010260751005262136 1
-0.0028052264424113529 0.023103235723337525 0.00022695333362621198 1
-0.0029722104475598033 0.085626231299524749 -0.0060838784314038892 1
-0.0028276406289962702 0.045798629849377409 -0.0036771850529088365 1
-0.0028486398514360189 0.054340921342372894 0.0011657790746539831 1
-0.0028409531805664301 0.068477295339107513 -0.010012832470238209 1
-0.0028377054259181023 0.030282417312264442 0.0038385877851396799 1
-0.0027058685574388522 0.055256415274508815 0.0013508238514015379 1
-0.0028853911880946221 0.023408798056103602 -0.0026685147349458801 1
-0.0028095412999391556 -0.066146723926067352 -0.031946510076522827 1
-0.0028068854007869959 0.075091086328029633 -0.009909248910844326 1
-0.0027959009166806936 0.023498089984059334 -8.7276050180662423e-05 1
-0.0027786388527585738 0.0553721673786663 -0.0012592345592578307 1
-0.0027610501274466515 0.05324985459446907 -0.0056738429702818394 1
-0.0027458398330537722 0.046654120765017043 -0.0043019668555795854 1
-0.0028223080982112802 0.046912567599474458 -0.0031540316259788771 1
-0.0027477404392857556 0.054349255945236541 -0.0032387818199216137 1
-0.0029108627782369586 0.079869022517812249 -0.007539921076228303 1
-0.0027427342720329762 0.029307855293154716 -0.00073766388231888413 1
-0.0028734501924486859 0.055556257062854886 0.0020962414350458834 1
-0.0035784733532823747 0.020699945640659009 0.0036872299721641315 1
-0.0027347789146006107 0.044145319610834122 -0.002816198393702507 1
-0.0027220358606427908 0.077423565089702606 -0.012029506266117096 1
-0.0028207689421320334 0.021339565680283366 0.005744221349015621 1
-0.0026329928888975153 0.051858083318721424 -0.0055451547801855742 1
-0.0028903456624997446 0.045932639895949284 -0.00069638141524507643 1
-0.0030615724166025027 -0.051569774400357191 -0.030449249050367274 1
-0.0026489123702049255 0.079989559948444366 -0.011771035380661488 1
-0.0026436671614646912 0.046232331544160843 -0.0028950267005711794 1
-0.0026363050565123558 0.028247717767953873 0.0026885867118835449 1
-0.0026266130153089762 0.081885486841201782 -0.014408020302653313 1
-0.002623493317514658 0.028288977220654488 0.0074859112501144409 1
-0.0025618594209602008 0.034464061271940821 0.01106706876995529 1
-0.0035804955735705161 -0.050425248518672416 -0.0063505399983535358 1
-0.00232840908149604 -0.085302241611189808 0.0022887360174383194 1
-0.0027259178645676896 0.045104108365762785 -0.0063638380568437035 1
-0.0046518344346152714 -0.037660747238371664 -0.0078006521324531647 1
-0.0025140293845170628 0.017285448667575636 0.0027774142225012411 1
-0.0027814343119298051 0.065557464363816667 -0.0050562301139966126 1
-0.0025751655921339989 0.045985382050275803 -0.0033300239592790604 1
-0.0025668032467365265 0.029577920213341713 0.0020879635121673346 1
-0.0026711576929352651 0.017895866379822385 0.0035248527879348642 1
-0.0027890152713578985 0.054863899118221066 -0.0069590903968240799 1
-0.0025258116698009506 0.021005410048850634 -0.00027862336804911688 1
-0.0025049444682199119 0.061462127806892995 -0.0070574381747192869 1
-0.0025479516480118036 0.025655409321188927 0.00084865046665072441 1
-0.0023566866294361735 0.072360846646097432 -0.0090486462789651882 1
-0.002670703293027355 0.042631091484210112 0.0083058274833357777 1
-0.0027066046066448867 0.051930391668500463 -0.0026706114995167039 1
-0.0028750858790469072 0.066735700869776579 -0.010299275359483825 1
-0.0025834611769522922 0.050224762166664674 -0.0055508875596223996 1
-0.0025211396223925259 0.05257513567973475 -0.0060894044419070835 1
-0.0021723210829236186 0.04415707663719419 -0.0035884065269638954 1
-0.0025095634628087282 0.081994391977787018 -0.012116349302232265 1
-0.0022282423078812605 0.059853442625770956 0.00099163355003573789 1
-0.002261923314704985 0.045497759282199755 -0.0042916877698600895 1
-0.0024726314004510641 0.075588375329971313 -0.01067283283919096 1
-0.0021823159152838537 0.016295880650707979 -0.0075771214066513784 1
-0.0024983794121295976 0.074640669098272688 -0.014492135019726295 1
-0.0020750576452768709 0.055136544773133657 -0.0028908166613578635 1
-0.002432509558275342 0.066733099520206451 -0.0081389201804995537 1
-0.0023692281600188616 0.023423734836528275 0.0062334283735668832 1
-0.0023920065065857385 0.018432794634234858 0.0039616449300506149 1
-0.0023926589637994766 0.040860593318939209 0.011974782682955265 1
-0.002390026580542326 0.071643806993961334 -0.0089872013777494431 1
-0.0025610323420018465 0.039659517736411777 0.0065790993741263685 1
-0.0024618563678084149 0.019626693169544521 0.00033580446858824127 1
-0.0023753663990646601 0.061631690710783005 -0.0022357671987265348 1
-0.0023639870341867208 0.081131599843502045 -0.0033476941753178835 1
-0.0023611283395439386 -0.069735094904899597 -0.036655478179454803 1
-0.0018658692213689005 0.049402431975002756 -0.0059743928224214619 1
-0.002172941853495358 0.044712407518042306 -0.0026786024581260106 1
-0.0023405554238706827 0.045065067708492279 -0.0019532144069671631 1
-0.0023400017526000738 0.073156565427780151 -0.0084765823557972908 1
-0.0058244767172132761 -0.0079432085394613768 0.0043072632298157892 1
-0.0022667895279455687 0.02680770792943872 0.0089752674944150648 1
-0.0023206614549580069 0.070685548597387529 -0.0072052305400485015 1
-0.0023165105376392603 0.019717542454600334 0.0035421405918896198 1
-0.0024960011163137471 0.083954547283718581 -0.012781279499577886 1
-0.0023373102414329882 0.047368037898541049 -0.0011467405029483718 1
-0.0023101328406482935 0.07153388112783432 -0.010736624710261822 1
-0.0026194691362603148 0.045701497618830883 -0.008364301688839941 1
-0.0023345519563863024 0.069946938437364159 -0.0082996733076372477 1
-0.002365624700913779 0.05033416968967161 -0.0029737702313353443 1
-0.0022643550764769316 0.028339976444840431 -0.00076786597492173314 1
-0.0022551009897142649 0.050995580852031708 -0.0014660872984677553 1
-0.0022616014121430747 0.018483753881941341 0.0050571699504973712 1
-0.0021669952721350533 0.068203627485326809 -0.0053815492386425677 1
-0.002231683349236846 0.048479139804840088 -0.0091241048648953438 1
-0.0023959058988580048 0.018153239109361084 -0.0033093171663170261 1
-0.0022184425033628941 0.051275983452796936 0.0026646559126675129 1
-0.0021893342491239309 0.023410992696881294 -0.0023716876748949289 1
-0.0021886657923460007 0.052153974771499634 -0.0066827959381043911 1
-0.0021777849178761244 0.078289814293384552 -0.010553291067481041 1
-0.0021696297917515039 0.035648815333843231 0.00026146121672354639 1
-0.0018826049258435728 0.061445939459473867 -0.0051786917727348024 1
-0.0021496347617357969 0.05093369260430336 0.003823005361482501 1
-0.0021993769190327452 0.022757090083972975 0.001516805782139025 1
-0.0021386821754276752 0.079842105507850647 -0.0093335025012493134 1
-0.0021876401959222812 0.035780729506479467 -0.0029087980472234649 1
-0.0020221107538278692 0.05130111849190859 -0.0079511138380251763 1
-0.0021086412016302347 0.02863684669137001 0.0065119466744363308 1
-0.0021081404993310224 0.045167407020926503 -0.0055399620905518705 1
-0.0024645505233349681 0.050322018642252733 -0.0089083063454033964 1
-0.0020158986817131359 0.035786021010116666 0.0077727720589153976 1
-0.0022537170740772293 0.037988134770768463 0.00064436144116967206 1
-0.0017675739399530916 0.044450101744727077 -0.0042253123006727802 1
-0.0023816332841005978 0.077497185263854615 -0.0086264315664850329 1
-0.0020871178712695837 0.053189430385828018 0.0026381146162748337 1
-0.0020870675798505545 0.033579565584659576 -0.0049685165286064148 1
-0.016943510057015256 -0.02428123478408353 0.0067881646451078614 1
-0.0020740199834108353 0.050481071695685387 -0.0065408220980316401 1
-0.0020009362825965469 0.050106707038655759 -7.4564604142584809e-05 1
-0.0020458188373595476 0.084015145897865295 -0.006900071632117033 1
0.0071127782891515839 -0.049539999128471034 -0.010561580131486146 1
-0.002042839303612709 0.049476418644189835 -0.0064265355467796326 1
-0.0020316962618380785 0.076130479574203491 -0.011401836760342121 1
-0.0020030314281257529 0.024497691983720437 0.0010357549531919436 1
-0.002011260949075222 0.040990345180034637 0.0093200448900461197 1
-0.0020092148333787918 0.066548958420753479 -0.0068101263605058193 1
0.0080679790178266857 -0.039090410150202849 -0.0057362274460993744 1
-0.0018221646266566303 0.036259422719676221 -0.0059705825349992778 1
-0.0019115918685299409 0.021107856107095722 -0.0014226400695301338 1
-0.0021032618915050733 0.078973973800993413 -0.0060811254126402056 1
0.0046516683397880903 -0.006511940252492859 0.0082648876658007742 1
-0.0021332934543491729 0.017644825982359148 -0.0023108068477361533 1
-0.0019797636196017265 0.053358566015958786 -0.0047352011315524578 1
-0.0021299401168595865 0.050840852996676955 0.00099559971499949386 1
-0.0019807891852141137 0.072207286333584642 -0.0097805014992438741 1
-0.0019012216439226073 0.06936081692045204 -0.010905411935050003 1
-0.0020758311488188949 0.071902383096746805 -0.012575854445842916 1
-0.0018931870581582189 0.054174020886421204 -0.0038261846639215946 1
-0.0018511047027161063 0.046593419273706818 -0.00058298430423804008 1
-0.0018850563792511821 0.077142015099525452 -0.0096769360825419426 1
-0.0023319058828378363 0.016677923332989661 -0.0031735417526175458 1
-0.0018693872261792421 0.02494223415851593 0.0040557864122092724 1
-0.0018658827757462859 0.07449689507484436 -0.012019149959087372 1
-0.0019495978283854401 0.081056695493930839 -0.0086584274387905402 1
-0.0018571788677945733 0.051855336874723434 -0.0022678342647850513 1
-0.0018444836605340242 0.032265011221170425 0.0079256091266870499 1
-0.0017077280103574486 0.031982082068705182 0.0090977846615380321 1
-0.0017609323073730125 0.022100006053044047 0.0073826396852336067 1
-0.0020495388188482341 0.050454960245438753 -0.0076059938225313062 1
-0.0018011453794315457 0.033144265413284302 -0.0022715735249221325 1
-0.0017909990964114263 0.044579701562774285 -0.005525490063695856 1
-0.0017803399823606014 -0.018298055976629257 0.033850826323032379 1
-0.001714385311001435 0.042850480920526859 0.0011812593591290802 1
-0.0017031162278726697 0.017889274284243584 0.0054036509245634079 1
-0.0017001566011458635 0.083054691553115845 -0.009150276891887188 1
-0.0016836080467328429 0.050275273621082306 -0.0014279960887506604 1
-0.0016893923756352942 0.066911205399742754 -0.0086288986500030005 1
-0.0016726701287552714 0.024722268804907799 0.0030189736280590296 1
-0.0016687428578734398 -0.064373522996902466 -0.0347859226167202 1
-0.0016646143049001694 0.054969888180494308 -0.0067110173404216766 1
-0.0015024776558026066 0.072863293722534417 -0.010015606924081339 1
-0.0016412927070632577 0.034098681062459946 0.0086729973554611206 1
-0.0016490052426627053 0.017699730913283952 0.0034518009677222913 1
-0.0016373012913390994 0.040517549961805344 0.007696349173784256 1
-0.00171866850704672 0.024107870758048256 -0.00067207730442867442 1
-0.0014803528289643623 0.05306601682522178 0.0033912901573712705 1
-0.0016162734245881438 0.03583337739109993 -0.004664858803153038 1
-0.0016110865399241447 0.040110941976308823 -0.0046684946864843369 1
-0.0018481039094779251 0.059740986816400617 -0.0052985774838458016 1
-0.0016053621657192707 0.063994072377681732 -0.0012779384851455688 1
-0.0014754576148026744 0.04540819211556868 -0.0019331746708183004 1
-0.0018483110696856145 0.084550168903794146 -0.010289352599893085 1
-0.0016308234538091181 0.07471381370366971 -0.0099860854214373507 1
-0.0015755955828353763 0.027963239699602127 0.0076735937036573887 1
-0.0018086108499669059 0.046423657425437713 -0.0025264050093534419 1
-0.0015410605119336057 0.056526175177848671 -0.00039246674241632515 1
-0.001560996868647635 -0.045919377356767654 0.025081610307097435 1
-0.0014057595232444672 0.017531400218279314 0.0042926299427655072 1
-0.001497882508140749 0.028244920957792456 0.0096370856262768482 1
-0.0014804253989067549 0.048040919326592386 -0.0041308792830016461 1
-0.0015039443969726562 0.071470990777015686 -0.009397897869348526 1
-0.0014944423455744982 0.075111851096153259 -0.0085576679557561874 1
-0.0014940769178792834 0.029934024438261986 0.0061362679116427898 1
-0.0016287787869162433 0.07619598141393992 -0.01287357609537852 1
-0.0012615272221699566 0.050479593034891072 -0.0070528283419931115 1
-0.0014680882450193167 0.023022113367915154 0.0066599221900105476 1
-0.0011732027676501231 0.0429213820227861 0.00015359252964741797 1
-0.0014478130033239722 0.04532087966799736 -0.0048830015584826469 1
-0.0014365524984896183 0.025256853550672531 0.0069687380455434322 1
-0.0014359932392835617 0.064240530133247375 -0.0071255066432058811 1
-0.0014235384296625853 0.057860817760229111 -0.00080863392213359475 1
-0.0014857830225273193 0.036362380355985179 -0.00027466869197635224 1
-0.0014089569449424744 0.022201541811227798 0.0042822309769690037 1
-0.0013324779992243089 0.037988646341932893 0.0015909286807789392 1
-0.0013785929186269641 0.080482281744480133 -0.0053666555322706699 1
-0.0012250471232162676 0.081768943308506634 -0.010740650435221844 1
-0.0013772150778776574 0.082243358389132049 -0.0024308870025404445 1
-0.0013529937714338303 0.037768002599477768 0.010609307326376438 1
-0.0013495339080691338 0.068953171372413635 -0.0075918571092188358 1
-0.0015458824738121448 0.056224724691571498 -0.0056378368131845503 1
-0.0013835319853856669 0.027753723594465634 0.0026356014102867742 1
-0.0013201616238802671 0.083008319139480591 -0.0041753882542252541 1
-0.0012748261030295529 0.032528013135468811 0.0055143377726237664 1
-0.0013079717755317688 0.043606463819742203 -0.0042351279407739639 1
-0.001300680567510426 0.063633084297180176 -0.0059657115489244461 1
-0.0013943390785910775 0.057677374065906846 0.00084278802045813141 1
-0.0012879922287538648 0.044585347175598145 -0.0046840864233672619 1
-0.0012779721291735768 0.071141526103019714 -0.01027582585811615 1
-0.0012733519542962313 0.045590624213218689 -4.6150384150678292e-05 1
-0.0012438918855531421 0.017458539772331562 0.0054028082303878332 1
-0.0012368292082101107 0.04566856287419796 -0.005163629655726254 1
-0.0010909325382049446 0.04348309235588467 -0.0012786285833748749 1
-0.00079172309974432677 0.050316729821102489 -0.0013934246341535676 1
-0.0014450139788821676 0.052639472433005971 -0.0048052455932540974 1
-0.0010975487594848208 0.016811486597306587 -0.0030494984263559717 1
-0.0011381964796785865 0.050212489774802471 -0.0080382267766254522 1
-0.0013600654763093771 0.084510550138182677 -0.0041118991308032472 1
-0.0014434629623307287 0.044594570581562076 -0.001420721571844627 1
-0.0012159980288817345 0.062049586020835552 -0.00064075335420285008 1
-0.0011767527321353555 0.016801090911030769 -0.0016745375469326973 1
-0.0011747735552489758 0.059966385364532471 -0.00054511090274900198 1
-0.0011699663009494543 0.053452081978321075 -0.002508767182007432 1
-0.0012695350641241847 0.026312349661023828 0.0017837021923359944 1
-0.0013296401094847108 0.050455572675126785 -0.002473925279610361 1
-0.0010957700765456988 0.034363120820059732 -0.0018620456731893607 1
-0.0011523306481081227 0.074285482071800801 -0.012692288810824051 1
-0.00067630493297374879 0.017129389527910727 0.0022320628309873054 1
-0.0010970235947317865 0.01900949727818519 0.0024515456440583386 1
-0.00094652989986351312 0.046951581020949297 -0.0019533657478636242 1
-0.0010713766096159816 0.059957373887300491 -0.0033196697477251291 1
-0.0010468637337908149 0.029542502015829086 0.0045470874756574631 1
-0.0010445546358823776 0.074031800031661987 -0.011147718876600266 1
-0.0010283832812541139 0.021687482884534436 -0.0037465415098502756 1
-0.0012310344477487688 0.044810393351444794 -0.0065603713185740063 1
-0.0010252284118905663 -0.027286943048238754 0.025298776105046272 1
-0.0010143828228968347 0.046360732071307614 -0.0011305176780658955 1
-0.0010165481845879683 0.017138922293252527 0.0039034003069664857 1
-0.001145177705707231 0.040601360288640455 -0.0054675352477024939 1
-0.00094637605796498835 0.019745419983251754 0.00072303232835509721 1
-0.0013075028177262828 0.04882883676569455 0.0043271917235864991 1
-0.00091910492127284318 0.064396906451141045 -0.0053936906858494515 1
0.026507307700471071 -0.079689126806007454 -0.011035763929342728 1
-0.00096640956722963435 0.019896267837698257 -0.0028212582188186404 1
-0.0010008562821894884 -0.039063107222318649 -0.027910578995943069 1
-0.0010081146492372523 0.049509308326257828 -0.0042868633500360975 1
-0.00096551393591476364 0.053343397457144226 -0.0037374427033070529 1
-0.00096199935069307685 0.025948038324713707 -0.0015405617887154222 1
-0.0010406078738482256 0.05298398241282383 -0.00890436849836964 1
-0.0012314594620767407 0.061913793884508621 -0.001792496383287747 1
-0.00043788930632078998 0.050841519012958393 -0.0084889149349567615 1
-0.00091846878058277071 0.047893643379211426 -0.0010620852117426693 1
-0.0010103466702013897 0.044775681607450782 0.0029839286021790448 1
-0.00092178446890421335 0.032930582419968824 -0.0067887767203876322 1
-0.00094325134171289852 0.041608417891026137 0.010380178075164795 1
-0.0010248714925933764 0.078699604390893574 -0.010258710445637035 1
-0.00081409053495573071 0.019089550450774196 0.0058780631976958131 1
-0.00087770214304327965 0.038045108318328857 0.008808506652712822 1
-0.0009594514289102689 0.052900372875295372 -0.0021600302360069591 1
-0.00084775662980973721 0.033418703824281693 -0.0054709864780306816 1
-0.00087669529187724149 0.030669736196041814 -0.0041856248730289805 1
-0.00082502968143671751 0.047651816159486771 0.0011654411209747195 1
-0.00088772946796586471 0.014372380951499657 0.018280345026033554 1
-0.00081561401020735502 0.025979653000831604 0.0092864083126187325 1
-0.000812798913102597 0.037925470620393753 0.011944252997636795 1
-0.00079104764154180884 -0.083948090672492981 0.0096950111910700798 1
-0.0007861924241296947 0.02927560918033123 0.0074714780785143375 1
-0.00097903294060941036 0.058100190970117649 -0.0028803233444648505 1
-0.00076672056457027793 0.051258474588394165 -0.0027073654346168041 1
-0.00076284527312964201 0.047854673117399216 -0.009396405890583992 1
-0.00087767360545469412 0.045533334862863976 -0.0040322659836304663 1
-0.00073375439387746719 0.054033186286687851 -0.0026529694441705986 1
-0.00072307037359560793 0.03400366662358574 0.0086726231969677988 1
-0.00064670843659495438 0.080837027899247973 -0.0073572218137281497 1
-0.00064433433924543718 0.062397661502014957 -0.0060132358518499556 1
-0.00069642829475924373 0.045418500900268555 -0.0019078624900430441 1
-0.00068806525086984038 0.044788282364606857 -0.0057679996825754642 1
-0.00068521348293870687 0.051637753844261169 -0.0077701723203063011 1
-0.00067753886105492711 0.047920849174261093 9.7518721304368228e-05 1
-0.00052458814044674049 0.048775014173013991 -0.0022945691705410446 1
-0.00075568654783164896 0.060551425021251264 -0.0013761270691622417 1
-0.0011705967880733855 0.054755134366080739 0.0012864170298015616 1
-0.00048827032475815376 0.060327182679414691 -0.00033728249825869082 1
-0.00063405081164091825 0.075658693909645081 -0.010232779197394848 1
-0.00061653775628656149 0.046379782259464264 -0.0064628943800926208 1
-0.000541356169093341 0.024811708929219922 0.0096880316701529676 1
-0.00057600315510732093 0.068083138622588538 -0.0042514806272028341 1
-0.00056846215492192083 0.06582115570164869 -0.0022902643301126557 1
-0.00057024633406692045 0.083386748244225026 -0.0073155024731507961 1
-0.00054886908037588 0.062243558466434479 -0.0039801867678761482 1
-0.00095404174258747749 0.05653276190828263 -0.0084547542917451108 1
-0.00053979066433385015 0.028150966390967369 0.0055836755782365799 1
-0.00050567183144724641 0.072106914721469295 -0.0070217601322327388 1
-0.00054573071407056637 0.027895849973041745 -0.00014734177056093239 1
-0.00053552753524854779 0.023818342015147209 0.0080102458596229553 1
-8.036206077787568e-05 0.035665638177007013 -0.0068340108816360825 1
-0.00050657911924645305 0.05013643205165863 -0.00066939747193828225 1
-0.00028160864616348066 0.058408330127092421 -0.00126151560453625 1
-0.00039179122687194913 0.05449406171634287 -0.0014839677620393436 1
-0.00069885161349906373 0.044739952088942991 -0.0018914343956867178 1
-0.00047276233090087771 0.022406077012419701 0.0035397002939134836 1
-0.0004672657155814833 0.080379256985959199 -0.0051322073594657642 1
-1.8450960451986729e-05 -0.0058250222282491444 0.033401355917763512 1
-0.00046382375876419246 0.023697478696703911 -0.0020274217240512371 1
-0.00045781929287194012 0.046561189358883662 0.0045146799843790546 1
-0.00037642570860640045 0.046119716141925511 -0.0051184615058460937 1
-0.00040473407716490328 0.051527813076972961 0.0020876468624919653 1
-0.00038671912625432014 0.044234134256839752 0.0007210607873275876 1
-0.00037341110873967409 0.021388482302427292 0.0015178563771769404 1
-0.00033968314528465271 0.047849949449300766 -0.0019553080201148987 1
-0.00033209868706762791 0.043991617858409882 -0.0038365430664271116 1
-0.00029197207186371088 0.047171078622341156 -0.0011423378018662333 1
-0.00028638294315896928 0.021730193868279457 -0.0025426913052797318 1
-0.0002984321724156087 0.069717253249588551 -0.0055260678712312182 1
-0.00019494184918813866 0.019307708630408964 0.0071736349726571292 1
-9.4660477023162987e-05 0.048931701219984476 -0.0011205551073634797 1
-0.00023929515737108886 0.043048210442066193 -0.005022500641644001 1
-1.9253250271354205e-07 0.027347503385443922 0.0043877513801020883 1
-0.0002207166253356263 0.025951620191335678 0.011541420593857765 1
-0.00033175024684108784 0.05076006634369757 0.002879145537075127 1
-0.00021707540145143867 0.077091880142688751 -0.011010129004716873 1
-0.00020931744074914604 0.017597174271941185 0.0064838561229407787 1
5.8851162519441382e-05 0.029784867931864828 -0.0069615006626769218 1
-0.00015905041555350929 0.017043674886002738 0.0058633022658941244 1
-0.00036639854067679921 0.040726949583465427 0.0017572665891434725 1
-0.00013246838352642953 0.03179260715842247 -0.001398002146743238 1
-0.00013083707017358392 0.037173036485910416 -0.0055459942668676376 1
5.0111481515546113e-05 0.016889731404828301 0.01266375293945716 1
-0.00012265346595086157 0.046765856444835663 -0.0066494327038526535 1
-6.1694878437153661e-05 -0.08236978742990303 -0.016846888845254499 1
-0.00020447489121937427 0.043115482271310436 -1.9181447876340261e-05 1
-9.5522365882061422e-05 0.053292185068130493 -0.0013978282222524285 1
0.00042447678512166616 0.039286923540508722 0.00055677270593277174 1
-8.2469043263699859e-05 0.025162911042571068 -0.0025265971198678017 1
0.00012302009853310553 0.04920503438742789 -0.006292349452768629 1
5.8473476267827118e-05 0.052531278423611799 -0.0032247307897287805 1
-6.5808725711905382e-05 0.076023024004442524 -0.0092204963312330201 1
0.00014184857602461492 0.049221326165680576 -0.0075778363235575871 1
-2.1516307242563926e-05 0.071212291717529297 -0.0091214291751384735 1
-6.3028659344084776e-05 0.059833585457844292 -0.0032838100794874456 1
9.919134492790375e-05 0.049111655368186749 0.00064018505198016739 1
-0.00034871196864045802 0.038364802115092939 -0.005927401521819458 1
2.708344144191133e-05 0.044372733060836424 -0.0027280247304502011 1
-9.6774616414900018e-05 0.045605180325906797 -0.001892726982960991 1
0.00012282646913019149 0.049964905330117909 -0.0013223756986368203 1
0.00013913045679617641 0.064408900449590259 -0.0040059292453950958 1
8.6426152847707272e-05 0.051130689680576324 -0.00046957295853644609 1
9.951515127631626e-05 0.062476808389137717 -0.0040169704611033611 1
9.5816198154352605e-05 0.056909915059804916 -0.0076544531621038914 1
0.00010984762047883123 0.043407857418060303 0.00096545706037431955 1
0.00024652345403545985 0.044888009963169558 -0.0041362894946540552 1
0.00011593482486205176 0.074026182293891907 -0.010159185156226158 1
0.0001212900120304151 0.064518194271317386 -0.0066083758091437959 1
0.00013441919873002917 0.021970348432660103 -0.00017412850866094232 1
0.00040381499842752702 0.020857159002514804 0.0037230954383125773 1
0.00011331660181159667 0.073646649505449899 -0.0084858242070977932 1
0.00028375542574652382 0.044077522243952609 0.00032965689175094192 1
0.00018012196233030409 0.047841433435678482 -0.0011129014892503619 1
0.00044367121235488083 0.047845335678576129 -0.0021945834885650967 1
0.00020441717060748488 0.049081269651651382 -0.0019674093928188086 1
0.00021758348157163709 0.049814295023679733 -0.0019848102238029242 1
0.00023928139125928283 0.025125656276941299 0.0069122840650379658 1
6.6581501741202153e-05 0.050556668360330688 -0.0014530092551388284 1
0.00030710919967685325 0.06909736783981256 -0.0067918447713058334 1
0.00032583954453002661 0.044189747422933578 -0.002122171688824892 1
0.00030233352456642893 0.066426728222692341 -0.0054686061094084745 1
0.0003421227156650275 0.055164970457553864 -0.0043276846408843994 1
0.00045751854176892022 0.01674329678749828 -0.002170330116216688 1
0.00043040461985251096 0.019018643870509926 0.0029200610014185075 1
0.00042609422609912468 0.023384373163650277 -0.00038524412182544738 1
0.00042849397868849337 0.018485669046640396 -0.0019859888125211 1
0.00045183012844063342 0.032269172370433807 -0.0066679581068456173 1
0.00060787542767231696 0.045401266331928709 -0.0023389658862848807 1
0.00045433006016537547 0.02424541674554348 0.0049039935693144798 1
0.00045317117517224849 0.047821879265770847 -0.0063891840931778023 1
0.00051031956874048468 0.060276881583640252 -0.0017988378851927236 1
0.00031535019371064761 0.041104188293922796 0.00049157935615842135 1
0.00059503546379980363 0.046076049026898103 -0.0058785810757197845 1
0.0005248900601476041 0.048939436033348743 -0.0043602806213925505 1
0.00050737021956592798 0.030409017577767372 -0.0041486267000436783 1
0.00051722757052630186 0.022038519382476807 0.0010447710519656539 1
0.0005363679209727224 0.017044041998567683 0.001287374314594323 1
0.00058477452021736109 0.042201032948340683 0.0012358610327678338 1
0.00054393184836953878 0.025913937017321587 0.0062191486358642578 1
0.00050248998972831336 0.065753381082474804 -0.0035686452564338556 1
0.00086094412455820554 0.048201626191305136 -0.0012388104936128187 1
0.000388234435202035 0.017026684815183116 0.0044664880184744861 1
0.00057791825383901596 0.053479507565498352 -0.0087699629366397858 1
0.00066572375421040703 0.046953129684575004 -0.0049198694868614716 1
0.00085066311875487538 0.045530808131718406 -0.0040299503518379607 1
0.00056389692035245986 0.051459688405738335 -0.001681507760459978 1
0.00063550341292284603 0.049918655306100845 -0.0066576246172189704 1
0.00066792627330869436 0.058340013027191162 -0.0063419416546821594 1
0.00076184759668319413 0.035334265631903207 0.00083719266135960689 1
0.00049524177136692433 0.044826550844288632 -0.0025093948753522164 1
0.00068909005494788289 0.049646537750959396 -0.0024320895317941904 1
0.00069147185422480106 0.045337136834859848 -0.0013200987596064806 1
0.00064542704874748897 0.063710667053468284 -0.0018816833898165413 1
0.00072160623676609291 0.017010925337672234 0.0039426385192200568 1
0.00075992400927947902 0.017831339994527462 -0.0028809266422059679 1
0.00072974833892658353 0.022405268624424934 0.0031023311894387007 1
0.00073151884134858847 0.044662214815616608 -0.0031117852777242661 1
0.00094723924564899453 0.039057247611051379 -0.0046336349966381246 1
0.00076564797200262547 0.02030862495303154 0.0066226650960743427 1
0.00077116138727013233 0.050271539031779292 -0.0015023060587018924 1
0.00070853029008660293 0.050632855890584687 -0.0010758723546339358 1
0.00078446802217513323 0.048751533031463623 -0.0053598522208631039 1
0.00064151748437104575 0.051375689474720827 -0.0025154015085182119 1
0.0008084214641712606 0.006720556877553463 0.024937007576227188 1
0.00075416568051004502 0.058610703137087952 -0.0096263505920308069 1
0.00085563195170834661 0.020202407613396645 0.0011297255987301469 1
0.00131642322568624 0.043138818278565597 0.00019044045032690871 1
0.00085865193126131631 0.047816224404418226 6.5062983183478297e-05 1
0.00089963042410090566 0.052503135055303574 -0.0021602963097393513 1
0.00091863865964114666 0.053011376410722733 0.00020566550665535033 1
0.00096567619788546913 0.049799519829558631 -0.0012941871993289661 1
0.00061990531787047302 0.051612650982255925 -0.0088299634945874159 1
0.0010347779607400298 0.027949381619691849 -0.0062276185490190983 1
0.001183113661165437 0.034254511452943989 -0.00764335342748772 1
0.001099621644243598 0.02854112908244133 0.012149614281952381 1
0.0011077546514570713 0.055439159274101257 -0.0032807537354528904 1
0.0011244650231674314 0.047951709479093552 -0.0049935006536543369 1
0.0011447959113866091 0.033247292041778564 -0.0010038316249847412 1
0.001220301183914639 0.03709932386408446 0.0002904763461779753 1
0.0010951963738160253 0.032047179113407806 -0.0081948951784094667 1
0.0011722303203536674 0.050961006033284871 -0.0017539308719006846 1
0.0011957404514398068 0.045007170313812218 -0.001367087060754463 1
0.0012057480635121465 0.046530511230230331 -0.0029302707407623529 1
0.0013716413399385251 0.045438389224865865 -0.0031477119251157024 1
0.0012907026469679023 0.037005485159645489 0.0012331040389968173 1
0.0012200139462947845 0.050093337893486023 0.00068381626624614 1
0.0012341822730377316 0.049833390861749649 -0.0058223004452884197 1
0.00094531625978678635 0.05474644739472305 -0.010272210397692834 1
0.001264632330276072 0.052449334412813187 -0.0017287895316258073 1
0.0013589910800309228 0.046324190514765481 -0.0042601714947146886 1
0.0011227733407309349 0.048815023658031725 -0.002859535676871648 1
0.0012939638691022992 0.021377308294177055 -0.0021777874790132046 1
0.0013062499929219484 0.01682749018073082 -0.0010881826747208834 1
0.0013097294140607119 0.022484606131911278 0.0053880028426647186 1
0.0013302040752023458 0.042678937315940857 -0.0026960975956171751 1
0.0012358015229774054 0.043591281665472083 -0.0010426226887868511 1
0.0014687867274017991 0.039260243410128667 -0.0054043072677407338 1
0.0013747994089499116 0.028031857684254646 0.011631591245532036 1
0.0013498242839917827 0.051849862058806886 -0.0019996655078238774 1
0.0017157800552782315 0.039975658716014772 0.001013132195792511 1
0.0014061932897592555 0.04192194739907857 -0.00065366073043258933 1
0.0013384445706602684 0.048729474960986362 0.0034978747488035927 1
0.001403833557151811 0.044467934930260855 0.00093834832959577069 1
0.0011293098027023579 0.029038948284663673 -0.003317783623643056 1
0.0016127847839116781 0.049284678194258538 -0.0041395557953244509 1
0.00144495430868119 0.053796805441379547 0.0005669346428476274 1
0.0014570066705346107 2.3260913621925283e-06 0.029236340895295143 1
0.0014684193389487531 0.02480708251549673 0.0054526184328616903 1
0.001513412338681519 -0.044171888381242752 -0.029584566131234169 1
0.0015150727704167366 0.056291550397872925 -0.009759536013007164 1
0.0015465895378009571 0.044302510214306978 -0.0022182341546228496 1
0.0014584641512186509 0.033261850643607281 0.00012973975525758615 1
0.0016127152645861846 0.028390256652152768 0.0061512698007740781 1
0.0016211537121865382 0.050549191871696028 -0.0079600110906914226 1
0.0015697600319981575 0.028991617262363434 -0.0070450752973556519 1
0.001597134799619201 0.05179855599627526 -0.00084664392773788142 1
0.0016118557541631153 0.04893781431019309 -0.0064611292909831025 1
0.0014757550098822522 0.019204795940865708 -0.00049491590346033591 1
0.0016208130400627851 0.048736106604337692 -0.0018178391037508845 1
0.0016414133133366704 0.045082747936248779 -0.0033471083734184504 1
0.0015372123600299278 0.046773765721318077 -0.0056898688138105015 1
0.001673382124863565 0.04829348623752594 0.0019374864641577005 1
0.0016893820940706145 0.016976894629594012 0.00044736031000236763 1
0.0017074107278230884 0.046121517176698115 -0.0035307967227213898 1
0.0015582961560356655 0.019609987167420267 0.002973145022808924 1
0.0017372043803334236 0.019954076036810875 0.0050409762188792229 1
0.0017425607657060027 0.049828667193651199 -0.00047773739788681269 1
0.0017515799263492227 0.056858185678720474 -0.0041202940046787262 1
0.001760094310157001 0.021823979914188385 0.0074369753710925579 1
0.0018909604328205404 0.044018493871529223 -0.0016387173721459556 1
0.0017194776520846654 0.052364840963625606 -0.0032730830819075588 1
0.0018690945998952116 0.051932939036519916 0.0003336611631787121 1
0.0018920570601406318 0.048677386042664229 -0.0055449489214638124 1
0.0019004115136850657 0.050326303738069393 -0.0036868328016842196 1
-0.0064037201729522288 -0.067553175344769303 -0.0058131896164213539 1
0.0018755139317363501 -0.072618089616298676 -0.029463471844792366 1
0.0017570191392173682 0.049556653564550773 -0.0034359716024979139 1
0.0019604032346587884 0.052646990456152572 -0.0023893389441098731 1
0.0019040798069909215 0.058293949812650681 -0.0096189966425299644 1
0.0019551290675814776 0.049976742243069722 -0.0020915070514749201 1
0.0021177464827763486 0.016908375861344613 0.0021149468979267212 1
-0.0074057360057860353 -0.05057801082075173 0.0074180327090672517 1
0.0019656997174024582 0.026020094752311707 0.011496403254568577 1
0.0019681623671203852 0.043540846556425095 -0.0030579152517020702 1
0.0020174109376966953 0.045220330357551575 -0.0052000517025589943 1
-0.0029435913172515893 -0.02131378993084038 -0.0076789459204820035 1
0.0021487968788886929 0.052596460650405852 -0.0095981132963136751 1
0.0020411233376465099 0.047879780050036957 -0.0065712442191550782 1
0.0021669393832880108 0.045088714695514613 0.0026535488471450233 1
0.0021037615370005369 0.039914742112159729 -0.0032575244549661875 1
0.0021105583291500807 -0.00076723151141777635 -0.022187251597642899 1
0.0020075939869617231 0.029060791666902626 0.0081576153519770343 1
0.0021286713890731335 0.026623087003827095 0.012819902040064335 1
0.002024914398511398 0.036754435898466525 -0.006407366609172618 1
0.0021507649216800928 0.046542912721633911 0.0025610534939914942 1
0.0021126203590094133 0.047683747713992114 -0.0049689004260605003 1
0.0022500898862003078 0.024819522652106612 0.0074333899915458249 1
0.0023868185707352986 0.048401929873286155 -0.0025481814933937942 1
0.0021854590126799186 0.03057198243072743 -0.0090833352382408035 1
0.0024188562770810153 0.045398474972953268 -0.0013842308318393593 1
0.0021794325870173399 0.051943845247020073 0.0021494427721422556 1
0.0022115756922429569 0.027371526167908722 -0.0086633325016167613 1
0.0022548607084900141 0.058222737163305283 -0.0069076428189873695 1
0.0022088718655590622 0.030505625285053056 -0.0011101158236214359 1
0.0022716660590133648 0.017852555795394708 0.004454935830220691 1
0.0022830362431704998 0.024735184386372566 0.01115973386913538 1
0.0022578629705539309 0.039443074883026785 -0.00059264665059132068 1
0.0023184849414974451 0.028122223913669586 0.0089199729263782501 1
0.0024705549355306597 0.049154063040283989 -0.0039714744133535805 1
0.0024292734451591969 0.026728225871920586 0.0076081184670329094 1
0.0024399934966941915 0.020669793323896141 0.0058488354354039188 1
0.0024618145544081926 0.010806179605424404 0.020770194008946419 1
0.0024832363706082106 0.055953390896320343 -0.0046003661118447781 1
0.0024875029921531677 0.031020306050777435 -0.0079576689749956131 1
0.0025138133183709348 0.049234840006413844 0.0026456752332699013 1
0.0024761174541325925 0.049005396737784333 -0.0046068144238905944 1
0.0024763151590943061 0.047140684701308978 -0.0042676020938794239 1
0.0025226655416190624 0.043617475777864456 -0.00092310528270900249 1
0.0028902497424907118 0.059763238163039772 -0.0070881196323654763 1
0.0025273456703871489 0.043229307979345322 -0.00087118917144834995 1
0.0024222362939815847 0.046608163509964794 -0.0028577549301541001 1
0.0025578446220606565 0.047060444951057434 -0.0033451097551733255 1
0.0027127090381284416 0.048341067762796293 -0.0040924874337286725 1
0.0025808373466134071 0.025526115670800209 0.0090737724676728249 1
0.0024375448346099201 0.056555671341053472 -0.011440008710095716 1
0.0026352237910032272 0.053658667951822281 -0.0089793018996715546 1
0.0069606849131127139 -0.06585132468312252 -0.007942855270713348 1
0.0026631916407495737 0.034412190318107605 -0.0064062131568789482 1
0.0026785323861986399 0.030567770823836327 -0.0020653682295233011 1
0.0026015443636609762 0.051174048232092768 -0.0056603854930231271 1
0.0027056974358856678 0.035593125969171524 -0.00022080633789300919 1
0.0027236903551965952 0.046082407236099243 -0.0035734102129936218 1
0.002477034533921698 0.06026703562358509 -0.0093562620667987529 1
0.0027848975732922554 0.045531410723924637 -0.0035314105916768312 1
0.0028210431337356567 0.050624322146177292 -0.0032104912679642439 1
0.0028925361111760139 -0.031828843057155609 0.018672723323106766 1
0.0032102569990467606 0.059130798596496739 -0.012207977025738937 1
0.0029319450259208679 0.053705912083387375 -0.0039673796854913235 1
0.0029851134083137654 0.040151647732551927 -0.0036295574810022101 1
0.0029473947361111641 -0.037432938814163208 0.021539714187383652 1
0.0029819693882018328 0.053316723555326462 -0.0030316065531224012 1
0.0030028284527361393 0.02763880230486393 -0.005205600056797266 1
0.0030291958246380091 0.052397031337022781 -0.0078524034470319748 1
0.0030334992334246635 0.026629878208041191 -0.0046556014567613602 1
0.0033605271232760329 0.028592502208383171 -0.0096718580672231127 1
0.0030435549560934305 0.053731102496385574 -0.00134786416310817 1
0.0031460882164537907 0.0039216871373355389 -0.02010405994951725 1
0.0030302491443425193 0.028746721726615538 0.0097441720865466836 1
0.0031643914990127087 0.053480014204978943 0.00092547968961298466 1
0.0031953498255461454 0.054324481636285782 -0.002721479395404458 1
0.003215814009308815 0.049855805933475494 0.0014973249053582549 1
0.0087609159576591562 -0.023203890059680401 -0.0096740556621079908 1
0.0032495849300175905 0.050687871873378754 -0.0038887914270162582 1
0.0033569451759499695 0.033445528283854095 -0.00090705162351516645 1
0.003271796740591526 0.034928333014249802 -0.0068888133391737938 1
0.0034206695307054604 0.048448927458694419 0.0017317161157975715 1
0.0032926877029240131 0.038290493190288544 -0.0018295855261385441 1
0.0033015329390764236 -0.0072957975789904594 -0.024360107257962227 1
0.0033379001542925835 0.051404111087322235 -0.0037954163271933794 1
0.0033861581934444282 0.032983509911361383 -0.0081597964416939214 1
0.0033178645003749917 0.03565302587163674 0.00038775890713842827 1
0.0033892882517082053 0.040247048875866415 -0.0010316165593933575 1
0.0035580246099886259 0.054479710782322395 0.0012219523610049582 1
0.0035027361009269953 0.036360513418912888 -0.0043008392676711082 1
0.0035247527994215488 0.025494867935776711 -0.0063718650490045547 1
0.0036656832465613584 0.046144287161936602 0.0027461830527069691 1
0.0037873743085905412 0.028794681904801625 -0.0019546699733595796 1
0.0037910237180459796 0.036346138651852357 -0.0053142063676918181 1
0.0036277594044804573 0.015080361627042294 -0.010281451046466827 1
0.0034473696658308128 0.059617530689020121 -0.0089800251673503428 1
0.0036839097738265991 0.026837674900889397 0.0098155587911605835 1
0.0036949098199679452 0.045140239899423298 -0.0030128185603924963 1
0.0036371329022632567 0.037874804381369746 -0.0001287744557158208 1
0.0037897182628512383 -0.065530151128768921 -0.032864242792129517 1
0.0038120807148516178 -0.02139771543443203 0.031400159001350403 1
0.0038211534265428782 -0.02914828434586525 0.020341590046882629 1
0.0037882363184047934 0.04516903306580048 0.00030957362467670788 1
0.0037683794067051991 0.051311688975223396 -0.0068999338311651979 1
0.0038472807500511408 0.0082931136712431908 -0.017319198697805405 1
0.0039197676815092564 0.027560362592339516 -0.0089871436357498169 1
0.0039446890553847345 0.051443179157246742 -0.00075629456939769351 1
0.0039590564556419849 0.045966163277626038 0.0013046856038272381 1
0.0032916079315464348 -0.02336048474502294 -0.024531279259751727 1
0.0039202322173474222 0.027759063715394775 0.011071135067040487 1
0.0040879924781620502 0.030490394681692123 -0.0097611565142869949 1
0.0044256999062411029 -0.052742093274143073 -0.030635231747006681 1
0.0041220095008611679 -0.05950513482093811 -0.032530337572097778 1
0.004002452157492808 0.027110269943654321 0.0082063241890113024 1
0.0041558160446584225 0.026041038334369659 -0.0077099669724702835 1
0.0041022131286307549 0.010489661018453627 0.024926777802806992 1
0.0042183380573987961 0.047183290123939514 -0.003428891533985734 1
0.0042216982692480087 0.053812801837921143 -0.005524840671569109 1
0.004202647568693027 0.057755088720452444 -0.0049286257765903448 1
0.0042424318380653858 0.050310060381889343 0.0010188845917582512 1
0.0042475750669836998 0.032730601727962494 -0.00022256486408878118 1
0.0042652986012399197 0.035115208476781845 -0.001563059282489121 1
0.0042841827387874324 0.049613798984721603 -0.0015588710035803277 1
0.0043093352578580379 0.056501951068639755 -0.0054551814682781696 1
0.0041384507006587603 -0.035046812351606345 -0.026859927707392546 1
0.0046569446017047968 0.057108890277215031 -0.011645842335079761 1
0.0043718847540864031 0.04780497499678444 -0.0042744124009055796 1
0.0044024493545293808 -0.012552834115922451 0.033779580146074295 1
0.0044070398434996605 0.024449491873383522 -0.0080358162522315979 1
0.0044094040058553219 0.026383256539702415 0.010925039649009705 1
0.0043688167986107099 0.054312127920461362 -0.0040366238060041979 1
0.0044398792088031769 0.031733449548482895 -0.0078021064400672913 1
0.0044421544298529625 0.052514057606458664 -0.0026417719200253487 1
0.0045211766285365041 0.048506093982306535 0.0023378846757912027 1
0.0045017111115157604 0.059826187789440155 -0.011886944994330406 1
0.0045495806261897087 0.046208437532186508 -0.0012207382824271917 1
0.00463456284310292 0.052094650481375383 -0.0037293214249559817 1
0.004232296836066473 -0.044626435133516863 0.024279212266018854 1
0.0047075761448513538 0.036952098343065183 -0.0030026488496015524 1
0.0046642902307212353 -0.028604809194803238 -0.024406488984823227 1
0.004676327109336853 0.031610157340764999 -0.0016200831159949303 1
0.0046789110638201237 -0.0055160387419164181 0.03165348619222641 1
0.0048677758016681177 0.033294016345300659 -0.0072697776556642424 1
0.0047213961370289326 0.055263284593820572 -0.010501304641366005 1
0.0047989250160753727 0.052848007529973984 0.00059274805244058371 1
0.0047992444597184658 0.033556152135133743 -0.0051950598135590553 1
0.0048086741007864475 -0.079993791878223419 -0.020833766087889671 1
0.0048366766422986984 0.059129245579242706 -0.0072661028243601322 1
0.0049145803786814213 0.048326939344406128 0.0002314189332537353 1
0.0049204048700630665 -0.070644937455654144 -0.03620755672454834 1
0.0049948957251070942 0.031982083684317361 -0.008610506104251384 1
0.0049677770584821701 0.025664540007710457 -0.010706041008234024 1
0.0057152741593660839 0.027428210047090288 -0.0027927842393204753 1
0.0050896378234028816 -0.073788374662399292 0.02187829278409481 1
0.0051717926072860241 0.060709180638862284 -0.013591781183666373 1
0.0051114805974066257 0.014583045616745949 0.01544088963419199 1
0.0051237894222140312 0.029695158824324608 -0.0093829557299613953 1
0.0050368235450543534 0.030823256186150377 -0.00093210171920265691 1
0.0051844981499016285 0.060894794762134552 -0.010971600189805031 1
0.005485724594391189 0.062012857397360864 -0.012006193848128906 1
0.0052074999548494816 0.026716366410255432 -0.0047854348085820675 1
0.0049339015819730419 0.054782306031919983 -0.011317910692847186 1
0.0047971684890055228 0.061098997353555208 -0.008431464150300905 1
0.0053366334177553654 0.051974914968013763 0.0012192882131785154 1
0.0055717934013711804 0.028504797601015333 -0.010989572074225924 1
0.0052267431067222862 -0.025436460061377206 0.026034236153366141 1
0.0054228520020842552 0.033213857561349869 -0.0025055159348994493 1
0.0054791532456874847 -0.084371663630008698 0.0082623446360230446 1
0.0055029480718076229 0.054378986358642578 -0.0083701713010668755 1
0.0055164052173495293 0.029151303693652153 -0.0026167824398726225 1
0.005830938881915923 0.053600873040719185 -0.0085691349509345698 1
0.0055266768266957755 0.053587572581864841 -0.0058602685128660422 1
0.0055738401947862497 0.025381068033689783 -0.0047535076261541959 1
0.0056365253403782845 0.033817462623119354 -0.0057333316653966904 1
0.0059335925901161726 0.023607120960860227 -0.0094213051084345613 1
0.0056953651770542809 0.050663557840825588 -0.0029152579138706429 1
0.0056947674602270126 -0.08091408759355545 0.014487522654235363 1
0.0057045421563088894 0.034970350563526154 -0.0019259488908573985 1
0.0057344498534110068 0.046373914738900276 -0.0018827856752345706 1
0.0057350173592567444 -0.014866081066429615 -0.024654241278767586 1
0.0057588322088122368 0.053844466805458069 -0.0010160012170672417 1
0.0058464147833269574 0.047719833579058873 0.00094935905320997992 1
0.0058932532556355 -0.068030580878257751 0.025220014154911041 1
0.0059617124497890472 -0.052641842514276505 0.026706339791417122 1
0.005909016913291187 0.058125654156832435 -0.014106146228540339 1
0.0061287675052881241 0.025084134191274643 -0.0098797110840678215 1
0.006138932891190052 -0.068446777760982513 -0.030582822859287262 1
0.0061683319509029388 0.025173267349600792 -0.0063545778393745422 1
0.0062144589610397816 0.056623645126819611 -0.0066466908901929855 1
0.0063554355874657631 0.027684956789016724 -0.010646789334714413 1
0.0064861318096518517 0.033254064619541168 -0.0020060250535607338 1
0.0065603596158325672 0.031153762713074684 -0.0069937803782522678 1
0.0066713099367916584 0.016548462212085724 -0.0037632638122886419 1
0.0066823074594140053 0.031737521290779114 -0.0080864615738391876 1
0.0065480540504237626 0.030267416255041226 -0.0018338070932276886 1
0.0067590409889817238 0.031687658280134201 -0.0036503109149634838 1
0.0065228269401896143 0.058915895555226951 -0.006303800393127201 1
0.0069049051962792873 0.0072018750943243504 0.029950646683573723 1
0.0071107941305529792 0.05635395572872938 -0.0063829782780566576 1
0.007009694263943652 0.030505784120265094 -0.0096837519947729541 1
0.0071356194093823433 0.028108689934015274 -0.0035441499203443527 1
0.0071495338343083858 0.011460046283900738 -0.012652304954826832 1
0.0069056710794615696 0.06210744605775128 -0.0092817018874673547 1
0.0073933551165848051 0.059948245115353044 -0.015602334438500929 1
0.0073032188229262829 0.059747133404016495 -0.014302395284175873 1
0.0073499842546880245 -0.039553403854370117 0.021797848865389824 1
0.0073567396029829979 0.059433199465274811 -0.0081491395831108093 1
0.0074085677042603493 -7.7595177572220564e-05 0.030420584604144096 1
0.0072908325784231997 0.023993608994020629 -0.0061294752527392632 1
0.007470251526683569 0.032017771154642105 -0.0038837573956698179 1
0.0077434529323835381 0.022673354566299143 -0.010324341565269235 1
0.0076141734607517719 0.029935317113995552 -0.0086870184168219566 1
0.0076400130055844784 0.056783135980367661 -0.0085142981261014938 1
0.0069565319144110627 0.024829857241772869 -0.011922761142805735 1
0.0076574422419071198 0.025449991226196289 -0.011538706719875336 1
0.0075851288940474142 0.057536816552401192 -0.013054594914878783 1
0.0077004386164443344 0.054935802705806128 -0.0098341885150186881 1
0.007678542286157608 0.03025173582136631 -0.0043005510233342648 1
0.0076892166398465633 0.023986352607607841 -0.0081436512991786003 1
0.0076798628499386611 0.012844643518128893 0.025534051611109543 1
0.007700454443693161 0.061244696378707886 -0.0096482392400503159 1
0.0074891104750805567 0.061558102240083769 -0.013711688266826701 1
0.0080931639688495063 0.026541637061337903 -0.0035044962310433444 1
0.0078867721675038322 0.02976770139577023 -0.0026478077034897624 1
0.0077922171913087368 -0.030232405290007591 0.016962615773081779 1
0.0082384405560674504 0.063188018725398712 -0.012328263024244194 1
0.0078021138906478882 0.056091755628585815 -0.01084977388381958 1
0.0078592142090201378 0.062130521982908249 -0.012058922089636326 1
0.0083737342376771044 0.062267466757600982 -0.015690442413601263 1
0.0079687708347106687 0.031360142332206332 -0.0064546366108526885 1
0.0080593707801072112 0.055601907429799403 -0.011994927564900478 1
0.0079051994928320823 0.027105096686679639 -0.012474542226317786 1
0.0081690987572073936 -0.034762781113386154 0.018768172711133957 1
0.0079306047876446708 -0.060022917639811109 0.026333623944099945 1
0.0083040610985847321 0.056613134506122292 -0.013573382067333956 1
0.0074603492030285356 -0.072287301683969685 -0.027326689672650228 1
0.0084196357056498528 0.01126314140856266 0.028090847656130791 1
0.0084916306659579277 0.025826957076787949 -0.0052094561979174614 1
0.0084767242169524661 0.016395641876778999 0.0067899623553217166 1
0.0086882561445236206 -0.081539995968341827 -0.017450572922825813 1
0.0088277896866202354 0.023287225514650345 -0.010624509304761887 1
0.0091153619137912846 0.029760757382032096 -0.0042463063017343398 1
0.0089806802570819855 -0.044563345611095428 -0.028460867702960968 1
0.0096197748271048926 0.059236261016467798 -0.017114895650649047 1
0.0090354364365339279 0.02902023121714592 -0.0094743156805634499 1
0.0092632005076172998 -0.0084395994866018256 -0.022845939137436891 1
0.0091590452939271927 0.059407487511634827 -0.015465046279132366 1
0.0091534493643806586 0.029139171765240682 -0.011051988258427795 1
0.0093133058398962021 -0.026276450604200363 0.022902196273207664 1
0.0093763144686818123 0.02868996374309063 -0.0059806806966662407 1
0.0095794800570492399 0.02311226920783117 -0.0069740686563672088 1
0.0091665844528094932 0.024587684778732029 -0.013561657762859298 1
0.0094389570876955986 -0.0850786492228508 -0.0061123482882976532 1
0.009490523487329483 0.023804342374205589 -0.012310887686908245 1
0.0095369741320610046 0.01106652058660984 0.022743754088878632 1
0.0097763671308359508 0.05718145953367431 -0.015132241415838191 1
0.0096283457551770701 -0.021368928369394777 -0.022843877008854273 1
0.0096482578665018082 0.057039778679609299 -0.012806505896151066 1
0.0096658030524849892 -0.083936750888824463 -0.01031727809458971 1
0.0093590808379696768 0.057625801467166927 -0.0083705307145744787 1
0.0096068259559283359 0.029847233337693579 -0.0082636014332639895 1
0.0097606349736452103 -0.062207061797380447 -0.030302984640002251 1
0.010138985573636745 0.063652961603596209 -0.014529785853930031 1
0.010224412047670035 0.062002432988254648 -0.010044014959574136 1
0.0096127356263404819 0.056087640982290285 -0.011040670970981825 1
0.0098389926038737179 -0.084855286699665494 0.0026127251715484172 1
0.0099623891449024601 0.059621474112239656 -0.0087468708833773057 1
0.0099398447200655937 -0.015163066796958447 -0.023206746205687523 1
0.009943823330104351 0.027522372081875801 -0.012093739584088326 1
0.0099952714517712593 0.059106707572937012 -0.0098675638437271118 1
0.010293376326422113 0.025267323058247065 -0.0051311461569177883 1
0.010083331726491451 0.024972166866064072 -0.0063172806985676289 1
0.010103370994329453 0.057831499725580215 -0.014176100492477417 1
0.010155336931347847 -0.071647919714450836 0.021771658211946487 1
0.01017557829618454 0.062748372554779053 -0.013571687042713165 1
0.010672209064084134 -0.078593034237967652 0.015031715635215985 1
0.01031785206005055 -0.0048341910702392474 0.028325582088723551 1
0.010559995658695698 -0.089204259216785431 -0.002811953192576766 1
0.010660070276409478 0.028376917781459093 -0.0057570810447253431 1
0.010673251934349537 0.058003772050142288 -0.011509698815643787 1
0.010662615561353296 0.021938942959254144 -0.012558184433884543 1
0.010712961666285992 -0.07422967255115509 -0.024681635200977325 1
0.010567380471177782 0.061453814885256419 -0.017966628599064775 1
0.010855812579393387 0.02276131696999073 -0.011505382135510445 1
0.011072915241102915 0.058888656999563561 -0.01612135234131018 1
0.010987179353833199 0.061686307191848755 -0.011602944694459438 1
0.011050085537135601 -0.01081077940762043 0.030708229169249535 1
0.01106176245957613 0.022233299911022186 -0.0085632530972361565 1
0.0111188730224967 0.027783498167991638 -0.0088687362149357796 1
0.011438543251031325 0.028435646780544038 -0.01281892430197073 1
0.011257840476027273 0.05752833533009321 -0.011150105591255616 1
0.011164459399878979 -0.052788164466619492 -0.029613036662340164 1
0.011214950121939182 0.063317060470581055 -0.012507029809057713 1
0.011541533962827338 0.026161838265754495 -0.014794217306990379 1
0.011255529709160328 0.056667402386665344 -0.012848133221268654 1
0.011328814551234245 0.024119969457387924 -0.013826992362737656 1
0.011338644661009312 -0.033894278109073639 -0.023109134286642075 1
0.011407759971916676 0.026788936927914619 -0.0074937031604349613 1
0.011463674404731835 -0.050264626204267977 0.024292445440149912 1
0.011614470742642879 -0.0045960033312439919 -0.020108776167035103 1
0.011903897359536333 0.061174982458894002 -0.017975780812144314 1
0.011643709614872932 0.062547989189624786 -0.016815034672617912 1
0.012121910098237576 0.057259553890703738 -0.016832827882433753 1
0.01160225875906149 0.063386940128481686 -0.017093968735869401 1
0.011650235790698 0.059749135308782932 -0.01917993176772052 1
0.011856522411108017 0.023099388927221298 -0.0091083189472556114 1
0.011891868896782398 0.01032270397990942 0.015534974634647369 1
0.012136777247632175 0.023614311189585849 -0.015377141193869558 1
0.012005769647657871 0.027668071910738945 -0.012532002292573452 1
0.01209919061511755 -0.025736954063177109 -0.019961109384894371 1
0.012227290381782059 0.028559985945660653 -0.0089842760514746971 1
0.012372226634457686 0.014384862376976911 -0.00082614644477373687 1
0.012462634593248367 -0.01784246414899826 0.028978997841477394 1
0.012622843496501446 0.024765430018305779 -0.0082237813621759415 1
0.012650123797357082 0.059292905032634735 -0.012232615612447262 1
0.012596380156047212 0.062170905943629146 -0.019341628671879531 1
0.01298875991307929 0.058766165599691673 -0.018303072761935126 1
0.012860295362770557 -0.035012077540159225 0.016298044472932816 1
0.012864488177001476 -0.080412387847900391 0.0083554303273558617 1
0.012889191508293152 0.014204675331711769 0.0087312012910842896 1
0.013152697733249671 0.0047857974675161825 0.029785138287652432 1
0.013044382445514202 0.012469562701880932 -0.0059169153682887554 1
0.012858418391180548 0.025096021215462967 -0.0069632102669640941 1
0.013206626150020492 0.00089280317153075332 -0.016429201250425886 1
0.012997268314146064 0.05924401825518575 -0.011108691027901758 1
0.013166684657335281 -0.089415572583675385 0.011056150309741497 1
0.013216769322752953 -0.042207948863506317 -0.026015700772404671 1
0.013223811229196735 0.059868333478161576 -0.01935022675263853 1
0.013256050646305084 0.025429710745811462 -0.015272649005055428 1
0.013274003836405751 0.063633874815344826 -0.014154714831832711 1
0.012937029893735309 0.057392977516083056 -0.018306772600662734 1
0.013314222916960716 -0.089874967932701111 0.0043610096909105778 1
0.01337576936930418 0.062568970024585724 -0.018118811771273613 1
0.013002579798362812 0.05812320709170414 -0.017189090332754054 1
0.013415549881756306 0.062542609870433807 -0.014074123464524746 1
0.013603583555785939 0.027825144905588767 -0.01571094419767767 1
0.013001076286440164 -0.064487810201759949 -0.028486064839091964 1
0.013432568879457651 0.058065251038365288 -0.020034928435965074 1
0.013542934320867062 -0.079742036759853363 -0.017133168876171112 1
0.013829223212399711 0.026505632508883447 -0.016559539986540913 1
0.013621830381453037 0.062223311513662338 -0.012410406023263931 1
0.013633554801344872 -0.062612131237983704 0.023932935670018196 1
0.013749108649790287 -0.082330808043479919 -0.012228688225150108 1
0.013828800991177559 0.057825688272714615 -0.015140288509428501 1
0.013900787569582462 0.063624300062656403 -0.01754322461783886 1
0.013942383229732513 0.027579041197896004 -0.010758825577795506 1
0.013977915979921818 -0.0020426397677510977 0.029763057827949524 1
0.014012666419148445 0.057009980082511902 -0.015110365115106106 1
0.014107667091766357 0.061356755769178574 -0.021074734120968743 1
0.013457184397907289 0.021895046195863046 -0.012222219054456999 1
0.014319024853900419 0.061440999338894173 -0.019781197857442725 1
0.014021675342650336 0.022133439872414583 -0.015032704026107409 1
0.014195609837770462 0.02314302884042263 -0.014882121235132217 1
0.014247179962694645 -0.0071842200122773647 -0.019338535144925117 1
0.014163999844573038 0.028698553039077441 -0.014290056866268478 1
0.014374026102565241 0.023171129287007416 -0.016535937840742518 1
0.014243404978035508 0.0095254744979471877 0.02399356853644808 1
0.014427730579097329 0.057421220651080421 -0.018545900104839367 1
0.014480585232377052 -0.013678601011633873 -0.02059626393020153 1
0.014526181875211337 0.058620882911854362 -0.021831503040160218 1
0.01456365454941988 0.022856837138533592 -0.012144315987825394 1
0.014575718902051449 0.059781912714242935 -0.013633988797664642 1
0.014739378355443478 -0.075991697609424591 0.015686826780438423 1
0.015009726950926868 0.024914137710719153 -0.017836442058839021 1
0.014783945865929127 0.0084854429587721825 0.013949241489171982 1
0.014992046021059533 0.062779378141038705 -0.019846490003089134 1
0.015042450278997421 -0.089606195688247681 -0.011289532296359539 1
0.015090402215719223 0.028106337413191795 -0.01461502443999052 1
0.015102255158126354 0.057451643049716949 -0.01466846838593483 1
0.015303461910786206 0.023980523376409872 -0.0092331818164558994 1
0.015397775024762295 0.022293317504030713 -0.011137275551312579 1
0.015237016603350639 0.02448539063334465 -0.01024335902184248 1
0.015291960909962654 -0.08493313193321228 0.0086009465157985687 1
0.015348398646490125 0.056118607794789853 -0.016770796587081051 1
0.015190578481503193 0.055829501407055483 -0.018726724246650939 1
0.015323225408792496 -0.090410709381103516 -0.0045516169629991055 1
0.015563325025141239 0.056783586740493774 -0.019616072997450829 1
0.015589443345798289 0.055819333567521008 -0.021097675348924327 1
0.015802612669596067 -0.045622289138908756 0.02005600454955158 1
0.01547127191167443 0.028718651028348065 -0.011393803231789724 1
0.015789071097970009 0.057350568473339081 -0.01674497127532959 1
0.015904640778899193 0.025381872430443764 -0.017472278326749802 1
0.015919050201773643 -0.04758002981543541 -0.025980127975344658 1
0.015937948599457741 0.058343496173620224 -0.021911226212978363 1
0.015827074382559665 0.026398264448773738 -0.010078603790450688 1
0.016153015196323395 0.060004036873579025 -0.014864513650536537 1
0.016155300661921501 -0.032711636275053024 0.012260907329618931 1
0.016054791239024393 0.060005536657371905 -0.013647540723737346 1
0.016244173049926758 0.029552511870861053 -0.016789853572845459 1
0.016497495616017755 -0.021596932788248431 -0.017624158353734445 1
0.016165454535491761 0.059670148008515972 -0.022794106078241418 1
0.016302023082971573 0.063080862164497375 -0.01597687229514122 1
0.016308068573600908 0.061432668178906982 -0.020134410773545375 1
0.01636458407221239 0.056372808587822877 -0.023345733038491648 1
0.016450859606266022 -0.052512805908918381 0.022307923063635826 1
0.016718855790401745 0.022833316567999296 -0.016657826460138671 1
0.016662765294313431 -0.054256852716207504 -0.026881258934736252 1
0.016631728716593162 0.025230038022153137 -0.019071926575596271 1
0.016739483922719955 0.028583619743585587 -0.0172242671251297 1
0.016744615510106087 0.063176423311233521 -0.017671074718236923 1
0.016819454729557037 -0.0060828607529401779 0.022593425586819649 1
0.016828540712594986 0.061997517943382263 -0.017497064545750618 1
0.017190120912436078 -0.03984760398321343 0.015454442319373624 1
0.016880180686712265 0.06047971174120903 -0.021910065785050392 1
0.017064416781067848 0.023834614083170891 -0.016364350914955139 1
0.016881165195663794 0.029653896253249202 -0.018614009853081752 1
0.017119595780968666 -0.078226476907730103 0.010125486180186272 1
0.017342763257722611 0.01065668434150038 0.0035810003503632705 1
0.017143314704298973 0.060896869748830795 -0.022570353001356125 1
0.016936280275035426 0.054712895272797345 -0.019681603159863056 1
0.01717863214131668 0.054138149807706072 -0.022422170193138975 1
0.017381321638822556 0.027379041537642479 -0.012634964659810066 1
0.01702627875034424 0.022412792073066345 -0.013821366693304532 1
0.017544994130730629 -0.08794112503528595 0.012841471470892429 1
0.017578139901161194 0.055000685155391693 -0.020408011972904205 1
0.017595145851373672 0.055596977472305298 -0.022764930501580238 1
0.017604270949959755 0.023755129426717758 -0.01317866425961256 1
0.017736868932843208 -0.027872923761606216 0.011754593811929226 1
0.017671957455421411 0.028202105279566618 -0.019899202240487007 1
0.017756955698132515 -0.0027688529808074236 0.024010816588997841 1
0.017818275839090347 0.05653594434261322 -0.018006591126322746 1
0.017831331118941307 0.025192942470312119 -0.018493849784135818 1
0.017513787921856361 0.029366607765936054 -0.013118143084005189 1
0.017654872445425664 0.027609612868447122 -0.011720940748016837 1
0.018105425256270666 0.02649314264189977 -0.020203993790016011 1
0.018021112307906151 0.029781768098473549 -0.018088823184370995 1
0.017851194692300419 0.02371267925760194 -0.017940808525115381 1
0.017892528605093296 0.055361885185894112 -0.018263795378172111 1
0.018247229169291335 -0.038685485338517386 -0.019222475470830058 1
0.018182424828410149 0.059103615581989288 -0.023139143362641335 1
0.018338253198065813 0.058158721975357347 -0.015761408083665985 1
0.018212122842669487 -0.025043284520506859 0.016520712524652481 1
0.017918517741441167 0.062208585209073297 -0.020100152854453397 1
0.018273739144206047 -0.091484807431697845 0.010117186233401299 1
0.018287781625986099 0.029116071760654449 -0.014744177460670471 1
0.018372787162661552 0.059397134929895401 -0.01685749925673008 1
0.017647562681332614 0.024556496137148349 -0.011041572198896597 1
0.018394292742144023 0.05897040636852998 -0.024194851301606941 1
0.018425093963742256 -0.030030407011508942 -0.014756963588297367 1
0.018448250368237495 0.030917447060346603 -0.020368397235870361 1
0.018480857834219933 -0.013920187950134277 0.024109207093715668 1
0.018266647937381888 -0.071751835095531763 -0.021980835003803524 1
0.018533991024699902 0.055395938668048518 -0.025005147337871455 1
0.018518777564167976 -0.00025748737971298397 0.015048743225634098 1
0.018574263900518417 0.0066752079874277115 0.021448446437716484 1
0.018603747710585594 0.005990153644233942 -0.0071919593028724194 1
0.018622491508722305 0.026784451678395271 -0.019580695778131485 1
0.01867569237947464 -0.063346512615680695 -0.025617778301239014 1
0.018913154703862442 0.024956929676270851 -0.019741296028077192 1
0.018449639246975468 0.060846208438228001 -0.016158786341930621 1
0.018404690219656576 0.030879095590702784 -0.017090590683277566 1
0.018730133771896362 0.053526736795902252 -0.022787218913435936 1
0.018740341067314148 -0.034374069422483444 0.011305206455290318 1
0.018611610150032865 0.05237835626027517 -0.022809026248496466 1
0.018859803676605225 0.030034508556127548 -0.01945914514362812 1
0.018914822489023209 0.060587015002965927 -0.018184278160333633 1
0.018912701397600484 -0.0089334435546740004 0.021793901534444486 1
0.019209909770126862 0.032111261827829023 -0.019111568912669248 1
0.019061539322137833 0.023424660786986351 -0.013631166890263557 1
0.019095540046691895 -0.068345598876476288 0.018711686134338379 1
0.019133372232317924 0.0022170459851622581 0.026668064296245575 1
0.019326497526901354 0.061282169585006881 -0.017879197734561262 1
0.019172497093677521 0.056561470031738281 -0.024250131100416183 1
0.019175572320818901 0.0077499444596469402 -0.0021606502123177052 1
0.019327262416481972 0.052562832832336426 -0.020793881267309189 1
0.019500808297695887 0.052496214852071579 -0.025649124052053659 1
0.01944340206682682 0.0072150263004004955 0.0095301829278469086 1
0.019457597285509109 -0.064218901097774506 0.020195163786411285 1
0.019525960087776184 -0.019165251404047012 0.020868787541985512 1
0.019462527331886574 0.030034913589229675 -0.014425641406479004 1
0.01936486847951235 0.059993890038703465 -0.02114340500308903 1
0.01978157991508165 0.025048708044043258 -0.017136662107015501 1
0.019688084721565247 -0.067069850862026215 -0.023880956694483757 1
0.019945371495249917 0.059607913664387772 -0.0233183472202232 1
0.019940344616770744 0.026137933135032654 -0.012851426377892494 1
0.020400773564870998 0.050738623161635896 -0.021726950843438859 1
0.019994262605905533 0.052248995751142502 -0.024710411205887794 1
0.01979689696744651 0.061003308865308914 -0.021042933636087509 1
0.020008116960525513 -0.087190575897693634 0.0089811189100146294 1
0.02051702476197325 0.053538374523453246 -0.019439764727075596 1
0.019850172101815888 0.050190141360528032 -0.023358993982758522 1
0.020059261471033096 -0.023035481572151184 -0.012635381892323494 1
0.019717776631908029 0.059270817831415627 -0.016887626537250112 1
0.019933540728284689 0.026907148326218353 -0.021524022276074289 1
0.020141508430242538 0.02384663000702858 -0.015834402292966843 1
0.020196834579110146 -0.081430032849311829 -0.013793936930596828 1
0.020216330885887146 0.025569567456841469 -0.014300872571766376 1
0.020121364167225965 0.033534756981211271 -0.02124789995969811 1
0.020343592390418053 0.032142907381057739 -0.020782500505447388 1
0.020448256283998489 -0.027196589857339859 0.021151941269636154 1
0.020493036172384332 0.056514972002442689 -0.017609329875454091 1
0.020533009275094296 0.049192985931699885 -0.025686229451496075 1
0.020547734573483467 0.029678240418434143 -0.015465725213289261 1
0.021081122834052272 0.032079656985905362 -0.0233581462776342 1
0.020618997514247894 0.053402923047542572 -0.02068796195089817 1
0.020675675943493843 -0.0014093817444518209 -0.01063215546309948 1
0.020685797557234764 0.056184526532888412 -0.018929330632090569 1
0.020886592413891604 0.031165339236366878 -0.015689506946294424 1
0.020769655704498291 0.031502183526754379 -0.018085377290844917 1
0.020909540355205536 0.026857389137148857 -0.020091965794563293 1
0.020924558863043785 0.051812779158353806 -0.021771088242530823 1
0.020959783345460892 -0.028432959690690041 -0.011156677268445492 1
0.02101723849773407 0.057851988822221756 -0.023453079164028168 1
0.021127467975020409 0.049632955342531204 -0.02443874254822731 1
0.021347005096092095 -0.078008510235520037 0.010139284248045046 1
0.021150682916945662 0.056054399948122391 -0.026173205020947058 1
0.021175900474190712 -0.0079542053863406181 -0.013394596986472607 1
0.021349998190999031 0.027891078963875771 -0.021474944427609444 1
0.02141084149479866 0.035352814942598343 -0.020506216213107109 1
0.021298380140625607 0.04685543001475688 -0.023812193967378315 1
0.021563378276052387 0.037943463494650095 -0.022640344934350687 1
0.021596949547529221 0.025567697361111641 -0.01913130097091198 1
0.021609731018543243 0.034582074731588364 -0.023777350783348083 1
0.021677840501070023 -0.014633310027420521 0.019151721149682999 1
0.021433826524039704 0.028581420023099029 -0.022796848906534634 1
0.02171890065073967 0.040787022560834885 -0.024172767996788025 1
0.021745666861534119 0.057908840477466583 -0.02014651894569397 1
0.021796727553009987 0.026552112773060799 -0.014131670817732811 1
0.021866456567658517 0.045532500129287071 -0.026190595977831729 1
0.021497800920835482 0.059500687618341534 -0.019196152815188144 1
0.021869901567697525 0.054769478738307953 -0.025724811479449272 1
0.02209879822684311 0.058869264129789094 -0.022558577662339704 1
0.021913418546319008 -0.010163054801523685 0.016449252143502235 1
0.021841640786947301 0.048449723507224228 -0.022066065335357796 1
0.021857906208279501 0.043665984468343508 -0.024353899463466184 1
0.022006340324878693 -0.01826045848429203 -0.012979181483387947 1
0.022031709551811218 0.029950972646474838 -0.02252807654440403 1
0.022100735455751419 0.0047147558070719242 0.008088444359600544 1
0.021581327948246885 0.050614705039140846 -0.026820121065069338 1
0.022163562476634979 0.034605078399181366 -0.020404255017638206 1
0.02218215763528748 0.0022779750913520633 -0.0039145510741735549 1
0.02219821026319754 0.041571459247166827 -0.025737289896597976 1
0.022482765324387755 0.053372357738935804 -0.027110687228507818 1
0.022287996485829353 0.041617065668106079 -0.022870581597089767 1
0.022317819748060751 0.045151268964986765 -0.022653497604041117 1
0.02231254552571273 0.028683041134189759 -0.014705148644898971 1
0.022360760718584061 0.036805290728807449 -0.022719956934452057 1
0.022032507204221712 0.051065773260904002 -0.020508102702331551 1
0.022403201088309288 0.039807651191949844 -0.023790460079908371 1
0.022452590987086296 0.045400872826576233 -0.024396199733018875 1
0.022459745407104492 -0.090810947120189667 0.0046127969399094582 1
0.022657248691261667 0.033842488040504951 -0.024951363405530419 1
0.022672208561049883 -0.052620263492862973 -0.021871849096992316 1
0.022486722096800804 0.036474268883466721 -0.02376280166208744 1
0.022508153691887856 0.026675662025809288 -0.016705932095646858 1
0.022509798407554626 0.046932477504014969 -0.02585928700864315 1
0.022655217613659882 0.039231547813806944 -0.021369683632649218 1
0.022671414288981919 0.037188756228032506 -0.02561539646102428 1
0.022583648562431335 0.03315671905875206 -0.023542292416095734 1
0.022598765790462494 -0.044632609933614731 0.012799142859876156 1
0.022615224123001099 0.032016035169363022 -0.01613103412091732 1
0.022693675011396408 -0.091638743877410889 0.0089166527613997459 1
0.022842886273547885 0.056784751020546913 -0.024489278263186229 1
0.02244453137346197 0.049479588022280085 -0.026191249823768543 1
0.022740941494703293 -0.043262209743261337 -0.01702531985938549 1
0.02276531420648098 0.054307948797941208 -0.020319458097219467 1
0.022881381213665009 0.054366886615753174 -0.019310606643557549 1
0.022942897459608428 0.035176985163748918 -0.018568913809766364 1
0.022988101467490196 0.048271484673023224 -0.022208256646990776 1
0.023055077255465135 0.046566340257428993 -0.021409002060960157 1
0.02325970581994774 0.041658890908577828 -0.026970604347154582 1
0.023075871169567108 -0.0012024656170979142 0.0097224069759249687 1
0.023404280852354614 0.039568189789182112 -0.026670905772309402 1
0.023090219125151634 0.041755300015211105 -0.023798404261469841 1
0.023108074441552162 0.051914062350988388 -0.026639575138688087 1
0.023117946460843086 0.0020648261997848749 0.000750987499486655 1
0.023146923631429672 0.029615657404065132 -0.016553532332181931 1
0.02315986156463623 -0.025778736919164658 -0.0053485175594687462 1
0.023188455030322075 0.029839567840099335 -0.01549617201089859 1
0.023291811347007751 -0.039092514663934708 -0.011418404057621956 1
0.023198892327940684 0.052389405611930395 -0.019734622910123983 1
0.023312587291002274 -0.024674767628312111 0.0025721474085003138 1
0.023456385855214368 0.038895495386409795 -0.025366139592778017 1
0.023367570713162422 -0.017653463408350945 0.025803908705711365 1
0.02338169701397419 -0.08721257746219635 -0.013666452839970589 1
0.023386325687170029 0.032630264759063721 -0.01780848391354084 1
0.023409204557538033 0.051471777260303497 -0.027651820331811905 1
0.023500782283489827 0.02722487887668068 -0.020300325938676825 1
0.023789349276748032 0.026942480150947773 -0.016584639369151073 1
0.023630810062530601 0.031115104252327851 -0.024412335190143648 1
0.023838635890168419 0.04526753658592695 -0.022324206708834008 1
0.02362176775932312 0.05701528862118721 -0.020451471209526062 1
0.023709824308753014 -0.022641804069280624 -0.010421663522720337 1
0.023713057860732079 -0.020835082978010178 0.010073927231132984 1
0.023748271380150423 0.045528513074758727 -0.027780725889639205 1
0.023408040911073773 0.048717827720133063 -0.020917549469069506 1
0.023744955658912659 0.039721254259347916 -0.021765220910310745 1
0.023805953562259674 0.05067923292517662 -0.021193021908402443 1
0.023850798606872559 0.05581221729516983 -0.022489780560135841 1
0.023870367556810379 -0.011255891993641853 0.011804636567831039 1
0.024166156488770171 0.037750812884208305 -0.019337783551622228 1
0.023890178650617599 0.041191644966602325 -0.021036397665739059 1
0.023891674354672432 0.037355702370405197 -0.020443987101316452 1
0.023921024054288864 0.042865216732025146 -0.026513779535889626 1
0.023988632620435692 0.048679059439246747 -0.027972949069472904 1
0.024186429929025925 0.034301793857608016 -0.017570391284765893 1
0.02412782795727253 0.033076509833335876 -0.024450819939374924 1
0.024165311828255653 -0.011448090896010399 -0.0095086470246315002 1
0.023790648473289391 -0.090092063552896021 -0.0040490250983807293 1
0.024297133088111877 0.052198071032762527 -0.025857830420136452 1
0.024137584643807025 0.056811811213573524 -0.022567762259525528 1
0.024396173655986786 0.042535725980997086 -0.021995725110173225 1
0.024425670504570007 -0.079865492880344391 0.0088379504159092903 1
0.024445414543151855 -0.073940068483352661 0.0089481910690665245 1
0.024568618303811421 0.034079813398297659 -0.025956790466545778 1
0.024548768997192383 0.028798529878258705 -0.018494419753551483 1
0.024489395543319595 0.044817314498505831 -0.027029510429436611 1
0.024611471220850945 -0.041669551283121109 0.0082801738753914833 1
0.024618308991193771 -0.027227696031332016 0.025499982759356499 1
0.024623414501547813 -0.088907793164253235 0.013141670264303684 1
0.024826853466892423 0.046340598684705851 -0.020771551434178234 1
0.024688293550931224 0.042836649613996761 -0.027932193894525829 1
0.024798535741865635 0.036120818927884102 -0.025704952888190746 1
0.024868270900122884 0.047420157806559247 -0.027198191050553544 1
0.024841165170073509 -0.0052462276071310043 -0.0043706758879125118 1
0.024901440367102623 -0.020793190225958824 0.0051925783045589924 1
0.024759510008447644 0.049862191459745589 -0.020478209730783747 1
0.024938724935054779 -0.019767891615629196 -0.007016484159976244 1
0.02484363526942026 0.054178859010774412 -0.020824529362865871 1
0.024970900267362595 -0.052494816482067108 0.014083361253142357 1
0.025010876883388579 0.05007942048996588 -0.026227718852849115 1
0.025039305910468102 0.030009696260094643 -0.020280512049794197 1
0.025066420435905457 0.053861036896705627 -0.025325709953904152 1
0.025090398266911507 -0.074670650064945221 -0.01312596257776022 1
0.025118726911105459 0.037390477564696697 -0.027132555916937456 1
0.025260820991254294 0.039879877241741683 -0.027600801818173742 1
0.0251938346773386 0.034796152263879776 -0.018892260268330574 1
0.025239685550332069 -0.0023673486430197954 0.0034273779019713402 1
0.025307949632406235 0.053270678967237473 -0.022571733221411705 1
0.025341473928910833 0.043203772595320079 -0.020549486228939602 1
0.025441208854317665 -0.012556253001093864 0.0096352249383926392 1
0.025140019258731248 0.031155573909882189 -0.017014199542510176 1
0.025335853516917677 0.040194284031145111 -0.019913541333705279 1
0.025683188133561425 0.054523456263444681 -0.023314951034283424 1
0.025384837713929357 0.049091571826196438 -0.027607050344501175 1
0.025526678189635277 -0.036147709935903549 0.018751941621303558 1
0.025573654100298882 0.040195677429437637 -0.026729144155979156 1
0.025658216327428818 -0.070536553859710693 -0.015905056148767471 1
0.0256981011480093 0.031364254653453827 -0.018766794353723526 1
0.025578003965658003 0.052044026385656333 -0.026099578004723473 1
0.025757219642400742 -0.0091436458751559258 0.02041136845946312 1
0.025764869526028633 -0.067498788237571716 0.012413347139954567 1
0.025667246190724996 0.038622230110173378 -0.020397844784484816 1
0.02580912783741951 -0.012116103433072567 0.016677353531122208 1
0.025842910632491112 -0.063722968101501465 -0.019281478598713875 1
0.025847340002655983 0.045497667044401169 -0.021608872339129448 1
0.02586686797440052 0.049174964427947998 -0.021993737667798996 1
0.026136499262370844 -0.048894990906069573 -0.016288455018381907 1
0.025626354164386547 0.029952755864632603 -0.021415233947067815 1
0.025739370587905232 0.028899225937700716 -0.01827130610500443 1
0.025940992604252464 0.043150339764308092 -0.026829285197622926 1
0.026253641696855186 -0.089692897180928835 -0.011042424317734601 1
0.026118602603673935 -0.016380719840526581 0.001897915848530829 1
0.026121035840784363 0.045617962081569347 -0.027863201842902391 1
0.026303551282176638 0.05183227990963208 -0.021668562938362862 1
0.026160142383003505 0.035917281118838171 -0.01862286924942029 1
0.026221709325909615 -0.008135620504617691 0.0011724913492798805 1
0.026230109855532646 0.051294732838869095 -0.02407536655664444 1
0.026443453910176537 0.035792770333229716 -0.025608622568121065 1
0.026291752234101295 -0.015127758495509624 0.021822057664394379 1
0.026341609339523883 0.047799072229280933 -0.021208440183181652 1
0.02634735219180584 0.041912231594324112 -0.027662068605422974 1
0.026151975738294038 -0.047831728581525332 0.0099282218982160129 1
0.026400201022624969 0.041830774396657944 -0.021397732198238373 1
0.026352840565440235 0.032462657426647543 -0.018186300219783593 1
0.026643751189112663 -0.017654158174991608 0.013039427809417248 1
0.026666680350899696 -0.043146342039108276 0.0033121292944997549 1
0.02674376592040062 0.032490555197000504 -0.021127749234437943 1
0.0267753005027771 0.05244440957903862 -0.023456210270524025 1
0.026788478717207909 -0.027756338939070702 -0.00897984579205513 1
0.026859795674681664 0.034842830151319504 -0.020266665145754814 1
0.026725777629873104 0.032671797658813347 -0.023049548242468063 1
0.026914825662970543 -0.055522944778203964 0.011773640289902687 1
0.027120507786024588 0.045634155506399189 -0.025630808761689737 1
0.02684274773510913 0.049984511926144538 -0.025981256981508487 1
0.02715863473713398 0.049153868108987808 -0.023953350260853767 1
0.02725359973513012 0.038433374625768194 -0.019865861985758949 1
0.027060620957789119 0.030986716030834041 -0.020122847470201211 1
0.027270494028925896 -0.039863284677267075 0.012530201114714146 1
0.027259373400889613 0.03908606008427494 -0.026318896646925018 1
0.027314990758895874 -0.042765498161315918 -0.0048410343006253242 1
0.027330188080668449 0.038378681987524033 -0.021229224279522896 1
0.027344856411218643 0.038633391261100769 -0.024570925161242485 1
0.027207379395934095 0.043909402221139995 -0.020979760533632687 1
0.027347270842290491 0.049484968150622373 -0.022281309012967227 1
0.027773300718999337 0.035306859317264905 -0.023598311997728424 1
0.02753087691962719 0.035756971687078476 -0.022712593898177147 1
0.027673276238073117 -0.046331051615664927 -0.0089861366117368092 1
0.027567589655518532 0.041286449879407883 -0.025013638660311699 1
0.027619899796262028 0.047328699710332149 -0.026033485114079054 1
0.027668643742799759 -0.070671841502189636 0.0072768647223711014 1
0.027705680578947067 -0.079771466553211212 0.0068864091299474239 1
0.027725866064429283 0.046442084014415741 -0.0233633853495121 1
0.027959873081910641 0.045501624478552855 -0.02202527243389921 1
0.027848674959992461 0.044750474496138615 -0.026265412859413806 1
0.027743204739229515 0.040690336742572171 -0.020799766506444699 1
0.027846824377775192 -0.019637942314147949 0.021926319226622581 1
0.02789912186563015 0.032683242112398148 -0.02049718052148819 1
0.028100380674004555 0.043626051396131516 -0.023177865892648697 1
0.028123485307408644 0.036325764573975856 -0.02037336355517861 1
0.028161454945802689 -0.056176237761974335 -0.016168415546417236 1
0.028178377076983452 -0.065850600600242615 0.0092118754982948303 1
0.028246780139671232 0.037440169124859 -0.024209814726549702 1
0.028137259315164472 0.039611089418165296 -0.022849583307437599 1
0.02825554832816124 -0.088003829121589661 0.0091811669990420341 1
0.028289292007684708 -0.047022659331560135 0.0027758718933910131 1
0.028395107815764931 -0.052413913671128576 0.0082991749378412919 1
0.028335563838481903 -0.084981009364128113 -0.010131722316145897 1
0.028466358679090455 -0.066563938632911823 -0.013405715780393936 1
0.028511751388336407 0.035006580885061304 -0.021864340579889459 1
0.028457921083278354 0.047931629208384577 -0.024105880885729007 1
0.028584521263837814 -0.051124561578035355 -0.012971563264727592 1
0.028605103492736816 -0.025638459250330925 -0.0034033907577395439 1
0.028695359826087952 -0.023681946098804474 0.0084447329863905907 1
0.028709897178987438 0.042051021542426181 -0.025058263325812381 1
0.028798413409407437 0.039968469248823232 -0.024338405277621961 1
0.028906356543302536 -0.034181065857410431 -0.010627476498484612 1
0.028901439068829603 0.038462168077349736 -0.022574803546674519 1
0.028980237846160682 0.044766211268406866 -0.023525943281980526 1
0.029106959700584412 -0.028276184573769569 0.021481391042470932 1
0.029014355023453297 0.042001659676596796 -0.02275643569368092 1
0.029268451035022736 -0.01274018082767725 0.017342647537589073 1
0.029558219015598297 -0.089761272072792053 0.0043341587297618389 1
0.02964591421186924 -0.0116529930382967 0.012548944912850857 1
0.029672501920627148 -0.034316784341304307 0.016266723390665733 1
0.029684951528906822 -0.060358490794897079 0.0075254789553582668 1
0.029581591049831012 -0.055907608754696261 -0.012729071450539952 1
0.029726510867476463 -0.021174358204007149 0.015352499671280384 1
0.029882503673434258 -0.053380019962787628 0.0047399015165865421 1
0.029970386996865273 -0.049600366503000259 -0.0043098586611449718 1
0.030090626329183578 -0.071631498634815216 -0.0079594021663069725 1
0.030266361311078072 -0.063080206513404846 -0.012066224589943886 1
0.030458050305346079 -0.083192018675890475 0.0033733024351747729 1
0.030466016882589729 -0.089122084426556281 -0.0063104808396134866 1
0.030504783615469933 -0.070799060165882111 0.0022224215790629387 1
0.030876754756009334 -0.079301309070502465 -0.0054751432514499434 1
0.031070748344063759 -0.027425814419984818 0.015256624668836594 1
0.0311785489320755 -0.025977326557040215 0.0060106250457465649 1
0.031307704746723175 -0.056880276650190353 0.0021634504664689302 1
0.031312901526689529 -0.058139387518167496 -0.0098779201507568359 1
0.031405728310346603 -0.08953993022441864 0.00092060520546510816 1
0.031601540744304657 -0.068581327795982361 -0.0019162307726219296 1
0.031698271632194519 -0.032693136483430862 0.012017720378935337 1
0.032100826501846313 -0.077344328165054321 -0.0016171699389815331 1
0.032190937548875809 -0.027996394783258438 -0.0027645938098430634 1
0.032308802008628845 -0.039270933717489243 0.0048074512742459774 1
0.032506141811609268 -0.031771522015333176 -0.0066713155247271061 1
0.032520394772291183 -0.037296798080205917 -0.0059635285288095474 1
0.032567508518695831 -0.039566189050674438 -0.002086274791508913 1
0.03283400779533454 -0.031913869585278407 0.0044969941377841337 1
0.034199796617031097 -0.03449719026684761 -0.0027581227477639914 1
-0.025202021659969848 -0.073356632867828508 0.00078426107821520327 1
-0.026127702932308698 -0.05730696939595014 -0.0023628554141268093 1
-0.026838787341596695 -0.029177531077463091 0.014960018682049745 1
-0.017593377777098802 -0.086136821356178381 -2.9010633154882509e-05 1
-0.015730103427363074 -0.069894249263751415 -0.014503422515017451 1
-0.014612579538734934 -0.074546056418819992 0.00018972930308517607 1
-0.011743378693006661 -0.070694051709711533 0.012921009596584179 1
-0.011728227212514854 -0.062917410442547714 -0.017911778385094002 1
-0.016842631891067588 -0.058730275472886326 -0.0012477005145146147 1
-0.016074291664057796 -0.058098594430176287 0.014510560977919827 1
-0.013337000434742778 -0.047418140802073891 -0.018468309845503145 1
-0.01087453218603582 -0.04280796047967865 -0.00096650148240076097 1
-0.013644496322893093 -0.047461673203599002 0.014553869146159039 1
-0.012255907890245228 -0.033067223759623954 -0.015217088890321785 1
-0.017017318237500786 -0.030741497287088963 0.0029001372773083782 1
-0.013370961144239701 -0.012528227985167959 -0.015197358811549445 1
-0.012910190451397418 -0.016170349876255655 -0.00067380423861899117 1
-0.013933997661584681 -0.012591447813503536 0.014227068268019871 1
-0.019648478074518989 -0.00047258603912048072 -0.0037024037551601149 1
-0.016928873932851307 -0.0007955545408537591 0.018227924135662481 1
-0.00012140374634408146 -0.076008993567102265 -0.013497878527018316 1
0.0015471643355490967 -0.071164364143926559 0.0030322339799035308 1
-0.0017701727972636179 -0.069614396979156043 0.014252208888939881 1
0.00015313571613004203 -0.05839625494438732 -0.016226332618265185 1
0.0020239019579698231 -0.061537567054189356 -0.00054767279043023258 1
-0.00034640077660040081 -0.058773215928691724 0.01712646508520662 1
0.0019641485578821677 -0.042315818541556881 -0.013358426882764507 1
0.0022470675180170092 -0.044356736862521659 -7.6173699654750657e-05 1
-0.0011438720923536351 -0.042762645610037717 0.017678988839117671 1
0.00082794135236951508 -0.033239991359249592 -0.015285695265262187 1
0.0041540967142918196 -0.032800788956330804 0.00072210945367457205 1
0.00030479148660312032 -0.028886820155968707 0.014674395016881323 1
0.002806121715138111 -0.016245636546621516 0.00072637269565944832 1
0.00045663926851881098 -0.020893121134490034 0.017526944760566404 1
0.0013011715084285896 -0.0016121786810564592 -0.014894213308873914 1
-0.0029113580094795991 -0.0007652091178070653 7.9686888324878631e-05 1
-0.0017162061868245986 0.0023366229957853266 0.019402875141671341 1
0.0089944134426701815 -0.069993065321863265 -0.017939229634221659 1
0.016171135567131786 -0.075239580690329363 0.0041899804700236435 1
0.017052365361587881 -0.061320396338351395 -0.017098137799612653 1
0.014595286555471029 -0.058401706075138976 0.0012232321957789808 1
0.015712506447098405 -0.05652753576848718 0.012411054232222843 1
0.01223466433601726 -0.042978115235499291 -0.016185112644970089 1
0.01316261706081885 -0.046885313487067343 -0.0016301688813195299 1
0.015196689697007311 -0.031698693339734289 0.0018210216163359505 1
0.011721523109521971 -0.014406046353857909 -0.014063182703593134 1
0.015488304571488405 -0.013628174701613796 0.01595313909664469 1
0.0040805818371528763 -0.015670642257807749 -0.0090726086773739376 1
0.025404169416652016 -0.059824309192415534 0.00015462679722288113 1
-0.0072118374292367213 -0.066074942991109567 0.0053369583076166545 1
-0.0065931904797432179 -0.022450757188265724 0.0051477889584489725 1
0.01160686097968577 -0.065590976967407538 0.0054021846167670176 1
0.00099679794433475406 0.050630470708121586 -0.00039403039284895792 1
-0.017950491085607 0.082948510183729826 -0.0033555809276908074 1
-0.010457591189093346 0.049952357135133137 -0.0027692600330963724 1
0.0087398803299562795 -0.046342112680622848 0.01582106055647646 1
0.010867511940359361 0.0029219885230028254 0.013076899759197815 1
-0.009808647091908592 0.023670392015516416 0.0025533363528308138 1
0.0034178572821845234 -0.023550955105927807 0.0076549079713664012 1
0.011402879902628553 -0.025459602075472453 0.0066013792327645334 1
-0.017813997091116331 0.0012423415496545566 0.005667520614015307 1
-0.0029087154186910854 -0.039973377850740087 0.0063923626589719564 1
0.0097518700275134786 -0.039452734860944014 0.0080539052819834263 1
0.0076285981153517545 -0.037161900559569853 -0.014629506957356951 1
-0.025740903169947895 -0.079778318204120499 -0.005326103255711789 1
-0.021808205695938793 -0.0079575809870565065 0.0056667819341311397 1
0.0001181653628107335 -0.010327577302879323 0.017998380673723616 1
-0.010843647356383134 0.006163816283890137 0.0066995664911115643 1
-0.0024771799434948343 0.049023505596706714 -0.0054888600644526758 1
0.0041903600567559408 -0.011057705504143093 -0.015468232197768612 1
0.0070021189037455574 -0.0016605620305825853 0.0012000534340145476 1
0.0056088842383236297 0.0084417880624677016 0.0071990180573984642 1
-0.023403046269482402 -0.064800458483696408 -0.009105245159077676 1
-0.0014632433614500191 0.044707814390351902 -0.0033241936382005371 1
-0.022857006623178907 -0.080029013033550908 0.0021146696177383973 1
-0.0021787607613806426 0.027085959242068122 0.0033518723764521747 1
-0.0013975278740137485 0.02782846552438753 0.004256665884079797 1
-0.0055250817247204567 -0.011457158468394063 0.027497208125243023 1
-0.0059158228351817973 0.00099909899807209298 -0.0073228314169367431 1
0.0094336846732525539 -0.022935380592544484 0.014610091904326701 1
-0.0040356920187755484 0.02151408267474228 -0.0019842567652693715 1
-0.0013946646390832135 0.050299027869114478 0.0011740900456899471 1
0.011409663516587398 -0.016195081482124153 -0.0049844975983820471 1
0.0096141166852218175 -0.023700003449997932 -0.00097318322077207594 1
0.00016314872286885446 0.04507804057314662 -0.0019235809507270551 1
0.017227194933460768 -0.067734984355583214 -0.0026808726550840651 1
-0.0072170069742803801 0.040143984553622183 0.0010040000581935811 1
0.0079132840726520021 -0.054527982363043313 0.018428850889069506 1
0.010853732711595938 -0.011849212624330129 0.0017552648140882921 1
-0.0064089167000042409 0.07616039830096473 -0.01654696013045133 1
-0.007443777517167168 0.083546068226429224 -0.010932224475823902 1
-0.0063612414080498328 -0.059046838861404223 -0.0081825832995243691 1
-0.009405451859846219 -0.025777755576423124 -0.0023262335567149016 1
0.011653592767582086 -0.030739358476381692 -0.0063582777393565272 1
0.009189919621081559 0.0014186782937392751 -0.0084868340605528877 1
0.016586424138402483 -0.069749843021124067 -0.01228345924097347 1
-0.0020442513806056338 0.048247427071029914 -0.0065147869812370914 1
-0.029020475223660469 -0.010518648545257747 0.0014693752164021134 1
0.0043953346845056569 0.00080867002448155724 0.010829169992714395 1
-7.1444033407075923e-05 0.050378873608018716 0.0010057569115157685 1
0.00091537915107112199 -0.04833333143352915 0.011799584740217816 1
-0.015628790192805136 -0.067454295111835871 -0.0041077367724324486 1
-0.029189523050861158 -0.010471598618942207 0.006080836445573958 1
-0.0055445085271996477 -0.076603709111050508 0.0070601676240209278 1
-0.024137305502685738 0.071636254683518558 0.011638485005636265 1
-0.022547815237937207 0.06990048207441063 0.012603658815964883 1
-0.0098308601488926207 -0.028761542561499546 0.0072305756071988567 1
-0.026154707438161198 0.077919344708085481 0.0098313519928979257 1
-0.0072658104755862398 -0.058215967021688478 0.00051486728209811355 1
-0.013996925205292648 -0.0075631752833508299 -0.0010132584891323247 1
0.026130415669876166 -0.05610808719998589 -0.0073651724981344249 1
0.011182460753033597 -0.048986118897384391 0.0065096342355337603 1
0.0089220025474047587 -0.072860442863830255 0.010450682932861279 1
0.0067234699638388015 -0.056380023646689745 0.0085123242377362282 1
-0.012785169026856603 -0.005384324758428565 -0.0080254491959976734 1
-0.01552008370241327 -0.060410514824308391 -0.010266463116414225 1
0.018854736393423031 -0.041987849945525388 0.005806825386119663 1
0.012660758937583706 0.0071050480266293906 -0.01123598091750753 1
-0.0063480998574842306 0.052478240570640031 0.0015528987926442354 1
-0.002261135883974951 0.068548395317238095 -0.0076274465719256522 1
0.0066473540449003832 -0.078527394755851465 0.0024462080743150602 1
0.019662090098110641 -0.01464240849031821 -0.0021253279927540263 1
-0.0017374044084233263 0.053974892398959522 -0.0019261250070505302 1
0.01351536410049054 0.0027943462921205392 0.0051828884979263357 1
-0.024183249063509209 -0.085974412671861761 -0.0027327045125110638 1
-0.015044959667256467 0.079555892115341698 -0.0033109783585372433 1
-0.0098892525723727788 -0.0026789232348441074 -0.0030142348717768276 1
-0.0015595130052223438 0.063460315608691045 -0.0032264398095163552 1
-0.00052032872716181299 0.063244910094502726 -0.0021491173735255051 1
0.0045446487143976141 0.007469312751860956 0.014951567551662695 1
-0.00061103745551457673 0.061667861975742047 -0.0017636232779432821 1
0.0069201990708406148 -0.013329791497303765 0.013269571643990827 1
-0.00081091298460140638 0.017090261690774114 0.005934127160045829 1
0.016965243808248029 -0.010209033435335463 -0.0072569989374844232 1
-0.0090131797730209316 0.051927477179808751 0.0041810654318807242 1
-0.0080287311315365619 0.034764907134134701 -0.0010820884882999924 1
-0.015110831880684813 0.0086467926509494891 0.00022561209236126442 1
-0.015187923122760249 -0.050044091821977998 -0.0084334467583960983 1
-0.017083314606333239 -0.034267162778761483 -0.0083641267390587304 1
-0.0036565523044916831 0.020408436936239425 -0.00096784768194100451 1
-0.004814695762359056 0.017907372436291889 0.0044296830922438248 1
0.015228320260704153 -0.037392462773158663 -0.0080342223819282344 1
-0.019972985313518311 0.081165242642954952 0.00055951706751710241 1
-0.020048861792350502 0.083833380443552208 -0.0020695347428607421 1
-0.0060760044778374262 -0.021244221508001718 0.022395337455467009 1
-0.017648832187173912 -0.025348083274079995 -0.0058888530288035215 1
-0.013955079267955006 0.080262331794786493 -0.0078482295304982772 1
0.0036431121114614191 0.051504187565129679 -0.005076214021447872 1
0.0042162559562381428 0.053247415723373069 -0.0051763606715576078 1
-0.0054789696754114414 0.02921750554057273 0.0005382381958380602 1
0.014342026945377418 -0.076240951447272789 -0.02067835768980383 1
0.01042856123092053 -0.072425735463013341 -0.001843552784407975 1
-0.0010548624507077059 0.026646584897112097 0.0045270987480782506 1
0.012130804048636944 0.0032395295838213737 -0.0021988255468144281 1
-0.010350370575801056 -0.028436488134450731 -0.0094356807824294824 1
-0.00053202679449193871 0.047695991663562511 -0.005810746678661792 1
-0.0067598099502355095 0.039468733606293056 -0.00079106722567099221 1
-0.0013434226672045212 0.017376726007913741 0.0029396210764761517 1
-0.0018027041517010289 0.017763754724518341 0.0027598263997645092 1
0.0081301531893119491 -0.031447527293571045 0.010170969265006718 1
0.017385541503988751 -0.020027589239065158 -0.0078561497853073068 1
-0.022937972518930271 -0.053910594038357615 -0.0098332848594041011 1
-0.024140014270882748 0.0671682394506221 0.0086444268476321886 1
-0.015614030223177016 0.079336945841565226 -0.0049458374033492045 1
-0.011014444676544643 -0.0015060718507119459 0.0031743454971449154 1
-0.0025936791085183694 0.069901156404151232 -0.010349999381617353 1
-0.0046200140753086842 0.05120047790466687 -0.0064380672502831219 1
-0.0027373187214777715 -0.067184023346881561 -0.015047281959963275 1
0.00063722510822117329 -0.020417699124664068 -0.024962190538644791 1
0.019229329334161452 -0.013867810590962476 0.021320746251635121 1
-0.0252643253837051 0.082262791887061176 0.001694780563733914 1
-0.0086459034170629622 -0.0069759692461557011 0.019433230034699659 1
0.023263861617120556 -0.070865351160069298 -0.0060239872313167242 1
-0.0039507299994793891 0.056432806643719163 -0.0039940704255902017 1
0.022130740572068222 -0.083392117132441046 -0.00831771044441873 1
-0.00086535026755626846 0.001628462511576192 0.0065708854550558101 1
-0.0088451433581891552 0.00056290250311036229 0.0088429393629080033 1
-0.02505101372291758 -0.033497817379573518 0.011249185151231821 1
-0.0074346411830498605 -0.052746260929834053 0.018357493398944481 1
0.002217104907015236 -0.0075555715333350901 -0.00020357721390918882 1
0.014286719979442294 -0.051793056975032267 -0.018239072647144024 1
0.0065701350893841142 -0.052854375719149145 -0.0010866855542971151 1
-0.021865619951202907 0.065768865450907904 0.011223095479601208 1
-0.0085974974001659221 0.0002986258395113676 0.016496924187745381 1
0.00013219959621088107 -0.025680370445470585 -0.00086725745026020311 1
-0.01466591482634033 0.081084763590008602 -0.0091129551983504028 1
-0.026784194614390015 0.074596365038392135 0.011354940363068394 1
0.0084032980669190589 -0.018530254086038551 0.020724863388799999 1
0.0010438909214307557 -0.050318938429537816 0.019855590986923646 1
0.00568828496651793 -0.0038508390577093594 0.016995146960739418 1
-0.0081874805381363814 -0.064374556729576579 0.017195057289038498 1
-0.0054239142606725193 -0.044747780768448195 -0.014291291684470329 1
-0.0094450031936486566 0.036916902371267955 0.00026275609538160941 1
-0.012279936860318627 -0.051979835306249014 -0.00048301765929285341 1
0.0081442408318703925 -0.064290935792579593 0.016184936610631445 1
-0.023000257113502218 0.080031990631092093 0.0023510801262597047 1
0.0053532685767516755 -0.020539461031176119 -0.016725146714983194 1
-0.003877063630370609 0.042782017325363776 -0.00038889056882318487 1
0.0018595277032044698 -0.063315102351859637 0.0085989781129378936 1
-0.0048983494328842846 0.05041003435424412 -0.0084168675111215285 1
-0.011752271595303589 -0.016684016637181782 -0.0081884869200804841 1
-0.0024820715066753854 0.046300329701700983 0.0044697513593254861 1
-0.011944126202545684 -0.041649158813527619 -0.011299092172992835 1
0.0030038017435885674 -0.078620425712108408 0.0074866949568091088 1
-0.0038460569649252578 0.01747018527622269 0.0039179395509460636 1
-0.0042557585321757723 0.057248571887718022 0.0023566599575464728 1
-0.012826978978186829 -0.016625453778462206 0.0077245780212774106 1
-0.017937414262785733 -0.0037189109604746249 -0.01146962984389354 1
0.0019719381705149601 0.0066321616111701502 -0.0090250364790409928 1
0.0015138586458021759 0.047261071819212304 -0.0032432211605270046 1
0.023796122648406054 -0.063254411326583743 -0.009611802886506593 1
0.0017715583193012455 0.048048130222188332 -0.0035231843031325364 1
-0.023968155044263483 -0.066009026821149328 0.0013231176767102093 1
-0.015868119168083221 -0.065195184813139129 0.0082177460533991963 1
-0.0057033269555998474 0.066434331416371978 -0.011183309937394853 1
0.00044168913723777566 -0.0051932577491140162 0.025144599580853359 1
0.019999598188997256 -0.050296407663374031 0.009034106360332507 1
-0.0060116051917544966 0.078209873615240233 -0.012167572056477135 1
-0.0020163598105619527 0.012574638330287168 0.0081573198921632683 1
0.02573909120303549 -0.033185998832047557 0.0042630923488616666 1
0.023858920298794911 0.050009450948972231 -0.026895459663992052 1
-0.0059923778705606792 -0.054800084590810746 -0.023175061347360852 1
-0.019523028374011885 -0.050293336784457902 0.0082824402899135379 1
0.0018077808645821057 0.050990128095734083 -0.0071610795471602207 1
-0.023994725321652921 0.069109779094469165 0.010938662602263336 1
-0.0033707384552497384 0.013445052209672572 0.0052856182937611454 1
0.026116614607131154 -0.08455615612632221 -0.00199632448128192 1
-0.014041503849499939 0.0051645045093938868 -0.0078621077376559885 1
0.013777923755563224 0.024618421429958137 -0.016256764529099781 1
0.02333630637503786 -0.0515246808500174 -0.005301994974746314 1
-0.00297078344715277 0.044744581016387695 -0.0064385112079898806 1
0.016100947567932164 -0.083511504818013046 -0.0055588997058649272 1
-0.019233769359563151 -0.081996477084326114 -0.0056908599794670243 1
0.0039798826916621847 -0.065145509830860204 -0.025414866837261473 1
0.0053532390284709739 -0.049068191978533113 -0.021974341608883001 1
-0.0091107174443461839 0.051620802418954378 0.002062352903885162 1
0.002154030049712573 0.044875600009554754 -0.0027659051717014464 1
-0.0047451983339147873 0.040590777367503307 0.0097147438075187546 1
-0.0034722428893364916 0.062816125721715868 -0.0072953776959228745 1
0.01415799270508253 0.057543171544831649 -0.017190492160925757 1
0.0045365679295404195 0.0060449824040373365 -0.00070431110108667278 1
-0.0054718883097017602 -0.015608200381763557 0.0015889856875814352 1
-0.021208757071463271 -0.0089247735115129453 -0.0057290712426279772 1
-0.001602362069996453 0.047575068519264269 -0.0058116118547414082 1
-0.00096883434844022482 0.04865583575524187 -0.0061289784480124598 1
0.0071094278946133372 -0.0097889553626888497 0.023509058972774048 1
-0.010248879436578904 -0.055151270018684639 -0.014543233797179873 1
-0.0063043305859161554 -0.078007462622251098 -0.0032682342416814323 1
0.015676447442319531 -0.063017472728238599 -0.0078058436808414343 1
0.0099763711433538144 -0.059235298847153603 -0.022827346669961442 1
-0.022261788464077108 -0.058984433369390375 0.0070533349649345304 1
-0.025352275607189848 -0.053264762329094925 0.0033125260134890156 1
-0.0045840275532825049 0.049416768299058743 -0.0042389292504936343 1
0.021969287705631006 -0.052836696113914103 -0.013082789953951481 1
-0.0024705874670515539 -0.016539276669813249 0.010254617287372829 1
0.022314980730968211 -0.066586197483890441 0.0048046854998438941 1
-0.013568488358668826 -0.041249099973238737 0.0089986950546079685 1
0.01777546575478128 -0.083653044189227518 0.0018062699969436042 1
-0.0028733007386178983 0.0090828171760446007 0.014820657106529639 1
0.012583483466450324 0.026937009213508604 -0.0088719198387183212 1
-0.0058199510520800133 0.018208188169326994 -0.0030455827379096893 1
-0.0054979328101769243 -0.064788933869607976 -0.024084942302754729 1
0.020310004753547363 -0.03654044867774555 -0.0011239456851713915 1
0.011118162534450991 -0.018030742241400506 0.0073735839737403136 1
0.015116587740476566 -0.039937036850431401 -0.0003586826984599441 1
-0.020109740644252843 -0.07381029570057028 -0.0065223282490352282 1
-0.025498823744577927 -0.036664103612431408 0.006090693335834339 1
-0.0086278390694104236 -0.083716426111021619 -0.010047957642682428 1
-0.0086572407261490073 0.0530601418054618 0.0046179019279204113 1
-0.0098735313101688763 0.031588007781041504 -0.0032433928236147969 1
-0.011100423048077363 -0.032412336530013283 -0.0040210045202718646 1
0.0039396207469691259 -0.031083072624855202 -0.0079955256534202431 1
-0.021422771148570382 -0.0087012425742542775 0.014784452260736493 1
-0.030972967855632305 -0.078296229243278503 0.0047402840573340654 1
0.0093236997081646063 -0.030886665429820721 -0.013518888771990345 1
-0.015501973061116742 -0.0039115774957465812 0.026247815334588892 1
0.01118555241396894 -0.079393350850803401 -0.0028497372277801938 1
0.013844748390144636 -0.0055200268560903877 0.0054353242224431742 1
-0.0059722460706305011 -0.050958860649758568 -0.016132982673631183 1
-0.0053094094372507644 0.036661141257264565 0.0046164694415121079 1
-0.012726455318890464 -0.015998571235240931 0.024103607164083128 1
0.010744298857284701 -0.0059865111496394006 -0.012763037578159588 1
-0.001367024374463355 0.062384172277941526 -0.0024600857993658833 1
-0.0060751721940010585 0.078750527996861511 -0.013923535266142715 1
-0.0059307979323970283 0.078871439597897441 -0.01279463562272776 1
-0.019829067887612861 -0.071808291463542687 0.0076712999209171675 1
0.023318573387626378 -0.05198721039388126 0.0026383203835542825 1
0.0008142469080117884 -0.07593328820449563 0.012007809865202747 1
0.0089526128300138324 0.062014522084612785 -0.0147611900378825 1
0.0031961090255554084 -0.077770080512822137 -0.0049781035892980212 1
-0.0053814633253554296 -0.038556041049722066 -0.019395251819671323 1
0.025043173078191563 -0.077810294617929793 -0.002909511844000619 1
0.0089654311877522853 -0.057777124437638376 -0.014854900214664487 1
-0.010759446848662962 0.0034668403000251567 -0.00083534314648908768 1
-0.004982069572987663 0.0044180158458729793 0.011454264310663714 1
0.02738351338832019 -0.034119822133147369 -0.0039400748242130693 1
-0.0075482300339936373 0.044849442132975828 -0.0041499063563224317 1
-0.013336103985062899 0.051885027831920963 0.0054318665574481428 1
-0.021987867217388286 -0.048883150101795822 -0.0014729021538628919 1
-0.02100018383162601 -0.018009866538724849 -0.0077176745467124885 1
0.00080147927382794113 0.049055716420221919 -0.0037947641273529567 1
0.00053580555501162583 -0.071907928462256979 -0.021388685887296977 1
-0.017351883095407215 0.0048856261202780155 0.011749357296266496 1
0.0020720672627558652 -0.016688631269868699 0.025790863758482652 1
-0.0070504659302115446 0.05185230511466133 0.00051154597112411631 1
0.0018705943048269729 -0.057525187240063565 -0.025378554970512307 1
-0.0033240402140120801 -0.035613056447578728 0.014293176201792506 1
-0.031449378468096256 -0.079182237386703491 -0.0069995718076825142 1
-0.00085214750147236216 0.049136041884476504 -0.0076913043947844997 1
-0.019487191820716745 -0.042238764456101273 -0.012166076077511878 1
-0.027553667314350605 -0.080710560083389282 -0.011646978557109833 1
-0.023036852671015788 -0.033178417064729682 -0.0024939706270732855 1
0.023057121221288057 -0.055864129204613693 0.0066685786828280091 1
-0.0069793435329550714 -0.072115962448700097 -0.019313812598600426 1
-0.025343227617571063 0.078671155164992679 0.0075847575887118867 1
0.016494982952653333 -0.02018192061346593 0.011516464535480046 1
0.020195422321969098 -0.032596476929775846 -0.0070215349178468361 1
-0.0093462874233149421 -0.07573362910251917 -0.010936379740602102 1
-0.0054541799249475257 0.062791455740701788 -0.0087771528086977857 1
-0.012726158930412582 -0.0053383444753728497 0.012011304680799981 1
0.0042123595603444034 -0.03969459364321249 -0.021204371787346962 1
-0.0091588105407323945 -0.00032426492287483878 0.024248456876533039 1
0.0083211210708817838 0.003510080605451783 0.023231059304890292 1
-0.024794424951305124 0.067950038060019882 0.0095224315714753649 1
-0.028061836957931519 -0.08019864559173584 0.009046503808349371 1
-0.023878850874919085 -0.0036626723510699414 0.024655456357216332 1
-0.021623886334670092 -0.020741020169110835 0.00063874237074234652 1
-0.029387214234797072 -0.079695860909133526 0.0066275600564811091 1
-0.0067450931808176314 0.055023938132432053 -0.0056212902077711754 1
-0.018739274471155053 -0.041014815100495504 -0.0045186087949119153 1
-0.0066739396842762765 0.082395411782079014 -0.011013566715054017 1
-0.003294105879269444 0.026736201221865988 0.0060582070276320775 1
-0.0088597527090959662 -0.059050463476370933 0.01222692573366393 1
0.0049122700445150928 -0.085141610443211543 -0.0018595997682538793 1
0.022067861228388979 -0.045361305515540226 -0.0023328013755750938 1
-0.0045592185674089396 0.017766717708222659 -0.0013840817982372551 1
-0.0039459406694114674 0.016170500783013048 -0.00094097060972801901 1
-0.0044821333045089373 0.016115619621575265 -0.0010899517413375196 1
-0.0045166352732778931 0.017318927164953792 -0.00087729398848046362 1
-0.0030105791825783402 0.016863647531189248 -0.00090817067401490696 1
-0.029724042214490622 -0.079942411915665201 -0.0093221441077491109 1
-0.0045372360248483214 0.016600603903067404 -0.0014838271420488543 1
-0.0040638997052090146 0.016546011351981683 -0.0012633631798507686 1
-0.003637911029525247 0.017142113859880469 -0.0010600909290429553 1
-0.0037948323413592761 0.017298575290689261 -0.0007113256722248337 1
-0.0042969900267363515 0.017245183362495194 -0.0012682825654214112 1
-0.00944508146494627 0.043454442173242569 -0.0012531563406810164 1
-0.0089002552313943266 0.043502679123152851 3.650230933843678e-05 1
0.014187908138194099 -0.067779003475633259 -0.025876555384612726 1
-0.0041514650122561987 0.01720071650813295 -0.00072354605462027319 1
-0.0086447522904052766 0.044765897572250891 0.00040790537272402863 1
-0.0080083664380836573 0.044084258532760677 -0.00098335354978296868 1
-0.0028526421307350815 0.049249618854266208 0.0037658091464626022 1
-0.0045078746407733001 0.016623403685919511 -0.00099259302760217158 1
-0.0037348643200818695 0.01729904315857143 -0.00020102211280750553 1
-0.022010529520649712 -0.061115222881887137 -0.015821979454972893 1
-0.0042178788451700637 0.016518271685028823 -0.00072101728824596216 1
-0.0037899835945054481 0.016591391693278522 -0.0010813257148056072 1
-0.0034157721031560263 0.016914894522078124 -0.00027052548009726997 1
-0.0075051134989939147 0.043961699539415186 0.00019820833016257454 1
-0.0016302321045839863 0.015610659020751965 0.00086732888275017374 1
-0.0044911061895128133 0.017123556571976225 -0.0017128849264063113 1
-0.0035208339702398304 0.016540819691934171 -0.00090437595992488753 1
-0.0020148349082409998 0.033066832798612271 0.0060092753954043825 1
-0.0044716836499208382 0.01668478908344485 -0.00056900236135508516 1
-0.0042683792636558707 0.0051372009506180346 -0.012716039477872009 1
-0.0036349024693474387 0.016794506961603343 -0.0017009710451234064 1
-0.0039296523550616932 0.016617191328233583 -0.00072491480554907396 1
-0.0020548614247647948 0.021719334025306437 0.0026428990660878767 1
-0.0043751852129105626 0.016916005139377403 -0.0014661460571583191 1
-0.01079214354325576 0.085001561713457296 -0.014786661880011561 1
-0.0075533146464768471 0.04532862661577905 -0.00066731344181597053 1
-0.0068891466704479225 -0.010732966258067885 0.01216414654699904 1
-0.0063278370745741917 0.045756700686752014 -0.00022446847026166174 1
-0.0043308707041457926 0.016911071287023516 -0.0011449249838202929 1
-0.0053772728167967949 0.044654659519554982 0.00066167030264246995 1
-0.0089535837243622709 0.052839024938906645 0.00069450955506373754 1
-0.0063461390549912258 0.047442840731790656 -0.00060323258431411466 1
-0.0041140458720678279 0.016877752229950707 -0.00067550443528047112 1
-0.0086304880678653717 0.046368349343538284 0.00031908700475469232 1
-0.0038110288946124685 0.01686955233733093 -0.0011209822076753131 1
-0.0082259971642416885 0.046246929728314602 0.0025304193722929668 1
-0.021670752116361477 -0.017621272035550674 0.01143190079399055 1
-0.0060781687959649434 0.047878930147455694 0.0005778963161438143 1
-0.0045138297396833038 0.021032129399892394 -0.0029473053266840243 1
-0.0037985111947378132 0.016893035314316105 -0.00084021526795932753 1
-0.0035733961970549144 0.016852737035409494 -0.0010065175835357681 1
-0.0052804818315240233 0.047245823324478013 0.0021774297074247106 1
0.0022215122942173238 -0.0019425979206630886 -0.0064045967812999 1
-0.007661698866385268 0.047445305624185412 -4.421748406805181e-05 1
-0.0066765017364620169 0.046404186152112545 0.0022118431738074235 1
-0.0043492295670636751 0.016877263655350496 -0.00082296437497891644 1
-0.0065937505994520572 0.047936506007958846 0.0019206775553208403 1
-0.0089946361595683137 0.047715517222520626 0.00096835685193252883 1
-0.0039602928662617973 0.016875330913473811 -0.00071338931827997544 1
-0.0063387195935761904 0.046659478508929819 0.0010374258095863869 1
-0.0090117849904012264 0.043306213513184644 0.002360151375263065 1
-0.0040846049983010871 -0.04609422721343652 -0.022122631377555865 1
-0.0055046606914612318 0.046687126460746242 0.0030192337579287992 1
-0.013027508816340797 0.05596000500697812 0.01074977115174572 1
-0.0004544651059409075 0.018233839107729657 0.00078961676342101535 1
-0.0073170118790781002 0.04902426704037971 0.0026458940480455773 1
-0.0060601053257921134 0.049670279720152553 0.0024752951670153141 1
-0.0047065656411493925 0.037432165385570544 0.011363282852226347 1
-0.0046316211928388125 0.019813390434313169 0.0031599221493322743 1
-0.0029966182619184417 -0.0028370455748361317 0.012562716326247099 1
-0.0074028740881742399 0.046459522783328808 0.0012452205546730642 1
-0.007954592897028958 0.048155568052090293 0.0015245399564892959 1
0.025447934541214891 -0.01434829296776389 -0.0036383333613397599 1
-0.0016286516416838307 0.014681302078489755 0.0047127742618394593 1
-0.0050167159669018361 0.017739354317953083 -0.0020112008971559688 1
0.01304069822631727 0.061015307452810683 -0.018945050484802984 1
-0.0071202314457613179 0.047482219639201954 0.002776550006836573 1
-0.0043837936685741053 0.047511615762362007 0.0012171542781113814 1
0.01017874209350415 0.061246903773716783 -0.015905487576385428 1
-0.002688006122721217 0.022153420410059792 -0.001290132554187871 1
-0.01832291522512788 -0.054561329416916771 -0.016346639122670235 1
-0.0011230750824324787 0.059961879625916481 -0.0019323903252370656 1
-0.0010632366089371559 0.020252069224417715 0.0019894854245249339 1
-0.004234901300529917 -0.054338333254121303 0.012661106205161969 1
-0.0023925433817207284 0.017895051315524341 9.5027085752597037e-05 1
-0.0074087799426050061 0.046595926046249556 0.0034575742816319987 1
0.01043943207889585 0.060398240810276782 -0.01660280547458776 1
-0.005372094899072569 0.047611780999987349 0.0011610622082099177 1
-0.0033018242973357689 0.016535397746496584 0.0059336660550866156 1
-0.0054472294898852075 0.043927483675272792 0.0021179451045726704 1
-0.00030136670260981718 0.019353215263346137 0.0049524379195754536 1
-8.2031088776498022e-05 -0.049757668277738733 -0.016066868420490456 1
-0.0042278546678476362 0.049634828136915152 0.0017761064364703908 1
-0.0031448408020288013 0.068624434668368692 -0.01182659229354774 1
-0.00020939634455618763 0.021765034503252546 0.00072556595267469386 1
-0.00079525541696233589 0.02255336120043578 0.0005887439304754188 1
0.0074883988233596151 0.027484871296192103 -0.0081817907182436915 1
-0.0067853386106730158 0.044284949195679657 0.0039623075345863127 1
0.012541402335077827 0.05890719317357411 -0.019607430101842797 1
-0.0031031947589708992 0.01758758411336029 -0.0026217294470036326 1
-0.0025540011934942078 0.01590598666587887 0.0052394963388183889 1
0.00912423191494415 0.026356070196688446 -0.0076789589889502642 1
0.020189850526866646 0.054557891777661925 -0.025885686863481173 1
-0.0023977498404366615 0.073720008919254398 -0.010702229006318974 1
-0.0020988808275132389 0.073269180826800742 -0.011572369497274157 1
-0.019945690484009786 -0.0041626730803055022 0.012428407940579559 1
-0.0036195016323349273 0.018348918584655701 -0.0021759391732619712 1
-0.0083885932891750829 0.049105338922399523 0.0017824405876099665 1
-0.0059003078183684689 0.018521627586403581 0.0034916388926780986 1
-0.0016534481956058276 0.019444014493605468 0.0017614686066510525 1
-0.0035500415082671886 0.047115186897321588 0.0022871241344398943 1
-0.0015966533720610028 0.04018166107892706 -0.00055374454337765331 1
0.0090245565381730751 0.026016766942478564 -0.0098477647796898563 1
-0.00067261655767061413 0.044704085468840755 -0.0044444750181421386 1
-0.001027073878482923 0.018748090925890623 -0.0015499021862692588 1
-0.0034345164647148333 -0.029901762264152084 -0.0071081966905275559 1
-0.0031116690478403901 0.01870357247508125 -0.001627398879123806 1
-0.0050079630543887824 0.013342913175673515 0.011288112850900924 1
-0.0072789340121990082 0.048190803994625962 -0.005107030481231881 1
0.0023634162382059933 0.0441698924844676 0.00046107373091530094 1
-0.00038230834930254206 -0.077970490223114641 0.0018859490544544633 1
0.0051065683429899122 0.010890845867758387 -0.0012960301052433994 1
-0.0125630339910698 -0.039862963133664352 -0.019710004942073232 1
-0.0061906060451708484 0.05009575882591015 0.00067343696128136909 1
-0.013974167212160113 -0.023402053466870198 0.0017232596387386058 1
-0.0089349211722824923 0.045607916389152375 0.0019433822781582768 1
0.0059461566647127789 0.026810817460079153 -0.008433658963773091 1
0.01187716341096459 0.059101686360073756 -0.017250503050981098 1
-0.029708775138908072 0.077393471735246314 0.01572470148548474 1
0.0056141643464267792 0.056565280501799264 -0.0098517378435059241 1
-0.008420834725716371 0.084604900893471585 -0.012564784401734979 1
-0.0052844899124239323 0.016882297399355435 -0.0022917094737347969 1
-0.00070910521231966751 0.053107800144273791 0.0015229392416773861 1
-0.00071956729791100419 0.055134869910709546 -0.0038854870326857568 1
-0.0048907695241601507 0.01407575121383719 0.0011195986328017037 1
-0.0046612951704333586 -0.058568805844704169 0.0082079914938265157 1
-0.00081012284499593079 0.061100466176867485 -0.0036499282578006387 1
0.011851041452696031 -0.076506936708496051 -0.010222164808911874 1
0.015213159306521723 -0.055483217178749898 -0.008432961163223722 1
0.016199770382279738 -0.046835759353957111 -0.0097374271500195158 1
-0.0038407781523486268 -0.063195014903302399 0.01195218291863113 1
-0.0037994937329429205 0.066717544902725537 -0.0096278573639387161 1
-0.004471583012115408 0.042986823224333094 0.0036813047316742124 1
-0.0090752873678685633 0.014902942619517861 0.0037097637893168485 1
0.012567199546579569 0.058678518990255148 -0.017629590718775883 1
0.011937551397053372 0.057918815093300303 -0.015989742078381455 1
-0.0023301311302930117 -0.080200962722301483 -0.019929426722228527 1
-0.000776772796780043 -0.056909570058425438 0.0034141389132950777 1
-0.0047890656505832838 0.071649837828603055 -0.015416569564369643 1
-0.0049148095899434422 0.082736332225843853 -0.012392736302433791 1
-0.0031854231634877981 0.017989129311553647 0.0065162484707797516 1
-0.0056639609351144529 -0.014416529178654807 0.019100612235779912 1
0.028311358179495611 0.046165147939794073 -0.02490624773638225 1
-0.0058847439002255248 0.081828727647043673 -0.013940327179180655 1
-0.004269867949549009 0.050315599609527181 0.0010668568771917313 1
-0.0030911202619678425 0.07621311960996037 -0.0088200082678560037 1
-0.0029177180491996683 0.016116737236369662 -0.00033139236501604995 1
-0.0034546351674294594 0.018622882945247995 -0.00056586375526173 1
-0.018959982023407242 0.086578820595448719 -0.0023569290431369057 1
0.0073423153528314735 0.02722699140586337 -0.0060115718170938304 1
-0.0065410836081867393 0.013958565919418933 0.00033413009097574373 1
-0.0030823653963748228 0.017440004112250967 0.0058828763102707245 1
0.0011235994965268573 0.049193348700132464 -0.0046607540506645841 1
0.012525711208581924 0.02295217290520668 -0.013193751685321331 1
-0.0018582243649251391 0.049216881950686922 0.0017303397549739432 1
0.0032298272425468288 0.047599596155518661 -0.0037278810440011102 1
0.022634859066232454 -0.059648925090994079 0.016625741523763001 1
0.0051017585379854518 -0.057280163426357153 -0.0074538147083396365 1
0.017115042985765255 0.023056312857333019 -0.012067620113721606 1
0.0066525309812277555 0.055235370993614197 -0.0096099725924432278 1
-0.00067479705991223737 0.017838479349381042 0.0015466506374053864 1
-0.0029384648111336923 0.017917334983082036 -0.0019275850202813295 1
0.023535649895056476 -0.066097553409306106 -0.0025127516105726035 1
-0.0043375572198038068 0.017267390476909329 -0.0021144288906198502 1
0.0011828341075699057 0.048474756792067884 -0.0036289445428753092 1
0.0076960972477468012 0.023278126214248126 -0.0083613147233958136 1
0.0089717483296031641 0.012032375314703397 0.0088746657436975501 1
-0.00097196649859136155 0.02234270180561158 -0.00151735025033659 1
0.019944732257393221 -0.06008305102365049 -0.0036567339863046314 1
0.0025490529978715874 0.015109673616490148 0.0018533985604547115 1
-0.013117751193369226 -0.074843942838675223 0.0070459632630724594 1
-0.012763410526229724 -0.057610908037850565 0.0061455586667454607 1
-0.00041188261545676961 0.019107284756755629 0.0019368759922785441 1
-0.001653097306004914 0.0070381360738611589 0.0034045122089976366 1
0.0073150928937681025 0.02592073303578421 -0.0095623941778932332 1
-0.018226399069638851 -0.011316069531620392 0.020083775687216691 1
-0.0035723108823284095 0.059025942082940638 -0.0020998900252476821 1
-0.004113816024676223 0.049990466721207209 -0.00033874352868313836 1
-0.0074795257293207695 0.042787172144836988 0.0040632972295282085 1
0.0010142776156367608 0.051474204681336032 -0.0013409316983733549 1
-0.0064363358959584772 0.043600764402555822 0.0030113216118962923 1
0.0020938110350919694 0.053364350441856251 -0.00033822664333331572 1
0.010228086757573399 0.015479270349122181 0.0030299132613431637 1
0.0017625605899232351 0.04905971839256433 -0.0026875833099711736 1
0.022778810562282807 0.047555709871933874 -0.027304328025311214 1
-0.0069504369537921129 0.022809785466846338 0.005967753740712776 1
-0.0054524582774939578 0.015385087884105184 0.0038092740981254844 1
0.0188909793989324 -0.012511762498748774 0.0063318479430955485 1
0.012559073041011112 -0.011077426310747863 0.0088643281392058806 1
0.029973201940885662 -0.081080128559825618 -0.0076866772294148285 1
1.1015778044207798e-06 0.025128693221621624 -0.0013177472656951577 1
-0.0010452318639410194 0.010503468385148282 0.00075215135952609873 1
-0.0036788231095638995 0.075599004970501288 -0.015886327497512742 1
-0.0043356486399002605 0.044425080259848197 -0.00013617812141299927 1
-0.0047803917546916297 0.01370156793736289 -0.00099540335014550716 1
0.014268029159055822 0.0030104813397101478 0.019578227707527259 1
0.013367521717120984 0.058242134678479371 -0.017912630601183133 1
-0.0073051827384282104 0.081296541933384744 -0.016173913671881167 1
-0.0023115894466923491 0.072690958776768816 -0.0094678963590453732 1
-0.002869352686974652 0.072938422532624989 -0.0095947299122188818 1
-0.0056914529826105507 0.015147993377893916 -0.0091931947832192291 1
-0.00043791565618379115 0.019483576290696112 0.0030288349892609204 1
0.0028596891122271433 -0.036305159308588936 0.014608820099569576 1
-0.0031056419684012027 0.017389208067865217 -0.0010107420441834568 1
-0.004799727996556106 0.04298031746516312 0.0047177237253399557 1
0.01346806574457865 0.060051278897592139 -0.018254193306222716 1
-0.0091584674647677833 0.01931951658400511 0.0045911209412094877 1
-0.0078415312975767624 0.08527938715948237 -0.013140266878121972 1
0.020751148454390311 -0.016115662883135724 0.012692473860486419 1
0.013048857852322881 0.023057822476133309 -0.0088549205837844449 1
-0.0001578627182635745 0.04068947971438297 -0.0028195030065448572 1
0.023250909377100903 -0.071800369262438254 0.00086090524054153821 1
0.023965425993492495 -0.022651068030172111 -0.0048904974848831074 1
0.0070545624962039637 0.012968177413573879 0.0065395456005024125 1
-0.010945223377022478 0.016830301315642022 0.0021108132539071145 1
-2.6122919268000451e-05 0.050390370899879841 -0.0030630023412476031 1
-0.0053422722229028267 0.018173003400271275 0.0032078700711667524 1
-0.0075555467334270246 -0.046074859111412285 0.015835529083994573 1
-0.003184410555335567 -0.014732354643030535 -0.024606500370433073 1
-0.0051232357170937865 0.014745728794536927 0.0075944006827011771 1
0.021132548273345288 -0.06160796154547931 0.0091566006666873572 1
-0.0013330329353404612 0.01382110253456041 0.013019386379031382 1
0.00042983218731642995 0.023068714485228233 0.0067863891480398489 1
-0.011904995358061955 -0.022812711202827601 0.01973323735492092 1
0.0022639349434060646 0.013669447350911574 -0.0063726560828436876 1
-0.0066075329923560716 0.022683800232092013 -0.0037263249863976186 1
-0.0079805475016127177 0.00808585127729009 -0.0087964452196521159 1
0.0089410869780167258 0.015826116418783936 -0.00013725510023235733 1
-0.0039726566079477214 0.015447684608339507 -0.00072601854467413342 1
-0.00014085721275709152 0.01978251245663519 0.0038821703683968845 1
-0.00072405558413046473 0.013244607257674387 0.0033299793305760369 1
-0.0071143540424793202 -0.042403439654657024 0.011774072153632867 1
-0.031672881916165352 -0.054406439885497093 -0.0034715087385848165 1
-0.0063394531607627869 0.020215521566569805 0.00031422101892530918 1
-0.0031648331723273114 -0.015777868921048804 -0.013198927157143374 1
-0.0052643752455453071 -0.027170987967136566 -0.013445998674638771 1
-0.013310198718725316 -0.0088001068775917582 0.0061270407882976375 1
-0.0054159161861833064 0.023251279284935256 -0.0036658520196706764 1
-0.024602260556042227 -0.041181206344275842 -0.012998241673377046 1
-0.0063578314563887293 0.0043985550423182619 0.0022679406544665061 1
-0.0012722271488451635 0.02486121814611628 -0.0010709866639392477 1
-0.00049986081352840119 0.048440674152315781 0.0010711317426962982 1
0.0016857327069232802 0.045664701221326466 -0.0020672075235814878 1
-0.003126350030860339 -0.025433117930625641 0.010753751557474062 1
0.00082855790625702792 0.047109828197654684 -0.0025652122831295436 1
-0.003722799241426929 -0.020958539763629512 -0.019295157044981925 1
0.016908722946419364 0.056391037356223972 -0.02111943649730939 1
-0.0040136117534661665 -0.0096450296077529515 -0.01793420551914951 1
-0.013535657968503914 0.014844635180159856 0.009922351867266966 1
-0.0097823644656323313 -0.048656823596703362 -0.01234750647000509 1
0.012050525383152856 0.058526425043678977 -0.016737636723070281 1
0.010650588651242339 0.0092899086843630241 -0.0019597749528863185 1
-0.0015303673825450542 0.01062123040830152 -0.015185075060297695 1
0.020491458631914709 0.05583178306113188 -0.02486604367589676 1
-0.021519843711098628 0.067608462508493408 0.013013401271478977 1
0.030563923635716982 -0.077950443435972572 0.0026502524926389909 1
-0.0037138931054010844 0.020014227473058949 0.0044348871716058608 1
-0.003565505784993539 0.0055829085912761974 -0.018668266744724219 1
0.0013331616451755215 0.047289782779627705 -0.005071863310261172 1
0.012739093863466352 -0.0027575197183169137 0.018404068862953083 1
0.0011047608600104266 0.01046577361200606 0.0067819942150322511 1
-0.010189150856129486 0.01631664887707392 0.0096782260854448299 1
-0.0013974658503490781 0.016893155893654997 -0.00061924015467252572 1
-0.028459719899664986 -0.036354909157104973 0.0010323406204354464 1
-0.0027222357855135803 0.070052413195474339 -0.0093400356797159034 1
-1.3831250367195248e-05 0.020138553042404798 -0.002314620451952183 1
0.00047336570589987393 0.0047195761772913132 0.011943417356057178 1
-0.013920395348763577 -0.023657043473237539 0.012229455923585904 1
0.016679449789005273 -0.026095210567360409 -0.0077166584988996 1
0.0001785865321895175 0.024541215326600283 -0.00054179352291602119 1
0.01942155740789351 0.054631470734611436 -0.024248299728098308 1
0.0092456671470336899 -0.038498974212719542 -0.026160696223593512 1
-0.0015438097125485021 0.02049326946994591 -0.0028475327518477198 1
-0.012762767264284727 0.081224368423653645 -0.015457472490253357 1
-0.0001167917466925971 -0.055137320319974745 0.0092141345637175645 1
-0.0054757610746804571 0.018217834265882065 0.0040186613783980019 1
0.015893632134847232 -0.047463488028922293 0.012910453912563397 1
-0.0028383983254273507 0.019112115160189083 0.0015945253412070314 1
0.0094854992663978219 0.060195040835554436 -0.013001557817310636 1
-0.008797486798762931 0.049093010828903896 -0.00087994541132225049 1
0.0014059615997758887 0.041677348614371106 -0.004238892389132577 1
-0.025715560843691025 0.077676958005046204 0.011807136687974739 1
-0.0079808656156612565 0.053920616563625116 -0.0058639163581196479 1
-0.0044451578421757102 0.016746887039733052 -0.0021016201157862268 1
-0.014817484527452997 -0.036996250580759144 0.00060336204987741164 1
0.031457221135497093 -0.063360357657074928 -0.0058970754616893828 1
0.005418006317052671 -0.033541614183545697 -0.020023548466909642 1
-0.0026026651733708703 -0.025919486316530869 0.019002479667303715 1
0.0043443205418712619 0.050279721531832064 -0.0028682165683480343 1
-0.021097167853232693 -0.048383673240645894 -0.013019901683488525 1
0.001372382760171218 0.011883792662797014 -0.002923576481479436 1
-0.0037009566877993462 0.017236105307955465 0.0054472987648458131 1
-0.0010557839568233948 0.049556177511605251 -0.0026332628278586895 1
0.0062413811533580527 0.013726689657853071 0.0091551449733133852 1
-0.009351690737686871 -0.035851957684498045 0.004862120340353885 1
-0.002821290742177106 0.05004619265825147 0.00019075799241577063 1
0.0096201423771838674 0.023551886518387251 -0.0087046546639257122 1
0.017554736703137824 -0.071814776840113406 0.0094996712605130498 1
0.020137065040675556 0.054758597067358236 -0.025212221923747734 1
0.0017525090247898999 -0.051005492057852826 0.0043647114530743023 1
-0.0083252399159709257 0.052745329482970588 -0.0047675680868372481 1
-0.0018877099377928354 -0.031641876165248398 0.0076338413148999652 1
-0.022257194531716575 8.8572147017424383e-06 0.011895418309212267 1
-0.016686024491366924 -0.019071994663094994 0.017603707881829276 1
-0.0051129925401956558 0.069495580177230634 -0.010241737920224295 1
-0.024564636485975577 -0.029947799137134155 0.020776772957630241 1
-0.007659683478685184 0.074116668397415181 -0.01348594068489152 1
-0.0051421406678855419 0.063103962689638138 -0.0072384970262646675 1
0.013864116506427311 0.060432729371812481 -0.019713295188901237 1
0.0083956041422142344 0.014586173467693168 -0.0055283257617103924 1
0.024618329507880423 -0.08810326674736188 0.006522620644477963 1
0.023215411230921745 0.044898847118020058 -0.026186533272266388 1
-0.0021816760154201704 0.018367601574655199 0.0058187955519904567 1
0.0071800307990757695 0.013486851151871544 -0.0016637300686925711 1
-0.0068155248339051705 0.028105561177614265 0.00050509915188132963 1
0.0078165298973348341 0.014282604734949703 0.0041619311210317885 1
-0.022648609798078752 -0.045360364942004114 -0.0065865280505677855 1
-0.004518477787834453 0.083292471605384527 -0.010169061906392989 1
-0.0018656125496739344 -0.085120659063783272 -0.0052102573254800173 1
-0.0084315459468720048 -0.030553995345403102 -0.018795950252373246 1
-0.0053937259475631575 0.017916490594542308 0.0011136441801307304 1
-0.0035410343271192243 0.032530998074728826 0.0093679839298017216 1
-0.0039700420301525853 0.0099461654430020516 -0.0098546069518475436 1
0.025008245463130897 -0.039271367269519082 -0.00033873338056967552 1
-0.0037141120911330515 0.045459248654430122 -0.00067866672718550547 1
-0.023231386374382778 0.071881393987681716 0.014099492335687474 1
-0.018125928432650019 0.013703740959257433 0.0027399404943685857 1
0.00013684502717437085 0.05347001877364356 0.0018299013977836356 1
-0.011412991764484182 0.055919777816177088 0.00029649408416706862 1
-0.0052558656954682136 0.03175216561281817 0.0053577614495607939 1
0.02018439222090352 0.0562473221519975 -0.021304565989974111 1
-0.0044971188763156533 0.028659408912062645 0.0060332110151648521 1
-0.023129675298853902 0.080558955972467247 0.0057966147089336239 1
-0.0015807906591755276 0.019079872766965583 0.0049185368784967539 1
0.0052592719569937016 -0.025176194267452899 -0.020326634928349095 1
-0.00850958246962321 0.017074911664188206 0.0021938649915862903 1
0.021772434941065448 -0.077800127490107673 0.0047154579105245786 1
-0.00048701435053526306 0.019142645574202918 -0.0024949264784319418 1
0.016309169121086597 0.025932216085493565 -0.011439161840826273 1
-0.0020723107409516359 0.049856394769269084 0.0017109631485061273 1
0.01821940076928456 -0.075967844818117677 -0.0046438121809551135 1
-0.023184589766961899 -0.040478409173591627 -0.016245242045487548 1
0.009247142024188592 0.0081194250996602779 -0.006644558235147935 1
0.024784717592522151 0.034157011211384564 -0.022136473726830974 1
-0.014246306492103398 -0.035467147601724397 0.0069223065238529511 1
-0.001447393119176371 0.010733945731812865 0.0051133701920930167 1
-0.0049373169433134323 0.03751699975045427 0.00030669395447329231 1
0.014268981735780657 -0.022584610446793798 0.022174509454938939 1
-0.014192738026542032 0.083758114690555288 -0.0044864151864284696 1
-0.0078365644650072539 0.084362721994959977 -0.011398708288613555 1
0.015309635638532878 0.024527890395869001 -0.012598449353843522 1
0.004990442769967178 0.015932446630929652 -0.0066288117167452327 1
0.014792763803147155 0.060144406755459401 -0.020529950087200814 1
0.00046231746847763197 0.022775293143838783 0.00026257808151282922 1
-0.004414359676838198 0.049940536196203228 0.00050834033313459839 1
-0.00726699251652029 0.052356991247999626 -0.0030965709799290601 1
0.010983055584202563 0.0098573175292703315 0.0031410995897055345 1
-0.0053770004143752111 -0.032948375168281384 -0.014333693953055442 1
-0.020400779915684099 0.06262767894206199 0.014042418720681229 1
0.00067678274646696172 -0.033313359843680376 -0.021767771153216868 1
0.028178551919168297 0.041631403976131749 -0.023050657696025944 1
0.014346580174763961 -0.015784250536790619 0.021723108807313398 1
-0.0044881595613875044 0.026293075914563029 0.0041863734814891187 1
-0.0042545410866707094 0.049725651775637335 0.00097543077354255282 1
0.020932662611523909 -0.071241873975080583 0.014481817924723852 1
-0.0058882200461516177 0.080322138980522859 -0.017107578523411628 1
-0.0061856625477837747 -0.032501194914980665 0.00055817423731470374 1
0.0057888509522760392 0.055386742620488691 -0.0052096779825847022 1
-0.0022971668905996056 0.019137867700830324 0.0043428781573958729 1
-0.0097190713297385812 -0.0012223676873564097 -0.014407929665692253 1
0.0010741963312290092 -0.015874415468528948 -0.019872491929919443 1
-0.00089253360597899402 0.014329910009273949 -0.005346185363792149 1
-0.0043654126471777931 0.026174658703717487 0.0018043145042362582 1
-0.0053185275553064839 0.015207260970144836 0.0025723438794701009 1
0.017075379063540109 -0.05245738789810369 0.0044537643182749548 1
0.031381015215371483 -0.062956781817931823 0.0003496332756879774 1
-0.015368444524301583 0.0095501670165135336 0.0077497998272327397 1
-0.0021232727342666525 -0.028830406170264593 0.021324960785216104 1
-0.0064390948191539133 0.039851501817019901 0.0079327958623348679 1
0.0010209333936780939 0.046706625543243396 0.0032133767148467586 1
-0.018001278664407493 0.087551997660187147 -0.0041491208542662377 1
-0.0085636755357048067 0.085664759352713976 -0.012244996347078858 1
-0.0046234900771189875 0.017462354924357684 0.00069570254173054007 1
-0.0068536831334794985 -0.039993915283230784 0.016586672117079419 1
-0.0029964926183098433 0.020255043799194024 -0.0018314004746235416 1
-0.0034042096085292527 0.038575282254667824 -0.0021984414737802383 1
0.014537994213769426 -0.019659621292142215 0.018411306719395101 1
-0.027638284603289483 -0.016089468653072748 0.013483312675743877 1
-0.010256326472289325 0.016775376338569768 0.004921567570157063 1
-0.0041639860375529214 0.040804649004897033 0.0044841126427507495 1
-0.0089047745335548954 0.052355695939537199 -0.0032358818616469534 1
-0.0042082839148897926 0.041663685772087983 0.0051864549086996876 1
0.02658493807942424 -0.06664987597604452 0.0011516245206598808 1
-0.0066793576831471512 0.0283444831884259 0.0066039334200198915 1
-0.0020769377843100961 0.018578392149410747 0.00305315805348488 1
0.025956418344618919 -0.076035515728116898 0.0030934010304138264 1
0.00071256527998786066 0.040495452121933312 -0.0014494698235841125 1
0.0013134929028836143 0.049083564503010879 0.0017376764932314232 1
0.003598253981092747 0.050167810642466081 0.0021924663104854192 1
-0.0038403947766080734 0.036553445861485921 0.010732628104545833 1
0.01290176649726997 0.014106636721439025 0.0042696985093594805 1
0.0098419279135779705 0.012578872037752551 0.0058625120378460651 1
-0.014888780214461664 0.053042029862602522 0.0036204346995553026 1
-0.02176348336910747 -0.025927785995537266 0.02702644974805541 1
0.0054622149790556603 0.056698109014506302 -0.01292413109104382 1
0.0058869727957898358 0.056356873327722774 -0.011648554121996739 1
0.031147280588437836 -0.056569564938819102 -0.0041284518305664533 1
-0.0038089946912110832 0.032295926568950604 0.0063979293631503589 1
0.024311412213391847 0.048430911064628906 -0.025609847401917664 1
-0.0021306174578043287 0.014177591910904314 -0.011436498064705517 1
-0.0012606886088515421 0.023861559256017458 0.0011630455761878753 1
-0.0053986327985881136 0.047812058563699314 0.0047169008093554798 1
-0.0054023547563701868 0.063456187024712563 -0.0059124969411641359 1
0.0021034069790381725 0.011723280691862297 0.0028218563110115071 1
-0.0044195225294229113 -0.032686815797844437 -0.021360199496667415 1
-0.0087570154892123026 0.01169362921742316 0.018895864341946313 1
0.01217545665518158 -0.0081720990123459701 0.018550976568323756 1
0.0021755841570781733 0.033774048453394462 -0.0031794662771405329 1
-0.0029316556192928805 -0.028600298012263787 -0.018475554574630119 1
-0.0098569868821409556 0.038026925960165742 0.0022731883739642448 1
0.0094871755385979185 0.025627401231884141 -0.01212941275121073 1
-0.0020707300946057701 0.011368856128824181 0.011179193145841598 1
0.019592396449297667 -0.074965883046388626 0.012317508924752474 1
-0.0019482768856869588 0.048785457582607591 0.00050238291106772127 1
-0.0087709747200760066 0.050208142251014963 -0.0037820471590334932 1
-0.024152108486633597 0.077421754411154051 0.01315613981214454 1
-0.013512119489280992 0.082553317325450681 -0.0092848126709505294 1
-0.016294387811105426 0.08970712534980671 -0.0026660900142457564 1
0.0015953547424241495 -0.026366201046452199 -0.014549070980862416 1
0.024468084657180072 -0.083109032708965011 0.003998087104136374 1
0.0083817404229193926 -0.027170881628990173 -0.022183799184858799 1
-0.0042704750444871112 0.016800267040653086 0.0033075268245428015 1
-0.0047844113970411696 0.017109433130482576 0.0021402642416375474 1
-0.0032270985305896589 0.050887394552974141 2.5098771548071034e-05 1
0.01882607489824295 0.00097977930272463709 0.020858403760939837 1
-0.0063072837805364813 0.056538762535410826 0.0053630631134705268 1
-0.00023746320781561984 0.018602335600469644 0.0026876975128258596 1
-0.0008940329647715296 0.073958426538091426 -0.0093873648503462852 1
-0.0035049108302734381 0.018161399151675996 0.0057740052962889669 1
0.027885178112769721 -0.046478750832112822 -0.0036148115808502259 1
-0.0083449549312881333 0.0096751838549408251 0.0035105098655520001 1
0.0012854688208186783 0.048009102012041747 -0.0056860967568864449 1
-0.00096964107160955805 0.011807076243414446 -0.0077018448811125798 1
-0.0060018555564150923 0.046254896790442979 -0.0088361844680763576 1
0.00012346620387322231 0.014647926996474187 0.00015011560269536267 1
-0.0035769883106695488 0.016692725010216236 0.012649916112422943 1
-0.00047630454597545374 0.017023458613557103 0.008490488119132741 1
-0.0062776279150478023 0.017966767224855153 0.0031711447612913189 1
-0.0045469549678240646 0.016175431069783669 0.0045166220793484736 1
0.018444058126075649 0.057732301315460574 -0.021862340755554582 1
0.00016574505165933856 -0.025417933168897646 -0.020983924473307193 1
0.0068507936212456287 -0.025230279339680469 -0.023681784983112603 1
1.6152764219267943e-05 0.027232011960066461 0.0073890635070275965 1
0.012274673924264934 0.022000976293686986 -0.013709905398595821 1
-0.0076161476123791094 0.058492609669675122 -0.0020956311690524762 1
0.00075075478990994536 0.048399513409956949 -0.0068686326350677592 1
-0.0030063347463595977 0.016398238824248009 0.0022950434024649352 1
-0.02314717136323452 0.077060721814632416 0.015305073466151953 1
0.030094867572188377 -0.065578775480389595 0.0048739502672106028 1
-0.018239391546918813 0.085325876089385896 -0.00017417166907556888 1
-0.010308365479325322 0.053374828945498227 -0.0024706066150593942 1
-0.01379719702526927 0.082399800419807434 -0.0060423973482102156 1
-0.0042041244392606938 0.017381616331489051 0.0059728400621448822 1
-0.0026331317211427414 0.016914271682304371 -0.00032309636192012227 1
-0.0028231050920677343 0.018817694066495399 0.0057441548251661364 1
-0.0078254050817254239 0.072406806786606145 -0.014596994819262342 1
-0.016312105538841933 0.086382052659350811 -0.0025579898473791188 1
0.00029007935981156043 0.013170565762346678 0.0055162372362072094 1
-0.0030857239038283137 0.072565510233243091 -0.014487450354887514 1
-0.0033874749482900239 0.019631317660080836 -0.0021384539378706451 1
-0.014000223678485132 -0.031267335059805619 0.0098459429604989736 1
-0.0043332295026630163 0.031906459480524063 0.0045135766267776489 1
-0.0035545395619080464 -0.065200249909279737 -0.033415215754291204 1
-0.00081140191857938498 -0.029320389876092697 -0.022275765108084 1
0.018645079340785742 -0.080138940364122391 0.008596690371632576 1
0.013740148321681625 -0.011324976016320317 0.02276306213491212 1
-0.029453283793706445 -0.049903854196299696 -0.010296024051082741 1
-0.0013275176413003699 0.047679680708186199 -0.0080195956681807339 1
0.00084598176181316376 -0.029874147847294807 -0.025193458423018456 1
-0.018262612405533864 0.083602022602885837 0.00058957587372517831 1
0.0075617160387007809 0.012013535291190258 0.0020883634429464167 1
-0.0098441923252989769 0.007383607380975276 0.013939032903070973 1
0.00014686365463526755 0.015701942637449798 -0.008905569166598154 1
-0.0028982803915087651 0.048273099883569502 0.0003579547365273221 1
-0.0046620596546834486 0.022123541972776928 0.0036323888379177043 1
-0.02189339604228735 0.078539106994867325 0.0055233892053365707 1
-0.0016687377355992794 0.023982173763215542 0.00535785430110991 1
-0.013999230833496546 0.084846872508667584 -0.0055676929802377434 1
0.0002534749724767762 0.047601305684795404 -0.007222112424791283 1
0.015182395000010729 0.058566240593791008 -0.015189480036497116 1
0.011774037860346614 0.026722234836290097 -0.0063333291379506131 1
-0.0034729999042164791 0.017021027673982506 0.0010049800540896708 1
-0.00029419992848988543 0.032386069198913556 -0.0030053361866165195 1
-0.0080952017966734596 0.044163887113823998 0.0019349019035336716 1
0.0051440115327618628 0.011087821965527623 -0.0060123595185088367 1
0.0041995660680974704 0.013955653664814296 0.00058387488003604692 1
0.01387390283232345 0.059299602654453998 -0.019819900010877148 1
-0.0091775273484070805 -0.018481071568484709 0.015148467720458754 1
-0.016818078769202185 0.08494830618940602 -0.0043398953203786315 1
0.00045178206422557773 0.023500572408620229 -0.001227706527869382 1
-0.0067912978701937417 0.02155111298056072 0.0056477080923766345 1
0.0076564392752359418 -0.0038998760088404033 0.023171003813305887 1
-0.0092865266050691699 0.084554171084055815 -0.012412084439346651 1
0.01871475133719229 -0.042058569692748592 -0.0059551707777049457 1
0.015488363291152473 0.057284916837550354 -0.02259636429502487 1
-0.0042718763487461925 0.074997599573270679 -0.016602670372439402 1
0.014434712592873667 -0.036058452018072763 -0.015158034596266108 1
0.022701772898412225 -0.038757795945106664 -0.0052656520106693213 1
0.018590092906630898 -0.052065001909790659 -0.0018827626523839609 1
0.0043703764318775984 0.01412554274619301 -0.0034870522139600815 1
0.0011783631980604771 0.018989215739990104 0.0060354384038969044 1
-0.008009668347225116 0.046349476126088661 0.0019916231649037669 1
-0.0052793861182133684 0.018953871861265268 -0.0039925291143297478 1
-0.0035916910707221644 0.042042241949294373 0.0072599246133543422 1
0.012094387994227693 0.022046934230829238 -0.010559957641016629 1
-0.0019713208752514234 0.049321343347148522 -0.0032116637791769261 1
-0.0088492021760220776 0.021892195009558538 0.0047056838248209177 1
-0.017987061289019012 0.08501503574552649 -0.0078509288101677333 1
0.012171094017797068 0.0088624729778992439 0.0081306613443246824 1
-0.012814782238041592 0.037011890844630482 -0.0018827348687988749 1
0.022266689509843344 -0.0058016992102724553 0.013449229016081986 1
-0.024125845744714446 -0.046930697920089796 0.0038152140883281737 1
0.018750354317562966 -0.0050389074440162721 0.018650185540303895 1
-0.0009785827139634723 0.015492703846759767 0.0082073815667412647 1
-0.00278960487809745 0.023168221413926268 0.0034080478826877215 1
1.6660472313779389e-05 0.049111966798210102 -0.0041236339758079213 1
-0.004811522743802886 0.039326926966379468 0.0055527866256821524 1
0.0063294540828582324 0.055716620237201732 -0.010717553771501966 1
0.023239239935795009 -0.042984036859187759 -0.0071027017280667279 1
0.013638718460512919 -0.0016403077855646128 0.023206217286316787 1
-0.0071363120747041011 0.015889255998974033 0.0032698754457436098 1
-0.0024115475100507421 0.061972138428629496 -0.0033425535296290119 1
0.0067299538524064938 -0.028950745907221513 -0.018176951133071405 1
-0.0089479890997089997 0.032444300470804752 -0.0025458621365325221 1
-0.0029456348567806325 0.0069029182614457644 -0.0038434553378753184 1
-0.0033849162479569969 0.018572089277146382 0.0029837007449809512 1
0.012822603876667711 0.022971805720483022 -0.010529309307145275 1
-0.0012140707624092241 0.023166948710053113 -0.001380165810883743 1
-0.017517774496398093 0.087249360792453906 -0.00062982379375014976 1
-0.00447886623442173 0.043028611689805984 0.002747501595877111 1
0.00044630579075748909 0.052417271720843449 -0.0067432920398382652 1
-0.013601324847983423 0.05709512445303052 0.0032838685978632022 1
-0.0019507501441836735 0.039754874777650467 -0.0024611518242252817 1
0.014049841132224768 -0.0083525209803154837 0.02648897631203604 1
-0.014244981465942099 -0.082493116290155308 0.00046016456805460053 1
-0.0034712437987103736 0.036649670720941829 0.008972821855410526 1
0.010636318940669298 0.025821170769631863 -0.012960365973412991 1
-0.00050226574582184667 0.038406608748098627 -0.0023768067291414594 1
0.029761132323759619 -0.053620695823509916 -0.0094785379761889183 1
-0.0037853892519162571 0.010827073208960005 0.0034136010289667956 1
0.0023966182423438378 0.047929815621007982 0.00056462696263169694 1
-0.0031341501291307977 0.06007202072367597 -0.0051309559345483272 1
-0.019219251349568367 0.086278717964887619 -0.006136386189609766 1
-0.0017867931491040625 0.080672591993368473 -0.0070661576134164305 1
-0.016299440059810877 0.08831338956952095 -0.0053926224354654551 1
0.016754941611362872 -0.0031889838462520613 -0.0014552031718726168 1
0.015279089804147486 -0.0062112021355944539 0.012600832556587801 1
-0.0016259354729035213 0.018247343712978242 -0.0032250781215080789 1
-0.0031109029282095366 0.038020332002405205 0.012206001204442428 1
0.00317383072483432 0.013266140148902563 0.0077729940589897264 1
-0.002199038758469309 0.049083082937882314 -0.0038779738296435616 1
-0.0035101431086939534 0.018904380856287671 -0.0028421871688757579 1
-0.0023963020296003498 0.018332031634941119 -0.0019530309932424747 1
0.0039404905207289292 0.016765008256726228 -0.0011352769047484402 1
-8.8963840204620256e-05 0.01279349927152428 0.010834801283958471 1
-0.0049373154538172072 0.017626707270178739 0.0037468000145068638 1
0.00060349961405958071 0.023129423089651178 -0.002376452301176312 1
0.016179757982453108 -0.018754157767282363 0.024479391703894918 1
-0.0015971254645401915 -0.035160644071853937 -0.026728399110722882 1
-0.0046736993973771554 0.018199468190840489 0.0034797338357476092 1
0.0097969588978239382 -0.01441368227622645 0.024722786125035218 1
0.026363072023074075 -0.05018360606022125 -0.00062388667010889192 1
0.0068071196836903816 0.061305197110962245 -0.014775222664241782 1
-0.0012213404799667263 0.016311817625303506 0.0049654889511966237 1
-0.0017971536665507735 0.017250104532967735 0.0038920570368988793 1
-0.0038195826215440473 0.017825229600941087 0.0029517217251749852 1
-0.0017548950596994162 0.018889578213614838 0.00389265482582181 1
0.012946166195604597 0.024801721052305423 -0.010387787238712472 1
-0.00036021011723169497 0.02306675638823022 5.7485603384037717e-05 1
-0.0030036629376745971 0.017129036007588676 0.0022726169206318198 1
-0.0052776662687204681 0.0054814852259317572 0.0065050861081872519 1
-0.007811220104241413 0.039473011850036065 0.0046525780637378614 1
0.002865823013270805 0.016664860059493102 -0.0028220065726905258 1
0.0071218604045866435 0.01650815925618521 0.0016491705672398334 1
-0.0023770327048283158 0.012738591843126878 -0.0022790931254816202 1
-0.00093421095845261154 0.024770928980953105 -0.0025955344588614081 1
0.0083360709249973297 0.013774962164461613 -0.0080991832073777914 1
-0.015495287797629124 0.058493247325446716 0.013887511402842393 1
-0.004731905145075376 0.018134598317857079 0.002732438020576869 1
0.0084675880425984854 0.010202713505995428 0.011886475870939965 1
-0.00017231549220073832 0.01695524392773699 0.010478177760334269 1
-0.006339607319125945 0.050805265091072166 -0.0027139010295644857 1
-0.0019329497627905052 0.023782450748528035 -0.0014552739159054244 1
-0.00086705877022264367 0.018079087161685627 0.0023034842878255891 1
-0.0059511161383639134 0.04328715301361781 0.0039399743489232763 1
-0.0061398739061145156 0.05777283999066557 -0.0060990452121244265 1
-0.002883509928888122 0.044866419804045779 0.0030781715638227907 1
-0.0044388770513248549 0.031311882900444815 0.0027714513635732022 1
0.0044924321210316519 0.050377478081536156 -0.0040150359220681477 1
-0.0089376464706899007 0.041955850931265151 0.00043407110424527242 1
0.027242089762366483 -0.054427307349772455 -0.0014600048220005852 1
-0.0065643714861020417 0.040111991437870594 0.0043089844457471485 1
0.020291128928828055 -0.047471541012154714 0.0035122663448857155 1
-0.0023609107229160247 0.017676120024546948 0.0053165761289206814 1
0.020160723658436828 -0.0051450269338800987 0.015807180520910371 1
-0.016422841823536857 0.079976793792698314 0.0012434520934606901 1
0.00058391464556568928 0.047967288523135684 -0.0050792688864391049 1
-0.01122219395181424 0.082706910088822722 -0.012520605644670457 1
-0.0061376339480717799 0.013376721341047179 0.002974166498555181 1
-0.0007763854559141184 0.018817604350731647 -0.0032528054278073456 1
-0.00166949450587954 0.038429361730841903 -0.00077364745734165568 1
0.0025883236538700631 0.015821336762414255 0.013780162257569693 1
-0.010929600335657597 0.080178204923868179 -0.012601153925061226 1
-0.0042625023846833065 0.014410305182016608 0.0034403098266699065 1
-0.0039552852145224183 0.034655200001741181 0.0045053732630845481 1
-0.0068375307291345727 0.050534244583739008 0.0029974537757021876 1
-0.00057389693993209576 0.082086621673319704 -0.0060543905228180317 1
-0.002152402682861332 0.017729860781334081 0.0020264212614194001 1
-0.0079310809019725818 0.083108906331362781 -0.0097799260524101522 1
-0.0011787304247263819 0.019808750133961439 0.0028513651923276484 1
0.0036973805581913197 0.061026051555634023 -0.01038997587291516 1
-0.0062194952668774032 0.061476786669875848 -0.0057417461965422025 1
-0.0026391405431095446 0.015156888318277625 -0.0035775996849196404 1
0.010669893389975028 -0.013080681084454268 0.019757194653086611 1
0.00093247398108149801 0.015222092156551367 0.0085575625849069869 1
0.0043020656648899216 0.016733057476090316 0.0027062852131712655 1
0.0042965691742705894 0.016600320962685659 0.0098484030478042488 1
0.025186094921082258 0.03815824817866087 -0.026217048522084951 1
0.0041814900319901835 0.030507774105013478 -0.0050603997857625437 1
-0.0026702354166594179 0.017639984286918368 0.0021480077013889738 1
0.002173663448119971 -0.029278641162220537 -0.019406660773864784 1
-0.0004928060840048785 0.045159208734766615 -0.003131765034340768 1
-0.012652911058879071 0.086892492500972682 0.0005773730368110895 1
-0.0011976833076015384 0.023946563341980726 -0.0011051932425053469 1
-0.0036350385861780229 0.058291706261985557 -0.0055420027109929328 1
-0.0094790346766100431 0.01269415594953769 0.0093812562815513544 1
-0.0089227999197184354 -0.035848302597603958 0.010864523549600678 1
-0.021357928259846014 0.081026064094705752 0.0026017794740727622 1
-0.0030668909167495548 0.029315946357324204 0.0052863744596670257 1
-0.0017111594888762154 0.018734606698799693 0.0058158330947574409 1
-0.0052988098468631506 0.024871651083230972 -0.0023301061009988189 1
-0.026352141383407794 -0.050717344172197469 -0.0066128634255526366 1
-0.018293143250048161 0.083067167550325394 0.0026473598554730415 1
-0.00036703267140370042 0.023981796239241359 -0.00096617492539921351 1
0.011821283125888133 -0.0064450068757751508 0.023008781868350769 1
0.0090854034255612066 0.022724648577416448 -0.0087803389911748613 1
-0.0031320834570975481 0.017388179317120556 0.0032471003343899794 1
-0.0062815396282042343 0.036966199077361983 0.0083388437758927444 1
0.0012443013157193109 0.01222132892238423 0.013948714794113189 1
0.00091134732793233305 0.049230567941137268 -0.0057652986428616436 1
0.030744043099726087 -0.054462913866045869 -0.0069473518639095923 1
0.0090003360528498888 0.014393860474228859 0.01208604546263814 1
-0.0024043062380286486 0.041552196557413129 -0.0050414005183913382 1
-0.011033685526124434 -0.022725550842674601 -0.015871608828495903 1
-0.016009864079542576 -0.037200502939767316 0.014286690445424279 1
-0.0011756871826946735 -0.03470904566347599 0.01985586155205965 1
0.00073401079281172621 0.036005191245368821 -0.0031312955834135914 1
-0.0017129059268142029 0.052123273195388474 0.0016614148411904356 1
0.00049322928373616117 0.048869489644149486 -0.0057310946745588506 1
-0.0008658271032512873 -0.02997239854835488 0.019649070641574454 1
0.0048630915476047705 0.014879183303149858 0.0068127574792199597 1
0.021664315834641457 0.037684548646211624 -0.023975059390068054 1
0.0054694137207638134 0.028655589530842178 -0.0065836442851635799 1
0.005636280496385951 0.048447518949800664 -0.0026476721174594963 1
0.001416637563833366 0.010458053290574663 0.010396570767784864 1
0.013812899529735205 0.058369643331259553 -0.018716072042816327 1
-0.022838278732650957 0.076760025937200091 0.016748914819885403 1
-0.029127537272870541 0.079128284007310867 0.014980364125221968 1
-0.028229092653709761 0.079491911177835592 0.0081749563894266252 1
-0.0091907935043534054 0.082348304601647701 -0.018350367247063175 1
-0.0075319869570947681 -0.025100750632498284 0.015390967543882215 1
-0.0027608516507208348 0.019659870891921186 -0.0025393062881569413 1
-0.0025083274642415106 0.0196514358727388 -0.0017580863871665415 1
-0.0093530807190273842 0.054952877758609728 0.0021661733327397767 1
-0.0035492225548288819 0.019383217554880879 0.0035745376028134693 1
-0.011348302729349842 -0.087467837766194573 -0.0034468167336343621 1
-0.0011113348838496667 0.03524793922457365 0.0071319905183723185 1
0.0060254033264258581 0.015009779171523621 0.0050921377727167995 1
-0.0043527343625880616 0.017473525623024299 0.0032966943561864937 1
-0.0092463714813480653 0.016771635005275419 0.0066209578055165729 1
-0.0042979951506847327 0.016524226557853194 -0.00011814604189083134 1
0.02196819975246931 -0.046304673333322707 -0.010150036542699463 1
-0.0043959271104701539 0.078975543903202966 -0.006292642742385968 1
0.015944629493930981 0.061896994497044486 -0.021136019559681717 1
0.011569913650945318 0.026146121799741361 -0.010979316628998127 1
-0.0019964272338954098 0.019680640873061064 -0.002363499850442628 1
-0.0041622039352537622 0.041346097000268506 -0.0039937317096732736 1
0.0027968414043773532 0.016803105161206353 0.0073144115138170209 1
-0.015944530069009869 0.086208858610446776 0.00021145350516410581 1
-0.005690477255444977 0.040297208402007227 0.0080324664015742463 1
0.01584563915805073 -0.066895026513284092 0.013069782554669725 1
-0.0074216635474494471 0.02831944460437022 0.0016978485221620329 1
-0.00060145036581844803 0.023517219553161505 -0.00028910464749157695 1
0.017367848321979556 -0.020997467640038264 0.0014951962849838038 1
-0.0098028897069795846 0.08380961494219949 -0.018705007114032404 1
-0.022370598527290075 0.082265096454183437 0.0033044530018597209 1
-0.0076811963226646185 0.058111054822802544 -0.0032753900159150362 1
-0.0078211114603263729 -0.035068048357289043 0.015384912146252037 1
0.025158722104645891 0.038468907614452423 -0.024690658962745287 1
-0.013476813189644098 -0.036087256732174978 0.011487907756392118 1
-0.020206580856374317 0.085922146788201842 0.0013105282131234592 1
-0.016841961977683548 0.084287950808986434 0.0027463046418713848 1
-0.021655012875993338 0.072626647133675726 0.015191997299142168 1
0.0045885291843639027 0.015654145697210353 0.012550556732497638 1
-0.0083328968338463386 0.017911365929558585 0.0039280391718755992 1
-0.0016262818176224301 0.019101262876175883 0.0031026252321514135 1
-0.00078596619584612342 0.035933665890868223 0.0088393955318172204 1
-0.00094600496596184856 0.018993688561346634 0.0048726318376190432 1
-0.0042483137816392933 0.049067305575795646 0.00069982924721900407 1
-0.0026101374533027411 0.01897993590682745 0.0030988614307716489 1
-0.0053114392108501492 0.010125766345564956 0.0076589245845379156 1
-0.00074245576131272482 0.02339869782407869 -0.0010191776437537836 1
-0.00074772551537445977 0.016547441896147239 -0.0046019379585457432 1
-0.0025920936610341217 0.048735271237414876 0.0013197008708075522 1
-0.022268159689556366 0.07794835869658702 0.0050048413838804373 1
-0.0017356092696102535 0.01748540899476151 -0.0031568237304224114 1
-0.0042830758403865328 0.046818937525834978 0.0034001113509889319 1
-0.0088239512800139287 0.030923860015727035 0.00055871595872330712 1
-0.0013789731733360256 0.007741257593812197 0.0085579649409344583 1
0.010574386041807028 0.022106983623941135 -0.010488563349934499 1
-0.0069835170222156085 0.055120567776363816 0.0030103360472703423 1
0.001771693706528514 0.016472066096069504 -0.0052053286577224368 1
-5.8584423910589858e-05 0.05097018026591936 -0.0055444810404969456 1
-0.0033782354944879465 0.016153971116678264 -0.0012902641480988654 1
-0.00085234765802973741 0.039652881938733342 0.011046529000631515 1
0.021231253537353566 0.056521163849289381 -0.024423082500192622 1
0.006384002410220811 0.055143552908685514 -0.011597980703488029 1
0.014613576088440983 0.059014272419438657 -0.020632049436398705 1
0.0011958908186102822 0.050323513861468369 -0.0028895511500176031 1
-0.0088687311454547311 0.058323289363137638 -0.002151938067760875 1
-0.0020282318951342234 0.018967329169654556 -0.0019990444671265915 1
0.030381796961714291 -0.052564874675128936 -0.00070528635349930259 1
-0.0026092642398579174 0.018382287708803347 0.0033137158902189377 1
-0.025656073248155321 0.083943687948908413 0.0094953825081594938 1
-0.0047721383067255083 0.016829851137809326 -0.00020572042818649627 1
-0.018544401368189238 0.089252603014582446 -0.0029832488959117662 1
-0.0017393197776220987 0.023516863376349628 -0.0008655690749110696 1
-0.00445138717305784 0.032063387852499035 0.0080226702623809546 1
-0.010868427196917432 0.014926926874346222 0.012075000689241902 1
-0.0064455469765241843 0.072296766217755853 -0.015077563950615502 1
-0.023612795332412714 -0.041262528493007877 -0.00021143911015380544 1
-0.0097965308298140884 0.042703265130968997 0.0014054864059854476 1
0.0015244745732006775 0.048093152937049952 -0.0025226292178632198 1
-0.0077222763492473976 0.085923779073219658 -0.015784805189179352 1
-0.0074778178569117545 0.013892230177592026 0.0059283551375611419 1
-0.011401844183725944 0.080993099569233354 -0.015295219127221144 1
-0.016888190992176533 0.054556753486394882 0.009492900688201189 1
0.0036789966023595298 0.016784291707673503 0.00097209356115575472 1
-0.00089239161320580913 0.039774162202901878 0.0095831814574963304 1
-0.0015942739326788088 0.053832925326767679 7.4171201645849586e-05 1
0.024762039592520081 -0.044152957884121623 -0.013382809515689454 1
-0.0030814267418030382 0.014658655246537155 0.00044092734402949627 1
-0.0011685022584808794 0.015003531978534986 0.010306369492643566 1
-0.0048432109898379413 0.056834538304113849 -0.0035785423327474126 1
-0.0099542343443964881 0.013177097656709002 0.00018317720490956138 1
-0.016122101135908597 0.084871346100642106 -0.008176084100652542 1
-0.0013459664026511378 0.019694479557928767 -0.0020326094782990413 1
-0.0032685251411781855 0.017664860944041662 -0.00043106295985027328 1
-0.0041566597406488114 0.016053905453710642 -0.0018728152556115518 1
-0.01205246229009414 -0.028367806772557874 0.01368873440550686 1
-0.0012206216472868861 0.072014200043071949 -0.0083970520273979783 1
0.018799047587076206 0.057699688202881315 -0.019997190082174082 1
-0.013262944943707396 0.085851007600543816 -0.011103826262083252 1
0.016768162052356608 0.056943913363173469 -0.022249992156480172 1
-0.0060552270700854702 0.039202343868799568 0.0076471268785899063 1
-0.018364610150456429 0.056003674864768982 0.0090602596756070852 1
0.0045536431212717284 0.047724847609151626 -0.0016632819164171409 1
-0.013247830553171575 -0.056972987371171784 -0.022623660399811871 1
-0.0096275789450938187 0.038023048563864952 0.0008830809582813287 1
-0.0080102425999939442 0.045219177380204201 0.002079807803966105 1
-0.0023550846954177563 0.017586713426174381 0.0039989247159853492 1
0.0098291429740641721 0.024593947036600904 -0.010614003606092477 1
-0.0087602652948585488 0.084190382579964779 -0.013364915515298437 1
-0.021716781648148394 0.081162278687638589 0.0054461858403679489 1
-0.031352324865628861 0.078769613856408724 0.0085879013768293995 1
-0.0062525665042253587 0.016680361075420827 -0.0055273988841042006 1
-0.0036033626395150253 0.017637714755403329 0.0011540211821494896 1
-0.00012281739704353588 -0.027592204266134374 -0.024925965116730807 1
0.0062475074026991338 0.032547183465539364 -0.0067968107381118073 1
0.020104900933802128 0.028962793760001659 -0.020467044785618782 1
-0.026675770638235816 0.074762582322118437 0.010774295922035659 1
-0.008995396909746 -0.034429279145621806 0.01803925911953012 1
0.0044651759047401596 0.057923830937935933 -0.00991660014230877 1
-0.008075957772205062 0.055601815648004524 0.0020425128265111709 1
-0.0024534143134274378 0.037962961331108672 -0.0053714128124866022 1
0.0019704366687801657 0.01682714407890902 0.0095213496739136195 1
-0.00076816741587212151 0.024124797258584001 -0.00044130031774287541 1
-0.0017251913668587804 0.036754213273525238 0.0090414793230593204 1
-0.0031874935303200388 0.017715338161139162 0.0023754661382795693 1
-0.0039673466626078697 0.045295884113910695 -0.0052439222025348758 1
0.00094474139041267335 0.027439596131443977 0.0065958970226347446 1
-0.005159788859258576 0.039845533686371046 0.01131403107911332 1
-0.019721646743780418 -0.040808186695683056 0.0041524393818757723 1
0.0045347237579887439 0.012773154405343027 0.011678233500790751 1
0.0027513952966939431 0.041829278839072594 -0.0020632856948281323 1
0.014553096281826895 0.059232043882650784 -0.016442422355705387 1
-0.0043675605486304583 0.0690463719236004 -0.0088887085989899223 1
0.0010756881196954139 0.019635160221557684 -0.0023401066017717117 1
-0.0054978604187997833 0.021043380076490252 0.000812333029916607 1
-0.019681899157406559 0.084827775150422696 0.00088097376610904541 1
-0.0006526864590650249 0.023419962837334878 -0.0031214018813402545 1
0.0047489182511507022 0.050574637390298875 0.0017497135014302309 1
-0.0022274231909115293 0.04373910418792961 -0.00051198202514257619 1
-0.018520303593127365 0.084587691972033766 0.002018330010748037 1
-0.0091270457237091276 0.022725336440775727 0.002308650529032427 1
-0.0085130592551241058 0.027028925623980571 0.0028066029228153259 1
0.026011662175221776 0.037234460492165694 -0.025100322473045673 1
-0.0091121602747014641 0.0088268848776787215 -0.0030180774885879297 1
-0.0029299701297475457 0.05023249975124576 0.0016517032730839977 1
-0.015989530831575394 -0.034272169694304466 0.013113090768456459 1
0.018137940496776167 -0.0015129266803026497 0.019528910952002324 1
0.00093383242302836635 0.047924882331055817 -0.007790444976416018 1
0.0077466448496026855 0.057623952478443666 -0.014504901958785914 1
-0.010102645322580473 0.083903869704065701 -0.013100140430704595 1
-0.0052188648842275143 0.043089549988508224 0.0033595024142414331 1
-0.00046173660060683263 0.018690169366648593 0.0035371434006921309 1
-0.010300760347055331 -0.030053851485338595 0.018106462616053341 1
-0.0071017153147316051 0.056667403254979341 0.0032033930260656051 1
-0.0014739874459116394 0.048580041834250173 0.0013050694050757772 1
0.023395866017246872 0.04398289424410811 -0.021318235397453103 1
-0.0013221697569205271 0.024260272020770711 -0.00033195107136270403 1
0.023430194620286851 0.043538861449560484 -0.027330694750042947 1
0.0017330805778347346 0.014495000585506814 0.010924671874064427 1
-0.011926376997376207 0.013087891004167617 0.004975114417090646 1
-0.0071233624396123988 0.032283534726683674 -0.0014035097680359125 1
0.024986178586545262 0.047125157752809996 -0.023819078221425191 1
-0.0076807318599816437 0.042599889811096123 0.0017190841905750911 1
0.016420643776655197 0.024120260030031204 -0.01171101164072752 1
0.0030686079855249617 0.055158404603422209 -0.0072609240166496437 1
-0.0079175363773966688 0.015382405858343091 0.0010762045724886443 1
-0.0099326926687617056 0.081686486657493701 -0.019651079962401986 1
-0.003693411702633694 0.01707553410996766 0.0032767732313765704 1
-0.0039859357569700851 0.027383199077636946 0.00092040339206868695 1
0.011685995813688068 0.025849668042518842 -0.013226840803203488 1
-0.0018861773731312661 0.017214574838140494 0.0049994499857882388 1
-0.0076078649330373659 -0.030695998611269301 0.01330282215238165 1
-0.0020546644217545713 0.047820577641071504 0.0025665043972665945 1
0.0029282661914960114 0.054744801776159577 -0.010809132896207522 1
-0.00337491066694574 0.017856257317638628 0.0032867609102998708 1
-0.0090949853952097849 0.055824405746662677 0.00082603335907211741 1
-0.00031409987866713311 0.026529380507806406 -0.001336969445214367 1
-0.014143081665977041 0.087453930849118358 0.0013641435723615401 1
0.0032995835010579113 0.050111795792534782 -1.8669537127308853e-06 1
-0.015117810853532953 0.079549697133265193 -0.0051058022911770118 1
0.013546769507229328 0.023792389780282974 -0.0096758389845490456 1
-0.0058465945150435964 0.085212925056845745 -0.012615648926075295 1
0.0063986242877456384 0.015747131489254329 0.010674134537226078 1
-0.0021036494992789632 0.041456221271252272 -0.0023039933052247333 1
-0.0034518421327330183 0.022807841259875138 -0.00011780248778031163 1
-0.0005889883532213965 0.018475342232896725 0.0044890561942678145 1
-0.0031130033355579742 0.019676739402047429 -0.0010758701537000375 1
-0.006899271858856082 0.072910130023956299 -0.014968591276556253 1
-0.017064555197953916 0.085361759653886565 -0.0062267323441358557 1
0.0025336883167706727 0.015639719400385482 -0.00018166453015093086 1
0.012796526039439659 0.025174013209304558 -0.015822591128052864 1
-0.0031777438034478536 0.023743932848532549 -0.00077893738342842307 1
0.00058565553063818555 0.02682733406783205 0.0089341041939470615 1
-0.00016546913686300954 0.028385596841135043 0.010882174727377443 1
0.019717730768551912 0.056069500236523573 -0.025341440577654192 1
-0.020061864583510152 0.062592746330906099 0.016049933139890102 1
-0.0088602589568972535 0.056063408251543802 0.0057332038676916877 1
-0.003329561362530349 0.034661037513673804 0.0091413720421883379 1
-0.010129603931023537 0.084987965988139069 -0.012171704770930887 1
-0.0059103651437908411 0.049138501286506653 -0.003967552911490202 1
-0.0033325539497609268 0.016083470582590156 -0.0024485706163033592 1
-0.02297347381744368 0.071736996812878373 0.012799534352225491 1
0.0034444613496332154 0.014290283925054988 0.0042042002086785032 1
-0.00076317692151807491 0.017704143047770494 0.0051959775600968648 1
-0.0053628703346167029 0.072001186341689699 -0.010187145330575496 1
-0.0022756029420500537 0.054157225581558242 -0.00061026670756099324 1
-0.0016160572663037206 0.01989417776495625 -0.0035096968096188005 1
-0.0038165911312957102 0.060628612329728673 -0.0062434433332830544 1
0.0020814355414179647 0.041655007673627252 9.3846630644144188e-05 1
0.02701771087818533 0.047295880676534702 -0.025101417571279826 1
-0.022295283571903773 0.081117150647331202 0.0065109771576278746 1
-0.0042912919210708698 0.028941885122542487 -0.00097079982905998402 1
-0.0030778459353649236 0.017038695440344 0.0040695105824397121 1
0.0011767866906766576 0.048862650330408534 -0.0042270647299779418 1
-0.00083730024818677324 -0.031668096771037567 0.018478372932624127 1
-0.010596154830952245 0.055122261223526543 0.0013616762701519583 1
0.01436789905359803 -0.0036436418162974203 0.026127929044969498 1
-0.0019778015537447293 0.023074936769921044 -0.00039532321444116973 1
-0.0085087988991290331 0.033537913113832474 -0.0012484871476772241 1
0.003987788411486724 0.053147974813730986 -0.0091437212828562198 1
-0.0038528854325947676 0.01651427943587308 0.0025787301728750788 1
-0.002438741045855963 0.019706937083842999 0.0052456966719767947 1
-0.0028001198975649735 0.017037107745813001 0.0050590472652842075 1
-0.0055098154116421938 0.049510162323713303 -0.0067295485641807318 1
-0.017753895185362186 0.089994150482256424 -0.0033910741639780299 1
-0.023960568860207459 0.07208577118948245 0.015036798312357821 1
-0.0016430382355066002 0.023249095295177376 2.9277537452691046e-05 1
0.0088381919296930348 0.015375392519711569 0.0094147301512143185 1
0.013568653394803794 -0.0054585259115897122 0.0254595038377716 1
-0.0078465735649856858 0.041149088403787885 0.0030637100840180693 1
-0.001850772883739507 0.066310619091810366 -0.0034388378437354684 1
0.00012529148466936565 0.038976652471548433 0.0013206392665059284 1
-0.0062412458938032617 0.051602486252029151 -0.0065800070443851784 1
0.017666479037613612 0.026581822554457873 -0.015872532700535642 1
-0.0054376609901727593 0.05535560884183667 -0.00027972693542205931 1
-0.0003384467602211953 0.061067200649324978 -0.0045561108228059132 1
0.0033261120824816461 0.048913473656165905 0.0003799409934918953 1
0.0033243319101324475 0.05901943443471664 -0.010850949301706067 1
-0.019578374565408931 0.056106717545026004 0.0099635422733343852 1
-0.025100947269179358 -0.08300732377364077 0.0064540534118084376 1
0.015637294696860926 0.058844860358896099 -0.018617468830425591 1
0.011562321335077286 0.027725785039365292 -0.010700369253754616 1
-0.0035758320978761591 0.04267470818578821 0.0038404860497972143 1
-0.0024185816641380162 0.017006433636661013 0.0035741944939404638 1
-0.00087067500902321892 0.017763895148628476 0.0046007752748528849 1
0.0010088502792746348 0.015467668925289207 0.0037657734312983235 1
-0.0090784140702962219 0.037348912049533937 0.0027536090601260211 1
-0.0029423235654539152 0.015234487650461958 0.0025041446954120676 1
-0.017600786465228325 0.086738898558974251 0.00067684947295373822 1
0.012775593408099983 0.022819233910086448 -0.011916350457702757 1
-0.0082555463366120393 0.017213359285152965 -0.00033375690055855974 1
0.0033712166432997327 0.053582381483563833 -0.010374346237904754 1
0.011132743072465307 0.0596531158038019 -0.017363010312457048 1
-0.0040176697075366974 0.041326157748699188 0.0075157203245908022 1
-0.003544393999093105 0.05931865307829419 -0.0062783320003467549 1
-0.026897342875599861 -0.043287282809615135 0.0039161437962320633 1
-0.0084664097326257477 0.02100964464288483 0.0061273867175299515 1
0.008642703051605409 0.023417664847767309 -0.011938075614314567 1
-0.0024167844242836745 0.016334512938716832 0.0030005601755211447 1
-0.0022457149712406758 0.043950400203440078 0.00068378953565356607 1
0.021650504086496661 0.053863420829283144 -0.023224038698682777 1
-0.001789264218723249 0.026611291858148013 -0.0025534189490996023 1
-0.0064632775131634769 0.036523534064522398 0.0053569310474987277 1
0.020043098341534227 -0.076515906879846593 0.0096556649378608354 1
-0.0044556824179276784 0.017624835841330528 0.0026620185608806036 1
0.015638975871211932 0.027213347629732078 -0.018121452369024543 1
-0.0092840197294313358 0.016931404616355009 0.0036436324982656453 1
-0.0055537547155990524 0.010891600395081477 -2.3448074358668948e-05 1
-0.0040361565595431097 0.016948075851050626 -0.0013628422307792555 1
-0.0046375950566709973 0.016961659041339793 0.0040205280812319168 1
-0.019914716716991753 0.060899794961410562 0.012016090716830385 1
-0.011206934694200754 0.030088837258517742 -0.0045752933947369456 1
-7.8901141636904471e-05 0.060971791795243833 -0.0021396281489969374 1
-0.00351218922573976 0.052749769021944101 0.0037951010894382601 1
-0.009434484546641848 0.052370163617464278 -0.0016642475994895095 1
-0.011691521387547255 0.056069290265440941 0.0018789292662404478 1
-0.00074778478619606705 0.041217704469846288 -0.0011267669468603598 1
-0.00071334853140689184 0.048052842578725767 0.0032207903084695358 1
-0.013840118897584592 0.082277842348153149 -0.00099292586562489725 1
-0.010210407928027208 0.038857074155151383 0.0016056360366794276 1
-0.012599353735259087 0.081992935489280522 -0.0026907284388671686 1
-0.030874772661185601 0.077600204648834895 0.0089322655808298027 1
0.0038717636596621043 0.055533026376570968 -0.0088558268420736771 1
-0.0015319429461651372 0.053122266837908438 -0.0070179862137434877 1
0.00033167977885660625 0.051651525830663896 0.0021006052271664534 1
-0.001999554835359376 0.056668339257653896 -0.0021727772240999399 1
0.0011563826943524183 0.057245865979620933 -0.010144926153667615 1
-0.0018412362118194409 0.019572565972146155 -0.0028691350231887262 1
-0.017098843714437581 0.085538515756059724 -0.0091288474336122388 1
-0.0022143625302642974 0.04992209183480275 0.00053394247957068159 1
-0.0024333838110451129 0.017056930045849801 0.0094379605933579726 1
0.011885111820714778 0.02382571270096541 -0.0075938821108880779 1
-0.0025470394560613511 0.040921161812154688 0.0080323756890830073 1
-0.0018973542443353076 0.019039895162891264 -0.0033851714835709825 1
-3.3706253358129499e-05 0.04954327193534426 -0.0040756303270903429 1
-0.015014158348439912 0.083330432854157657 -0.0057805473799018405 1
-0.0064936784084319212 0.053543654204244895 -0.0033600005430727315 1
-0.019557037089088111 0.060341566269422102 0.015028745332977423 1
-0.0027323105113255162 0.024069896849136612 -0.0001980068601692393 1
-0.0062481655148048723 0.016901570335111017 -0.003368751312728401 1
-0.00067159861722348199 0.018107000909864623 0.0050214615242574817 1
-0.0011823939794166451 0.018330777162019137 -0.00027814608757347343 1
-0.0013583888162693857 0.020764862743627165 0.0034396106692492446 1
0.00047297195531943747 0.026279347672865532 0.0077730322038799451 1
-0.0025866388472527042 0.019312353377917462 -0.0028318788623554916 1
-0.0032380698723997823 0.019782399199350972 -0.0031334173812197874 1
-0.0024006287676457696 0.019679779389723224 -0.0029349365595195001 1
-0.0068669435719698755 0.05766421895359955 0.003635159939272783 1
-0.01096936282136003 0.08081674636518385 -0.018640481178580165 1
-0.0086329634367206219 0.084846350420882316 -0.010957683537660187 1
-0.029753739363000031 0.076738151453588685 0.011694225136226323 1
-0.0060495428604363348 0.037407666926891889 0.0056588388363919204 1
-0.0030527195194736123 0.084039878100156784 -0.0083327984903007746 1
0.02354585735467955 0.050307146441544805 -0.024107585978457382 1
0.0032999420411593205 0.049179680670240103 -0.0032326538035374291 1
0.0016343342606297798 0.047350446225044709 -0.0022227303378697318 1
-0.00010541479759737006 0.046580952987300042 -1.6297113361619106e-05 1
-0.011766515861372295 0.052467756068804161 0.0010851694005171635 1
-0.0051086741843091605 0.027870234053053684 -0.00048134521495574395 1
-0.0046956123122066477 0.017048234114582984 -0.0013539328352204008 1
-0.0069823883657261594 0.05288881596934366 -0.004282741279992809 1
-9.3680137792750474e-05 0.021276747701945972 0.0054221303230386087 1
-0.014137709464399075 0.052066610399951023 0.0041592202448887611 1
0.0018372968083310791 0.048428703284304687 -0.0030025243122734934 1
0.0057272744337023684 0.052262820288039941 -0.0019603705069721599 1
-0.0051767158024730872 0.036899485468941125 -0.00075658408499391786 1
-0.0049823501973748378 0.059086841365343222 -0.0032883083447372984 1
-0.0018924146610041861 0.01883134394851842 0.0023143822242888265 1
-0.0018647924254166684 0.018231243721482316 0.0080804256005739643 1
0.012224613097707815 0.024247480268095086 -0.011974256109201676 1
0.0007347920881560833 0.047522241082914855 -0.0056204310787865835 1
-0.0085888239602589424 0.047320222024981304 0.0028423740036196666 1
-0.013048498425632715 0.081862226128578186 -0.0079486204776912928 1
-0.0021978020340529657 0.036783356753598243 0.0068097548604761325 1
-0.010294761998993488 0.036630949602459183 -0.0021355037986271769 1
0.0063357909089895694 0.058268075110488537 -0.010144949296556655 1
-0.0014687274423752007 0.045579645112815745 0.0010888883404428945 1
-0.015973907250506972 0.084258668517528584 -0.0070706246504536902 1
0.0039457834868146654 0.052776417583529051 -0.0040955454294428709 1
0.014314279680053953 0.05838919718047255 -0.019485401459433106 1
0.011647243934071957 0.060586944197263223 -0.014961028967233978 1
-0.024218372496627415 0.077058028500942344 0.014852189404457596 1
-0.0077529907461786817 0.085722938370028728 -0.012194567338926652 1
0.0017115762407689979 0.018073897044658518 0.0018564158299573905 1
-0.02187539711899654 0.080455474648282385 0.0041030139046482903 1
-0.00011089634942450836 0.023938192470186834 -0.00014138685703161502 1
-0.0064620685157656989 0.032210402475518103 0.0080823195015377759 1
0.026394545863804283 0.043819547376423455 -0.027622216644197724 1
0.020137559005677454 0.027923797093986149 -0.017438501228164947 1
-0.0036767373891149675 0.020323640144609349 -0.0025920818594536458 1
0.0006718930628412962 0.036834611181212416 -0.0012847957863102589 1
-0.027873328727251262 0.077367409044193133 0.01444531479543308 1
0.02389453188624116 0.032471672329222261 -0.019849514534641535 1
-0.0057674778627229799 0.051202544077779591 0.0035202867966981307 1
-0.0076891267277502725 0.085219188622969982 -0.0113699866137973 1
-0.0029286046590825364 0.01632819835958536 0.0042308925990991409 1
0.013705535178992168 0.060852187762453089 -0.016704791325072219 1
-0.0077730143657709552 0.016698287618231635 0.0089999445821720182 1
-0.0042245582632173644 0.017102912008604157 0.0020298316144340151 1
-0.0030833425986791386 0.012929839728557709 0.0018348347864034398 1
-0.0044697885967542482 0.071847001155328633 -0.013754060283467031 1
-0.0016103850590984442 0.023977632941028375 0.0003305010869899971 1
-0.0054810775310788935 0.086211973261038161 -0.011916881938851357 1
-0.0060636578377923711 0.051894756527952876 -0.0017924463459311206 1
0.012863065962096262 0.060649151815100347 -0.020090758540754521 1
0.0017326690613820527 0.021335863996029755 0.0046351826590116342 1
-0.019388889487281083 0.086501571605037075 0.00096536177732432131 1
-0.0038260315331668081 0.052317755925957797 -0.00039956517455261298 1
-0.0045759977707894566 0.042670623664865605 0.0084501204257701676 1
0.0030627849349404374 0.051804260215237145 0.0011103203063916006 1
0.025804726151493006 0.042755297343219409 -0.024262379861334973 1
-0.0047504677094082504 0.039957432205711352 0.0086896841176172749 1
-0.0074115962120009093 0.014450567197271969 -0.0022943734787950823 1
0.024714274138856483 0.046108796056457596 -0.025812346500103493 1
-0.003353848547952505 0.025386215363184913 -0.0019808878521895001 1
0.018464141883421964 0.057183172518289249 -0.024599999319739198 1
-0.016804626857490498 0.084219618711598845 0.0019077903109202476 1
0.0092894282217880677 0.022411356474918893 -0.010001198365066867 1
-0.0078272814617628139 0.056291536894601736 0.00067086417194765411 1
0.0038339603020522096 0.016763994216094591 0.0050853522650480846 1
-0.0070759616211431963 0.086211346944908007 -0.011123799196806491 1
-0.019973916056694813 0.081879747614831355 0.0049788804357463121 1
-0.0065385203866695158 0.015476897797295122 -0.00058538657139555817 1
-0.00048547056468176131 0.015965341266544888 0.0017897295280216907 1
-0.0043715845082787875 0.016095210523814608 0.0057302295654772656 1
-0.0091238463900485678 0.032975651340939105 0.00024469503345883001 1
0.019542760690119496 0.054915815200223858 -0.022353237818229021 1
0.0048154961451139424 0.046368607593235814 0.00044951907678432868 1
-0.0074958023615181446 0.037353312596678734 0.0023657197598367929 1
-0.0084972316472944776 0.022490168554392811 0.00089721243160562287 1
-0.0057587822718555949 0.011991307846176235 -0.0048969200753783198 1
0.007581165670640138 0.016469383674592861 0.004214735126530084 1
-0.0056095315726877037 0.031885973146086925 0.0076639532163663201 1
-0.0036570417939265827 0.056055053952252673 0.0027406021686946103 1
-0.0048851196457900771 0.020979815986883619 0.0041005800303254465 1
-0.0011014653637461025 0.020175370306810457 0.0049002826620325318 1
-0.0051596533195811447 0.035945919271925551 0.0078126592287741155 1
-0.0091980285635634706 -0.031889118091377913 0.016886227118909525 1
-0.0072792284117649663 0.048890486846851475 0.0012577019975601518 1
-0.0067712924775379206 0.016983723016631872 0.006669960777633684 1
-0.0027274607372457915 0.043740641229475762 0.002531797180424988 1
-0.00019337095782084927 0.053114585066793105 -0.0053985099391296847 1
-0.0021820512275421262 0.052629625430509551 -0.0077903549395152939 1
-0.00098440485361501887 0.036818255963008001 -0.0016146431284695235 1
0.00091939411087559877 0.045930290828382597 0.0024172470164500592 1
-0.00076167335646459833 0.039251238107681274 0.0016837617731653154 1
-0.0094488244489563302 0.032761524477928877 -0.0017380492880386684 1
0.0042860616516439158 0.060709806173236111 -0.011968360074094542 1
-0.0016023746119659562 0.017850197101339775 0.0061827456608082318 1
-0.0016849573834996096 0.019695788408133703 -0.0012244310291444048 1
-0.0022355244650227443 0.018429897042381956 -0.002537908765805264 1
-0.021155276981449506 0.08175437322942504 0.0060313821196122681 1
0.0011284255467800431 0.049586462248002748 -0.003049179963391675 1
-0.0029864706272567229 0.038382768105020178 0.010959061123557677 1
-0.00014533003760753088 0.045690651295597053 0.0022977528999100507 1
0.025402434324010709 0.040154804682715747 -0.02347476773455405 1
-0.018767900996064256 0.087391126162195132 0.00066478987389565999 1
-0.0057814799346662202 0.017242976776629913 0.0028813420898263047 1
-0.0015251559671014547 0.067597396671772003 -0.0064044550526887178 1
-0.011322078517487516 0.035989145212659272 -0.0067397003292000868 1
-0.000859878339918336 0.0826249398389996 -0.0090394632884418461 1
-0.0099618752622649461 0.052568453432949643 0.0046171669457772931 1
-0.0015942182400594301 0.014753221817572581 0.0020526147769535769 1
-0.0039113018032444985 0.029532309270945727 0.00087735688514665382 1
-0.0022943112044557191 0.021418874929798586 -0.0021731910908365944 1
0.010724442567965495 0.024050975425027783 -0.014484534474009669 1
-0.011345175094902515 0.03792944923043251 -0.0017665451405264321 1
-0.019397183760971205 0.057175275599645539 0.0098735285118614329 1
0.027567539693463147 0.04484974527547464 -0.024468913787351075 1
-0.027983941037769664 0.081714045713502992 0.0055862346998056811 1
-0.002905450444524098 0.057684655009950375 -0.0042669965452387581 1
-0.029150904331945532 0.076008220721243552 0.0091933602143262176 1
0.024885803890759131 0.036905397069551545 -0.022890658808230956 1
-0.022505830973386765 0.079392813146114349 0.00564590934664011 1
0.017413022042610922 0.05902140443875422 -0.019263690601485289 1
-0.0015583238518361655 0.041296383838289916 0.00064638318850739908 1
-0.0032578102417156552 0.016966973649755399 0.00034463858780458444 1
-0.0068798648314815965 0.04441544641033017 0.0021923215939313374 1
-0.0029271350141790303 0.081042962184630501 -0.0060550142848470705 1
-0.0019520987354759811 0.018918111391389131 -0.0026727343123674292 1
0.00025536629157351894 0.020553907562772408 -0.00090511765106614087 1
-0.027206335633902998 0.078599168477411094 0.013141915215417407 1
-0.01783764877576521 0.086688125598566687 -0.0071094023444963966 1
-0.025993097105164606 0.076695337260901539 0.015256720611626702 1
-0.002197047663717261 0.048644885094570059 -0.0097656943615224458 1
-0.00060207487201628879 0.042224185616223084 -0.0025140170041695466 1
-0.018914274823333119 0.09000964663394645 -0.0019974017504560361 1
-0.0055787011472190964 0.017792112552400201 0.0022246369124858784 1
-0.030894395610854695 0.079052819420817141 0.012169740089258174 1
-0.012172878137654088 0.036071338658082444 -0.0058346320605479358 1
0.012669563645864683 0.057387927977559053 -0.01256359946461753 1
0.0011073883602569976 0.047687407014018052 -0.006525064668752867 1
0.00025050301796120382 0.042254552753208711 -0.0013442893111579562 1
0.0044579871862263695 0.058900333498981647 -0.013156063520922712 1
-0.0037382245431713508 0.040344935076584536 0.0083990570381434187 1
0.017355979435654229 0.056002955004395283 -0.024151724682082196 1
0.0023890063668787899 0.048555573000534188 -0.0033583774728324833 1
-0.0010432334605860623 0.014661164306397778 0.0065953025847552034 1
0.0022862876735350087 0.016778698162417859 0.011051056997075839 1
0.0057848415406554082 0.016569895154732887 0.008178433996083527 1
0.00095072554145964614 0.048360421700204007 -0.0051807073973136088 1
-0.0085318210674827071 0.034164890078189104 -0.00034385314881183951 1
-0.026571479609088188 0.079891157953593736 0.014085130454788741 1
0.015457824999148299 0.025841616393684843 -0.014005374719817538 1
-0.0044105296674148671 0.040061926719783411 -0.0003929329260725616 1
-0.0040318468745497958 0.048346101766300387 0.0026498298572493343 1
0.0016623073556531742 0.054125480291582422 -0.0060692846827440604 1
-0.00077370172276241449 0.018132636855897583 0.0056055449586596929 1
-0.0041321763186522309 0.014562651577176707 0.0020669407231132223 1
-0.00075558393814605758 0.031840927040002277 0.0081058818775475317 1
-0.0038410733293495957 0.016563556993512706 0.0039419302338642706 1
0.00066246433093290313 0.019341643948853276 -0.00018887760099919399 1
-0.0014287608107659371 0.017660585645387094 0.0018861635885856157 1
-0.0028780156461586633 0.046061503933507775 0.0028063745147805107 1
0.0045789185537481103 0.057166287563660288 -0.0081577643459932857 1
-0.0037810144582386212 0.014204810263411747 -0.0057741132147068382 1
-0.010046799759487818 0.082658920491345031 -0.016863809972333801 1
-0.0023847365791186317 0.0348681661948037 -0.0010927157530564733 1
-0.0069350858684629202 0.046119038015604019 -0.0066508706659078598 1
-0.0098777851089835167 0.039422636851668358 -0.0029467560816556215 1
-0.0040833675206806124 0.041036052166408876 -0.0013270895207180223 1
0.00034788834489917072 0.027131307780740369 0.011787096725469301 1
-0.0012295212465477008 0.018583037339302569 0.0017579118853558032 1
-0.021865361974902801 0.079637673084727884 0.0063244213588812895 1
-0.019494921178590072 0.088099851233729543 -0.00095608833085988909 1
0.017795626178505136 0.057258303430278032 -0.022900103981035196 1
-0.0022740425286369814 0.017982859816268064 0.0031066651262769474 1
-0.007369001799799278 0.015958762305349133 0.0049640468610368605 1
0.00011162319026350956 0.015723315749494007 0.0051738306756921315 1
-0.00065864486514909115 0.017119680512723976 0.0031182295732734566 1
-0.022250068194779066 0.062695837738469429 0.014630822929559147 1
-0.0043177195676214926 0.07231840061208207 -0.0092612619951124922 1
-0.011653237648645254 0.082971887510771627 -0.0023008556895406556 1
-0.0013891499896639052 0.017018806016677632 0.0008582519485011578 1
-0.01032993383705616 0.039812520146369934 -0.00054655686381011037 1
-0.0040287016849823651 0.045478057070704708 0.0036692647501394369 1
-0.0060929934787628016 0.049466355458179428 -0.0058392749128975885 1
-0.0071775748034797315 0.043202970262746346 0.0020646569437582285 1
-0.01165362291800124 0.03646439000798242 0.00015348536922093114 1
0.00037181464630317888 0.049019994327479575 -0.0029461573514415434 1
-0.0063295266590256607 0.079041485300295838 -0.018197150936922226 1
-0.0064698426763799399 0.056687277295790248 0.00022915817748836139 1
-0.0060246167592256155 0.017949841657531645 0.0026111960668366188 1
-0.0022962554793863731 0.015915745999301893 -0.0018444889997481404 1
-0.0027115142891008734 0.016942478774130101 -0.0018227718859336604 1
-0.0044249682835894042 0.042289501449053218 -0.00095375810772008011 1
-0.0077924684155732393 0.078856609761714935 -0.017263635061681271 1
-0.0037737067920622243 0.079721328113566706 -0.0066502754534585821 1
-0.016891863516811455 0.083480021394653756 -0.007346724427212673 1
-0.0072383279988779423 0.025174792860491974 0.0044977254956480861 1
0.0051746099423723253 0.04917194170934415 -0.0035139802952693605 1
-0.015983484990144528 0.083814723283239217 -0.0009485182087186232 1
-0.01247636590285223 0.082931310955196097 -0.0096700261283468557 1
-0.0016818829313731485 0.027469047552105042 0.00069610402603239717 1
-0.0090794039189882811 0.081201654368659476 -0.016988087466473921 1
-0.013568720356176326 0.03411657339660476 -0.0058540316427661172 1
-0.0017055328403372391 0.01714050517539957 0.0023352852143927513 1
-0.0042156133285978356 0.023166184120830078 -0.001627862441010225 1
-0.0014854472259625338 0.015673267928783052 -0.0007010563573236966 1
-0.0018728263676166534 0.039314297959208488 0.011292045004665852 1
0.0057252263484410676 0.014873091498811509 0.0031661551704168069 1
-0.0077716225263278413 0.039727542857787741 0.0027740560748607361 1
0.014791719763942139 0.060587796033120089 -0.018438475521752005 1
0.015480890359991619 0.028691856628655078 -0.017482883365233067 1
-0.010836951618442434 0.082881516834852911 -0.010823213750094179 1
-0.0063414752024462725 0.042652697697727671 0.0032330733577079079 1
-0.0035048103423215506 0.021728084941156821 0.0021079248861160041 1
-0.0096143616541321791 0.082725299865210877 -0.01498956464061486 1
-0.0035550484678745007 0.018579722449418273 0.0050408034795226394 1
-0.0032725720538968406 0.017164641788690954 0.0027149170470376692 1
0.00051159902273330803 0.017999075157194806 -0.00050037586863586501 1
-0.0016821273602545261 0.039379173889756203 0.0099646761082112789 1
0.013562359765232519 0.059669450249900904 -0.020468902067841528 1
-0.0028059101326117267 0.049503220648170913 0.00091155847486067067 1
-0.0090295794694846884 0.040127384908551583 -0.0026853621413991582 1
-0.017576023190402548 0.089952527629966458 -0.0016409760115298337 1
-0.01398979512585051 0.080055542564444138 -0.011097544614710495 1
0.0013385667166967003 0.048084230481692546 -0.003067958673413247 1
-0.0050684285815805197 0.029340227134525776 0.0022626116406172514 1
-0.0038845997145870795 0.027538869621508321 -0.0012742497351385213 1
0.0089642838842692862 0.056280262995202418 -0.012296973649573361 1
-0.0036842103711571131 0.048274192370903565 -0.007378332627952333 1
-0.0035985671621011832 0.016555419771996691 -0.00519556125077009 1
-0.020236724546719067 0.059731761563558972 0.014113797209064038 1
-0.0040558326666984218 0.051712154496136989 0.0039489288152210478 1
-0.0069203102176107747 0.031831541576276733 0.0068904498222988097 1
-0.0031369896130710572 0.039572135712664817 -0.0008665644791547608 1
-0.021117525719105898 0.060087039881591683 0.014935878853392497 1
-0.014819709788903252 0.083349118102280323 -0.007035183671185434 1
-0.0022781353909522295 0.04171067476272583 -0.0043626225087791681 1
-0.0017501123043958755 0.018172279943811445 0.002094403460908765 1
-0.023595423169212714 0.071255154050894581 0.016410697025218642 1
0.02135555426105171 0.02941470518470736 -0.019535665895287539 1
-0.004818687793691062 0.045428915476218579 -0.0079468717360051001 1
-0.0031009476538107809 0.082530553261741676 -0.0050309276384273129 1
-0.0020627161824231166 0.024146906395538511 -0.00017520449556206438 1
-0.024113094434142113 0.081670571118593216 0.0059847913216799498 1
-0.00047750501304126406 0.022041125931739129 0.0066583473637683568 1
-0.0066970333214349149 0.052625870507369325 -0.0059223734064159459 1
-0.0027425687772210825 0.042032969527974355 0.010115208908463683 1
-0.0022844305992105124 0.048109649824454252 -0.0055466765533878888 1
0.011238096809381237 0.024378832264330127 -0.010939832551195402 1
7.5912395978963623e-05 0.021838741587000207 0.0073939842038758339 1
0.0035976829533308215 0.047113219746503163 0.0016004600046679691 1
-0.004028900507203728 0.019899891920405709 0.001612321703881417 1
-0.0052872811556234469 0.024021271621810145 -0.001454958228304032 1
-0.0073214000061065506 0.083665793370853975 -0.012970607982263948 1
0.0003431680417535966 0.015882590049801588 0.0072169317015005324 1
-0.0081366384615299148 0.020618469927596507 0.0030694734085210682 1
0.0060218690601725484 0.016594550332912066 0.0037747223844321583 1
-0.0071663444396108389 0.036939293146133423 0.0054099906701594591 1
-0.0021081469453189667 0.080155596280114733 -0.0063799123915895548 1
-0.0047663041623309255 0.053178289905190468 -0.0005332750006346032 1
0.025024404035513842 0.047017593045931963 -0.027931481681210256 1
-0.004750938038341701 0.034854115918278694 0.0063807577826082706 1
0.025767543888686087 0.047301792883661771 -0.027731397933460342 1
-0.025044011351075698 0.074818138181478852 0.01602097244437202 1
-0.021324240738922896 0.058232027140206262 0.010758067033145731 1
-0.0029425950503338179 0.034713432214546126 0.0063051590344247385 1
-0.0071109093542545947 0.071226798807644667 -0.014989401900518463 1
-0.0030004282780948847 0.060162928127173478 -0.00078453649905191173 1
-0.015023227251162072 0.08321727385610056 0.0013492528847577432 1
-0.011226377002740894 0.054477358111973261 0.003224215716811564 1
-0.012118021410927932 0.08598492806885305 -0.0007107512471019083 1
-0.014470439045954487 0.085901799620300839 -0.0010461312637468701 1
-0.009188847397552647 0.055706970761385442 0.0081377211701209543 1
-0.0086258653309552076 0.024218177682576836 0.0046875894955146916 1
-0.0036388396422575363 0.015417720131276506 0.0042031796378377605 1
-0.0092607147799374963 0.080260614279803133 -0.015080139646898716 1
-0.0014957680779401079 0.082927191175195203 -0.006491683982752087 1
0.0031919210861089688 0.056645801794317809 -0.010720735132316151 1
-0.0035842553077696793 0.050802205244116744 0.0012879371732705039 1
-0.0011395005799333445 0.017311587072884646 0.004713000650094651 1
-0.0028611909818346301 0.084842036007941768 -0.0046401123789007459 1
-0.0077791025274271597 0.051713513224327483 -0.0020290352201609171 1
0.013442353911884121 0.025853590964906414 -0.0091348361919140284 1
-0.00072452771453931182 0.017524933280515277 0.0059296079025227474 1
0.0051980582805143515 0.055740207523213139 -0.012121020891945503 1
-0.011576639139005931 0.032829425554185387 -0.0052242399833392628 1
0.02568371438307877 0.044806292658140005 -0.026861627498303103 1
0.0051965993522208103 0.012756801378076965 0.0045347606987113341 1
-0.0012798085995879283 0.018363265764992528 0.0041490457701459996 1
-0.0027180392343853833 0.022629296830453234 -0.00032492776790354937 1
-0.0050346238884175264 0.01656125065382302 -0.00096603226490483323 1
-0.0066039929503717435 0.055999548796147089 0.0019237602644994042 1
-0.0010128743433499565 0.061062956825400354 -0.0012092910461990426 1
0.013638976324342423 0.025150722343453689 -0.01250942304342589 1
0.0019386970833315254 0.058831428562421725 -0.010886784916469563 1
0.00065625793628666163 0.015244365137842993 0.0021384907128356155 1
-0.0054486259072747678 0.031169070206305858 0.0035645250504652295 1
0.0015695326361530599 0.047337080262516894 -0.00084966280612441077 1
-0.006206110983570848 0.063160856041163366 -0.0070808093462632216 1
0.025970271269482603 0.044719221187778477 -0.023458066609133993 1
-0.0025629842421039939 0.083484258502721786 -0.0036795370979234576 1
-0.0067874964327102145 0.036925922767288517 0.0021986969086020399 1
-0.029549412586419296 0.077254611237646167 0.0083908462428946961 1
-0.0062377186030016362 0.048870605929190132 0.0034744811929874903 1
-0.0019590296591375754 0.018251107830878032 0.0012072173928914969 1
-0.016745035813882956 0.086607158060010556 -0.0052604846635223509 1
0.013228576162243173 0.059225845701246338 -0.017489214154951246 1
-0.0017683069636720058 0.084621744330803397 -0.0066948330679366943 1
-0.014792177615641378 0.078604097077479493 -0.0048480044534564099 1
-0.021635510884834213 0.078362323408142892 0.0036242532363866147 1
-0.0024503300664946437 0.028293847106397152 0.00096036036848090589 1
-0.0028755952371284366 0.036454161629080772 0.00079715492756804451 1
-0.00010039808694273233 0.027997548691928387 0.0096525924745947123 1
-0.0083901742473244667 0.038236096501350403 -0.0036080050049349666 1
-0.00032753475731751576 0.04622094589552566 0.0012478643835134695 1
-0.012646035335958955 0.030856989375302013 -0.0043944719570579984 1
-0.021139356307685375 0.059628233313560486 0.012884019408375025 1
-0.010253206052827851 0.04028690489933074 -0.0028788720000227862 1
0.015711691582466429 0.061099812741950275 -0.021902699487462072 1
-0.0079331123634197934 0.050524557930060547 -0.0011816133813410074 1
0.00010438969714080563 0.063541292559792253 -0.0053877747457539626 1
-0.010601761750876904 0.039454933255910873 -0.0022967910044826567 1
0.0018054981872488328 0.015287549769422612 0.0058979808298738855 1
-0.0053797335517661851 0.074780379052578741 -0.017234279048114944 1
-0.0023536970044409247 0.023686735409046433 -0.0007619716330584498 1
-0.02775020752089349 0.078625925989473933 0.011065120235964591 1
-0.0053490704025486481 0.039593778100926583 0.00403724577310646 1
-0.0019631727773230523 0.063199184834957123 -0.0042895069345831871 1
-0.02683634333021934 0.077050226361644644 0.013316273986558489 1
-0.0047976363962016861 0.052562359331583021 -0.0067119444711317578 1
-0.015202576357282779 0.087190298158164065 0.0022250925652406582 1
-0.0029199604369399171 0.050240936082105878 0.00092307544586307149 1
-0.00095704860519588912 0.017901493838071349 0.003725618543895064 1
-0.014370960275458314 0.079490309896192768 -0.0053764976329585051 1
-0.011627372667697927 0.081666457652584276 -0.00026279017091138536 1
0.0030923977012122725 0.052297827119478564 -0.0017449105729161383 1
-0.0032772326438917673 0.036257545539378912 0.0019890169347653525 1
-0.0018087823264067993 0.024746671319007874 -0.0017397237825207412 1
-0.0034245689331754421 0.081974604335526474 -0.0076529729466870535 1
-0.0010518550037006157 0.019348517572780652 0.0039189580958687888 1
-0.0039696840528959543 0.051010765829153447 0.0021922847729044155 1
0.0017998970488055416 0.026876298431638797 0.0096886191128735238 1
-0.004097065665777111 0.016996674131497989 -0.00088606840830411074 1
-0.0015088201947228307 0.028726760335069101 0.0009520059302230078 1
-0.0031780453663547816 0.017640853464206987 0.0044465087641884973 1
0.013948568767217204 0.02238168828938094 -0.010113800074668396 1
-0.022393827331987796 0.073471183911251126 0.015174659695764486 1
-0.0023028429242397293 0.018121890975267986 -0.0011114002190619348 1
-0.016252922970345259 0.08608487802212382 0.0026642796874598415 1
-0.0020128076027384877 0.031108340440236339 0.0036761783902515203 1
-0.0015960765512314464 0.04546387423149096 0.0023764089100722172 1
-0.017563658161528987 0.082165143696098397 -0.0057795267716431653 1
-0.0018564881818596349 0.046453364150676489 -0.0074051911289838759 1
0.0031350754652881754 0.055608181288021578 -0.010059420794348687 1
-0.0013895937815569558 0.018288816973171019 0.0027858498767446851 1
-0.0086203450337052345 0.025228412821888924 0.0035860692150890827 1
-0.024113397188063383 0.075690477147104432 0.015152656266281643 1
-0.0040009331705649067 0.028488772912873241 0.0013539726587447963 1
-0.0064326475077110742 0.036080031439596476 0.0089286498512164206 1
-0.00036812486542962548 0.049596329420091928 -0.0046466052651672456 1
-0.0086901335783672509 0.085593197522153358 -0.011415526160558491 1
-0.0071155631896225938 0.085214904439786895 -0.012026071954007332 1
0.024537194630877123 0.044571045284503556 -0.024446546213675549 1
-0.00076654363232118744 0.036163238837256383 0.01037910804019665 1
-0.01693393335349086 0.088947921880183051 -0.00066376206491098764 1
-0.0055611254647374153 0.060538947582244873 -0.0031936669256538153 1
-0.010027244687080383 0.0361158587038517 -0.005604008911177516 1
-0.012962853873574843 0.052631994780351563 0.0055832535449009393 1
-0.0057443050650882923 0.015311322874530318 0.0052247174313615422 1
-0.0059856938833621814 0.057431320853986098 -0.0019857730736160526 1
0.01401013214969387 0.024502622106722601 -0.0080953984627633434 1
-0.01134821584140054 0.079315682828954764 -0.010840693306996444 1
0.00086037200333405545 0.02571526917646311 0.0090501283166572223 1
-0.0034906769935575004 0.016825564912089887 -0.001336994606842007 1
-0.009456093308572831 0.041589134619797977 0.0023264596758679891 1
-0.0070655324670530206 0.037231364778194657 -0.0014152957120299964 1
0.0057477471056530446 0.049209976159014242 -0.00070398937187207125 1
-0.025217377430955309 0.079787800253230304 0.013345675144714313 1
-0.027948092028456478 0.076801203868898923 0.012645840684314957 1
-0.0037697230980248157 0.028438285918312361 -0.00018081723824987794 1
0.0040417164783024028 0.056691966419992017 -0.0098572476088298507 1
-0.01259200426085862 0.031608567034509524 -0.0032498874589262693 1
-0.022290015981230388 0.064078687785411509 0.015226830998498789 1
-0.004878092954478051 0.053183902953545463 0.00049682136515034339 1
-0.0064932916884497356 0.040764012695990982 0.0072745349061494984 1
-0.016194053271069302 0.056288136830332833 0.0091596640919918062 1
-0.0003651092695350789 0.01848869561055512 0.0054395493606045134 1
-0.0016301455156780597 0.064850968789910701 -0.0042217464028374771 1
0.0023923389884993791 0.04993923081132963 -0.0067836555866811104 1
-0.019405837170779705 0.083850812166929245 0.0022810447262600064 1
0.0027956302590486848 0.047304119181003003 0.0021548994412230729 1
-0.0093018648410975076 0.035554852147800582 -0.0046996149317206498 1
-0.0010357921154613813 0.017590959411954689 0.010009492455852243 1
-0.0053731713518915336 0.045880126324622184 -0.0060904637748330232 1
-0.0045528153390843396 0.059124379667706187 -9.1259055224240235e-06 1
0.01396315373025815 0.027179599213024392 -0.0092730842219323258 1
-0.0042412800210672435 0.043704729388248549 -0.0028264637515297156 1
-0.0073822345166663387 0.025015123747259213 0.0036483433581345347 1
0.0018279028882639326 0.0592961313071525 -0.0082721724803044641 1
0.005196697525957578 0.052969558643416723 -0.0023726613210116117 1
-0.0077959808147490357 0.041766185825321739 0.0010597192585630852 1
-0.0051762522226088221 0.015577286645700985 -0.0014485436953521787 1
-0.0051867254428381989 0.016911045413523305 0.0089276193941384661 1
-0.0073489287690891893 0.04012445088062111 -0.0016157916260915719 1
-0.015611098909411692 0.080429864843836685 -0.0043521435308063912 1
-0.01782643904859324 0.088088794742512633 -0.0018624874446100334 1
-0.023364052910232237 0.074358619989886618 0.012220918406698688 1
-0.017337564104219636 0.083629756360522139 -0.0083164917414934453 1
-0.0082644801891947513 0.04868382864247197 -0.0085345848716682163 1
-0.010070221063561716 0.02612965996162156 0.0025989849771839595 1
-0.0043562548523377867 0.037517152074065627 -0.0022604903509082478 1
-0.0023415691884305441 0.018004522604388749 0.0024871519559177217 1
0.020560566315309364 0.057791614416363553 -0.024779956926040958 1
-0.0041645459508887726 0.046268265940115072 -0.0089174493428842636 1
-0.010747188306210406 0.034585889119811829 -0.0045778422760545936 1
-0.0029497412925737552 0.062751198741330907 -0.0078470743066843453 1
-0.012628944661574354 0.079736223966337824 -0.0020642295898689583 1
-0.028780889087058517 0.076932926921565822 0.01228658859596579 1
-0.0084678839688180959 0.040651928257211312 -0.0032449964097327018 1
-0.023916775043037998 0.070543541563370477 0.014778437894345638 1
0.016308713878072399 0.02346566963582036 -0.010826150424918831 1
-0.000913436189405203 0.081189189743963053 -0.0038486954722354123 1
0.018806578505417913 0.055398857684457029 -0.023550186190357973 1
-0.005422813890888405 0.016554407755563244 0.004557848708730051 1
-0.0008511763252915935 0.015268775087897202 0.0034192837555308097 1
-0.0020012813193238531 0.023563108965968471 -9.5135155973213569e-05 1
-0.0019188788438278556 0.023471509007239717 0.0026355206298346772 1
-0.030054995050369238 0.076602586453303312 0.0096526354650217118 1
-0.0012952090165739274 0.02346172986070175 -0.00053621257958639287 1
0.010446869902011833 0.026531510779145593 -0.013341993001834172 1
0.010344858630040124 0.023197472406721393 -0.0098440296881390568 1
0.0017074765130849362 0.048829239892263079 -0.0035217941141091258 1
-0.00088563303528059109 0.084017349353353615 -0.0058380993295481711 1
0.0022717985678119188 0.046282491412130471 0.0029908105923200628 1
-0.0096865933225432181 0.082463224966541071 -0.010330093659397846 1
-0.00061196110697604006 0.053967256062790063 -0.0076955704047235902 1
-0.0088527644815241217 0.048363029063735331 0.0025120169612533362 1
-0.0066604187284270647 0.076217368234892072 -0.017200821749577308 1
-0.01168280471087111 0.051750675093643207 0.0021850417545261343 1
-0.01049943498335037 0.022020772556867997 0.0026353155345168167 1
-0.0023017108906060457 0.059080298990011215 0.0003540308098308742 1
-0.0053082171350182089 0.049988030622839859 -0.0017559103267325907 1
-0.0022801816318010239 0.031395303997605289 0.0061327497984900656 1
-0.0036299835279654498 0.049986213443819164 0.00036322163711728509 1
-0.00065552114759702472 0.025594812600675983 0.0051131180396832418 1
-0.004227488882077985 0.057028399139960155 -0.00016922947753966476 1
-0.0030227477189042383 0.048780601030911815 -0.0021214609108148497 1
-0.0057578487321734428 0.055215010419487953 0.0011753586877603084 1
-0.0024031400214372745 0.020414474387288804 0.001944347745117184 1
0.020303476601839066 0.05889049731194973 -0.022327708080410957 1
-0.0080682774298160703 0.052388447658172604 0.0049083205411862016 1
0.00025806739927514025 0.048322456621228166 -0.0055675851832125509 1
-0.0023792697752072086 0.017086782382911125 0.0017301431715806012 1
-0.0038915853070721623 0.060194220109787713 -0.0071895385528978461 1
-0.002109932878885488 0.017104877082718125 0.006080787845103847 1
-0.0018586209440096455 0.036718779028825928 0.00096575607341986927 1
-0.007761713395571454 0.055287099635380213 -0.00076449982209965102 1
-0.0037551042784489926 0.062064140375753495 -0.0052397020216290681 1
-0.012402406449296037 0.053468166174789257 0.0020249585523672304 1
-0.0027625952256185617 0.056635861181842946 -0.0030856506261529039 1
-0.0056335904792421702 0.062442521569325719 -0.0034168468792193716 1
-0.020949361936521547 0.083145496699592827 0.0053504158179096244 1
-0.0082786000921143688 0.040907213797267791 -0.00020806751359646539 1
-0.0024104566060160885 0.014284725755756407 0.0034599752058049383 1
-0.020483054505802786 0.080403471482655656 0.00419857179728776 1
0.02725773233914091 0.043451004291796935 -0.025465405800126042 1
-0.0020293052116983844 0.022502907137332002 0.00031810586084744124 1
-0.017985327638771247 -0.040157546843111284 0.014918131340004817 1
-0.0086023084577233674 0.049974688568923634 0.00062214673096179865 1
0.020264793788239973 0.029944250874373104 -0.021910536303539181 1
-0.011657278928251648 0.052842603268553737 0.0062569501969647213 1
0.002729778440712525 0.01686118806714754 -0.00019206327125721864 1
-0.011112940390335975 0.051244893774923632 -0.00070956198995206275 1
-0.0031419775556776252 0.04669757566474711 0.00077335205030374722 1
-0.0087781177149535081 0.047615220545296252 -0.0084130230252164474 1
-0.00061705618068988108 0.019940406665231915 -0.0011305090516443923 1
0.0044199546016741474 0.055808661586090449 -0.011532627971844341 1
-0.0020273397140895578 0.079482712154089169 -0.007739869136844461 1
-0.00031547398888811824 0.016920326874195861 -0.00017996605046169021 1
0.0031900776854890166 0.046123748125014206 -0.0022169282310736953 1
0.0014436437636002042 0.020721130316591063 0.0036205666690864611 1
-0.0049366307428039841 0.050884980430691992 -0.0024496253274387423 1
0.00042690825646837127 0.013326228687782195 0.0083510847089467207 1
-0.0086322018548583169 0.039637538381005026 -0.0032731798289015422 1
-0.010827032633803323 0.023138836731120358 0.003029704893441103 1
-0.0015355926601171401 0.039485553262271662 0.00082522835500434353 1
-0.004207588424743924 0.016470696195146222 -0.0066798876743584057 1
-0.0065461419659746736 0.019275834252951023 0.0051677552083120443 1
-0.0025133026179932324 0.043725649853639054 -0.0051329818060487278 1
0.0059191670759444013 0.016598555954059589 0.0058509446087974702 1
-0.014228969812393188 0.085433200001716614 -0.0030383203411474824 1
-0.0070890617339567693 0.039126231651290005 0.0011064395305937292 1
0.0047926461801603851 0.046884274530616721 0.001726646401134505 1
-0.00054999929833103893 0.02631818199184199 0.0073253123376500195 1
-0.002157430210815053 0.041432907311249371 0.011666132388603574 1
-0.010124819830234914 0.051547223379251543 0.0027777267228500909 1
-0.00054542161865098497 0.037627996411729175 0.00050425217703158997 1
-0.0055780314008640345 0.038841206882684581 0.0083300980621234325 1
-0.0091974334439938691 0.0852696789920077 -0.01402785028272391 1
-0.0044185008196623854 0.054260202113932086 -0.0060561202705035526 1
-0.009555162487376331 0.038247290275094575 -0.002968449325802763 1
-0.00081336059581199464 0.025025917723192709 -0.00044662827884170311 1
0.00548593297396911 0.051283789822312888 -0.00052127593773741872 1
-0.016525122757339587 0.082554202974545299 0.0025630862077269329 1
-0.011008960200361675 0.038185757253415158 -0.0047865174378360856 1
-0.0046215873695455113 0.015124278043141634 -0.003239218981256657 1
-0.022798478207018309 0.060290883645788176 0.010754332571185264 1
-0.0015393747598864138 0.081768486648797989 -0.0072584662120789289 1
0.0004966742778034672 0.062196963255320752 -0.0017873313239933067 1
-0.028477669904775387 0.080316636145444389 0.011565268321132791 1
-0.0078836784718110259 0.043852920988187286 0.00328001524314332 1
0.00098315594612492048 0.02597992223633086 0.010565834707660857 1
-0.0013305682514700044 0.019123572596889165 -0.0027002318879399976 1
-0.00028439908055588603 0.041572382673621178 -0.0044145295396447182 1
0.0047223140726634395 0.054009007570671161 0.00016011430462717054 1
-0.0045922941812095962 0.050788903479466067 0.00030815419534029032 1
-0.007202244081016107 0.056784045439983409 0.0048374235879177227 1
-0.0022016507332001164 0.047160042258492699 5.7295651641032265e-05 1
0.014556292325770232 0.025689606488664377 -0.0086455216208568917 1
-0.016730670110532739 0.089234458367383709 -0.0033749734905026449 1
-0.0237931700051787 0.081305575461589383 0.0040216919829945824 1
-0.0088401865172023208 0.039428071818746739 -0.0011357133562124959 1
-0.002236334505312707 0.020212528714552619 -0.0030041216411144248 1
-0.0062022175560227707 0.019141761983329422 0.0016370533664950065 1
-0.0056256473418452779 0.053171541853403989 -0.0045897838964834865 1
-0.0081133968617729361 0.055172771075870812 0.0033683857669891226 1
-0.00047146089491434395 0.023563768714666367 0.0030606524087488651 1
-0.0049433745232886229 0.040232691038318433 0.0078350904830466247 1
-0.014297264162451029 0.083069909363985062 -0.005841768579557538 1
0.019012464293403031 0.057475155010636228 -0.024249926015148131 1
0.0028954700040886619 0.045530379625446586 -0.00015961603114933966 1
-0.016270040534436703 0.082340482622385025 -0.0072551053017377853 1
-0.0030267016739110504 0.015244261559716586 0.0087789168537746442 1
-0.0058039153272550171 0.081486648435765377 -0.0047346040088584547 1
0.0034391247234992787 0.057770695739541189 -0.010856827372519166 1
-0.0010993841219081612 0.026849047984055373 0.0062343045204188109 1
-0.01032649788682388 0.035656366897110728 0.00050455025042904294 1
0.0031857734348796967 0.047958086272973939 0.0026710142504674859 1
-0.0081728750224024024 0.044626302953073418 0.0025334142541608567 1
-0.0080640771574236256 0.039067927993987089 -0.0037209879775945667 1
0.0032952406655911114 0.025546090203426599 0.009176316939025193 1
0.007405220768586687 0.024230081306374076 -0.010076042791838628 1
-0.0022251230548135936 0.08502589538693428 -0.0079005640000104904 1
-0.015282185679380547 0.055501059968555935 0.0029043967700040441 1
-0.0094164329657252036 0.033383988907546402 -0.00089962999802902606 1
-0.0021684573283726675 0.054364679096207742 0.0020881158032420881 1
-0.0035351361425685346 0.052267877020001317 0.0013050037969896309 1
-0.0033861010180730251 0.048236665293566836 0.0014922332867911602 1
-0.0013114596912754697 0.053328785907279887 0.000814693149094997 1
0.0013657401252153329 0.04849948377366111 -0.0049398883051685249 1
-0.0002218017720196923 0.025901019406523083 -0.00018045996474399661 1
-0.0079847015996059399 0.032868165735636765 -0.002450496470021565 1
-0.0050482444563930157 0.051977766960340697 -0.006297738237496046 1
-0.012345583817797672 0.053752788826726537 0.00014320409618966265 1
-0.013847383204847574 0.08133300393819809 -0.0022423061891458929 1
-0.029712008482778326 0.078597868358431328 0.013422433053731548 1
-0.0056502028273800716 0.052310793311577661 -0.003260007126773884 1
0.0065892460971525716 0.062043794775365604 -0.013744436659435462 1
-0.014595450767777338 0.083923963938401167 -0.0081918766573704331 1
-0.0025240323784455412 0.07938972985260509 -0.0045292009331942759 1
0.0026233702568254388 0.016796249218728524 -0.0011117297897346619 1
0.0024193171503056623 0.047783686448505655 -0.0029111252320353697 1
-0.0088170360888937139 0.085950405316162395 -0.014693585457311038 1
-0.0037768863186349567 0.050063876440845603 -0.0017138948596014298 1
-0.017494027304062777 0.056597760727009803 0.013384924458608193 1
-0.0049899868594303221 0.036439160396641912 0.0026910209425920965 1
-0.0032722777174515856 0.039915535525323079 0.011623230039440133 1
-5.3291993722014616e-05 0.019737919652397674 -0.003261653378973781 1
-0.0056105009855023941 0.019813989454850398 0.0016927041743583695 1
0.013929930049926043 0.024625410325825214 -0.0092335701920092106 1
-0.013144620503253429 0.079288540025978835 -0.010950586353989718 1
-0.0083895180677963505 0.04210728776514152 0.0019999794476742451 1
-0.0019303492898561125 0.016894012171103919 0.0030552036813321407 1
0.0031608709811084016 0.052063761718276487 -0.0082522780453991983 1
-0.0070142813492566347 0.085168607532978058 -0.010672472417354584 1
-0.006831845917033212 0.018242029777892143 0.0057986383889821764 1
-0.003791218370314312 0.016362064361629524 -0.00038812634654786162 1
-0.00010125492289961193 0.046047924063038724 -0.0068668238570492243 1
-0.020292234607040882 0.083029896020889282 0.0029365015216171741 1
-0.0063380647244562043 0.062477605725400648 -0.0044060660439452469 1
-0.012376642023569331 0.052014681610735865 0.006824288770921701 1
-0.00046811356249651793 0.036313267633057193 0.0010587600856889719 1
0.019190895548261092 0.028912297693282477 -0.020946209755972327 1
-0.020813222974538803 0.079511024057865143 0.0035703876055777073 1
-0.0067572745471387568 0.035504131871469211 -8.8799686384014487e-05 1
0.00029219976444961503 0.067171648554018595 -0.0047262235123416187 1
-0.007485908138360974 0.018353455689132384 0.0045615654374068461 1
0.022717017871976386 0.028541510316555836 -0.020750733475156574 1
0.016588654736478199 0.058146834713979606 -0.0232920365080059 1
0.0011373099758521044 0.018122342565596215 0.004497852258492893 1
-0.00015574681771911655 0.022782903920200655 -0.0010303597002514779 1
0.020356403556296601 0.029980192374795187 -0.020904336201768962 1
-0.0011479369275066422 0.051731320671305855 -0.0061228968353972792 1
0.00064139846903346685 0.02469390716187941 0.0086045763853826295 1
-0.003143976742194049 0.017795085690624622 0.003798450624963234 1
0.00067399874813562136 0.044547876534598289 -0.003587029007614889 1
-0.022152519596866694 0.079142773112578432 0.0030649965608412462 1
-0.023613051511347294 0.075164329260587692 0.016618899069726467 1
-0.0021873091378695206 0.034920747221025276 0.0058042006932130883 1
-0.010339161752239874 0.036946852937665961 -0.0003846885427013268 1
-0.011690616666225484 0.084749837708785122 -0.00045143050064143213 1
-0.020753632965003405 0.081688004187177296 0.0044961779620151746 1
-0.0067248660439068924 0.058559839854302805 0.00052102937369116569 1
-0.0051542725112208908 0.032724988506280792 0.0048266080699614043 1
-0.0017041221172904664 0.047206067896538313 0.004838549265529301 1
-0.0068822151897662571 0.042057598096041912 0.0020039293257308952 1
-0.030030922390380702 0.081267083417244812 0.01141317541353758 1
0.0037580330023863524 0.051959380107516918 0.0016843654926603855 1
0.0019544692433980642 0.022931508156306853 0.0057231135551145309 1
0.023697416116853751 0.02934743774176677 -0.022129812348858798 1
-0.0042026471828954474 0.030578453059391147 0.005766546733611857 1
-0.0072499291967387334 0.074689468613562585 -0.017168641202361532 1
-0.019721692483468476 0.058064367153687908 0.014192104805936141 1
-0.0021814635240012836 0.052408203773828252 -0.00037026338820717031 1
-0.0057422829474166933 0.037836081557053917 0.0084749128427779822 1
-0.030500901503487068 0.081588865706884867 0.012349955505761586 1
-0.010621957480941021 0.035485601012808558 -0.0033959275659830039 1
-0.0088723536397473067 0.085098872176932405 -0.011826051193841258 1
0.0047833187583438295 0.052533761577906492 -0.0076827465883232892 1
-0.01826696494152796 0.054831551809603182 0.0093220226587908631 1
0.00053753365536239801 0.048929070267682256 0.0021249769827493665 1
-0.0088848230332808156 0.034857910562168741 -0.0045608722443592001 1
0.0022798541080544014 0.047771731246424434 -0.0037636755376164398 1
-0.011444737051087325 0.083335959322521344 -0.016739236387484785 1
-0.010507114231586456 0.037542618811130524 -0.0041709882207214832 1
-0.0010744155956321291 0.083973430884846378 -0.0087498031221706178 1
-0.013333649374544621 0.081938035786151886 -0.0022207483416423202 1
-0.0093374252319335938 0.020341166295111179 0.0033677334431558847 1
0.012522791667345285 0.022236238797204946 -0.0094254744533332421 1
0.015004433713621436 0.060351131748093062 -0.021871411778978844 1
-0.0051845815345313408 0.058419837222229848 0.00082370081639484465 1
-0.0063727835119890058 0.018280137471370091 -0.00074296857642606648 1
0.014248982343937004 0.059995828372779898 -0.021354961255837274 1
0.0013451009700036847 0.020013746133794572 0.0063826264703466225 1
-0.0067847357001357481 0.044943452955695171 0.00094918141254415292 1
-0.0050876527882378472 0.021186145251758624 0.0024318893672505061 1
-0.0028366463565382208 0.049858681448441418 0.00058532588473801379 1
-0.015118636737448204 0.089674826281974693 -0.0032750765194731442 1
-0.0051847849361883512 0.041630435198380819 0.0097654513040172867 1
-0.0014578234523128408 0.048698569671034857 -0.0035026179499030308 1
-0.0033210869052482696 0.03745087243888906 0.003099041435980571 1
0.0046205397229641676 0.052681032568216324 -0.0010245119337923825 1
-0.0061728783646192832 0.043126834494215484 0.0020340587913291941 1
-0.0027942940926854952 0.020241649659050249 -0.0025763241530267675 1
-0.025404282797368592 0.070114773830508348 0.008871708691478521 1
-0.013823718605194754 0.086890924144441578 0.00042723989893527343 1
0.011778569093482127 0.058604616708358849 -0.018094850401334257 1
-0.027829000726342201 0.08104155957698822 0.014689331408590078 1
0.000313064537841122 0.048639240764093192 -0.0035465693768535556 1
-0.0043225233179246345 0.050808982581976733 -0.0010635476829406192 1
-0.010266035889203877 0.054550378153805354 0.0051056943450085808 1
-0.019505944378058311 0.085306431678501535 0.0028957350286301221 1
-0.018487186379181859 0.088393290916613937 0.0011325743401058011 1
-0.0049597574781884198 0.015177378998058887 0.00020608780264124639 1
-0.0096369831127077008 0.035652544459578432 -0.0025634624697069256 1
-0.0074246511373520802 0.054134317941040393 0.0046354374013860816 1
0.0091264640125769143 0.022293198123756599 -0.011307629606153821 1
-0.010071724507153558 0.051710497945039832 0.0039192309877453969 1
-0.0049623128728582605 0.08125297130413478 -0.0050432590265833315 1
-0.025555930240600426 0.074887000657372887 0.013317865510388528 1
0.005591524100541161 0.049847374273536318 0.0010843236331942478 1
-0.0040065735838908708 0.045538810379810814 -0.0067520970541418181 1
-0.0020876117461979928 0.017464823776769944 0.0031619307753594067 1
-0.0027341363696335623 0.049519762705796055 0.0014568718677658212 1
0.012641996587251573 0.059133630447794891 -0.015312625754313974 1
-0.0067682026362060471 0.05340780895565328 -0.0017955191644334935 1
0.023465078960500225 0.034971893704733407 -0.02441685716715886 1
0.019411115907132626 0.024350377731025219 -0.017785000614821911 1
-0.028111145614249048 0.073959187218085198 0.011768783008852122 1
-0.0012378585961414501 0.022570593282580376 -0.0024571894900873303 1
-0.020993493396020295 0.059210793057663906 0.011471793344422769 1
-0.00012016333422610798 0.047276937466253215 -0.0051850959212184061 1
-0.020762960293548779 0.080662829156433885 0.0048567605325778836 1
-0.021050944209401318 0.087622711794840144 -0.00022747605877483301 1
0.0021618020365866287 0.014984085392643006 -0.0019588084185050612 1
-0.0018805579591396704 0.024271162318465267 -0.0026737076497542075 1
-0.0039820375685948109 0.036818581669730427 0.00035990980326748394 1
-0.014189540714231398 0.080355069092890294 -0.0014305855917683982 1
-0.0075140191849668008 0.059611290409047946 -0.0025988242444787281 1
0.0042460203442929671 0.048500257392512805 -0.0024490406129190519 1
-0.0091579736095524725 0.084568148729988607 -0.011233490479066521 1
0.0015119269386473153 0.044074614766309056 0.0014886072186122941 1
-0.006244656346465957 0.015215055388807124 0.0016759709356337247 1
-0.00091782268790548409 0.048635165007329631 -0.005146542139634433 1
0.00011938286078243292 0.05145504311758807 -0.004052985518312166 1
-0.019758212813326469 0.088614739201501549 -8.8858862410958871e-05 1
-0.0030939937172909612 0.04842353598275452 -0.0060890996920464997 1
-0.0019044855694002642 0.017257575996332819 0.0028357284384614894 1
0.0060582877171136461 0.060695146930249494 -0.012851553994325308 1
-0.0045151484664529562 0.03989260271191597 0.0024368971353396773 1
-0.0029241636941999523 0.034180216060812105 0.0050650594615573672 1
0.011194964418321546 0.025364716376741495 -0.0091510471705122214 1
0.001862295621387531 0.049646170528716095 0.0016695298159654364 1
-0.016367604424096273 0.079840363804193099 -0.0040010099645405367 1
-0.002208908972960986 0.039784862236593235 0.012420114363174707 1
-0.00093284044240402638 0.018308660733800327 0.0062130678415383634 1
-0.0064795484072523845 0.058081355860114946 0.00264126013264153 1
-0.017430320850229095 0.055129389229900037 0.0081258249471918773 1
-0.00082886955191639104 0.015081028228501419 -0.0027125012124300674 1
-0.0038171093316232722 0.035786025024707381 0.00083954005332308494 1
-0.015712295887692233 0.080005724473679901 -0.0080637756704596084 1
-0.001041219511494679 0.020937694010769697 0.0062681085740613424 1
-0.0092865960467606035 0.053689585570812423 0.0033108092237487327 1
-0.0011678239040178407 0.057357365155552613 -0.0016313472435770938 1
-0.0054536904208362103 0.041069988161325455 0.0076434549409896135 1
0.00093399704604821461 0.048227570767249796 -0.0044875628507277804 1
-0.0075862871441657763 0.042455789778879816 -0.000409545523867056 1
-0.0040387457532119987 0.052383238027673355 -0.0021373718582860146 1
-0.00064353116046822739 0.061039868108150673 -0.0019518418140534156 1
-0.0019208009048922268 0.016602577248189403 0.007570588423759214 1
-0.0019694479712680669 0.054094737379094301 -0.0078671055323059364 1
-0.0062124852587852305 0.050511884810052525 -0.0070021258258624397 1
-0.014080951010628588 0.084522739245513206 9.3131432224724449e-05 1
-0.0043414629494068413 0.01887058950807137 -0.0040522844585798553 1
0.00077450540265999734 0.023805131204426289 0.0061501434538513422 1
-0.0060751140117645264 0.058571126312017441 0.001665812567807734 1
-0.019593398482824115 0.081164309230284698 0.003707532151650453 1
-0.0072707484941929579 0.038092998787760735 0.0032641883590258658 1
-0.0034830567409742915 0.017167144304649242 0.0073732759094223832 1
-0.00085402694459935091 0.08245729164179115 -0.0045922976427808029 1
0.025310853564361649 0.044434831635113338 -0.027891347966176015 1
-0.0017693578023966793 0.049282814650236845 -0.0071604191174660242 1
-0.0041919057026204966 0.080342200802610633 -0.0052095708115308939 1
-0.00030665087102607451 0.035056719322469759 -0.00051575955185233181 1
0.0057916738275610663 0.047077818391308576 -0.00043555170536259207 1
-0.0014528052765318943 0.024349977218975617 0.0080588458992515277 1
-0.0089316026463188911 0.036869793121170884 -0.0033253253013964968 1
-0.0023034583490532151 0.038232752705707827 0.0075173089645697664 1
-0.002555503844357764 0.018777085827725731 -0.003118933804593597 1
-0.0022069750852159726 0.02323864371343097 0.00011395121385785853 1
-0.010234289802610874 0.054916830733418465 0.0081750948447734118 1
0.0028186364304421635 0.046645042587548688 0.00018776104787209582 1
-0.0024862648548518596 0.016851686136583676 -0.0010817681687491293 1
-0.0073214705163513125 0.025681088088190682 0.0011964167875573039 1
-0.0015220816453583867 0.035683128939105607 0.0094904759270354657 1
-0.0038122274476326038 0.017572639676567022 -0.0013895040928761891 1
-0.0016658133557997891 0.042672311972844219 -0.0049553849224468404 1
0.0010953893804929835 0.047857607357019001 -0.0035219901783975394 1
-0.01219251725077187 0.054347732322868755 0.0010810819330074079 1
-0.0067926258404954129 0.053468354998925743 0.004741928279614358 1
0.0030828990912530729 0.059776439164946286 -0.011011328091189236 1
-0.013404410961582127 0.085842214924787427 0.00099655266310764209 1
-0.0048868446314795349 0.05330809047377346 -0.006329088611154522 1
-0.0034063738401734775 0.082411225526568613 -0.0024500298523099733 1
0.025914002226995903 0.048110939313888504 -0.026115875597943209 1
0.0011363865082006889 0.028712446839557225 0.010031028127105759 1
-0.010734294406764577 0.039146818344739993 -0.003872635112978961 1
-0.0098868039308257841 0.0226386759919638 0.0050619227984084816 1
-0.0098792200932807071 0.038724641117677504 -0.0050720825481558813 1
0.0020838274283760646 0.01688128633779315 0.0057462209375622169 1
-0.0028906463389303024 0.01546543831504456 0.0067313194998339923 1
-0.0025832069282126623 0.040574994454051945 0.0016323817138830148 1
0.0070751057983171215 0.059811096508640513 -0.011852151669205271 1
-0.0048372873122683874 0.047216226482536573 -0.0099769603871233802 1
-0.031478711602312609 0.081212475709336415 0.0086986899920500592 1
0.00081939830829932025 0.017762369502059505 0.0056896708344448101 1
-0.0095122893186428501 0.024715591725250178 0.0030309925185598103 1
-0.0072158350056429404 0.086162424005141638 -0.01290070650507367 1
0.0023591531432933183 0.019234212242412844 0.0051533534621935355 1
0.0016573598392715522 0.025475709595763958 0.008078991941281399 1
-5.1543432360817753e-05 0.025098204719810491 0.0043291494579990476 1
-0.0051069971371982487 0.080872668766029526 -0.0035328564466372732 1
-0.019962453792217026 0.087557200489083609 0.00095906359117492012 1
-0.0016025305272501832 0.050135167609045482 0.002566394750440161 1
-0.0053060804390913704 0.054468680049266416 0.0042103985985179771 1
-0.016740222044045298 0.086491172254263338 0.0018329087555728871 1
-0.005826754203867494 0.028832908919909243 0.0020950344344483562 1
-0.012756501444203669 0.0526327700734458 0.001781008913353145 1
-0.0019800561942985525 0.02183770615153471 -0.00056525096322744659 1
-0.0021744767912002826 0.025736202529123921 0.0083025436324289693 1
-0.013981317294406981 0.082251842385077489 -0.0074213365052118356 1
-0.0071669959373247064 0.021602666615133822 0.0040959339481185016 1
-0.029156616858355005 0.081996406134296734 0.013583868571186189 1
-0.0029649998177774251 0.039153162389993668 0.0015438792179338634 1
0.0033227856817201491 0.054407701211176419 -0.0005388944557234575 1
-0.0093854516787636212 0.0851747144919211 -0.012217412524601515 1
-0.031596072342747229 0.080269576980249835 0.0073671773124877162 1
-0.0078233475535540893 0.040095639686529946 -0.0024003948856902721 1
-0.0028392394663496949 0.025289850983069365 -0.0027154245457435438 1
0.00058260216918944597 0.018910493779942937 0.0056351885315258088 1
7.7315402741738939e-05 0.028667997427862711 0.0088505352254237141 1
-0.0093997763014905152 0.054597549442992596 0.0084362586352157223 1
-0.0005961409516044569 0.061798074519386903 -0.0023045503081305149 1
0.00044550337347408828 0.020081886455856051 0.0050023509079211151 1
-0.0062526885660128886 0.061456588574981992 -0.0074860260484576361 1
0.00080217680296464067 0.044283279909526588 0.0018997288386026964 1
-0.014379844720948772 0.080676815704198657 -0.0035889107115822092 1
-0.011796759830591128 0.0525554202118357 0.0027283390517107309 1
-0.013923525663059204 0.081628359813921039 -0.0040045168080156427 1
-0.0054434638590736247 0.050964243783440222 -0.0037830781387010663 1
-0.00016449178217095047 0.042913429332270651 -0.0036863070070057955 1
-0.00012837743400106734 0.04841582306047499 -0.0084064421449846667 1
-0.0036409079831129267 0.033402516792151955 0.0084295268637682372 1
0.00070890142129263268 0.0186408380293645 0.0011008916939843874 1
-0.029373219249908031 0.076333276298553521 0.013323876244261217 1
-0.0015943088499735586 0.080134376421017131 -0.0040824025119394402 1
0.0030406638906903009 0.050019259020085735 -0.0056260702675951842 1
0.0012175868731085372 0.045735145854344045 0.00059780377949162191 1
0.00041289037582358413 0.048348686884520653 -0.0024276446411895338 1
-0.005664722977368029 0.031684833518390403 0.0063186110543665798 1
-0.0039369824234254608 0.046162964887832468 -0.0077739232384738989 1
-0.0075549526630146573 0.036269407924453954 -0.0027161685683808334 1
-0.017103235853740614 0.088939313578810228 0.00085370936448779262 1
-0.0053323951964850637 0.047952444725209695 -0.0065659762815028196 1
-0.004468066226975302 0.037351682745017024 0.0077145702697605269 1
-0.0018984408989869057 0.046713315079529111 -0.0059861985035325003 1
-0.013250255777460404 0.080948344789995227 -0.0033680767971815784 1
-0.0056967380505719397 0.026694812840398565 0.00028507236527996376 1
0.000394623095091942 0.047490854120496521 0.0040607368628775287 1
-0.0095998911606135374 0.035964131561894666 0.0010592473105880157 1
-0.017236007427012166 0.087788238755201059 0.0021478793465572379 1
0.020401679363195004 0.055939654496316257 -0.023258059336143867 1
-0.011667083263292358 0.082944493279375975 -0.017868660202351127 1
-0.005370482804684492 0.020093114556300834 -0.0028855136677646024 1
-0.0075691772422638807 0.019111870171516061 0.001794428010312814 1
-0.029162978224629984 0.081763370587768641 0.012418853523717263 1
-0.0041966100495226047 0.016906286743371218 -0.00032870585588308239 1
-0.0029093484266866799 0.082542162340442343 -0.0033471982961823963 1
-0.0087119929241515261 0.025904606853033776 0.0040717359865471347 1
-0.017121144570410252 0.0893072709441185 -0.0016098820487968624 1
-0.0018303064822302794 0.018397720879887457 0.00455784714482327 1
-0.0067743778396883439 0.027546352364718987 0.0017619971498091893 1
-0.00010420936227450113 0.04755113537314487 0.00058769479158720468 1
-0.0047097835171736073 0.039910380826240738 -0.0020729365368439496 1
-0.010908102667262894 0.036830148750368212 -0.0045907315708539776 1
0.0038896015377363146 0.045147988548208458 -0.0015469799981623683 1
0.0010835697187235262 0.020688640482247812 0.00012046264371490907 1
-0.0030389885887493816 0.044637914218762662 0.001015306007647261 1
-0.0066674253226828607 0.055306599655438785 -0.0013933225922947337 1
0.0008012876934771825 0.047557968588810492 -0.0050204516867254937 1
-0.00077255502643999642 0.02733679917619761 0.010665965722101453 1
0.0046053390308864245 0.053861401945997742 -0.0070538190888570843 1
-0.013194980099797249 0.083834931254386902 -0.002612834214232862 1
0.0020346810512727343 0.026422052456503278 0.0069101285818362222 1
-0.012545936429143497 0.082159165924903604 -0.0087969561686246367 1
0.00073529227950168299 0.048680124957090225 -0.0048466746867061108 1
-0.0038399991342770706 0.016191566925402311 0.00034341302238833922 1
-0.0095319867391277791 0.02028504382469544 0.0050795650450762304 1
-0.0043881092121766741 0.018844319135427012 -0.0016594020505290266 1
-0.0062778151284367152 0.05755470826412365 0.0018319537698819003 1
0.0065406411960486381 0.061388540309737401 -0.0123297775042829 1
0.012524827687925996 0.026873041638250991 -0.0079659123878775759 1
-0.0044177187944344984 0.046394381255243859 -0.00089518312332141983 1
-0.0036796929668807803 0.041793383762093628 0.0031957498142888468 1
-0.011297630656198506 0.051526248375640245 0.0035514608679167426 1
-0.003476128599715576 0.037923123009201573 0.0017643997148053497 1
-0.010888598622843682 0.085895998547216384 -0.012445317623362106 1
0.0035561482120637093 0.049193351488582573 -0.0040678568482860845 1
-0.0073153765242207911 0.035029657111529756 0.00086836995928630612 1
-0.0038091808968176819 0.046928887532807106 -0.0067660806518871066 1
0.003737507556787241 0.048289825449831181 -0.0033383287086907239 1
-0.017989555937959409 0.056865256193063575 0.012459747910308764 1
-0.01169597137423016 0.082903561867631051 0.00069865898823396342 1
0.017349231024305731 0.057378119170927541 -0.023863064970194133 1
-0.0086245325345598121 0.018299994623159396 0.0026568118123691704 1
-0.012198730371892452 0.036039404571056366 -0.0045783873647451401 1
-0.023827692493796349 0.07819654792547226 0.01605374738574028 1
-0.0041050402514099483 0.038294690452192769 0.0052364214044654696 1
-0.0032948973752775874 0.085682142436041345 -0.007808521441786581 1
-0.0013968433874678328 0.062848131688770639 -0.0020674669010547616 1
-0.0075365069456580303 0.040331863494336415 -0.0033428518553758591 1
-0.0015127217691347442 0.050922047515310008 -0.0048796771905113539 1
-0.0019313900124178723 0.049610883718842355 -0.0081037349594570846 1
0.0040447861047355517 0.036495684448450548 -0.0014685429230833526 1
-0.0041127007866401536 0.016854883116669377 -0.0017597959225737632 1
-0.01000096624676 0.021592812386733606 0.0049654943329007486 1
0.0058810794250067364 0.05826731007758907 -0.012837640515019266 1
0.0044344464232356044 0.053193443656192163 0.0012678076180112617 1
-0.0091150691732764244 0.020919244736433029 0.0042822117684409022 1
0.0012710141704176802 0.053746381195485013 -0.0027130365748086948 1
-0.0030692642630715493 0.038663151765683662 0.0025565534536915631 1
0.0029474704991516816 0.04511384858107137 0.0014848576047876206 1
0.0042817359201877056 0.048693274678289024 -0.0032059333082887342 1
-0.006483372843370346 0.030928104155522627 0.0053721384821049933 1
-0.021701648485129097 0.061616066100861809 0.015741166342372399 1
-0.0018086271795280237 0.080884725152585921 -0.0044246927427709576 1
-0.006088729160790167 0.01600715295155487 0.00069848714821345813 1
-0.0032199884133832487 0.017982116479654815 -0.0036341807317222621 1
-0.0042682821886433275 0.081418102000126599 -0.0027283930583545928 1
-0.0022545959860765219 0.026872975970061261 -0.00011894305218395577 1
-0.000775364791072773 0.049053756533719163 0.0022906357382761707 1
0.0011326289900380764 0.016911435521091235 0.0081364730428713887 1
-0.002924624087538105 0.017818773869742718 0.0015820100823254136 1
-0.0022272092844714399 0.080917070430286758 -0.0027310693015338556 1
-0.0022105866022733367 0.024664458502114347 0.0073405702076817445 1
-0.0055910181579497727 0.060350261487330414 -0.0072083235061882519 1
-0.0096849391864320122 0.050557007320486284 0.00071696799166904809 1
-0.001453286565720191 0.047348916530609131 0.0039806582499295473 1
0.0030781402958215149 0.025768806270474072 0.0078288966722228088 1
-0.0095950731448565443 0.056477900396721022 -0.001477445454990475 1
-0.0038869772629950231 0.044693646484558251 0.0016629223132805786 1
-0.010639650108751708 0.022622914273369554 0.0042570045460856229 1
-0.0054515471216158807 0.052716952069716758 0.001070725358227428 1
-0.0028180830197579126 0.016103751570636454 0.0011800970188812537 1
0.025822086689055151 0.045140919249825148 -0.025354106447409829 1
-0.00019793100837271267 0.017876277668298284 0.0040652619147941394 1
-0.027625938054567794 0.074683376536057611 0.012009641706469716 1
0.026203339439851051 0.044118973482736489 -0.025171521678999623 1
-0.01050053715887287 0.07972488760824871 -0.013013584632942495 1
-0.00085153119909396559 0.038276835667434214 0.010244356699770869 1
0.0011102041225398835 0.02060202665939859 0.001914320679405795 1
-0.0050309302750974894 0.04748639278113842 -0.0088032428175210953 1
-0.0013766889685362176 0.01801387374973017 0.0046004264798218588 1
0.00080307726912711276 0.044140049387090319 -0.0051403405892822543 1
-0.0016893779823363899 0.017841151091514539 0.0049080954684390917 1
-0.0039943389707497567 0.016021608947588858 0.001456089016857832 1
-0.0034571661009753923 0.016884204132204785 -0.00063602276212224918 1
-0.0054212598573168645 0.053275333546025913 -0.0015996441580777548 1
0.00026120373012875552 0.026972068653006984 0.010434385464500477 1
-0.0034141826045196895 0.01811927209451605 0.00052416736978803491 1
0.021815476686212466 0.027139754775556538 -0.020970583080624168 1
-0.00094746598992498138 0.059025397492634635 0.00029604530228670683 1
-0.0045237636826764129 0.025164909728555455 0.0029874926397109418 1
-0.0013892882967726041 0.026023467806262295 0.00063999037666435141 1
-0.0032246321760450274 0.014881796681507206 -0.0016629647334470248 1
-0.0034007454075823725 0.019006431569172425 -0.0036872206204581434 1
-0.003891974641316253 0.016896581046753067 -0.00046260333765638941 1
-0.030243315627791249 0.080102730916650142 0.011757667119712052 1
-0.0012370349152014707 0.017563031683645175 0.0069626701481785716 1
-0.0049204731892797384 0.019103284779320762 0.0027045073045712563 1
-0.0057079892139881849 0.03986493032425642 0.009270473150536418 1
-0.0070163721348797592 0.04174855601611021 -0.0031798601354493345 1
-0.020264586169878342 0.081073327902206296 0.005516431882010989 1
-0.0042821151466267415 0.054142835606343469 -0.0049393864523993806 1
-0.0089196758344769478 0.082578446716070175 -0.01123701548203826 1
-0.0013656451353145891 0.023620650805699792 -9.5211243016859071e-05 1
-0.018916908045068733 0.082120776518163782 0.0033535741632734805 1
0.0031039732275530696 0.053605558350682259 -0.00021119223674759269 1
-0.0030822724414340556 0.043195085340977532 0.00057179699445492288 1
-0.014663330482884408 0.080034701045478482 -0.0081574027709505319 1
-0.0034790675862877121 0.055251709152057508 -0.0040353886028872228 1
-0.0086823663442248365 0.034744319972165087 -0.0056387464226034514 1
0.0043553505770223813 0.054112292083013137 -0.0018664161419672508 1
-0.008745679742610318 0.038435456132785803 -0.0049171629547097731 1
-0.0089575647850297074 0.078952357911111007 -0.015562241859039948 1
-0.0028614886912145779 0.050301210253690873 -0.0024472422231907229 1
0.019599831663072109 0.058477802202105522 -0.023296111263334751 1
-0.021183685586875084 0.078191845139805038 0.0047542261967242067 1
-0.019841312129440444 0.086835769936200902 0.001838483855078712 1
-0.0026728177168238647 0.017016096372402149 0.0008997544192221815 1
0.0059024649672210217 0.059786660596728325 -0.013094670139253139 1
0.025857103988528252 0.047336315736174583 -0.021801305003464222 1
-0.0035605159355327487 0.072071351110935211 -0.0097516751848161221 1
-0.0066153552020253702 0.01714688800686729 0.00010762388960113792 1
-0.0024302148709714915 0.052945992041688199 -0.0016286087501516681 1
-0.0062278662457178171 0.031779728507451331 0.0067893776521601923 1
-0.002330999993925244 0.021104794183422905 0.00093123803614790068 1
-0.0039377873063773626 0.04194872664694517 0.011108505008627126 1
-0.0040876465817321645 0.053280697414185833 -0.0035063179282676083 1
0.00075467165942825674 0.020640153764757311 0.0073552753795947503 1
-0.0018251398698916404 0.022743399106764581 -0.0010966417885886384 1
0.0050838966003583196 0.046906326149183074 -0.0030551570855937597 1
-0.024706626310324144 0.075989433876576168 0.014014862839446151 1
0.023619054034110305 0.047487823851302104 -0.026756876909979424 1
-0.0024177659294365647 0.019572229558747125 0.0028527649324438234 1
-0.030847506780729769 0.080414343005366942 0.012390258845306382 1
-0.010071860888911117 0.032206392077186549 -0.0066586644765778977 1
-0.00023446166631949856 0.022992322347227596 0.0056904110707045857 1
-0.0064532814045832245 0.041040002199505418 0.0027771408698614784 1
-0.0037573448405733884 0.039206807384781252 0.0050608363533243125 1
-0.0098038781112686595 0.079533103324866058 -0.011972385568681068 1
-0.0063969537118393257 0.054185058360487121 -3.3226056753818465e-05 1
-0.022113618172347114 0.063622584560357048 0.016624615980964336 1
-0.0071073641230860359 0.053886555850092673 0.00095485306734414835 1
-0.0092275565546696761 0.037792821847463319 -0.0013877141947634664 1
0.0022199952211588211 0.024713848932623073 0.0092138834745038173 1
0.0016769023631902768 0.023748308413304168 0.0064824883054310778 1
-0.00081843085909610728 0.024257148458104755 0.00030269739761968175 1
-0.0065540835953536583 0.078234893914213996 -0.017510231142888164 1
-0.015692098945104843 0.087256361366073662 0.0013254818087060491 1
-0.0032807988674333093 0.04125158433396954 0.010769078833733925 1
0.001694709789845627 0.05026940974653385 -0.0011834998528727661 1
-0.0063060851875035035 0.059553158390685111 -0.0026074762684724375 1
0.00057950197691135959 0.022849640395168735 0.0077317969006007884 1
-0.009528125957320336 0.03589465765591586 -0.00643145557914404 1
-0.0035744155239815206 0.049615598866209462 0.00097411818643259457 1
-0.00058009301231885975 0.023180788879245469 0.0011783573833776795 1
-0.0089899436737571389 0.03509385470197076 -0.0036978178435261994 1
-0.0070422322572332267 0.072420859103466545 -0.015720701927580575 1
-0.0099500219878982041 0.084772763167380194 -0.010983764237695095 1
0.001951681445050974 0.047981490346906935 0.0033133150714532789 1
-0.018779388012274058 0.084130455416954797 -0.006900800501560363 1
-0.0031111849345394969 0.044122183108640627 0.00059550832856777695 1
0.012634098064154387 0.056838691234588623 -0.01397924916818738 1
-0.013536794233526188 0.088238751131296214 -0.0018070028862072903 1
-0.0026392697716986499 0.079910892116880516 -0.0056712064954301542 1
0.02648505173573034 0.044646407198874208 -0.02631690090392037 1
0.0045997881341513346 0.045609588456264089 -0.00070345741591064858 1
0.0016427418403205138 0.0192631152918885 0.0015419418455771459 1
0.0028592322218075326 0.027722599412605936 0.0072232121349086577 1
0.0012371288556351162 0.051338026444747879 -0.0054526822317936697 1
-0.010021303456382679 0.038336078268530714 -0.0042360856774240809 1
-0.011011015623807907 0.079498197883367538 -0.0099987196736037731 1
-0.0035766490003956933 0.079077361078828554 -0.0052479214390190286 1
-0.014037055980697797 0.08658039671106503 -0.0028222780065716908 1
0.0010056940587954344 0.047681201032160919 0.0033762748181275734 1
-0.0041347771184518933 0.018856826238334179 0.003337973146699369 1
0.026115094929132103 0.045698307485502999 -0.026481497838438759 1
0.025067109500333567 0.044182279444366146 -0.025881691655452715 1
0.00067802557276050717 0.050339650079682427 -0.0037718065170391467 1
-0.017364846600560955 0.081640709859141805 -0.0068875856081445424 1
-0.0097287701511726363 0.085244462673801105 -0.012870363711870232 1
-0.010124714005396138 0.079390392051968905 -0.012726926606682353 1
-0.007958187483914976 0.085641036119215544 -0.010764084598666254 1
-0.0015817356734801084 0.046644191109303595 -0.0087718971587438885 1
-0.0084592380694566791 0.083925295051223051 -0.011966189561690961 1
-0.003863295511548296 0.026635665145892162 -0.0002025100669042622 1
-0.0033246065864301158 0.045172483425796738 -0.0074199445511475004 1
-0.0086550698938147753 0.05324618961967964 0.0064681805472451307 1
-0.0081638366767211867 0.036005152106624895 -0.0038860958178005209 1
-0.019437905303144924 0.088734571786208014 -0.0020885533793323038 1
-0.00076800786101679933 0.020600318409898972 0.0073422221482864472 1
-0.0015909577495877435 0.047217465739202914 -0.0070200327362466607 1
-0.0065231188477510157 0.042083730498543546 0.00079005730052760664 1
-0.00076625932359428335 0.083040567111981767 -0.0056949961409597421 1
-0.0031390431405343036 0.041746022966157009 0.0014534756878958636 1
-0.0017145952446542818 0.027655135735146649 -0.0014152924649724072 1
0.0001583442328927205 0.046765223163451587 0.0034592153068722042 1
-0.0034130617277696729 0.052553461864590645 0.003051806939765811 1
0.010915254053575083 0.058233169422719916 -0.016943693097145988 1
0.0043974111862779865 0.057790399032904997 -0.012670286607406748 1
-0.010038147472498858 0.051855882458279996 0.0048354189649133733 1
-0.018813572223549964 0.086226555534789501 -0.0073789902860155821 1
-0.014488228596746922 0.055691063404083252 0.0029987437301315367 1
-0.0040961217849478258 0.080730363477393097 -0.004108013834115483 1
-0.0073374360148139549 0.039071324167519197 -0.0032368858757348051 1
-0.010585995478180095 0.051891555864749001 0.0056322121344096737 1
-0.0052102693094763178 0.042249144289214925 0.0089306878414171734 1
0.00077463709581981812 0.053721760720406027 -0.0037582247301999393 1
-0.015900433563560246 0.089668028999933994 -0.0013468977133431061 1
0.00091708886204481545 0.024712387964926131 0.010114124688337247 1
0.0022778689585151554 0.051212296019150963 -0.0021363844980676833 1
0.012088313871644527 0.057971506283283257 -0.013085066769923992 1
0.0036783099640160799 0.054460976272821426 -0.0097403032705187798 1
-0.009389181152764603 0.036895243431016987 0.0011559457219746294 1
-0.0048001853420954364 0.051928751126833247 0.00056667662241843386 1
-0.0066699652654738971 0.018709782279875145 0.0026407414536267666 1
-0.013342250138521194 0.080097652971744537 -0.0031205895938910544 1
0.00070749577106317017 0.016967105655959845 0.0066540617137515563 1
-0.0035968251529477206 0.037460342863330706 0.0071713467169351149 1
-0.0012070444041128706 0.049260297065929423 -0.0087801383590957304 1
-0.0023484593892832448 0.083604501841846077 -0.0024638421049709832 1
-0.0035520719776657734 0.04251893878426119 -0.003510575657924459 1
-0.0037510563928073925 0.01686574794560183 0.0047534973846117658 1
0.0026747066509578876 0.045289219901366196 0.0011928716173195382 1
-0.0011300580640820823 0.022984655700631119 0.0077057497133316364 1
-0.0067564151242472097 0.041970873888039627 -0.0023761042225111167 1
-0.0035363941522209732 0.023213431176573925 0.0012122833636515869 1
-0.0011612633825279772 0.072586663067340851 -0.010711772367358208 1
-0.0038466305392477838 0.0245640048455005 0.0011122899976555123 1
-0.00073434262887946177 0.047757912071970388 -0.0070770993874385603 1
-0.0046338924097347849 0.041229405448989301 0.011066021368116239 1
-0.0058440536332774965 0.059517185554157977 -0.0064246076151817221 1
-0.019831494658132866 0.079802624474567138 0.0040677540923577272 1
-0.00046856384171184873 0.017046989486558153 0.0070337476697388233 1
0.00075675588011749496 0.044983451484900148 0.0028716619405526693 1
-0.0084555835688016612 0.024929218057336375 0.0022085519794607278 1
-0.0046522813990256973 0.022038752419890048 -0.0011945285086828348 1
-0.0049692117253242732 0.023519828608709718 -0.00046165083760169582 1
-0.0054781163559688238 0.029916591107370227 0.0054021736271193145 1
-0.009282756056166918 0.022053692464623405 0.0015947071363596045 1
-0.01849088809910512 0.081187259538853696 0.0019115248500214674 1
0.0023682543813565845 0.037434115688290748 -0.0003369527861179115 1
0.025954627690847994 0.046634463005504931 -0.026510258795750252 1
0.00090220077178463623 0.046634831036794833 -0.0037629021677250897 1
0.023282574461123945 0.031816146283426924 -0.023675479399183411 1
0.024410577098069614 0.03123307329169657 -0.021821125495595829 1
0.0010616656163116795 0.046896194971593905 0.00051939941105431844 1
0.002087017203536145 0.01993677745820175 0.0045817928522296422 1
-0.0033328489088193195 0.039806041226853453 0.0099122025034283981 1
-0.002686218953879156 0.043126996481610752 -0.0014525279365624332 1
-0.0049375286142921025 0.056501904806445659 0.0013171528451687061 1
-0.020475512953921974 0.062433509935312805 0.017303883960523687 1
0.0040082612201696229 0.05985192696761675 -0.012765092931190505 1
-0.0088274748134550707 0.05282996936469761 -0.0010145443928274217 1
0.00043588921283577755 0.018280203367502676 0.0062944326043338911 1
-0.0035552965546402637 0.042006508231531438 0.00023447321388432279 1
-0.0052898000359876442 0.060284204626740619 -0.0054343768629643114 1
-0.0033542837648469874 0.020721507659144996 0.00043395812643755305 1
-0.010118783841934275 0.079762108527546186 -0.014305413112190241 1
0.019533692279024087 0.058045350358275911 -0.0177792347483803 1
-0.011550750999840396 0.081949769836942965 -0.018373303437731407 1
-0.00085121546480725107 0.017901101233226545 -0.003100212054853866 1
0.00086443360487464815 0.043294528499245644 -0.0040402079466730356 1
0.0017665327114529919 0.018394651155304673 0.0052142880798680151 1
0.026971853410751135 0.046294803003841138 -0.026909295925419657 1
-0.0016829902306199074 0.083511732518672943 -0.0055377299431711435 1
-0.01801644559817657 0.085957676780312825 -0.0080588123482678003 1
-0.0097700495225128865 0.083767909919415934 -0.011724673852574669 1
-0.013777927925818117 0.078588997019213902 -0.0036909620640840413 1
-0.0055647263297944937 0.074277531292984394 -0.015878467222624783 1
-0.0027402671114517916 0.045886935947279592 -0.0073284745967190073 1
-0.0066361540557711481 0.018388873451336839 0.0039634747281644426 1
-0.00025476163098883225 0.053182545818069513 3.8763205621297802e-05 1
0.002032013107977518 0.018874441776193195 0.0040809491246351854 1
-0.029969552690571749 0.079400515297179688 0.012569798161343773 1
0.003456952515989542 0.052531242370605469 -0.0055798315443098545 1
-0.03073499250836836 0.077564726123068681 0.012715002909065864 1
-0.0078318127427716815 0.034523757780095747 2.9688423763354381e-05 1
0.0029130069554314389 0.053373969954883173 0.0016839143139261825 1
-0.011234772064550647 0.084094665294799281 0.0004194061942178228 1
-0.010598295867533747 0.052278684540624946 0.0033404982991462446 1
-0.0073410615935300787 0.060090705181698095 -0.0035840841692400234 1
-0.0027748404100767245 0.053366150510025266 -0.0027331726180913241 1
-0.017288582399487495 0.089778870344161987 -0.00019883579807356 1
-0.018004445359110832 0.088724371045827866 -2.9223447199910879e-05 1
-0.018542722335614381 0.087702247440965192 0.0018662898316062892 1
-0.0081699427682906389 0.024089595302939415 0.0034771629143506289 1
-0.01130755884129396 0.08383813128900755 -0.00128105366060066 1
-0.0064012396606331875 0.060487914862318956 -0.0045227694403885211 1
-0.00050700188675882715 0.02454252626365935 0.0059104582523348478 1
-0.00314109963846281 0.078864832740469876 -0.0072167571191809141 1
0.0005288684561422102 0.049548533837925055 -0.0037845707076422288 1
-0.0062954876394430278 0.077304613271626563 -0.013255676990035678 1
-0.020018932835157467 0.080568388003582764 0.0047888819810622332 1
0.003550924166719034 0.052980797126993648 -0.0066969275979328145 1
-0.0066005846785811787 0.039301715089102247 -0.0027717177482801513 1
-0.0017894472219437063 0.037727564093915311 -0.0044909743444742764 1
-0.00774026479273047 0.021387115765816429 0.005025418909896065 1
0.0035286225543811551 0.055507473389724366 -0.011319432757811505 1
-0.026599557243493957 0.073901881628039054 0.01257154124565745 1
-0.0021658263159507326 0.049296661920428468 0.00069634573908119632 1
0.0031809763642364004 0.057704902570967373 -0.0093582522557374166 1
-0.0027066106530454553 0.048981814884800079 -0.0079668977024891282 1
-0.0084368091547444065 0.05505104012890448 -0.00012634284194073869 1
-0.0055618044276781377 0.027954537046513316 0.0019494768492676069 1
-0.012334098243049714 0.083105276592600405 -0.00043762661189821589 1
0.0048404527767565569 0.052715162620296463 -0.006387945044749755 1
0.025966611185359055 0.046184070204995029 -0.024855431878843023 1
0.00084861166174183622 0.046888713414449647 -0.0068201138705251737 1
-0.004715403076261282 0.023375457152724266 0.00027606610092334449 1
-0.00051397830011496056 0.054576806499105075 3.9645329836132491e-05 1
0.00094286600360654984 0.046874761688213147 0.0017387922324368242 1
-0.00901758609143242 0.020057833876420114 0.0024948351059348199 1
-0.0096227210015058517 0.083590351045131683 -0.017888441681861877 1
0.0024719003708241266 0.046982787917477495 -0.0016099160193402567 1
-0.0090939494504659029 0.053410638792825531 -0.001505683160381757 1
-0.011839400976896286 0.080366916954517365 -0.0030434784712269902 1
-0.0053877886694738237 0.034640111459602649 0.0071563988321434483 1
-0.0029023048846158243 0.043379068285794339 -0.00027498664232884328 1
-0.0061806335261999686 0.016341334918098496 0.0040122603261993949 1
0.0014007441689436544 0.045787496548385515 0.0030115714967167014 1
0.018590725104482026 0.057780006511682129 -0.023612940213549968 1
-0.0059823063910072732 0.018122615761537588 0.0017461010556637736 1
0.0055428746364410602 0.052888178240003227 0.00012736463126793315 1
-0.015121491141465434 0.079101356743531775 -0.0035468283562614111 1
-0.0019788026712007946 0.04853221246164955 -0.0048098696737271605 1
-0.0020551367819159694 0.052771153024482279 -0.0029744417298351524 1
-0.0065015989610910452 0.021509215308512738 0.003323318998901684 1
-0.0096567799585881523 0.053705002993852578 -0.0017936224591905818 1
-0.0092183373639059905 0.053156117878929147 -0.0022768773124000924 1
-0.0059327456967321829 0.059002098533599959 -0.0047945083877394068 1
-0.0078381650031566098 0.037202180557421777 -0.0044116929187613899 1
-0.011095421270730876 0.032790373552448612 -0.0063951229187498146 1
-0.0049738964049984282 0.018879711674734349 0.001428554765468883 1
-0.0068736617064779956 0.05444255501974548 -0.00086037210829608985 1
-0.0029137341770528874 0.018493325297687761 -0.0026159535228866778 1
-0.0012883924953251337 0.072857947713034277 -0.011780663758282128 1
-0.0053002818380948934 0.058122032681963129 -0.00064309251717680296 1
-0.00082406469941560855 0.046036738304657383 -0.0021492744040111813 1
-0.01229337268023591 0.083951121988449867 0.0014432165017382096 1
-0.011908519825008427 0.08394667758950819 -0.0022561075406495592 1
-0.00032702523278086337 0.046960174128917592 -0.008038681921642761 1
3.5419964399548915e-05 0.020242203037376179 0.0023843106377752113 1
-0.0082499638525684524 0.086179710924857864 -0.011717943537181837 1
-0.0086714659999096999 0.022879921268812133 0.0036765204017279061 1
-0.0015145103379504996 0.040609877123577179 0.011432736570916268 1
-0.0050975563233195652 0.017117342489511665 0.0066709490431975287 1
-0.0045792522256108944 0.046500944851236091 -0.005094097809682477 1
-0.0081377701072108885 0.037544781255866563 -0.0024614572410730853 1
-0.0018598808862221 0.046740691676971632 0.0018272538589428932 1
-0.00065193587714758175 0.047196126194958991 -0.0072705085350451715 1
-3.548983475725483e-06 0.043166645290571397 -0.0022743520459237365 1
-0.00095034270642881027 0.026349187586482123 0.0098139446666916479 1
-0.0038995159121825492 0.025225300091056297 0.00036252766030334924 1
-0.00018672972092130351 0.044125490954713679 0.0018918330419807707 1
-0.0012878594493953169 0.079902244019238192 -0.0065221036340004342 1
-0.00010780665199232888 0.047022188721926338 0.002364421785756755 1
-0.0028234551458477634 0.041723917965715437 -0.00066252477077207393 1
0.024197016063571254 0.046163066605398088 -0.026955415029104684 1
-0.013784078012043283 0.081405045124661929 -0.0062558438608534359 1
-0.0040024744558915873 0.040762501989927459 0.0028275190110157917 1
0.0050048273186466619 0.0588149662817916 -0.01091680879368079 1
-0.0049866518724582818 0.060023797883744318 -0.0079284280716674232 1
0.001855704601879928 0.023416912851065182 0.0074440426881327588 1
-0.016257843202004775 0.089173102958439221 -0.0013489837180990115 1
-0.010461678124779298 0.085755807476326218 -0.011529809570967962 1
-0.00069495586320571386 0.061095118124519288 -0.0026859394646231247 1
-0.0047073574919561075 0.042699919343744341 -0.0036811277118963342 1
-0.0074764569239668755 0.017139066786822831 0.0031184366436798417 1
-0.0013703340695857922 0.020565027051656293 -0.0004428340329178847 1
0.0040767097726918007 0.046213812788808276 -0.0035457310975277067 1
-0.00221111169498984 0.052318464394617778 -0.0038042132124063654 1
-0.002512365851616823 0.045626499843666068 0.0011625775234667 1
-0.0050804503407074035 0.051459160486863803 -0.0050416653976750429 1
-0.0069482876062968548 0.02000614409428509 0.004191086757266739 1
-0.0025954608743383213 0.047317011959441144 -0.0073357037882019931 1
-0.001006445836565374 0.046407296160973138 -0.0025015771684578948 1
-5.5386904125760846e-05 0.045445285581900807 -0.0022455395723786978 1
0.0022202798419305035 0.051858462548363474 -0.0044420068473099974 1
-0.0077871429966238671 0.019112462153519808 0.0049111738589468724 1
-0.0097644911161389094 0.021583057058528119 0.0024414669420086349 1
-0.0094078171845544539 0.041012717470048685 -0.0030888353821730483 1
-0.0016503815269230098 0.025692956598253033 -0.00050551544203926272 1
0.00081495332596318937 0.024256862720513278 0.0077700128877521294 1
-0.002425793323738633 0.018508773221846339 0.0068164411048844201 1
-0.028677963259118339 0.078352071224672831 0.012768501129881064 1
0.002946808685723262 0.044416446539022235 -0.0021071091303873964 1
-0.0019362993861213873 0.04278546224437433 -0.0030932153842159085 1
-0.030531172110199099 0.078755237780283718 0.013794861956407334 1
-0.011589901512201278 0.080279424187197912 -0.01749071196180577 1
-0.0066255015240814924 0.017210263410253845 0.0034678068729643526 1
0.0022299910779111087 0.053386908024549484 -0.0022251344635151327 1
0.001680051345591786 0.045460839806195377 0.0017417673796824779 1
-0.0026707223836457128 0.018512834958153986 0.0021602002936050154 1
-0.017393724084861433 0.079983507747428143 -9.4170338361192012e-05 1
0.012478419872035856 0.025989633499295142 -0.0082454012224665446 1
-0.0014204553830706934 0.081790785666256652 -0.0056953808264913613 1
0.0017897061631632267 0.049071831278426556 0.00082432697764440077 1
-0.0016000464794686093 0.019711050968462322 0.0063820980844645561 1
-0.0058522518654881102 0.0495632343165563 -0.00027960373456017919 1
-0.019612731414176715 0.086422956498204292 0.0027764802768237163 1
0.00072452617733834309 0.051667275451033251 0.00099903988096524928 1
-9.1708372801047326e-05 0.017886207012958351 0.0049736543877148404 1
-0.013307189073109476 0.085014084267063736 -0.00068817462452428553 1
-0.019919962069871455 0.089250723471803101 -0.001313582373008431 1
-0.004062604010076909 0.038946572217113125 0.0019537375950947774 1
-0.005129492586694465 0.041077080654499019 -0.0031081960385873782 1
-0.0043622241283178577 0.054437150277907922 -0.0019620932555408509 1
-0.0012456961499181965 0.046354848244692624 0.0031088141768526971 1
0.017989197670232132 0.05663400490943514 -0.023785240597667061 1
-0.0046724265075889946 0.030544444579858492 0.0071917978670756185 1
0.00073173014764161572 0.046587738754104512 -0.00059147169922634023 1
-0.0069210721345127971 0.07336423261296969 -0.016353387290673958 1
-0.0041689387710671421 0.041642575348999879 0.0095633749845125855 1
-0.0050388139206916094 0.039207974448800087 0.0019404786871746182 1
0.024939573891755731 0.048749789148262564 -0.026712954951701329 1
0.00085755419537343071 0.022084013914552673 -0.00084507401064969523 1
-0.0043875057567526734 0.051105331181606477 -0.0035984780032835774 1
-0.0016131772135850042 0.027144007384777069 -0.0011542138818185776 1
-0.012369543152173153 0.051721395615173957 0.0044467699166518999 1
0.0026792357386960716 0.053876593854804131 -0.0014822613559679174 1
0.00052343439887236063 0.054078189314200394 -0.0006494636276883996 1
-0.0039425650556421544 0.025371711381979627 -0.00065368177614952869 1
-0.0082294343923727791 0.053346222843585193 -0.0017888641855362715 1
0.0027199103372435251 0.015771544225284949 0.0037117687766933991 1
-0.0075855391385265102 0.018055330664198052 0.0029262123795932202 1
0.0074576960710586067 0.02367000655012683 -0.011183360603348826 1
-0.00837367819622159 0.036845682188868523 0.00080776765298651299 1
0.0036552273153207019 0.045555991496489021 0.0015451619033676118 1
-0.0041270796828153863 0.022960340199591409 -0.00050903794864099188 1
-0.006807222674320222 0.05458859576371565 0.0018323764929019343 1
-0.0048481394262836547 0.052121834060868198 0.0022145843547052768 1
-0.012362004106609563 0.08424191521372093 -5.8027475124571622e-05 1
-0.0032471833236333179 0.042468147194731992 -0.0022555804274673264 1
0.024363595599458897 0.048714804377765736 -0.027046825357272798 1
-0.00053957698652394906 0.020831451664229665 0.00013468806222049546 1
-0.0015024458746005134 0.081720554052580552 -0.0045216130058102783 1
-0.0035182827473203941 0.019258275343574022 0.0027241030087396039 1
-0.0027784443881202249 0.081169603440841287 -0.0048491471030412741 1
-0.0053305936994746889 0.061306995203854159 -0.0063309579280467583 1
0.0011288154257000759 0.018024887984225853 0.0024781848304997519 1
-0.014965790507275317 0.088708868021482701 0.00087011771063147934 1
0.01938391665566434 0.056884615669830593 -0.022765862942656666 1
-0.010098082819429392 0.03679548768402343 -0.0037483814569641972 1
-0.0012813067349967708 0.083471676616254417 -0.0032965440217773831 1
-0.002773700763614361 0.027308357520836012 -0.0010823829463738146 1
-0.0073324262294060727 0.023515585489131643 0.0037932814956013012 1
-0.023220539093017578 0.074113510549068451 0.015266618225723505 1
-0.0071201405645967353 0.059307812002786293 -0.0049975963461297282 1
-0.00081516400214128851 0.022941517291809113 -0.00041977500006285624 1
-0.027098536911843329 0.073785124541868474 0.011677019266197713 1
-0.015301237974318061 0.087208356770757403 -0.00085382049284328954 1
-0.0039700697750101157 0.020644057322158672 -0.0033186171145354252 1
-0.0010860854455142419 0.049962113018667979 -0.0057164878375201489 1
-0.0012197385180209386 0.051937072518962873 -0.00036936707596788287 1
-0.0047591714804510864 0.017784598242383372 0.0015716236528261051 1
0.0045037239688147041 0.047182727007518695 0.00049528071866158582 1
-0.0032844765101523701 0.050046062085055229 -0.00067034364804061922 1
0.0039212399860844016 0.053289555013179779 -0.00037755805533379316 1
0.0033969157136118119 0.052458200285699905 7.8627534476215569e-05 1
-0.017255828774373354 0.082356289700106763 -0.0079652939417472774 1
0.0006058192150505176 0.021677530255644083 0.0067043032865134623 1
-0.009157314485832499 0.051312718499335101 0.00089653817169002038 1
-0.0014244668122709464 0.025502344364196555 0.0090795281416115557 1
-0.0044062661026117965 0.018316709619073397 0.00070287571423339719 1
-0.018352251010954716 0.058069681807601262 0.0060532934344660911 1
-0.0054628102592173561 0.05514452967187132 0.0031955593745543066 1
-0.0049966891000048095 0.076587458029022781 -0.015846377860200798 1
-0.026104545224058587 0.076305338704742626 0.012555049294347878 1
-0.0060802205781318192 0.041143426051062235 0.0087700414854662637 1
0.00021202357394808468 0.061271926494960438 -0.0031498839600062317 1
0.0023919141622395844 0.050804038033895722 0.00072341760873982869 1
-0.0031909202225506306 0.040868459269404411 0.00079634101712144911 1
-0.0031527163672656032 0.051073391333200324 -0.0024968213676155792 1
0.00072854295318908549 0.028127714328135482 0.0072389097214822298 1
-0.0002881663094740361 0.025552654638886452 0.0080993461888283491 1
0.014164254854787652 0.058980332350189457 -0.017799028980307299 1
-0.0025642826272556356 0.024469938512389416 -0.0018620301124019514 1
0.0039060076213752524 0.056835017140260909 -0.011747345250841494 1
0.0002446302839561904 0.024138538099021022 -0.0016915905722328206 1
0.0019520037883024258 0.052469029175881407 -0.0059526095188496405 1
-0.0069403169409285401 0.020589808348216877 0.0050519857109550519 1
-0.022406249240671722 0.062749160169740262 0.015812259332526488 1
-0.003478724043816328 0.051596738398075104 0.0030650775879621506 1
-0.00059296970730664115 0.023870295237664162 0.0067738096901264824 1
-0.0050004045379909946 0.015464712848268291 0.0015426211782674051 1
-0.00027861937734174875 0.061464296433314226 -0.0012856603692879248 1
0.00048001679672833656 0.048173164408125857 0.0025791383863136182 1
-0.0043610452904544869 0.024848588593248028 -0.0013955865136603544 1
0.00063875286527001137 0.017032424507269755 0.0027916297256693218 1
-0.0051082810202420503 0.073171665547547338 -0.01658840885434873 1
-0.0012173048545368072 0.043745471471631533 -0.0027927774956680177 1
-0.0020179169757006841 0.022559482764100674 -0.003212280545699444 1
-0.0047224130220933878 0.016121421620571199 0.0034302752353405274 1
0.00089346981733913261 0.046495336624997718 -0.0016126743337997319 1
-0.0061958171427249908 0.060548050329089165 -0.0042994652176275849 1
-0.0027944509307771402 0.023288092708930338 -0.0012944914430673678 1
-0.0014795901489604378 0.021586139079869889 0.00025000074138833712 1
0.021951416181023295 0.049911865191034181 -0.0221873862185058 1
-0.0047417773437082693 0.01641412923198279 0.0023497720662725577 1
0.0027275920960183196 0.052000296983792153 -0.0028461834322071398 1
-0.0021828178291747337 0.015722291260149707 0.0037021341863358553 1
-0.0051534913724800204 0.053598657134091662 0.0032718828147952506 1
-0.0050054919638692508 0.036611042325506417 0.010176561418100926 1
-0.0038034108459245892 0.08149117319154299 -0.0034471314363591784 1
-0.0053555991380041974 0.079935564303564077 -0.0052233253217497883 1
-0.0081254365946234457 0.08465339171566609 -0.01039189595120934 1
-0.00097008127854348192 0.052436001624629212 -0.0016764866256911671 1
0.0044718642484301357 0.049212030192402743 -0.0041059054998450395 1
-0.0032696247016461436 0.016392006452751632 0.0032742993314732629 1
-0.0099322704003231461 0.020595344305192113 0.0033726385899584942 1
-0.014491456566552669 0.07909552851089606 -0.0044580021179337712 1
-0.0040522848630719713 0.017980268620695343 0.0052530044707896515 1
0.00030847586535532592 0.047949884467694839 0.0015534239188890024 1
-0.0068285065790329707 0.049940235460448755 -0.0040137520443414539 1
-0.021524681674610361 0.06252665251879938 0.01658031011937685 1
-0.0074418457224965096 0.042668780311942101 0.0031207890715450048 1
0.00049097583061422361 0.049618794679176972 -0.0050018943867026038 1
-0.0097726416148915668 0.023684539597193993 0.0051583512639162155 1
-0.0064482191433360469 0.033152445617262813 0.0068323887919239691 1
-0.0014996756740603609 0.023522878041825349 0.0071098645893752054 1
-0.0054942612572633628 0.016324232474014294 0.0015700099573698239 1
-0.0021974916736499442 0.04081774809349871 0.010802417696781584 1
0.014421347155004082 0.059507835410840391 -0.019096027216150047 1
-0.0018909500898447273 0.020945217092724823 0.0067748505242995029 1
-0.0020365579706180473 0.048057506179999612 -0.0028123237418690738 1
-0.0016442324930517713 0.028601852633098231 -0.00044250282643990826 1
-0.0058562502869296731 0.041621490096714904 -0.0024824794860368623 1
0.00045372506287876159 0.018021623517072351 0.002134502052700501 1
-0.0098830320924138092 0.086092661349578492 -0.013385848224442883 1
0.0033045829544898443 0.048113635377071855 -0.00091858289713308606 1
-0.0079516342205715861 0.053570607480350287 -0.00011796348315171613 1
-0.019040883518755436 0.084090780466794968 0.0035559388343244791 1
0.0013181691479436613 0.053175677469298889 -0.0005684958727595837 1
-0.00098412086525291142 0.026979722578983695 0.008762714345531452 1
-0.00024801162394606508 0.048232513591715237 -0.0030786000465745015 1
8.1543018202952819e-05 0.036390124157320604 -3.8336045358995524e-05 1
-0.027790371296575102 0.075366434032439616 0.010196662719581348 1
-0.0019869660240388136 0.016876449274660418 0.0043487190014386999 1
0.0044108121440430883 0.058544731223564787 -0.011719587504088037 1
-0.0078088682623930717 0.018073790830847924 0.0038101230295255811 1
0.023613166341513107 0.040887728354245173 -0.025856378652409615 1
-0.016132144527177514 0.088408941034389288 0.00040086674305099697 1
-0.0012460124683693931 0.052920505147632663 -0.00065785536658483079 1
-0.0023775318381099079 0.01767040235599332 0.0046372397925213502 1
-0.0028898018205941087 0.028397245485812121 -0.0016890470428178813 1
-0.014764348350877182 0.08823597667835878 -0.0013456231324119046 1
-0.010522330205346351 0.051178736484238728 0.00012252105299458648 1
0.0013261711033130293 0.018090261294095727 0.0035706836396979941 1
-0.0059286005653686434 0.036977314793218252 0.00027814845586827638 1
-0.000862922507306598 0.021793467156166878 -0.00074897964812091174 1
-0.0076357205843456876 0.017582428978539847 0.0028541509854377346 1
0.00016366736520396922 0.048816673567086577 0.0038758913692414016 1
-0.0021960054677616775 0.044722874254121345 0.0017548184447519414 1
-0.0021152808710868478 0.056521110633105512 0.0014585458356888442 1
0.0018600904931568186 0.01817484918098046 0.0028632934206830642 1
-0.00063826407766522379 0.047754577614351035 0.0043556535401076827 1
-0.0011263815705370656 0.023951528842076634 0.0020986655057183548 1
0.0018315428723195124 0.044337845569938049 -0.00426363234618747 1
0.0029288840759252536 0.016842319630139622 0.0035517379964220999 1
-0.0055664366037406886 0.016254685786901504 -0.00029667494651284984 1
-0.00042920460892584115 0.051257258136340744 0.00089312194702576128 1
-0.0088386264179238783 0.085257100409749223 -0.012728066159854098 1
0.0045206784270703793 0.051579033955931664 0.00080581632209941745 1
-0.029763597574467983 0.077461853926141244 0.012936166373359106 1
-0.010124222488117104 0.043180937678926841 -0.00010814698222736687 1
-0.023095078097656492 0.081479532104880389 0.0017802737146623492 1
-0.0064325777315318551 0.029091426230583323 0.0015815856974119755 1
-0.0011633360041152334 0.050980271075390396 9.0903842146700282e-05 1
0.0040313782454011998 0.052353418097878288 -0.006118943891096921 1
-0.016204369044455179 0.088143217422911951 -0.001648213196678041 1
-0.0028537582705869015 0.052641635917604068 -0.0034488078200228555 1
-0.0060927681604072276 0.077356356007205751 -0.017055074114292756 1
-0.0093963097913662714 0.052091340842880182 0.0055869239888079554 1
0.0018428989934146617 0.044868861222776696 -0.00037288240273069661 1
-0.0025349874112212379 0.078723824150108271 -0.0092977067932118011 1
-0.0075855724774585428 0.053679057932318294 -0.0009841386617265753 1
0.012414025153696596 0.059718124727633375 -0.016783591278440736 1
0.0020852476829859995 0.017493328635471327 0.0032392186888074398 1
-0.014674379508165141 0.078657209212178586 -0.0035537118454030819 1
-0.0075811308153055125 0.019295191253672773 0.0030085593753436707 1
-0.00097335395468406915 0.016206967901110102 0.0064140282214500514 1
0.0042543185409158468 0.046087300404906273 4.1973660700023174e-05 1
-0.0029209146706741258 0.022178591765269404 -0.0024696723920208268 1
-0.0011502704569078268 0.051838399266247906 -0.0036279360760801574 1
-0.0044860611308427199 0.037084869253360159 0.0045616667782366251 1
-0.0014706572625028517 0.061966441157487291 -0.0030433929063014586 1
-0.0085257766692988252 0.054732534527168378 0.00078836502535366065 1
-0.0043602640205582721 0.038797422829462712 0.00026395505447364772 1
0.0047168742297410294 0.04734410891860278 -0.0006057595968848343 1
0.014554344905307173 0.023547055900017901 -0.01104967595595847 1
-0.0080742061973606057 0.051965150212239915 0.00046725216789346164 1
-0.0015310372254145393 0.049020746032551091 -0.0056423923334685934 1
0.001034959082371422 0.019375413075391309 0.0040017021574444136 1
-0.001159225219937787 0.051463776342607029 -0.0014439877746682916 1
-0.0061611270376445973 0.051992976023002672 0.0030066779804408311 1
-0.0094105154275894165 0.08489062637090683 -0.011641724966466427 1
-0.0066363072071435811 0.018384484811499093 0.0011828467211254853 1
0.00032038238319889191 0.045774241231241165 0.0031518047191228344 1
0.00063867060407720594 0.053414405568519278 -0.0014195876749928662 1
-0.0030388093251270238 0.045992116132579842 -0.0061748377301754261 1
-0.0047612275744267516 0.037440249191906604 0.0032719414988851957 1
-0.022301113232970238 0.07202780619263649 0.016242071986198425 1
-0.0096185030918522502 0.051211738225611481 0.0015670474623862608 1
-0.011659827671480622 0.079832739627661978 -0.013746293435899899 1
-0.00081001082802775867 0.053517026772872817 -0.00061267212075164184 1
0.0001717975978287272 0.01879773609723244 0.0043960707859565067 1
0.0031591616864986654 0.047910328551485165 -0.0029065949678146862 1
0.0256809776609618 0.050491957205196142 -0.026545567973467091 1
0.00015237636398524046 0.0447856355458498 -0.0002995189861394465 1
-0.010205699372677495 0.034536814817594706 -0.0019026803357355901 1
-0.0083986224181653423 0.053887115303037268 0.0011845209725198939 1
-0.0020964505943861173 0.020431945740700987 -0.00075953220578554273 1
-0.0040536699482813139 0.015596748660688553 0.0026423479818661732 1
-0.0061245719083943533 0.022607178120916463 0.0049193527686833775 1
-0.0086606718893200846 0.08613223056379507 -0.013034945438615903 1
-0.0058026021223210773 0.021249199458714868 0.0051227736337565426 1
-0.016686571173542403 0.089843951849238199 -0.00075921288781342997 1
-0.0037397085769048655 0.05280593849713084 -0.0058724179704902658 1
-0.0010843374184332788 0.051063135266304016 -0.00096783012850210071 1
0.0022732685320079327 0.025773105211555958 0.010285087861120701 1
-0.025774006128094658 0.073108961170482517 0.014951059521036179 1
-0.0020239977748133242 0.085053157061338425 -0.0050275661051273346 1
-0.0014064312595282178 0.016552993923942091 0.0033553843643759212 1
0.00087061094385467201 0.044586168804008251 -0.00043109951086924383 1
-0.00024617358631730566 0.049496093801816278 -0.0033091596312353941 1
0.0021275630048462335 0.044576926426622865 0.0016517082904468152 1
-0.0027984466836537083 0.046238070844661069 -0.0055270684369394642 1
0.0017161802719149499 0.016932016808359797 0.0043078005147283559 1
-0.0019722370510455202 0.046989051084461449 0.00085613908576119568 1
0.0015403118144551638 0.049278444706742322 -0.0050948164823924752 1
-0.0030240723997549215 0.018007781652042951 0.0050856186175517347 1
-0.0012308194725618332 0.02255031326469447 -0.0029642740655983456 1
-0.0071857684147207468 0.043216686991438422 0.0011424001650966109 1
0.0024231341309422765 0.050058462690518751 -0.0046112940616351078 1
-0.0021004695478631851 0.021082962142808713 -0.0030162437136868774 1
0.0029218385712123781 0.051878080939337531 -0.0065555617962770492 1
-0.0062216319562792858 0.041617659706745878 -0.0028598308157749995 1
-0.0033191217624767067 0.024738050572938586 -0.00052400368684850146 1
-0.0019933716196812385 0.053570357609912578 -0.0033659422949819037 1
0.0026861945848264705 0.057963117846466655 -0.011720331107283899 1
0.0017527950228645504 0.046020262293635421 -0.00073584027936465226 1
-0.0080754247636757003 0.053637117308199311 0.0007208335981540604 1
0.0047194185344557127 0.04570221595974254 -0.0023104473848353552 1
-0.00028805539817803916 0.052140796186159376 -0.0020980730248956461 1
-0.0018116317106660221 0.023378761925584701 0.00069138067637689016 1
-0.0004881539937198008 0.017852805158043116 0.003100511617240427 1
0.00352321968909159 0.045816342745694356 -0.0010193493067271015 1
-0.001151991392262991 0.025660189975299844 0.0080616322325623747 1
-0.01715360302478075 0.084455467760562897 -0.0078544712159782648 1
-0.0017815089320139513 0.016189628243263293 0.002294196603157612 1
-0.0072589740159192846 0.017145640695132434 0.0034687400611027172 1
-0.01081755324754706 0.082126088450672513 -0.0013485161067687251 1
-0.0013963985282022342 0.08267768147050486 -0.0052306865359866318 1
-0.0092897984935452656 0.085104146280991541 -0.011609216733170929 1
-0.00018181344872397607 0.016240602799483316 0.0030214496890356018 1
-0.0028883575795165318 0.053305418601160101 0.00010414228515763822 1
0.025200633015023306 0.046089957656537325 -0.027084539369932437 1
-0.0032433545081486056 0.072302934513773023 -0.0092137154273520244 1
-0.0014666386618017622 0.021628702450761227 -0.0026533553440286064 1
-0.013178642089631204 0.086641432236796379 -0.00053828605212957823 1
-0.0050318166613578796 0.059950228780508041 -0.0067552069667726755 1
0.015251201524262979 0.023128092699168067 -0.01009372378406128 1
-0.0088125404436141253 0.021991081535816193 0.0030798270599916577 1
-0.004293695833962401 0.080446159636726147 -0.0033406314558374795 1
-0.0056791375351337922 0.018290553990319518 0.0049631314094587932 1
0.014635196647365933 0.023461378759357731 -0.010279982755039821 1
-0.0022720461134409604 0.024835872603912835 -0.00078564277680334259 1
-0.00326544404024541 0.054411844492895496 -0.002084484104106085 1
-0.010811641589809717 0.022032608377219876 0.0035031060851396052 1
-0.010094141121953726 0.040396468713879585 -0.0016867968661244959 1
0.002315954211869772 0.050843246418415908 -0.0046686384227675008 1
-0.0058039970828247332 0.036638679152818029 0.0019469990485350517 1
2.7641557032982581e-05 0.046039531046016526 -0.003461291958319429 1
-0.0075199317652732134 0.025423530489206314 0.0026024666149169207 1
-0.0022822482962801382 0.049815141442419685 0.0010971575856056682 1
0.012242245031032741 0.059693402741980831 -0.01842578568393196 1
-0.0013405452453852671 0.018269714454646702 -0.002369655774284757 1
-0.0037673865381529512 0.079442104209961215 -0.0038970875617370978 1
-0.0039907446684777593 0.036582949033981252 0.0029288921165045098 1
-0.0096388533711433411 0.022866394370794296 0.0039123386377468705 1
-0.0057180241459285422 0.060432753971582195 -0.006112776267106477 1
-0.0020876268390566111 0.022273261100053787 -0.0019446965306997299 1
-0.005387586596909035 0.054052898579813206 0.00024833269203320394 1
0.0011306730971071468 0.050386079165943995 -0.0047401299645785109 1
-0.0035335793723453375 0.017085618641420598 0.0017827165689821736 1
8.117784416629989e-05 0.050839328103446095 -0.0072388904280754479 1
0.0043839593417942524 0.046695863828063011 -0.0023248149082064629 1
-0.0063158339819270925 0.061462700015872188 -0.004397914378539639 1
-0.0013073348827719947 0.07969917363334468 -0.0055131524741471594 1
-0.00093174884360354676 0.046684695169594469 0.00058866247775125533 1
-0.0091929704321786244 0.02100427019089076 0.0025254102696242709 1
0.0036629022348529136 0.046966813505353276 -0.001129847077290266 1
-0.0092867728494070156 0.018567465393856661 0.0042109704673151558 1
-0.0018590606111241125 0.045741018048000869 -0.0065986088438057689 1
0.00032525299668668945 0.04368213622750184 -0.0011508333625316555 1
-0.0054213425706079064 0.017104098001050248 -0.00056821054973641685 1
-0.0043937580468747309 0.052942035831902642 -0.0048030388457457052 1
-0.010878518330270362 0.08159153671517444 -0.017668118969393729 1
0.00014793676060099952 0.045711553641788041 0.00023104072570531587 1
-0.0042224839774826226 0.045499861499021368 0.00027636340582117859 1
0.0020178576831205164 0.04671027805132718 0.0013324939600195234 1
-0.010365275151447112 0.053712408707704037 0.0020364667639074254 1
-0.0019884736997128356 0.047919948492144294 0.0013149296321375073 1
-0.0029038027514710621 0.053582577009241253 -0.0070298152993681579 1
7.7895858774154137e-05 0.04687058811905153 -0.0023862319387285115 1
0.0011921320921681711 0.052576548153223143 -0.0045174951534767242 1
-0.0033690355415959251 0.052641679997540977 -0.0041735877192554428 1
-0.0012889095079385957 0.053769952154524459 -0.0011189974755631026 1
-0.010879345634303499 0.052959092836431909 0.0012456709574707734 1
0.019838598730776539 0.057362992357199334 -0.023802715481206077 1
-0.0029724245296362797 0.025684041242058388 -0.0003272565535184733 1
0.0025024099159054458 0.04953144583851099 -0.0028591769514605403 1
-0.00097295859090351102 0.045994342792622038 -0.0076497607028628706 1
-0.0048142052255570889 0.037362100556492805 0.0023634950048290193 1
-0.0012517976647465924 0.018495331657065531 0.0034210917210932353 1
0.0018933349740666492 0.051286241131641756 -0.0035987097863776989 1
-0.012171455193310976 0.084921184927225113 -0.00051783118396997452 1
-0.022996204291650467 0.075096996723474613 0.015527713102951627 1
-0.0010924829859078327 0.050405791295035578 -0.0035957531265850091 1
-0.0093638128159084597 0.051430012905274672 0.0033599062461035735 1
-0.0035189025234975968 0.0542830168551241 -0.0040436886804365553 1
-0.012573991635565204 0.082249133687824827 -0.017129441152528398 1
0.0023146933526732028 0.052846256643533707 -0.0010578853834886104 1
-0.0027817936869417781 0.02461465713361324 0.00024255780324244241 1
-0.017850869445001114 0.087193722287119399 0.0016393979715372605 1
-0.0055493770861856509 0.017161069211536449 0.001878803043586782 1
3.9207502063154366e-06 0.052188225407491816 -0.00092348967483399998 1
0.0033728258394160699 0.046716261642752305 -0.0038888766330201622 1
-0.0050704925195313036 0.049941726856022869 -0.00033188914902906961 1
-0.0084691427637878063 0.038603053997753892 -0.002679631087714354 1
0.019563445324281292 0.05832483533867025 -0.023878900844777576 1
-0.0095286187943740639 0.0373086088496698 -0.0056595719981088208 1
-0.00029447994081046452 0.045464337215182914 -0.00068082938485864136 1
0.002226930054844201 0.046409081656116818 -0.0047860722685279296 1
0.00048413222248200327 0.018013713881373405 0.0036536705447360873 1
-0.0092307145623060829 0.038876013077994202 -0.0038605936780833259 1
0.00082127447124346513 0.016982644109242672 0.005210858409762412 1
0.00085291381033758421 0.048294870179778883 -0.003851942374535967 1
-0.00043980490517843602 0.048501211601275247 -0.0042639996736976923 1
0.0019672794818186897 0.050081057219311491 -0.005326852689984154 1
-0.0079775430950520861 0.036853491157782324 -0.0028090298241656392 1
-0.0022605910569664612 0.020503273094988141 -0.0020817442610072609 1
-0.0067531788334006578 0.05529879615595519 -8.4541853451420255e-05 1
-0.012622197561002453 0.084935278431772329 -0.0014873593065498976 1
-0.011294528209176188 0.082290549911814545 -0.017267640954644316 1
0.015411067796070762 0.023522728916712202 -0.01083218806012176 1
0.0045216683165374746 0.056136347839344569 -0.010975021842102996 1
0.00039557056284696986 0.021181751599214968 0.00017214366470673544 1
-0.001939122244227413 0.024703474472035903 -8.5084035648372194e-05 1
-0.0016732349949752741 0.017784604417490552 0.0043257980095807958 1
0.0029226196592900947 0.05400576809994255 0.00040339332887467087 1
-0.027814749628305435 0.075568418949842453 0.012102519161999226 1
0.00066956051014693634 0.019588871580402199 0.0018749381012743188 1
0.00017768293848937703 0.053312408162168055 -0.0024052629206493888 1
-0.0045755446386432277 0.01610425573366895 -0.00046375303272307101 1
-0.015245622489601374 0.0888633131980896 -0.0029360896442085505 1
-0.028638067655265331 0.075715005397796631 0.012021309230476618 1
-0.0027962541146033743 0.022037210586224976 -6.0727729325730766e-05 1
-4.961527830432634e-05 0.017072699493410684 0.0035963264919255762 1
0.002876376790001176 0.046090431177187099 0.0018526303905486399 1
0.014094351646163713 0.023479362284342442 -0.0090215598441152345 1
-0.011779226362705231 0.082997769117355347 -0.0015473058447241783 1
-0.0019210835366209281 0.045111153868665987 -0.0072543537766483037 1
-0.005873127926630385 0.060879189972286994 -0.005260896340972052 1
0.0026247173783506945 0.054212643538956315 0.0010075935011908694 1
9.9651113473386258e-05 0.046468903695601735 -0.0027159239546101239 1
-0.0014523203717544675 0.024139483459293842 0.0068143301177769899 1
0.00054394654922042772 0.017909235296245173 0.0049174248764231737 1
-0.003448654265204128 0.021225390520273262 -0.0012725415222036109 1
0.0035358100702997993 0.057950864373193245 -0.011965122032752561 1
-0.00034745298705508062 0.016327865419296497 0.0039763077334930086 1
0.014588133278443121 0.023171797771025137 -0.0096442662830212057 1
0.00244459806708619 0.049074646085500717 0.0017174056847579777 1
-0.00091147861059594768 0.047795766718984764 -0.0028130274796558537 1
0.00070635720318512011 0.052671510654281425 -0.0010645692875342332 1
-0.0010017099458236181 0.049233499081168024 0.00079474909274340592 1
-0.0022760454327746754 0.080186226666655772 -0.0047557696267736252 1
-0.020263053230625463 0.079150132132046455 0.0052422034233114822 1
-0.0066312157254489476 0.053763090021281636 -0.0010544883331228699 1
-0.0043402813054505491 0.016955940052256476 0.00027476296601925332 1
0.00097510486510089117 0.048507653444755126 -0.0061045118019046347 1
-0.0032158261487503217 0.026450298622435746 -0.0022800278171494124 1
-0.019347749610856654 0.081012060932261015 0.0025968473307245304 1
-0.0012978212140443068 0.034976017872707564 0.00012141050833493271 1
0.00044873039325279854 0.044828103498821568 0.0013536451380019143 1
-0.00022222654986169007 0.048485795079298143 -0.0070544499095527308 1
-0.0084169863528228903 0.02327734186112616 0.004652611608363077 1
-0.0083544098289005889 0.019208881466144502 0.0041965910008847198 1
-0.0045262173920762013 0.052243142226293046 -0.0039882708538183818 1
-0.011033132618560206 0.051499259054726 0.0047317898135291574 1
0.0023400333531728625 0.043169441400904833 -0.0018734261163613597 1
-0.0047894382553193976 0.022528612436639697 -0.00036507397922994078 1
0.0023954173611259039 0.044605324607490643 -0.003337006685740075 1
-0.00097468768384745914 0.044859025353116172 0.0015675114122467439 1
0.0025331452563692996 0.052769089886638296 0.00045863810455819786 1
-0.0015730533989276097 0.038799098898912893 0.012176145118389547 1
-0.010271725957705024 0.019923320931352715 0.003819206709526974 1
-0.003398903569747242 0.080801088356157583 -0.0027965433635397927 1
-0.0014583229084595521 0.020633027520132484 -0.0021323931898786525 1
-0.003036127719835633 0.023934346212168205 0.00075863070072240831 1
-0.00058525638563062003 0.017091016132907595 0.0048891633866742345 1
-0.0043344199381420388 0.036137733142278416 0.0018211224249511668 1
0.002454013418890677 0.05733335587044746 -0.010206027782226564 1
-0.0089470581400237555 0.034001838691392457 -0.0038689845149275097 1
-0.0087429322609585049 0.035825688489955772 -0.0050276734780802732 1
-0.0061070113494614458 0.01716480065885867 0.0011343642035641437 1
-0.00033765463467678232 0.027007037452794588 0.0096263176870805007 1
-0.0078060934102575519 0.017938352695758816 0.0022054861636065437 1
-0.0041237597569877722 0.018384113615427203 0.0045111841721082171 1
0.0001391445272989492 0.049068012586952495 -0.0052098291798975222 1
-0.0096575586593254971 0.034046180705519832 -0.0035656994879993847 1
-0.002752635139426795 0.051741908384637776 -0.0072375375613205374 1
-0.021212157755458681 0.062271056713989685 0.015769598318890441 1
-0.023362182080745697 0.073726963251829147 0.014649654738605022 1
-0.0062400669012845746 0.072435826787545732 -0.016675053651522678 1
-0.014108631731754544 0.079664743767621379 -0.003410097460513076 1
0.0012495139816840895 0.047530735980803623 0.0025506120797022191 1
-0.0054344868987638443 0.040160651131353975 -0.001215044394032444 1
-0.006049089201242315 0.040136461228374928 0.0089450013561079584 1
0.003265019972381533 0.054372416133880552 -0.0016633974699910761 1
-0.0028220114406791673 0.020908196755911088 -0.0013600516990039751 1
-0.0012075917435576209 0.018318811458886974 0.0050727498146976024 1
-0.00038032187416734228 0.04588284381439612 0.0033425332657884212 1
0.0012362365948643632 0.048062625917427118 0.0010612993364140311 1
-0.0099972581659308613 0.085367701454497721 -0.011915348752531443 1
-0.0064315059294871397 0.059602916203280662 -0.0046571141718346736 1
-0.00099431566956010285 0.083551768654294742 -0.0046792202741201567 1
0.00019974989118054509 0.046254107728600502 -0.001231218280736357 1
-0.015352208554982604 0.089559603590849982 -0.0024154984567090563 1
0.0020466923846271697 0.021314036616892778 0.0066992327340352608 1
-0.023100458588081713 0.072040753632570398 0.015893887479429873 1
-0.0089252910352924306 0.05175857825991699 0.0030544377089386067 1
-0.0034732007516376615 0.018274131747202903 0.0041851803627691682 1
-0.0023834590538172051 0.026469935663044453 -0.0013031198614044115 1
-0.0022286647583436292 0.028481495514150683 -0.0010764781736456457 1
-0.0058821967557874874 0.016362730957529048 0.0027845502868419749 1
-0.0011570008937269449 0.045989299193024635 -0.0032382336212322116 1
-0.0090605415658467255 0.022942968445022208 0.0045883108649644204 1
-0.00028229482970916709 0.050367519976901476 -0.0043732485792382083 1
0.0012777109525643772 0.047549910982259275 -0.0040766915002008845 1
-0.0076080704388473289 0.036815348821460661 -0.0035927206341799197 1
0.0016931848460181294 0.048609327162900971 -0.0043984223393240783 1
-0.0062754177557548382 0.060480914496719197 -0.0064725782654089766 1
0.025155754323185564 0.043841748283158954 -0.026977651929109701 1
-0.0080418494796712005 0.037420840368454028 -0.0033827335983934192 1
-0.0015449019847437739 0.047164253890514374 -0.0031431913375854492 1
-0.0047758588956666103 0.016297815603923977 0.000545813186583508 1
-0.0084820261252372079 0.043144472646013177 0.0011225165892904815 1
-0.0021646638428701593 0.047484211182284922 -0.0035337651503415061 1
0.0028201325365888033 0.049524071308199732 -0.0049082664462078924 1
-0.013663615035507245 0.081839717636233156 -0.0031734187159570991 1
-0.0010582337353519664 0.049399951588473108 -0.0063260549013537375 1
-0.0063393120653927326 0.073392372578382492 -0.016068743541836739 1
-0.00066380634855197794 0.04572517989219689 0.0039045744471131413 1
0.0005298807453412665 0.052227890906993743 -0.0014924418068705191 1
-0.0019628281006589532 0.0539376400411129 -0.002828379045240581 1
0.0027742273594050125 0.049759532508627566 -0.0039313596117430891 1
0.00089676837509989748 0.047472928615011893 -0.0017115251614317057 1
-0.0028036271823253327 0.045310906313158393 -0.0028161044829838667 1
-0.0024458576226606965 0.023840210400521755 0.00063084553403314203 1
-0.0062756738585628084 0.078135063651675801 -0.016808126333197029 1
-0.0060934783008402254 0.040189233285427693 -0.0010143174824418211 1
0.00037436705417159447 0.053161874070666491 -0.00065263923315261462 1
-0.004673790083414643 0.01696171913154151 -0.00061261104231215128 1
-0.0065821973849416694 0.060334364574449482 -0.003528511201787187 1
0.0017379475448694324 0.049875330181743067 -0.0044809151570326224 1
0.0024017850704880226 0.045453172382402825 -0.004367259757945067 1
-0.0070656105122144644 0.039932759469271932 -0.0024027228153516659 1
0.00023850231519941879 0.046822282803608915 -0.0059935343373887003 1
-0.0055053269494515483 0.040522634569137655 -0.00086871814651550783 1
-0.0039367671570357246 0.016946897909001678 0.00014312113587064694 1
0.0039816582575440407 0.053164010867476463 0.00075911387102678418 1
-0.00011040197390442487 0.047424054242135409 -0.0065500418280360915 1
0.0010687393130264513 0.049714907375995418 -0.0041734440722076983 1
-0.00012028557830490172 0.02598976343870163 0.0098389070481061935 1
-0.0024068903876468539 0.024047363549470901 0.00048984444219968282 1
-0.0020421761542102142 0.045358392905347482 -0.0031007320280276337 1
0.002478847503058591 0.047242121702667783 0.0031339341649952042 1
-0.0035570122577587323 0.023777149729323981 -0.00015793425415218837 1

Tetrahedra
24114
4666 5448 5286 5212 1
2513 2491 3145 2476 1
4148 3442 1409 3482 1
1944 2040 2681 3328 1
1999 1925 1954 1950 1
489 2873 662 3725 1
1319 2689 944 1684 1
2128 2106 2040 2681 1
1275 1439 1285 1267 1
980 2902 3526 3372 1
1214 2681 3000 2893 1
2183 3448 4776 2158 1
2064 2082 2065 2107 1
2704 2812 1872 2766 1
1681 1600 1657 1553 1
1938 2705 3226 2695 1
730 692 471 3611 1
78 52 2994 96 1
2984 3455 3099 2629 1
2621 557 414 516 1
167 213 2834 290 1
2228 2215 2240 2283 1
2182 3544 3300 3267 1
3053 110 204 3260 1
2736 21 2676 131 1
2068 2002 2827 3459 1
278 438 2748 273 1
278 3284 447 3334 1
3633 558 371 650 1
2161 2162 2193 2143 1
214 146 119 3274 1
2907 2928 2428 2530 1
1434 4984 1506 1388 1
3433 2781 2301 3319 1
2069 2131 2132 2098 1
1701 1548 1479 1485 1
5 129 2923 115 1
2476 2478 2733 2513 1
2648 2741 2801 2710 1
3245 2756 2645 3628 1
1648 1490 1673 1556 1
4892 1755 1820 1575 1
1017 1114 1106 963 1
1820 3987 1897 1852 1
800 888 4391 843 1
1070 989 1122 1197 1
5468 1860 1895 1863 1
3361 227 111 45 1
2722 2587 2865 2572 1
2573 2907 2605 2831 1
290 2789 305 376 1
4639 4462 1183 3647 1
4153 1639 1338 1546 1
2089 4492 3530 2082 1
1340 1285 1322 1439 1
829 954 1011 909 1
2607 2907 2577 2608 1
599 4585 661 4405 1
1946 1885 1900 1806 1
2275 4008 3288 2355 1
1258 1363 1254 1334 1
182 2717 3823 3283 1
1853 1858 1967 1842 1
2059 1979 2057 2049 1
1780 1768 5527 3867 1
4455 3653 5322 208 1
1943 3614 3505 1876 1
1691 1739 1633 1693 1
28 20 4541 4550 1
1016 955 939 883 1
1954 1925 1823 1950 1
2472 2497 2522 2511 1
1798 1929 1912 1769 1
2900 2107 3026 3236 1
5052 1708 1510 3742 1
5259 1175 3357 3503 1
5555 3223 4410 3714 1
1232 4273 1119 4129 1
4063 127 3239 176 1
2510 2429 2492 2427 1
229 2631 3260 2914 1
3450 1707 1532 1642 1
3188 2837 3507 3303 1
497 4463 510 3306 1
2260 2322 2262 2293 1
1006 3647 3336 3722 1
3074 2017 3044 2050 1
2807 230 260 206 1
4416 3549 4724 1050 1
4403 821 933 4020 1
929 1057 898 859 1
1612 1721 1551 3857 1
1326 3157 1555 1399 1
1687 5625 1759 1666 1
2666 724 755 696 1
5127 1437 1381 1527 1
343 3316 3892 409 1
1992 3586 2006 1900 1
3239 127 117 5224 1
225 2926 87 195 1
1975 1888 1989 1951 1
1308 1522 1445 1505 1
1657 5593 3589 1553 1
1611 1693 1633 1618 1
1786 1787 4906 1807 1
4227 1662 1664 1603 1
4906 1853 1967 1842 1
1633 1660 1693 1739 1
1681 1724 2685 3589 1
1340 5374 1239 1285 1
617 562 672 3011 1
1850 1918 1816 1908 1
901 820 847 803 1
1504 1567 1531 1500 1
1414 1371 1461 1323 1
1274 1376 1441 1444 1
4037 2524 3318 3992 1
1444 1570 1652 1495 1
4276 1894 1957 1896 1
5503 1986 3077 3363 1
4545 1346 3596 4377 1
2055 2051 2056 2001 1
5223 1157 1179 3150 1
4088 4963 5462 1924 1
2768 1058 5618 943 1
3940 4941 4314 3790 1
3818 4207 672 661 1
2075 3378 2112 2092 1
1271 1076 1163 2809 1
4202 1330 1443 1601 1
1763 4152 1849 4413 1
2549 4400 2575 2522 1
2740 5342 4717 2894 1
1281 1225 2785 1218 1
3832 232 294 4178 1
3876 1149 3592 3509 1
857 1102 954 909 1
2687 1434 1418 1583 1
4129 1024 1119 1232 1
4677 973 4858 4434 1
1339 4974 3955 4662 1
3183 941 972 2996 1
3081 1748 1854 1802 1
5239 1479 1485 1189 1
5139 1743 1883 4901 1
4280 5422 5346 3802 1
593 572 645 606 1
1655 1683 1577 5111 1
1789 1772 1825 1795 1
5113 3805 5189 5005 1
4525 1685 3524 1694 1
1741 1767 1697 1739 1
3442 1259 4016 1409 1
3756 4186 1205 1237 1
2073 3957 3077 4096 1
1418 1429 2688 1583 1
1677 1510 1708 1723 1
2754 431 393 386 1
1270 1234 4533 4200 1
2940 752 807 3240 1
1214 1199 2659 2644 1
4262 1587 4392 1325 1
719 831 787 5014 1
3013 1128 3014 4238 1
592 5061 639 3900 1
2218 3862 5232 2851 1
3447 2248 2229 2291 1
1537 1526 4042 4442 1
1396 1393 1305 3827 1
3845 4646 904 4118 1
4473 937 4445 4059 1
2447 2452 2394 2407 1
565 4158 4505 523 1
3595 2807 332 4531 1
5489 5455 1778 5167 1
1136 1365 1217 1326 1
2909 543 509 536 1
2054 2090 3736 2052 1
3250 1595 1606 1538 1
1363 1255 1254 1381 1
4466 435 3917 3959 1
683 670 682 646 1
1895 1860 5468 5613 1
4596 2842 3747 1156 1
4134 580 4769 642 1
4601 2402 2408 2465 1
4637 5036 802 4043 1
1455 4383 5013 4186 1
1586 3061 1698 1589 1
4590 783 4637 4585 1
5152 5192 5194 1577 1
1039 4566 981 882 1
2947 2957 2973 4670 1
2537 2493 2503 2451 1
477 4203 431 4438 1
1662 1757 5242 1664 1
5173 1472 1254 1381 1
4859 801 2942 798 1
1730 1791 1672 1774 1
33 29 20 4689 1
2153 2146 2201 2124 1
3695 1346 3279 1315 1
4413 4152 1749 1602 1
5328 1103 1045 1157 1
2747 5033 4519 840 1
4596 3747 4328 1156 1
1171 4984 1388 4982 1
3730 905 3165 4188 1
2938 1499 129 2626 1
5212 2009 5286 3858 1
3059 1714 4420 3568 1
2719 5293 84 101 1
2471 2477 4876 2446 1
1499 2818 2994 3225 1
5415 1694 3230 1615 1
4412 1406 3511 1526 1
5382 1829 3067 4616 1
320 3919 342 4169 1
3818 4451 783 762 1
1469 5092 4983 1590 1
3963 256 271 4791 1
4636 1568 1412 1530 1
1752 3223 3755 4502 1
1674 1720 3718 1737 1
3151 1208 4825 2987 1
3081 1653 1520 1628 1
4382 5006 4123 4226 1
3167 3802 3494 2166 1
1160 1399 1308 1130 1
1624 2903 2484 2786 1
5449 806 5544 3164 1
3019 821 3005 3055 1
1624 2786 2568 2903 1
5088 659 4891 652 1
1540 1524 1682 4695 1
4876 2553 2507 2521 1
781 5071 731 5084 1
5192 4654 1584 1579 1
1574 1494 4390 4431 1
879 841 883 881 1
3827 1401 2734 5424 1
4989 4644 3481 3404 1
5526 1923 5396 3859 1
3627 3788 681 697 1
1090 1311 5103 4738 1
2739 1669 1727 4322 1
1753 1641 1635 1642 1
2252 2190 2205 2195 1
5187 2730 5351 1016 1
3947 4611 1301 1368 1
1007 4641 2963 928 1
4389 3048 3844 3792 1
2688 1490 1358 2764 1
1126 3876 4388 5417 1
2275 2270 2238 2271 1
5200 1579 4752 1584 1
4900 5376 1910 4307 1
463 4493 3713 3959 1
2269 2290 2334 2331 1
1995 4675 3859 3578 1
3043 1486 1690 4911 1
1822 1904 1856 5330 1
4977 3644 4171 1279 1
559 495 562 474 1
1044 850 4600 888 1
2023 2019 2020 2063 1
5397 4666 4232 5002 1
5440 4925 5496 1813 1
5413 4195 2474 4197 1
4888 4195 5114 2445 1
2015 1995 4623 4029 1
2642 2670 2771 2671 1
2771 2670 2691 2671 1
2771 2656 2671 2278 1
5153 1937 5529 3858 1
2360 2405 2466 3970 1
2642 2656 2671 2771 1
2771 2278 2671 2691 1
828 722 4824 728 1
1049 5575 2849 4855 1
1834 4649 1755 4543 1
4480 3080 1497 4483 1
3688 3062 4447 3714 1
2500 2460 2489 2483 1
3187 4017 4274 3038 1
998 939 4674 1091 1
2630 2721 2672 2677 1
33 4852 20 4070 1
2547 2564 4054 2542 1
2406 2400 2419 2370 1
5337 4853 4644 4989 1
3187 1736 4718 5349 1
1082 1067 4842 5535 1
955 939 998 1016 1
4573 1213 4986 5169 1
2276 2254 2238 3721 1
554 5024 576 605 1
343 292 263 250 1
790 726 732 2958 1
2482 2436 2499 3974 1
73 48 74 99 1
2728 2527 3560 2946 1
5005 5189 1197 1349 1
2149 2158 2871 2171 1
5082 1640 1628 1604 1
2485 2486 2497 2540 1
2519 2563 2540 2543 1
3783 3831 2536 2553 1
3952 1756 2767 4386 1
3202 3937 5614 5250 1
3198 3744 3591 3601 1
4037 2399 2424 2433 1
2251 2290 2298 2269 1
5030 4890 34 44 1
4234 2553 2506 2559 1
3003 4277 2961 2990 1
3878 786 3458 5053 1
2924 2898 3332 2828 1
1410 5247 1460 1600 1
1046 930 3984 4509 1
4900 4475 5376 1892 1
3761 350 4586 402 1
3555 1120 4160 4231 1
531 5024 5080 512 1
5409 5583 5021 1584 1
1118 5178 4742 5109 1
3399 3952 3216 1803 1
487 4904 5298 5197 1
4459 3918 1152 890 1
1618 1591 3938 5446 1
5429 1732 1771 1783 1
3139 1932 4862 5479 1
1943 1893 1948 1876 1
2734 4879 1604 1640 1
5470 1010 5428 1107 1
1800 1880 1677 1914 1
4576 1932 4270 5214 1
5529 3508 3858 1942 1
1482 1505 1702 1665 1
4920 1512 4193 5445 1
4096 1984 2008 1889 1
5118 5417 4820 1126 1
2680 1363 1334 3518 1
3937 1845 1740 5614 1
1993 1983 1967 1921 1
1586 1589 1495 3061 1
1611 1468 1633 5281 1
1256 1205 1237 1087 1
4931 4854 1099 3016 1
1903 1882 1816 5596 1
5415 4604 5388 5438 1
5273 1760 3110 5630 1
3724 1996 5345 5448 1
4504 2232 2230 3802 1
2446 2398 2448 5254 1
1713 5361 5177 1680 1
5350 1474 1538 5375 1
3385 483 4572 4454 1
1768 5493 4524 5524 1
2129 3378 2092 4364 1
3643 3714 3688 4447 1
1208 1076 3037 2987 1
4941 5201 4161 4314 1
1147 4974 1097 1188 1
4135 4278 1583 1675 1
5633 1444 1392 1428 1
3692 1219 5620 5452 1
1521 5446 1591 1618 1
4243 4268 3801 5267 1
3180 4649 4543 1820 1
4971 935 5181 4749 1
5407 5296 5146 5181 1
5619 1713 5355 5531 1
3327 1199 3205 2646 1
1414 1618 1521 1591 1
1876 3752 1925 1821 1
1610 4289 5471 3663 1
5543 777 5594 5274 1
1981 2051 2027 2038 1
4657 4928 5434 1178 1
5541 5110 1689 1738 1
4270 5479 1825 1842 1
695 5581 4914 5352 1
2021 3620 2030 2061 1
969 5617 1113 897 1
2001 1981 2027 1940 1
5427 4731 5390 5496 1
2681 2106 2893 2657 1
2694 1938 2772 2695 1
1567 1531 1598 4656 1
1586 1378 1441 4423 1
2286 2279 2266 2315 1
2360 3970 2307 2282 1
2004 2022 4968 3795 1
2129 2149 2108 2105 1
3498 4023 4925 5236 1
2424 2433 2392 5297 1
2357 2340 2355 2416 1
2060 2050 2105 2072 1
2866 2743 1513 2678 1
2866 2678 3099 2645 1
1289 1926 1998 2640 1
2153 2124 2086 2146 1
2543 2564 2576 2549 1
1773 1716 1567 2920 1
4806 5184 1963 4979 1
4522 4174 2360 2466 1
496 2616 254 453 1
1274 1392 1310 1298 1
2286 2279 2315 2307 1
3205 2646 1199 2681 1
1701 1548 1688 1479 1
1186 2802 2043 1079 1
1186 2802 2637 2043 1
2610 2907 2605 2611 1
3043 1690 1486 5253 1
2056 2070 2055 2078 1
1654 1528 1529 1544 1
2750 228 314 161 1
2656 2753 2705 2928 1
766 2632 862 1711 1
2149 2139 2110 2158 1
1841 1704 1888 1799 1
2277 2297 2272 3296 1
3268 2401 2583 2412 1
2332 2360 2309 2282 1
2865 2403 2561 2651 1
3567 3295 5433 1752 1
4894 1331 1272 3347 1
131 2676 254 2922 1
2043 2634 2014 1079 1
1359 1434 3330 1418 1
4397 943 845 4641 1
2192 2138 2126 2869 1
1401 1558 1386 1396 1
2579 2555 2575 4400 1
2526 2520 2504 2374 1
2642 2670 2671 2695 1
3651 2695 3226 2656 1
2642 2656 2695 2671 1
4570 4148 3442 1409 1
1648 1420 1556 1561 1
2332 2347 2265 2345 1
2054 2003 1992 3736 1
4901 1743 1834 4649 1
2724 2223 2134 2136 1
1712 1793 1827 1822 1
4666 5403 5338 4465 1
2700 1214 2694 2644 1
2272 2284 2283 2240 1
1513 2700 2644 2791 1
2791 1214 2700 2644 1
1138 1000 1182 1183 1
2700 2694 3651 2695 1
2078 2070 2084 2102 1
2652 2793 2655 3086 1
1830 1761 1915 1928 1
1951 1975 2021 2033 1
3268 2583 2401 3387 1
2680 1439 1367 1290 1
429 380 409 412 1
4167 5275 4880 1008 1
857 954 848 799 1
2006 2034 1999 2027 1
1507 1546 1436 1636 1
987 4652 1107 931 1
3298 2763 2697 2707 1
2650 3298 2697 3169 1
2663 1913 2652 2697 1
1974 1894 1970 1934 1
3203 3328 2808 1969 1
2637 2044 2094 2699 1
2699 2044 2094 2159 1
1278 1833 2648 1790 1
2653 2533 2480 3114 1
2202 2653 2806 2699 1
1930 2021 2013 2033 1
2069 2131 2098 2083 1
1593 1491 1570 1444 1
1395 1429 2688 1418 1
1316 1644 1898 2870 1
2213 2277 2221 2273 1
1615 1818 3524 1694 1
4543 4649 1755 1820 1
5201 5301 1473 4951 1
1336 1594 1600 1591 1
1262 1162 1267 1187 1
700 772 765 747 1
5098 1792 5509 1621 1
857 4187 909 1118 1
4528 1676 5231 1743 1
1378 1410 1441 1376 1
598 540 541 4137 1
488 571 474 591 1
1346 1490 1648 1420 1
973 780 958 868 1
2848 1846 1783 1810 1
1628 1640 5510 1604 1
1742 1786 1744 1726 1
1155 2627 533 618 1
533 2627 1155 3327 1
3205 2627 1155 618 1
4911 1782 1682 1690 1
1211 1143 1166 1020 1
1155 2627 3205 3327 1
987 1059 1107 4652 1
2797 547 4158 524 1
5066 3080 4483 5028 1
571 628 665 536 1
589 4158 565 547 1
394 442 420 391 1
143 88 59 72 1
780 685 636 657 1
3424 545 514 5512 1
2044 1158 2637 1186 1
2012 2050 1966 2046 1
390 365 381 2614 1
2094 2044 2637 1186 1
4280 5422 5418 2231 1
359 368 318 330 1
572 4137 600 541 1
3651 2695 2671 2875 1
4280 5422 3802 5528 1
2749 2623 1422 2814 1
3015 1177 1172 1015 1
1930 2013 2021 1928 1
2802 2621 478 516 1
693 753 3502 539 1
1953 2001 1915 1890 1
2682 3513 2765 2735 1
2765 3513 2706 2306 1
2706 3513 2765 2682 1
2306 2765 3513 2324 1
2789 104 165 293 1
4476 2079 2035 2071 1
3614 1708 1641 1549 1
1982 2027 2038 1981 1
968 878 932 1043 1
2781 2317 2658 3433 1
3066 745 833 819 1
1779 1669 2740 1552 1
2213 2273 2265 2277 1
2588 2526 2520 2582 1
3322 2502 3255 3648 1
2614 3 1 6 1
2824 22 26 8 1
766 496 2616 585 1
2878 2789 6 165 1
909 1011 1112 954 1
2253 3641 2293 2264 1
488 508 559 474 1
3482 1682 1575 2980 1
185 2935 201 211 1
1085 1298 1100 1310 1
1914 1708 1954 1880 1
1704 1635 1642 1753 1
1989 2035 2046 2048 1
486 570 483 514 1
2652 1913 3115 3086 1
1503 2846 2654 2792 1
4572 570 535 5512 1
1136 1257 1326 1217 1
4322 1766 1747 3852 1
1509 2638 2675 2654 1
2242 2256 2213 2216 1
1146 1028 1051 1181 1
1371 1417 1404 1557 1
5221 394 391 442 1
4483 1663 1393 4480 1
3192 2681 1199 2659 1
1199 2681 1214 2659 1
899 892 1023 875 1
1171 1009 916 1061 1
4160 1057 1418 1174 1
1293 1104 1173 4777 1
993 5086 3553 1149 1
2757 2628 2704 2812 1
1872 2796 2662 2704 1
1872 2704 2662 2628 1
2704 2628 1872 2812 1
1858 5289 1796 1832 1
553 4265 530 4283 1
5330 1808 1822 5380 1
1573 1603 4846 1679 1
5175 4302 620 563 1
23 37 15 58 1
330 2717 317 282 1
1051 1025 1089 1028 1
830 3687 728 813 1
3370 1325 1125 1014 1
2417 2351 2377 2357 1
4211 5021 4176 5409 1
2124 2146 2201 2185 1
3081 1748 1802 1653 1
1044 888 828 850 1
1045 1113 1179 1103 1
5568 1500 1322 1489 1
1433 1656 1484 1551 1
1167 1124 1103 1273 1
59 46 71 88 1
1160 1217 1308 1399 1
1160 1073 1130 1308 1
789 828 846 722 1
3615 1688 1516 5317 1
2107 2133 3962 3236 1
2723 2674 2712 2667 1
2673 2712 1868 2639 1
2639 2674 2673 2712 1
184 237 175 251 1
396 434 379 388 1
4683 5488 4868 770 1
2727 2713 2616 1861 1
2929 2616 2713 1861 1
2162 2164 2190 2205 1
1160 971 1130 1073 1
1505 1525 1217 1328 1
2195 2201 2146 2222 1
1191 1223 1106 1114 1
874 1003 983 864 1
4020 821 933 3001 1
595 655 584 631 1
2697 2860 2822 2707 1
1283 1106 1191 1352 1
1124 897 969 1113 1
343 348 399 301 1
396 483 434 388 1
169 116 134 3691 1
913 1063 851 948 1
4959 1379 5434 1344 1
71 54 87 88 1
169 86 60 94 1
4824 761 722 828 1
5192 1579 4356 4654 1
297 274 322 308 1
202 168 223 156 1
318 330 237 311 1
233 198 299 236 1
196 219 223 250 1
189 58 116 171 1
57 37 65 24 1
181 58 91 4051 1
733 685 724 669 1
394 443 378 420 1
1091 939 871 950 1
3089 1108 995 1077 1
212 182 184 237 1
2774 279 219 302 1
3579 1014 4514 1069 1
217 171 189 193 1
319 308 285 274 1
2677 2709 2714 53 1
307 3660 337 311 1
442 466 391 407 1
71 87 2926 195 1
162 246 194 199 1
1308 1224 1505 1217 1
88 122 195 203 1
140 87 4051 57 1
17 31 54 51 1
419 446 425 488 1
89 105 159 162 1
2710 2741 2683 3224 1
327 377 394 391 1
994 1257 1136 1217 1
2787 2710 2683 3224 1
1678 1726 1787 1797 1
17 31 24 23 1
319 274 285 255 1
329 377 399 394 1
392 355 416 380 1
1789 1650 1717 4619 1
530 4283 4265 4700 1
195 260 242 203 1
445 377 357 450 1
1202 1236 1203 1093 1
185 2836 132 168 1
28 15 55 36 1
1051 1181 1184 1194 1
71 87 3626 2926 1
328 310 304 367 1
362 367 328 304 1
275 318 237 311 1
212 247 238 2794 1
2668 2741 2683 2710 1
2735 1513 2668 2710 1
221 269 258 224 1
2787 1513 2682 2710 1
2787 2682 2683 2710 1
1211 1020 4261 1192 1
4727 1529 1544 1421 1
2909 543 563 509 1
60 58 55 116 1
392 380 382 355 1
220 219 250 276 1
312 247 243 289 1
139 4065 154 74 1
2700 2694 2695 2644 1
2695 2644 2670 2875 1
2852 2647 2682 2787 1
2647 1513 2682 2787 1
964 857 941 825 1
225 242 249 209 1
448 450 569 506 1
1223 1046 1114 1268 1
2725 2637 2712 3232 1
2639 2712 3257 2723 1
2723 2725 2712 3257 1
1595 1728 5375 1678 1
2359 2318 2390 2349 1
4587 4620 5040 4038 1
2162 2190 2195 2205 1
2135 2086 2088 2146 1
2693 3297 1479 1516 1
1901 1937 1942 5529 1
2006 1915 2001 1940 1
1741 1691 1697 1661 1
2639 2674 2712 2723 1
2639 2723 3257 2793 1
2639 2674 2723 2655 1
1077 1080 1438 1108 1
2639 2723 2793 2655 1
2499 2525 2487 2436 1
213 406 2834 290 1
2677 2709 52 2714 1
2677 52 78 2714 1
1901 3356 1942 1937 1
2199 2707 3085 2484 1
2707 2762 2484 2199 1
2162 2135 2195 2123 1
2498 2762 2484 2707 1
4217 3535 2206 2232 1
2235 2241 2218 2234 1
2124 2185 2130 2146 1
733 890 846 850 1
841 901 881 820 1
2785 947 1044 1013 1
2693 1688 1516 1479 1
1744 1728 1678 1787 1
1669 1727 1779 2740 1
1901 1887 1937 4627 1
1927 5256 1864 1857 1
1777 1817 1845 1741 1
5034 1935 5521 1949 1
2626 2718 1499 3428 1
2734 5424 1401 1448 1
2695 2644 2875 2700 1
1569 1689 1738 1594 1
1983 3246 1993 2036 1
2700 2743 2644 2875 1
1980 3759 4595 5319 1
2009 1994 5212 2042 1
2009 2042 4595 1994 1
2009 1942 5212 1994 1
2720 2620 2661 3129 1
1251 1389 1291 1535 1
1967 4437 2005 5319 1
2052 3586 2056 2006 1
1632 5442 1598 1773 1
2721 3194 2677 2628 1
7 2613 12 3190 1
2083 2110 2131 2098 1
2447 2462 2452 2524 1
2722 3608 2600 3506 1
2722 2600 3364 3243 1
2841 3558 2660 2722 1
5596 2821 4999 1816 1
1943 1917 4997 3972 1
2396 2427 2439 2405 1
1850 2821 4999 1809 1
1874 1847 1882 3399 1
2449 2381 2494 2489 1
2715 2634 2633 2661 1
1828 1901 1848 3355 1
1618 1633 1660 1693 1
5457 5516 4666 4185 1
1351 1421 4727 1544 1
1742 5381 1777 1661 1
1982 2006 1940 3375 1
1742 1697 1797 1726 1
2793 2725 2652 2723 1
2793 2652 2655 2723 1
2033 2098 2021 2083 1
1876 3354 3505 1893 1
1569 1712 1758 3898 1
2725 2810 2637 3232 1
4666 4979 4465 1968 1
4465 1963 1968 4979 1
5580 1848 3508 5153 1
4760 5403 4922 1996 1
1783 1809 1810 1771 1
1569 1689 1594 3760 1
1837 1856 3200 1808 1
1618 5489 1778 5584 1
1829 3067 1793 1822 1
1742 3250 1661 1595 1
4732 1778 5397 5380 1
841 847 901 820 1
1693 1660 1794 1739 1
5457 4979 4666 5516 1
1822 3067 1904 5330 1
1126 1149 4987 3553 1
1386 1588 5310 1558 1
4472 1848 1901 1942 1
5212 3858 3508 1942 1
1853 1845 1983 5286 1
1901 3356 1994 1942 1
1812 5227 1937 1853 1
1606 1538 1595 5350 1
2731 1372 1471 1539 1
1938 2659 2657 2808 1
1535 4057 1764 1706 1
2772 1938 3226 2695 1
1557 1428 5633 1417 1
1938 2772 2250 2657 1
1706 1764 1826 1758 1
1758 1827 1764 1826 1
1199 2628 2721 2812 1
454 442 394 448 1
1569 1689 1731 1738 1
2812 2721 1199 2726 1
1199 2690 2726 2738 1
2738 2721 2630 2726 1
3327 1199 2726 2627 1
1279 4171 1550 1357 1
5110 1689 1731 1535 1
5094 1553 1618 1557 1
3589 1692 1724 2685 1
2619 2703 2858 2727 1
1712 1793 1731 1764 1
1712 1793 1822 1738 1
2017 1931 1900 1971 1
2468 2313 2728 2263 1
1133 1251 1169 1093 1
2410 2523 2728 2468 1
1712 1738 1569 1731 1
2674 2313 2263 2728 1
3234 2828 2728 2410 1
2674 2263 3234 2728 1
4727 1528 1544 1529 1
1012 1076 1094 989 1
5219 5108 1667 1645 1
4662 1639 1546 1338 1
1879 1824 1970 1869 1
419 507 488 425 1
4076 1338 1147 1331 1
2352 2370 2406 2364 1
4035 3516 5552 4629 1
4076 1338 5004 3993 1
3990 1183 1436 1213 1
3990 1183 1213 4962 1
1464 1420 1561 1556 1
923 936 898 997 1
1059 1107 1020 1143 1
1953 1915 1830 1890 1
1498 1641 1510 1549 1
553 4283 530 529 1
2734 5612 1653 1604 1
1535 1764 1569 1731 1
911 938 833 953 1
5107 1822 4074 1821 1
5489 1681 1594 1600 1
722 610 713 728 1
2664 1787 1728 3137 1
1392 1310 1403 1444 1
1741 1739 1697 1691 1
1875 4720 5148 4616 1
1697 1794 1739 1767 1
858 950 841 901 1
3892 369 4605 399 1
1484 1656 1433 1587 1
5227 1937 1887 1812 1
340 279 302 276 1
1497 1548 1479 1688 1
1079 2634 2014 1027 1
841 901 950 883 1
1154 4176 1106 1283 1
1062 1443 1231 1318 1
3029 1721 5122 3894 1
1027 2899 2634 2014 1
1090 1298 1252 1260 1
2899 2014 1027 2037 1
592 4269 603 601 1
5061 703 5043 5035 1
4547 361 369 4786 1
455 2887 210 324 1
359 385 330 351 1
2028 2126 2732 2179 1
2945 2888 2126 2113 1
2732 2888 2126 2945 1
1290 1311 1286 1210 1
1913 2779 2703 2635 1
3115 1913 2703 2635 1
2636 1913 2703 3115 1
2636 1913 1861 2703 1
1913 2779 1861 2703 1
2517 2475 2745 3513 1
3145 2733 2700 3513 1
2677 69 2709 53 1
2677 2714 78 53 1
2539 2313 2831 2468 1
1789 1717 1650 5400 1
2693 1688 1479 1701 1
333 375 313 326 1
1825 1864 4966 1857 1
1789 1772 5400 1650 1
2693 2711 1688 1701 1
3029 1612 1721 1679 1
5472 1921 1860 1939 1
1670 4367 1502 4211 1
1606 1474 1538 5350 1
5122 1721 1612 3084 1
1795 1825 1857 1864 1
1116 1341 4015 1111 1
4846 1664 1679 1603 1
4015 1314 1111 1341 1
477 4203 592 3900 1
1741 1691 1740 1739 1
1376 1441 1460 1410 1
1831 1863 1895 1860 1
5197 521 498 567 1
725 774 748 726 1
1054 831 867 912 1
5350 5375 1595 1728 1
3327 2690 2726 1199 1
1199 2721 2738 2726 1
3327 2690 2839 2726 1
2690 2647 2738 1199 1
2741 2934 2668 2167 1
2668 3547 2683 2741 1
2741 2016 1898 2167 1
1598 4656 1531 4797 1
2741 3751 3547 2683 1
841 4637 802 883 1
1730 1774 1854 1889 1
1437 1474 1472 1527 1
1382 1515 1337 1356 1
2825 2944 2802 2661 1
2130 2175 2151 2140 1
2825 2661 3129 2944 1
1857 1945 1927 5256 1
2718 2662 3201 3259 1
2645 2691 2743 2799 1
1356 1431 1582 1542 1
2734 5464 1640 1713 1
1484 1656 1587 1671 1
1777 1797 1742 1741 1
3029 1721 1757 1679 1
1363 1262 1439 1290 1
2734 5612 1448 1653 1
2893 2646 2106 2681 1
1525 1328 1505 1566 1
1433 1656 1572 1587 1
1468 1618 1521 1414 1
1661 1633 1697 1595 1
1661 5530 1691 1633 1
1661 1697 1633 1691 1
1661 1538 1633 1595 1
1742 1606 1595 1650 1
2135 2146 2153 2086 1
2740 1727 1729 2739 1
1939 1921 1945 5472 1
1665 1482 1505 1522 1
1151 971 1160 1073 1
2088 2063 2081 2124 1
2494 2413 2483 2381 1
2067 2063 2127 2081 1
2195 2123 2153 2190 1
5395 1520 5612 1653 1
2087 2076 2140 2118 1
1325 2739 1623 1427 1
1587 1623 1671 1656 1
1730 1791 1889 1865 1
1611 1618 1633 1468 1
833 819 745 704 1
1704 1761 1642 1799 1
1252 1286 1366 1311 1
1495 1491 1444 1570 1
1371 1252 1053 1242 1
1274 1378 4423 1441 1
1504 1500 1531 1367 1
1570 1495 1491 1533 1
1658 1533 1570 1491 1
1290 1204 1322 1367 1
1252 1286 1311 1090 1
1254 4381 1242 1334 1
2733 2513 2517 3145 1
2908 819 4100 891 1
1742 1606 3250 1595 1
2685 1681 1460 5247 1
1428 1403 1392 1404 1
1355 1488 1549 1384 1
1333 1414 1591 1336 1
1723 1708 1550 3742 1
3334 3781 2679 2748 1
5633 1461 1417 5615 1
1611 5281 1557 1468 1
919 2698 1021 943 1
1611 1557 1618 1468 1
1784 1950 1708 1823 1
1274 1378 1441 1376 1
1355 1532 1498 1549 1
1242 1252 1053 1090 1
2685 5633 1444 1441 1
2478 2458 2386 2733 1
1876 1948 1925 3752 1
5103 1311 1298 1310 1
1589 1495 1570 1533 1
1876 1925 1950 1823 1
1274 1310 1491 1424 1
1692 1586 5247 2685 1
1704 1753 1841 1806 1
1557 1461 1417 5633 1
902 3066 827 5270 1
3589 2685 1681 1553 1
1192 1236 1202 1093 1
1876 1823 3238 1925 1
1876 3168 3505 3354 1
1606 1538 1474 1472 1
2352 2414 2364 2406 1
2352 2379 2406 2370 1
1840 5442 1632 1773 1
1160 1217 1224 1308 1
1840 1773 1632 1719 1
1724 1746 1837 1776 1
1600 1657 1553 1591 1
1950 1784 3614 1876 1
3110 3835 4770 4484 1
1856 1808 1746 1822 1
1876 1823 1950 1784 1
2685 1495 1441 1444 1
1632 1598 1719 1773 1
1893 1827 1876 3354 1
1816 1770 5596 3216 1
1954 1708 1950 1823 1
1336 1414 1600 1461 1
1778 1618 1657 5489 1
4557 1903 2821 5596 1
1681 5489 1657 1600 1
763 755 902 3066 1
1850 1771 4999 1816 1
1816 5596 2821 1903 1
1753 1642 1761 1641 1
1691 1739 1697 1633 1
1742 1786 1797 1777 1
1874 4073 1847 3399 1
1650 1772 1728 1744 1
5400 1728 1772 5483 1
1527 1606 1650 5350 1
1369 1262 1439 1363 1
1850 1816 4999 2821 1
1850 1846 1816 1918 1
1918 5623 1846 1816 1
1914 1641 1708 1677 1
4448 1620 1698 1823 1
2001 2006 1940 2027 1
2667 2255 2699 2653 1
1808 1778 1776 1746 1
1876 1925 3238 1821 1
1837 1746 1856 1808 1
1783 1776 1837 3200 1
5107 5451 1822 1746 1
1943 1917 3614 1950 1
1908 2821 1903 1816 1
5314 5623 1846 1920 1
1999 1948 1925 1943 1
2086 2124 2063 2088 1
1908 1816 1903 1918 1
1783 1771 1846 1732 1
2696 1778 1754 1725 1
5547 1827 1906 1822 1
1856 1904 1822 1906 1
5547 1906 1856 1822 1
1821 1746 1856 1837 1
1821 1746 1822 1856 1
1821 1827 1822 4074 1
1771 1810 1846 1850 1
1870 1837 1821 1856 1
4448 3238 1876 1823 1
1843 3607 1773 1716 1
4512 1666 5625 1710 1
2029 3841 1929 1912 1
953 1204 938 904 1
5490 1847 1816 1882 1
2671 2875 2927 3651 1
1943 1948 1925 1876 1
1943 1925 1950 1876 1
1999 1950 1943 1925 1
1850 4999 1771 1809 1
1996 2039 5399 5443 1
2848 1850 1918 1846 1
2848 1846 1920 5549 1
4530 5018 1870 1821 1
1856 3200 1808 1886 1
2760 1924 5031 2759 1
1850 1907 1908 2821 1
1850 1907 2821 1809 1
4659 5212 2042 2009 1
1850 1908 1816 2821 1
1587 1572 1734 1656 1
1903 5490 1918 1816 1
1903 1816 1882 5490 1
1987 1977 5484 5126 1
3882 2361 2448 2355 1
1788 4484 1859 5386 1
1741 1817 1845 1740 1
1741 1767 1739 1740 1
1741 1817 1740 4733 1
1795 5611 5400 1772 1
1742 1726 1595 1697 1
1741 1797 1697 1767 1
1795 1772 1815 5611 1
1742 1595 1744 1650 1
1742 1697 1741 1797 1
1742 1726 1797 1786 1
1742 1650 3173 1606 1
1742 1595 1726 1744 1
1742 1697 1595 1661 1
1742 1661 1741 1697 1
1795 5510 5400 1713 1
5468 1863 1895 4366 1
4906 1866 1983 1845 1
1927 5147 1932 1936 1
2082 2088 2135 2086 1
4906 1983 1853 1845 1
1795 5400 1717 1789 1
1921 1967 1993 4270 1
1927 1932 4867 1936 1
1945 1997 3246 1939 1
3324 3252 3259 2718 1
1802 1927 4804 4963 1
4599 2222 2175 2204 1
1899 1924 1802 1748 1
2127 2124 2185 2130 1
2130 2146 2081 2124 1
2175 3962 2146 2222 1
1509 2675 2753 2654 1
2883 2886 2675 2641 1
1939 1860 5613 1921 1
2453 2531 2503 2451 1
1889 1791 4333 1865 1
2306 2356 2706 2184 1
1991 1899 1984 1978 1
1991 1924 1899 1978 1
2023 2019 3578 2020 1
5057 1956 1889 4096 1
2089 2086 2082 2900 1
3236 2146 2130 2175 1
2120 2130 2185 2151 1
2020 2088 2082 2086 1
2195 2146 2153 2135 1
1323 1371 1461 1276 1
1630 1769 1659 1798 1
1136 1365 1469 1292 1
2065 4875 4801 4687 1
3384 520 2797 565 1
989 5283 1070 1122 1
2082 2088 3236 2135 1
884 994 932 1003 1
3957 2008 2067 2019 1
3447 2229 2204 2241 1
2291 2296 2246 2310 1
2019 2088 2081 4687 1
2361 2364 3935 5254 1
2133 3236 2140 2175 1
2073 2067 2120 2130 1
4096 2049 1984 3786 1
3236 3962 2135 2146 1
1836 5559 1911 3908 1
2120 2127 2067 2057 1
3236 2081 2146 2088 1
2185 2201 2248 2222 1
2185 2151 2130 2175 1
2067 2063 2057 2127 1
2045 2076 2064 2065 1
2116 2064 2076 2107 1
2049 2057 2067 2008 1
2087 2140 2076 2130 1
4599 2175 4967 2204 1
2493 2453 2407 2447 1
2272 2284 2297 2335 1
2127 2124 2081 2063 1
315 131 371 2736 1
2629 2783 3133 2892 1
315 2844 2736 371 1
4469 5234 5526 1986 1
1275 1285 1439 1322 1
1632 1630 1659 1798 1
2120 2151 2125 2130 1
2237 2241 2281 3862 1
2059 2077 2031 2029 1
2125 2087 2130 2140 1
3325 1984 1979 2049 1
2900 2082 3236 2135 1
2133 2140 2076 2118 1
1347 1440 1303 5374 1
2116 2076 2118 2133 1
1328 1360 1224 1411 1
3962 2162 2195 3978 1
2019 4623 4029 2020 1
2089 2082 2086 4492 1
1191 1106 1017 1114 1
4333 1919 1905 1956 1
2019 2063 2081 2088 1
1167 1103 1124 3323 1
5374 1239 4264 4677 1
2065 2082 2015 4623 1
2020 2088 2063 2019 1
2020 2086 2063 2088 1
1308 1399 1217 1445 1
1518 1394 1438 1539 1
1702 1416 1411 1482 1
1555 1445 1522 1665 1
2023 2063 2067 2019 1
2008 2057 1905 1979 1
85 2684 77 42 1
1587 1734 1623 1656 1
1587 1623 1734 1572 1
1671 1729 1656 1623 1
78 2677 2884 2994 1
3668 3131 3507 3303 1
1108 1080 1438 1195 1
1665 1505 1614 1555 1
1325 1125 1307 2850 1
3902 675 4114 639 1
2143 2164 2162 2193 1
1590 1519 1518 1469 1
2162 2190 2123 2195 1
1702 1482 1637 1416 1
1307 1335 1572 1587 1
2472 2511 5600 2454 1
2089 2082 3530 2064 1
1438 3089 1539 1394 1
1227 1145 1220 4395 1
1292 2777 1394 1518 1
513 510 473 522 1
1041 1223 1046 963 1
1308 1522 1399 1445 1
2674 2313 2728 2656 1
1195 1335 1348 1539 1
2633 1913 2763 2901 1
1345 1268 1193 1269 1
801 831 906 798 1
1522 1718 1496 1564 1
2633 2763 2724 2732 1
1269 1467 1554 1361 1
2089 2162 2143 2164 1
2633 2724 2763 2663 1
2633 2763 2732 2901 1
2633 2663 2763 1913 1
1861 2859 2633 2661 1
3089 1539 1394 1449 1
2852 2765 2706 3300 1
3051 1445 1555 1525 1
2859 2633 2661 2715 1
1861 2617 2859 2661 1
1308 1445 1217 1505 1
2859 2715 2661 2617 1
2647 3000 2682 2791 1
2899 1647 2815 2037 1
5609 1019 5571 5168 1
1199 3000 2647 2791 1
1665 1564 1718 1522 1
1665 1445 1505 1555 1
1513 2682 2791 2647 1
1463 1513 2791 2647 1
2107 2082 2900 2089 1
1665 1505 1445 1522 1
2327 2225 3476 2668 1
2721 3194 2672 2677 1
2776 2788 2679 2672 1
1590 1469 1517 1543 1
2738 1463 2647 2776 1
2776 3194 2672 2721 1
2623 1868 2834 2805 1
1637 1718 1496 1522 1
2623 1868 2868 2834 1
2738 2721 1463 2776 1
2910 2623 2834 2805 1
2623 2868 3750 2834 1
1519 5092 3052 1469 1
2910 2623 3750 2834 1
1614 5092 3052 1608 1
5092 1519 3052 1608 1
1563 1453 1517 1590 1
1517 1453 1469 1590 1
1555 1399 1522 1445 1
3051 1365 3052 1469 1
2218 2191 3154 3623 1
2162 2123 2190 2164 1
2162 2195 2193 2205 1
278 2672 298 152 1
2490 2462 2524 2452 1
3260 2672 2914 2631 1
2900 2135 2086 2082 1
2123 2153 2086 2135 1
1214 2681 2893 2657 1
2222 3962 2195 3978 1
1345 1269 1554 1268 1
3614 1708 1950 1641 1
2123 2135 2195 2153 1
2162 2164 2205 2193 1
2659 2657 2808 2681 1
735 666 681 4558 1
2779 2873 2845 2913 1
3236 2076 2133 2140 1
2779 2649 2632 2913 1
2262 2205 2226 2193 1
735 4558 622 666 1
2089 2164 2123 2162 1
3841 4553 2029 1929 1
4801 2045 2065 2076 1
3962 2195 2146 2222 1
3236 2175 2130 2140 1
3962 2133 4599 2175 1
2272 2240 2283 2228 1
1290 1210 1258 1262 1
1836 3786 1889 1730 1
1005 1037 1131 1108 1
2676 2885 2686 2612 1
2686 125 2936 372 1
2686 372 336 3502 1
2262 2211 2193 2226 1
2262 3978 2246 2195 1
2677 78 110 53 1
2635 2904 2649 2861 1
3063 1872 2766 2704 1
2625 2750 1425 2766 1
2779 2632 1861 2929 1
2193 2176 2143 2164 1
2635 2649 2779 2845 1
2625 3193 2766 3315 1
2635 2861 2649 2845 1
5417 4987 1126 1149 1
2882 2704 2757 2626 1
2563 2564 2576 2543 1
1913 2649 2635 2904 1
1913 2779 2635 2649 1
4149 640 631 4558 1
2269 2334 2290 2298 1
2262 2226 2205 2260 1
2756 2892 3455 3181 1
2226 2209 2211 2176 1
2246 2222 2195 3978 1
4301 816 770 5561 1
2087 2118 2140 2125 1
2429 2411 2427 2358 1
911 953 833 891 1
2449 2381 2489 3882 1
2352 2337 2389 2326 1
2352 3142 2414 2406 1
2384 2370 2419 2395 1
2235 2234 2281 2241 1
5077 2290 2298 4523 1
4522 2482 2466 2438 1
1290 1311 4738 4621 1
3093 2145 2116 2133 1
2540 2549 2576 2575 1
2657 2117 2128 2219 1
2340 2417 2416 2357 1
2648 2934 2827 2801 1
2414 2425 3935 2832 1
4056 2264 2253 2316 1
4056 2296 2316 2262 1
1264 2119 2901 2113 1
1264 2901 3276 2113 1
2310 2248 2252 2246 1
2291 2246 2248 2310 1
371 383 2736 70 1
371 41 70 2736 1
2338 2380 2322 2316 1
2251 2220 2244 3310 1
3783 2507 2553 2536 1
2310 2246 2262 2296 1
2331 2316 2338 2293 1
3447 3753 2241 2204 1
3753 2296 2262 2246 1
2851 3753 5232 2194 1
2246 2248 2195 2222 1
2246 2195 2248 2252 1
2291 2296 2241 2246 1
2431 2417 2416 2340 1
2269 2338 2293 2331 1
2343 2310 2296 2291 1
4918 3093 2163 2116 1
2246 3447 2241 2291 1
2490 2452 3777 2462 1
2235 2191 2234 2218 1
2553 2571 2545 2554 1
2449 2461 2479 2494 1
3447 2229 2241 2291 1
3719 2331 2377 4384 1
3992 3318 2549 2559 1
2449 2494 2381 2413 1
2519 2473 2465 2547 1
2318 2286 2311 2266 1
2264 2293 2331 2269 1
2338 2322 2293 2316 1
2442 2461 2479 2449 1
2672 2679 2905 2748 1
2269 2334 2338 2331 1
2672 2905 2679 2776 1
2316 2262 2296 2310 1
2738 2776 2905 2630 1
3753 2296 3862 2262 1
2839 2905 2630 2738 1
2331 2334 2338 2382 1
2451 2407 2493 2453 1
2390 2373 2348 2369 1
4384 2382 2377 2363 1
3783 2536 3935 2507 1
2832 2481 2437 2425 1
2337 2326 2381 2393 1
2416 3288 2355 2357 1
1319 1534 653 2689 1
2264 3641 2293 2269 1
2571 2545 2536 2553 1
2364 2419 2370 2406 1
2776 1463 2788 2931 1
4234 2462 2524 2506 1
2507 4876 2521 2477 1
2776 2647 2788 1463 1
2788 2787 1463 2647 1
2672 2931 2788 2631 1
2275 2357 3719 2281 1
2251 2269 4253 2264 1
2021 2083 2061 2013 1
2357 2351 2281 2288 1
2442 2377 2380 2382 1
2354 2409 2348 2349 1
2253 4056 2316 2262 1
2262 2322 2310 2316 1
2293 2331 2316 2264 1
2253 2293 2316 2264 1
2253 2226 2211 2262 1
2253 2293 2226 2262 1
4297 5063 3995 3783 1
2340 2357 2275 2288 1
4056 5015 2296 2281 1
2448 2489 3935 3882 1
3783 2553 2507 4876 1
907 2646 3215 2977 1
2381 2483 2393 2366 1
2366 2483 2413 2381 1
3327 2690 2646 2977 1
3831 4679 2536 2535 1
2481 4679 5364 2536 1
4054 2543 2564 2547 1
2500 2489 2460 2518 1
2535 2529 2500 2518 1
2506 2553 2521 2554 1
5364 2460 2500 2437 1
2536 3831 2571 2553 1
2312 2337 3882 2361 1
2529 2545 2518 2536 1
2571 2536 2545 2529 1
6 2789 1 2614 1
2789 4 1 2614 1
2789 1 4 2878 1
3513 2706 2306 2356 1
2571 2529 2535 2536 1
4107 5165 5077 2323 1
2033 2013 2083 2021 1
2489 2479 2515 2494 1
2489 3935 2518 2507 1
2507 2518 2545 2536 1
2306 3513 2356 2391 1
2490 2462 2506 2524 1
2553 2579 4050 3100 1
2553 2571 2554 2579 1
2507 3935 2518 2536 1
2521 2554 2553 2545 1
2521 2507 2545 2553 1
2542 2556 2564 2524 1
2553 2536 2507 2545 1
2519 2465 2532 2547 1
2340 2351 2357 2288 1
3719 2331 4056 2316 1
2521 2477 2515 2507 1
2521 2545 2507 2515 1
2447 4037 2424 2462 1
2235 2288 2270 2237 1
2275 2281 2237 2288 1
2090 2052 2072 2110 1
2489 2529 2483 2494 1
2489 2515 2529 2494 1
2489 2518 2500 2529 1
2489 2529 2500 2483 1
4107 2244 2290 4523 1
2497 2543 2540 2549 1
4347 2363 5487 5466 1
2540 2575 2522 2549 1
2447 2452 2462 2394 1
2336 2341 2314 2361 1
2046 2079 2048 2035 1
2542 2503 2556 2524 1
2340 2275 2325 2288 1
2563 2564 2578 2576 1
2497 2522 2549 2540 1
2578 2576 2564 2581 1
2559 2581 2575 2579 1
2559 2575 4400 2579 1
1836 1769 1730 1672 1
2499 2525 2492 2510 1
4234 2524 2462 3992 1
2372 2405 2439 2466 1
2394 2452 2462 3777 1
2540 2543 2563 2576 1
2788 2795 2631 2931 1
2497 2540 2486 2522 1
2559 2579 4050 2553 1
2559 2553 4050 4234 1
2559 2554 2579 2553 1
2559 2553 2506 2554 1
2559 2544 2581 2554 1
2559 2579 2554 2581 1
2559 2506 2544 2554 1
2679 3439 2914 2788 1
776 2795 2933 2631 1
2354 2440 2387 2375 1
2540 2576 2549 2543 1
2472 2486 2522 2497 1
2783 2933 2795 2631 1
2931 2795 2631 2783 1
2336 2325 2361 2314 1
2851 2204 2241 3753 1
2340 2357 2355 2275 1
2543 2547 3764 2519 1
2421 5297 2392 2423 1
2341 2337 2326 2314 1
2472 2511 2454 2497 1
2472 2522 3969 2511 1
2416 2479 2449 2442 1
1598 1531 1567 1489 1
2424 2433 2376 2392 1
2638 1425 2902 2803 1
3974 2487 2499 2528 1
2200 2196 2154 2189 1
2341 2326 2337 2352 1
2361 2337 2341 2314 1
5297 2497 4037 2433 1
2385 2400 2370 2395 1
2385 2394 2392 2424 1
2424 3777 2395 2394 1
3882 2489 2460 2381 1
2832 2481 2425 3935 1
2381 2460 2393 2483 1
2437 2393 2460 2500 1
3050 2381 2393 2366 1
2337 2393 2381 2425 1
1598 1632 1489 1659 1
2424 2400 4297 2454 1
2460 3935 2481 2518 1
2489 2460 2518 3935 1
2381 2483 2489 2460 1
2389 2425 2437 2393 1
273 158 2748 278 1
2630 2905 2672 2776 1
3992 2524 2559 4234 1
3882 2381 2425 2337 1
696 745 755 651 1
2341 2364 2370 2352 1
2343 5015 2380 2351 1
2377 2363 2382 2461 1
2457 4601 2473 2465 1
2494 2489 2381 2483 1
2446 2419 2471 2420 1
2507 2448 2515 2489 1
4056 2296 2262 3862 1
1840 1798 2835 1929 1
3779 2379 2454 2445 1
2449 2494 2479 2489 1
2448 3935 2489 2507 1
5077 4107 2290 4523 1
4037 2549 2564 2543 1
2449 2461 2494 2413 1
3719 3288 2377 2357 1
2235 2281 2288 2237 1
3407 4384 3288 5198 1
2281 2288 2351 2291 1
2416 2449 2377 2442 1
2413 2363 2461 2382 1
2413 2461 2363 2449 1
2235 2288 2281 2234 1
2235 2241 2281 2237 1
4234 2559 2506 2524 1
4234 3992 4050 2559 1
2637 2712 3031 2790 1
2078 2061 2102 2084 1
2542 4037 2564 4054 1
2442 2461 2449 2377 1
2637 2699 2712 2800 1
2256 2273 2265 2213 1
2319 2347 2265 2277 1
4876 2471 2521 2477 1
2446 2398 2477 2448 1
2446 2419 2448 2507 1
2712 2667 2800 2699 1
2446 2477 2507 2448 1
2790 2800 2637 2712 1
5254 2446 2419 2448 1
2325 2355 2361 2312 1
2416 2357 2417 2377 1
2442 2380 2377 2351 1
27 2676 21 2919 1
2376 2447 2394 2407 1
4037 2543 2497 2549 1
27 2676 2919 2885 1
884 968 994 921 1
2736 336 2686 27 1
2272 2240 2228 2206 1
2736 2615 2686 336 1
2424 5297 4037 2433 1
3992 2524 3318 2559 1
3992 2549 4400 2559 1
5297 4037 2497 2549 1
2424 2447 2462 2394 1
2060 2121 2105 2108 1
3913 2131 2183 2132 1
2503 2542 2556 2537 1
2451 2503 2453 2493 1
3802 2232 5346 3535 1
1836 1814 3908 1911 1
1425 2639 2673 2623 1
1836 1672 3908 1814 1
2154 2150 4364 2169 1
2390 2418 2453 2369 1
2013 2084 2083 2061 1
1425 2639 2642 2673 1
2206 2232 2245 4217 1
2095 2076 2118 2116 1
2046 3074 2079 3132 1
3060 2105 2050 3044 1
2029 4766 1929 4553 1
1567 1598 1489 1659 1
1800 1677 1641 1914 1
1504 1459 5209 1439 1
694 600 597 4220 1
2059 3325 1979 2049 1
2515 2477 2448 2507 1
2417 2377 2351 2442 1
2129 2105 2108 2050 1
2110 2158 2131 2132 1
2747 899 4083 3840 1
3061 1593 1570 1652 1
1616 1491 1424 1533 1
1964 1840 4323 2835 1
1515 1582 1520 3081 1
3324 1425 2673 2623 1
3324 1425 2642 2673 1
989 1197 1070 1163 1
1500 1439 1367 1504 1
1723 1823 1784 1708 1
2703 2720 2805 2620 1
1100 1298 1274 1310 1
2749 2805 1422 2623 1
2703 2636 1422 2720 1
1550 3742 1620 1723 1
1723 1823 1620 1784 1
1880 1823 1708 1954 1
1982 1950 3375 1917 1
1914 1954 1950 2006 1
1635 1641 1510 1498 1
694 600 4349 4790 1
1500 1489 1567 1531 1
1277 1477 1492 1204 1
1515 1582 1356 1520 1
4370 1659 1630 1769 1
4370 1769 1672 1730 1
1542 1582 1672 1431 1
1542 1582 1730 1672 1
1542 1582 1748 1730 1
2749 2620 2703 2805 1
2703 2720 1422 2805 1
1940 1915 1838 1804 1
1880 1723 1677 1708 1
1723 1708 3742 1510 1
1635 1510 1641 1677 1
5427 4925 1916 5496 1
1717 1789 4619 1857 1
3786 1899 1978 1984 1
2272 2284 2240 2245 1
1759 1770 1687 1771 1
1759 1770 1816 1847 1
1759 1770 1771 1816 1
4512 5625 1759 5064 1
2760 1978 1924 1991 1
5442 1659 1798 1632 1
2800 2667 1998 2699 1
3841 4553 2031 2029 1
2800 1559 2044 1998 1
2125 2151 2140 2130 1
2064 2107 2116 2104 1
2116 2133 2107 2076 1
4163 1367 5058 1204 1
1929 1769 1798 2835 1
1873 1929 1798 1840 1
1873 1912 1798 1929 1
2022 3841 2029 4968 1
2237 2241 3862 2218 1
2087 2125 2077 2091 1
2810 2661 3088 3083 1
2087 2130 2120 2125 1
2636 2661 2810 3095 1
2633 2663 2636 2810 1
4967 2133 2140 2175 1
4522 2438 2466 2360 1
2067 2049 2008 4096 1
2022 3873 4968 3795 1
2004 4968 2022 2029 1
2116 2145 2107 2133 1
5054 3795 2004 4288 1
2235 2218 2241 2237 1
4162 2118 2155 2095 1
2118 2155 2133 2140 1
4162 2155 2118 2125 1
2073 2049 2029 2059 1
2073 2067 4096 2049 1
2067 2008 3957 4096 1
2077 2125 2087 2120 1
1836 1672 1814 1769 1
1836 3908 1672 1730 1
1836 1865 1730 1889 1
1889 1899 3786 1984 1
2073 2029 2049 4096 1
3904 2029 3786 1912 1
2008 1956 4096 1889 1
3957 1956 4096 2008 1
2242 4085 2213 2265 1
3957 2130 2087 2076 1
2073 2130 2120 2087 1
2059 2057 2067 2049 1
2073 2049 2059 2067 1
2059 2067 2057 2120 1
2073 2120 2067 2059 1
2416 2377 3288 2357 1
2281 2291 2241 2234 1
2377 2363 2461 2449 1
2281 2234 2288 2291 1
4967 2151 2175 2140 1
2272 2245 2297 2284 1
3642 2871 2206 2149 1
2416 2442 2377 2417 1
2416 2442 2417 2479 1
2234 2229 2291 2241 1
2398 2325 2361 2336 1
2275 2325 2270 2271 1
2281 2296 3862 2241 1
2281 2241 2291 2296 1
2442 2382 2461 2377 1
2431 2479 2416 2417 1
2431 2355 2398 2340 1
2237 2218 3961 2198 1
3685 2237 2220 2244 1
2237 2270 2238 2275 1
3288 2416 2355 3882 1
3204 2276 3288 2275 1
3288 2357 2275 2355 1
2312 2355 3882 4008 1
2275 2281 2288 2357 1
2275 2288 2237 2270 1
3133 2887 2631 248 1
2438 2372 2439 2466 1
2340 2355 2325 2275 1
2416 2355 3882 2448 1
2416 2448 3882 2489 1
2416 2479 2489 2449 1
2489 2416 2449 3882 1
2490 2506 2462 3777 1
2056 2090 2078 2052 1
2340 2357 2351 2417 1
2471 2521 2544 2506 1
2060 2105 2050 2108 1
4054 2564 2543 4037 1
2493 2407 2452 2447 1
2288 2325 2270 2275 1
2149 2110 2139 2121 1
2340 2325 2355 2398 1
2558 2525 2528 2538 1
2499 2525 2510 2538 1
2319 2297 2335 2277 1
2431 2398 2448 2477 1
2221 2231 2273 3116 1
2083 2139 2131 2110 1
2149 2206 2171 2871 1
2277 2272 2335 2347 1
2801 3514 2668 3217 1
2105 2121 2110 2149 1
2210 3871 3494 2221 1
2055 2030 2013 1953 1
2482 2528 2499 2538 1
1423 2126 2732 2028 1
3068 2732 2633 2815 1
2715 2633 2815 3068 1
1423 2732 2815 2028 1
1423 1647 2028 2815 1
2715 2815 1647 1423 1
2046 3132 2079 4476 1
2094 2806 2637 2699 1
2725 2667 2712 2699 1
2725 2810 2663 2806 1
2699 2806 2637 2725 1
2069 2132 2131 2111 1
2132 2183 2158 2131 1
2129 3060 2105 2050 1
3642 4626 2871 2149 1
2098 2131 2132 2110 1
2259 2196 2228 2249 1
2102 2110 2090 2139 1
2033 2048 2098 2069 1
3254 2132 2111 2166 1
2131 2139 2158 2110 1
2131 2158 3448 2183 1
2069 2079 2035 2048 1
2149 3642 4626 3060 1
2055 2030 2001 2056 1
2354 2402 2373 2409 1
1975 2048 2033 1989 1
2060 2072 2121 2090 1
2033 2098 2048 2021 1
2006 1954 1950 1999 1
1422 3115 1503 2793 1
2639 1503 2793 1422 1
4062 1752 3755 1844 1
2657 2128 2106 2219 1
3203 3205 3328 3176 1
2657 2214 2219 2106 1
2027 2034 1999 2038 1
3254 2148 2166 2111 1
4365 2166 2148 3677 1
3603 2111 2148 3254 1
1990 1957 1970 1974 1
2132 4626 2174 2166 1
2017 2025 1931 1971 1
2075 2050 2129 2092 1
2078 2090 2056 2070 1
1704 1753 1806 1635 1
1549 1488 1355 1532 1
2052 2110 3620 2072 1
2017 1966 2025 2050 1
4476 2101 2079 2071 1
4476 5182 2074 2075 1
1635 1677 1641 1800 1
2033 2098 2083 2069 1
1951 1930 1928 1799 1
2090 2110 2121 2139 1
1992 2052 3620 2017 1
1941 1914 1880 1800 1
1975 2046 2048 1989 1
2319 2347 2277 2335 1
1953 1915 2001 2030 1
2078 2052 2090 2110 1
2078 2070 2102 2090 1
2038 2034 2051 2027 1
2078 2090 2102 2110 1
2102 2084 2061 2083 1
2102 2110 2139 2083 1
1806 1800 1753 1914 1
3736 2056 2034 2006 1
2051 2034 2070 2056 1
2055 2001 2018 2051 1
2051 2034 2056 2027 1
2006 2034 2027 2056 1
2017 1966 1931 2025 1
2006 1954 1999 2034 1
3375 1940 1917 1804 1
1914 1708 1950 1954 1
1830 1915 1761 1707 1
3736 2052 2056 2006 1
1755 1743 1765 5045 1
2030 2084 2061 2078 1
2030 2013 1928 2021 1
2025 1966 2012 2050 1
2657 1938 2808 2250 1
2021 2098 2061 2083 1
1982 1981 1940 2027 1
3614 1641 1950 3375 1
3277 3611 2625 3193 1
2012 2046 1966 1975 1
1271 2809 1197 1336 1
3223 1752 3295 4502 1
4971 5353 4749 4458 1
3614 1917 3375 1950 1
1992 3620 1900 2017 1
1941 2003 2006 1914 1
2654 2415 2243 2289 1
1880 1708 1823 1723 1
1753 2006 1900 1914 1
1753 1641 1761 2006 1
1966 2050 3074 2046 1
2050 2072 3044 2105 1
2819 2630 2854 2726 1
5567 784 677 779 1
1753 1800 1635 1641 1
1753 1641 1914 1800 1
1677 1510 1641 1708 1
1914 1950 1708 1641 1
1510 1641 1708 1549 1
2189 4228 4085 2169 1
1982 1950 2006 3375 1
2018 1981 2051 2001 1
4742 3330 4941 3790 1
1914 1677 1708 1880 1
2242 2189 2228 2200 1
1915 1890 1838 1707 1
3375 1915 2006 1940 1
1704 1642 1761 1753 1
1806 1635 1753 1800 1
1753 2006 1914 1641 1
2482 2528 3974 2499 1
1941 1954 1880 1914 1
1753 1761 3586 2006 1
1941 2034 1954 2006 1
1989 2033 1975 1951 1
1989 2069 2048 2033 1
1635 1642 1641 1498 1
857 848 954 3183 1
1951 2021 1928 1930 1
1941 2034 2006 2003 1
1885 1888 1841 1704 1
1885 1900 1806 1841 1
1951 2033 2021 1930 1
1931 1841 1885 1888 1
1989 2069 2035 2048 1
2200 2228 2196 2189 1
1841 1799 1761 1704 1
4364 2129 2169 2150 1
1975 2021 1928 1951 1
1928 1830 1761 1799 1
1900 1753 3586 2006 1
2012 1989 2046 1975 1
1841 1975 1888 1966 1
1841 1761 1799 1928 1
1799 1761 1642 1830 1
4085 3308 3296 4228 1
1799 1830 1930 1928 1
2627 3205 3203 692 1
1841 1753 1900 1806 1
1841 1753 1704 1761 1
2012 2035 2046 1989 1
2025 2050 2108 2060 1
2286 2249 2259 2295 1
2012 1989 1975 1888 1
4228 2206 4085 2169 1
2006 1761 3586 1915 1
4085 3296 2206 4228 1
2129 2108 2092 2050 1
3044 3620 2072 2017 1
2025 1966 1931 2012 1
1888 1931 1966 2012 1
2189 2200 3812 2154 1
2025 2092 2050 2012 1
1975 2021 2033 2048 1
2012 2050 2046 2075 1
3620 2052 1992 3586 1
2074 2046 2012 2035 1
2052 3586 3620 2078 1
2287 2256 2265 2242 1
2438 2466 2510 2482 1
3411 2212 2168 2213 1
1941 2006 1954 1914 1
422 315 371 453 1
1885 2011 1900 1971 1
2011 2003 1992 2054 1
3586 2056 2078 2052 1
3620 1992 1900 3586 1
1992 2052 3736 2006 1
1992 2006 1914 1900 1
2011 1992 2003 1946 1
1946 1914 2003 1941 1
1946 1800 1914 1941 1
1946 1800 1806 1914 1
2003 1914 1992 2006 1
1946 2003 1914 1992 1
2418 2453 2369 2451 1
2319 2273 2277 2265 1
2345 2256 2265 2287 1
2396 2427 2405 2353 1
5517 3802 5528 4280 1
2347 2295 3855 2272 1
2330 2335 2295 2347 1
2277 2297 2335 2272 1
2396 2358 2353 2330 1
2333 2707 2498 2651 1
2707 2302 2333 2498 1
2396 2427 2358 2429 1
2492 2456 2436 2411 1
2707 2302 2498 2762 1
2256 2212 2273 2213 1
2354 2349 2387 2409 1
2259 2228 2295 2249 1
2277 3116 3785 2221 1
3296 2245 2297 2272 1
2277 2297 3785 3116 1
4280 2231 5346 5422 1
2256 2213 2265 2242 1
2074 2046 2075 2012 1
2074 2035 5182 4476 1
2345 2273 2265 2256 1
5182 4476 2101 2075 1
2309 2282 2258 2287 1
2203 3085 2100 2119 1
2282 2242 3855 2307 1
2224 2256 2242 2216 1
2242 2258 3887 2307 1
2189 2169 2228 2196 1
3887 2196 2228 2259 1
2154 3504 2112 2156 1
2249 2228 2215 2196 1
2169 2206 3863 3642 1
2457 2402 4601 2465 1
2196 2215 2150 2169 1
4364 2129 2150 2092 1
2150 2108 2129 3863 1
2108 2025 2092 2050 1
2169 2206 2228 2215 1
2215 2240 2206 2228 1
2169 2215 2150 2206 1
2215 2206 2240 2150 1
2196 2215 2169 2228 1
2287 2258 2256 2242 1
2330 2295 2283 2249 1
2396 2439 2427 2429 1
2249 2283 2215 2228 1
598 652 644 540 1
2300 2279 2315 2266 1
2216 2213 2168 2212 1
3855 2228 2272 2295 1
2259 3855 2295 2228 1
2256 2213 2216 2212 1
2396 2353 2405 2378 1
2345 2265 2273 2319 1
2345 2347 2265 2319 1
2697 2784 2707 2822 1
2287 2345 2332 2265 1
2707 2784 2484 2822 1
2784 2591 2484 2822 1
2287 2265 2282 2242 1
2287 2242 2282 2258 1
2368 2387 4526 4174 1
2332 3970 2282 3855 1
2349 2318 2348 2300 1
2332 2282 2265 3855 1
2784 2602 2591 2822 1
2697 3169 3120 2867 1
2519 2485 2465 2473 1
3169 3350 3120 2867 1
2259 2249 2266 4145 1
2371 2397 2453 2369 1
4601 2408 2404 2473 1
2318 2266 2315 2286 1
2318 2315 2266 2300 1
2509 2510 2538 2482 1
2404 2408 2402 2373 1
2407 2371 2453 2369 1
2349 2348 2390 2409 1
2546 2519 2547 2563 1
2390 2453 2397 2369 1
2390 2348 2373 2409 1
3087 2415 3639 2865 1
3087 3639 2415 2430 1
2390 2487 2453 2418 1
2473 2485 2465 2408 1
2547 2519 2543 2563 1
5001 2390 2409 2349 1
2482 2499 2436 2466 1
2438 2510 2466 2439 1
2473 2433 2408 2404 1
3327 2690 1199 2646 1
2473 2408 2433 2485 1
2360 4174 3970 2466 1
3328 3203 3176 2780 1
5001 2509 2482 4544 1
1969 3203 3328 2780 1
2349 2300 2315 2318 1
2466 2499 2427 2510 1
2411 2456 2390 2418 1
2396 2405 2439 2378 1
2499 2436 2492 2525 1
2497 3656 3585 2543 1
2497 3656 2543 4037 1
2547 4054 2543 3764 1
2547 2519 2546 2532 1
2360 2466 2405 2372 1
2570 2528 2532 2558 1
2369 2453 2407 2451 1
2482 2510 2538 2499 1
2411 2436 2427 2359 1
2318 2348 2390 2349 1
2390 2373 2369 2397 1
2558 2560 2531 2516 1
2286 2311 2330 2358 1
2390 2487 2531 2453 1
4054 2547 2531 3301 1
2390 2487 2528 2531 1
2318 2358 2359 2411 1
2390 2318 2369 2348 1
2390 2436 2487 2456 1
2359 2318 2349 2315 1
2354 2348 2409 2373 1
2466 3970 2405 2427 1
2359 2353 2358 2286 1
2492 2436 2427 2411 1
2492 2411 2427 2429 1
2396 2330 2353 2378 1
2405 2372 2439 2345 1
2405 2345 2347 2332 1
2353 2347 2295 3970 1
2396 2353 2358 2427 1
2378 2345 2347 2405 1
2378 2439 2345 2405 1
2378 2319 2347 2345 1
2427 2492 2499 2436 1
2378 2347 2353 2405 1
2427 2510 2499 2492 1
2492 2525 2436 2456 1
2378 2347 2330 2353 1
2378 2335 2347 2319 1
3974 2436 2499 2487 1
2499 2528 2487 2525 1
2510 2427 2439 2429 1
2642 1509 2883 2705 1
2466 2436 2427 2499 1
1425 1509 2883 2642 1
2482 2499 2466 2510 1
2466 2427 2436 2359 1
1509 2638 2654 1503 1
2509 2528 2482 2538 1
2499 2525 2538 2528 1
2466 2427 2405 2439 1
2466 2439 2510 2427 1
2360 2332 2405 3970 1
2705 2886 1509 2883 1
2386 2657 2367 2219 1
2440 2457 2532 2465 1
2354 4404 2387 2349 1
4404 2349 4526 2387 1
2279 2285 2344 2307 1
2681 2657 2808 2128 1
2360 2466 2372 2438 1
2307 2344 2279 4517 1
2282 3970 2332 2360 1
2893 2106 2646 2160 1
1624 2786 2484 2435 1
1624 2435 2568 2786 1
2893 2184 2160 2646 1
2484 2786 2346 2435 1
2227 2119 2113 2843 1
2568 2435 2512 2786 1
1898 2741 2870 3606 1
3218 4417 3622 3517 1
2870 3622 3379 3606 1
2203 3085 2199 2100 1
2843 2126 2113 2138 1
2903 2568 2591 3147 1
2386 2219 2250 2657 1
2601 2583 2838 2459 1
2872 1247 1207 1246 1
2294 2339 2401 2192 1
2561 2651 2822 2865 1
2367 2219 2657 2214 1
2791 1214 2682 2700 1
1199 1214 2791 2644 1
1513 2682 2700 2791 1
1463 1513 2644 2791 1
1199 2644 2791 1463 1
3466 3086 2841 3126 1
2100 2007 1711 2632 1
2672 152 97 2677 1
2672 97 152 158 1
278 158 2672 152 1
2629 3099 2783 2892 1
1364 849 662 1105 1
1541 1960 1973 1398 1
2227 2203 2843 2346 1
2917 2833 2873 2635 1
2657 2128 2117 2808 1
3439 2648 776 2795 1
2648 776 2870 3439 1
2635 2917 2861 2845 1
2642 2796 2670 2695 1
2642 2883 2796 2695 1
2662 2670 3259 2796 1
2704 3324 2796 2662 1
1364 849 1105 1398 1
3234 2653 2723 2828 1
2723 2653 3332 2828 1
3213 2903 3353 2595 1
618 2627 471 692 1
2565 2339 2412 2470 1
2657 2106 2128 2681 1
227 104 3263 293 1
1597 3673 1523 1514 1
2432 2313 2831 2574 1
2574 2432 2598 2831 1
2210 3411 2213 2212 1
2219 2657 2117 2250 1
2648 2801 2678 3017 1
1513 3514 2668 2801 1
3305 3344 2799 3525 1
2799 3344 2658 3319 1
2671 2695 2670 2875 1
2646 1877 2106 1944 1
4971 966 4749 5336 1
2386 2250 2772 2657 1
2843 2203 2227 2119 1
2505 2651 2822 2561 1
2756 2915 1617 2645 1
2236 2138 2843 2227 1
2654 2675 2932 2638 1
2843 2138 2113 2227 1
2646 1877 2160 2106 1
2899 2724 2634 2014 1
2724 2014 2899 2037 1
2651 2257 2403 2308 1
405 262 3133 2892 1
3133 3261 2629 2892 1
2128 2808 2040 2117 1
2654 2846 2638 2932 1
964 1102 4993 4992 1
3069 2852 3438 3371 1
1199 2853 1463 2628 1
3300 3452 2852 3209 1
2182 3267 3300 3209 1
2632 2007 2913 2649 1
1872 2853 1199 2628 1
1872 2853 2628 2662 1
2697 3298 2707 2784 1
2707 3298 2484 2784 1
2657 2250 2808 2117 1
315 2676 2844 254 1
2903 2591 2484 2784 1
2635 2917 2845 2873 1
2903 2602 2591 2784 1
2904 2651 2649 2861 1
4761 1844 1792 4062 1
5017 1752 1781 3567 1
3009 2622 2890 2803 1
3207 2814 2803 2622 1
3226 2362 2342 2443 1
3513 2475 2391 2426 1
2517 3513 2745 2733 1
3333 2660 3243 2602 1
2517 2458 2745 2475 1
2517 2745 2458 2733 1
2831 2313 2597 2574 1
2574 2831 2598 2597 1
2508 2865 3639 2415 1
2508 2415 2403 2865 1
2530 2577 2928 2362 1
2458 2367 2386 2745 1
2928 2577 2430 2362 1
2627 2812 1199 2726 1
2697 1913 2860 2707 1
2627 2812 2726 2854 1
2627 2911 2812 2854 1
2627 3192 1199 2812 1
2766 3611 2757 2812 1
2652 3086 2860 1913 1
2697 1913 2652 2860 1
2597 2585 2313 2603 1
2227 2512 2786 2459 1
2594 2459 2568 2512 1
2709 67 69 2854 1
2938 67 52 2709 1
2938 67 2709 2854 1
2640 1926 3613 1115 1
2350 2557 2469 2580 1
2858 2703 2635 1422 1
2858 2703 1422 2749 1
2833 3039 2890 2635 1
2858 2749 3207 2622 1
3009 2803 2890 3039 1
2583 2838 2459 2401 1
3147 2596 2591 2903 1
2660 2722 3558 3364 1
2803 1425 2902 2814 1
1422 1425 2803 2814 1
2625 1425 2750 2814 1
2401 2838 3387 2583 1
2401 2236 2869 2459 1
2625 1425 2814 2902 1
2660 3558 2589 2599 1
2822 2722 2600 2587 1
2591 2903 2596 2602 1
2824 2684 2620 2713 1
2713 2620 2824 2825 1
2877 2713 2684 2824 1
2713 2661 2620 2825 1
2432 2573 2598 2831 1
2831 2603 2598 2597 1
2610 2609 2606 2831 1
2610 2609 2907 2611 1
2294 2401 2339 2412 1
2186 2192 2233 2339 1
2294 2339 2192 2186 1
3332 2898 3560 2828 1
2432 2574 2278 2313 1
2610 2598 2605 2831 1
1158 2637 2800 2044 1
2329 2434 2520 2374 1
2274 2186 2339 2294 1
2274 2339 2186 2233 1
2574 2588 2444 2597 1
3416 3333 2602 2660 1
2329 2557 2520 2434 1
2586 2599 2660 2589 1
1158 2800 1559 2044 1
1158 1559 2800 2790 1
3492 3000 2852 2647 1
2838 2401 3387 2869 1
2604 2602 2903 2595 1
2565 3268 2583 2412 1
1463 1513 3017 2984 1
2662 2866 2670 2644 1
2866 2678 2984 3099 1
2723 3332 3560 2828 1
2159 2667 1998 2066 1
3145 3146 2700 2875 1
3145 2889 3146 3514 1
1373 1556 1420 1464 1
2585 2580 2350 2496 1
2907 2607 2611 2608 1
3128 2825 2618 2661 1
2617 2825 3128 2661 1
2233 2179 2869 2126 1
2329 2434 2469 2557 1
2656 1509 2705 2753 1
2496 2539 2313 2585 1
2350 2580 2469 2496 1
2833 2890 2858 2635 1
2833 2622 2858 2890 1
3072 2662 2818 1499 1
2628 1463 3194 2818 1
2628 3194 2677 2818 1
2598 2831 2573 2605 1
2350 2469 2557 2329 1
1990 1879 1869 1892 1
2094 2202 2699 2159 1
2094 2202 2806 2699 1
2428 2530 2928 2362 1
2806 2653 2202 2328 1
2597 2350 2585 2580 1
2781 2374 2658 2317 1
1654 1421 1544 1529 1
2607 2907 2605 2530 1
453 2877 602 2929 1
453 2844 602 2877 1
453 2929 2616 2877 1
2907 2611 2609 2608 1
2136 2724 2037 2014 1
2058 2181 2068 2934 1
3514 2658 2383 3480 1
2422 2426 2488 3513 1
2001 2051 2027 1981 1
2501 2504 2520 2374 1
2727 2620 2713 1861 1
1861 2720 2703 2620 1
2661 1861 2620 2720 1
2713 1861 2620 2661 1
2727 1861 2703 2620 1
2877 2929 2713 2617 1
1982 2027 1999 2038 1
766 2632 2929 862 1
1953 1928 2013 1930 1
2831 2609 2907 2610 1
2607 2577 2907 2530 1
2603 2313 2539 2585 1
2603 2831 2539 2313 1
2603 2539 2831 2606 1
2526 2588 2444 2574 1
3513 2517 2475 2488 1
2432 2574 2444 2278 1
3513 2488 2475 2426 1
2001 2056 2027 2051 1
2327 2388 2735 2268 1
3086 2651 2860 1913 1
2860 2651 2707 1913 1
1913 2649 2904 2651 1
2450 2584 2504 2526 1
2450 2491 2584 2526 1
2450 2504 2383 2374 1
2450 2374 2526 2504 1
3166 2491 2444 3145 1
3166 2444 2491 2526 1
2374 2383 2658 2317 1
2936 2686 2939 125 1
1346 1420 1648 1315 1
1913 2904 3086 2651 1
3226 2928 2362 2428 1
2733 2772 2694 2745 1
2707 2651 2649 1913 1
2313 2350 2585 2597 1
2313 2597 2603 2831 1
2278 2444 2597 2574 1
2656 2874 2428 2831 1
2656 3226 2428 2928 1
2656 3226 2928 2705 1
2691 2927 3344 2292 1
1648 1490 1556 1420 1
3513 2391 2324 2426 1
2656 2247 2313 2278 1
2656 2278 2313 2432 1
2656 3226 3651 2428 1
2733 2772 2386 2478 1
3651 2478 2772 2733 1
990 1057 898 929 1
3513 2706 2893 1214 1
3513 2356 2391 2475 1
3614 3505 1708 1549 1
929 5323 892 1120 1
2030 2084 2013 2061 1
1953 2001 1890 2018 1
3375 1641 1950 2006 1
3375 1761 1641 2006 1
3375 1761 2006 1915 1
1950 2006 1641 1914 1
1450 1530 1412 1568 1
1607 1549 1641 1532 1
4997 1917 1805 3972 1
3596 1358 1174 1418 1
1982 1947 1981 2038 1
1982 1981 1947 1940 1
1982 1999 2027 2006 1
1982 1999 2006 1950 1
1982 1947 1917 1940 1
2001 1915 3586 2030 1
2001 2027 2056 2006 1
1940 1838 1981 1947 1
1940 1947 1917 1838 1
1804 1917 1838 1940 1
3586 1915 2001 2006 1
1707 3450 1804 1761 1
4135 1675 1473 5282 1
1820 3987 1852 1736 1
5307 5407 960 5181 1
1953 1928 1930 1830 1
3598 1112 909 1118 1
1953 1928 1830 1915 1
1953 1915 2030 1928 1
2056 2055 2030 2078 1
2055 2078 2084 2030 1
2055 2070 2084 2078 1
2055 2056 2051 2070 1
4135 1605 1675 1583 1
1615 1694 3524 5388 1
3223 1752 4410 3295 1
4135 1675 5282 4278 1
1524 1682 1755 1575 1
1690 1792 1762 4835 1
4475 1957 1990 1974 1
1690 4911 1782 1762 1
1422 2720 1868 2805 1
1621 1792 5509 4728 1
1422 3095 1868 2720 1
1422 2805 1868 2623 1
2639 3257 1868 1422 1
5253 1486 4881 1690 1
1422 3095 3257 1868 1
4410 3223 4062 1752 1
5555 4410 4031 3714 1
1422 1868 2639 2623 1
3062 3295 1752 5433 1
5514 1486 1237 4881 1
3128 2661 2618 2715 1
3128 492 691 2715 1
2944 2661 3129 3083 1
1621 5098 1792 1690 1
1943 1917 3972 3614 1
1743 1676 5231 4660 1
4881 1486 4148 2980 1
1242 5281 1404 1366 1
1242 1366 1404 1252 1
1028 1163 1089 1181 1
1607 1549 1532 1488 1
2868 1868 3189 2624 1
1685 1629 3543 4272 1
1395 1429 1418 1174 1
3324 2662 2718 3259 1
1917 4658 1838 1775 1
4160 1418 1429 1174 1
5013 4881 4148 4383 1
5556 1506 1486 5616 1
5556 5632 1506 5616 1
4758 1190 5162 1279 1
1036 1196 965 3351 1
2802 717 2790 516 1
1910 1957 4475 1896 1
2764 1765 4470 4379 1
4892 1820 1755 4649 1
2137 2207 2934 2068 1
4377 3365 1346 1528 1
2058 2934 2097 2181 1
1820 1782 1736 1682 1
1565 1585 1395 4377 1
1196 1315 1420 1346 1
1565 1613 1395 1585 1
1974 1934 1878 1894 1
1974 1894 1896 1957 1
1974 1970 1894 1957 1
5240 4660 1676 1743 1
4680 1878 1934 1894 1
4974 1338 1147 4739 1
1990 1970 1869 1879 1
1654 4298 4669 1421 1
5230 1648 1673 1556 1
1879 4103 1824 1869 1
4765 4843 1700 5108 1
3444 1755 1575 1524 1
4475 1990 1957 1892 1
1780 1768 5491 5515 1
1346 1648 1529 1315 1
1990 1970 1957 1869 1
1575 1820 1682 1755 1
1755 1682 1782 1820 1
4475 1957 1974 1896 1
1910 1957 5376 4475 1
2806 2014 2134 2043 1
2304 3217 3514 3480 1
1852 5003 3987 1897 1
1852 4415 5349 1736 1
4190 880 838 5419 1
4379 1765 5045 1755 1
1575 1736 1682 1820 1
2764 1673 4470 1765 1
2764 1699 1673 1765 1
1373 1571 4704 4819 1
3493 4931 3632 5193 1
3180 1820 4892 4649 1
4649 1743 1755 5045 1
4377 2975 1585 1395 1
715 2640 1115 1289 1
2058 2934 1976 2097 1
2068 2181 2207 2934 1
2080 2115 2097 1976 1
2058 2068 1833 2934 1
2058 1976 2934 1790 1
944 2827 1833 1684 1
2937 2631 248 204 1
1278 1790 2648 1137 1
324 2631 338 436 1
944 1684 2689 2827 1
1279 1550 1384 1357 1
3482 1380 1259 1575 1
2771 2278 2247 2656 1
2663 2653 2806 3648 1
2640 2066 3160 1926 1
2640 2667 2066 1998 1
2640 1926 3160 3613 1
2800 2667 2712 2640 1
2640 2066 1926 1998 1
1289 1559 2640 1998 1
2725 2667 2699 2653 1
2724 2134 2806 2014 1
4693 1897 5003 1852 1
390 149 2789 128 1
558 2615 539 693 1
2648 2934 1790 1833 1
2915 1617 2026 1961 1
2793 3086 2652 3115 1
4639 1183 1182 1000 1
2669 4991 842 751 1
1602 1523 1514 1597 1
2879 2929 1264 862 1
1246 1207 1313 1247 1
5225 1183 3993 3647 1
5343 893 5367 843 1
4728 1849 3965 1763 1
1430 1451 1545 4108 1
880 842 946 4011 1
808 920 949 817 1
2905 3492 2690 3765 1
2906 3676 2870 3224 1
2906 2648 3439 2795 1
2906 2648 2795 3017 1
2906 3224 3017 2787 1
4597 1545 2770 4108 1
997 3351 1196 1036 1
2815 2732 2633 2724 1
2677 2709 69 2854 1
85 42 11 2684 1
1422 2636 2793 3095 1
3361 349 341 45 1
2653 3178 2533 3114 1
2328 2653 3114 3178 1
1289 1115 1926 2640 1
909 817 4668 4742 1
1219 4566 1066 1087 1
5423 4177 5505 5480 1
1685 3198 1629 4272 1
4941 3330 4742 5109 1
5323 1098 5060 3649 1
4971 5353 935 4749 1
857 1118 964 4187 1
454 420 442 460 1
2727 2749 2858 3028 1
2773 2749 2727 3028 1
3725 2858 2619 2833 1
3725 3028 2619 2858 1
2913 2007 1862 2096 1
2873 1004 1862 2913 1
4570 1409 4186 4148 1
5042 916 5202 880 1
2845 1862 2096 2913 1
3094 1862 2913 2007 1
4011 842 946 925 1
362 382 400 312 1
880 842 916 946 1
3482 1259 1409 1575 1
3482 1524 1380 1575 1
1259 1412 1409 1575 1
4422 5130 1099 5027 1
2984 2783 2629 3099 1
709 628 665 711 1
1036 3351 965 923 1
1009 1057 859 898 1
1272 1354 3864 1144 1
1206 1112 4161 1011 1
1359 4847 1388 1171 1
229 2914 152 298 1
152 2672 298 2914 1
2672 2679 3334 2914 1
556 298 2914 338 1
3334 2914 2679 3439 1
229 2914 298 338 1
5166 1196 1315 965 1
4971 966 5130 1022 1
4422 1099 5130 1101 1
5411 3867 4230 5245 1
1861 2632 1913 2901 1
1861 2901 1913 2633 1
2859 2632 1861 2901 1
2859 2901 1861 2633 1
2512 2786 2435 2227 1
2903 2786 2838 2843 1
2843 2459 2227 2786 1
1101 1099 4016 1409 1
997 1057 1009 898 1
3164 832 4772 870 1
3234 2828 2723 2728 1
2674 2728 3234 2723 1
1196 1490 1346 1420 1
1209 5370 1259 5372 1
2822 2591 2569 2592 1
4377 1565 3596 1395 1
2834 1868 2624 2621 1
371 3633 2844 2615 1
4470 1556 1673 1490 1
18 6 165 2878 1
1319 560 944 2689 1
2673 3259 2674 2642 1
455 743 788 2933 1
455 788 743 744 1
2789 165 2878 290 1
2673 3160 2674 3259 1
406 608 715 2624 1
2790 2640 715 1559 1
1346 1528 1529 1648 1
2674 3259 2771 2642 1
1351 1493 1544 3819 1
2736 21 27 2676 1
2674 3160 2771 3259 1
4018 1493 3503 3819 1
726 764 2958 774 1
1544 1351 3819 4727 1
956 1123 1075 1129 1
4196 1072 1038 1263 1
956 1129 1071 1123 1
1138 1000 889 1182 1
2619 2727 2616 1861 1
2619 1861 2703 2727 1
4727 1528 1529 1346 1
2779 2616 1861 2619 1
2619 2703 1861 2779 1
5166 1346 1315 1196 1
499 423 485 456 1
1373 1380 1300 1571 1
4290 4344 859 751 1
1358 1556 4470 1490 1
2943 1420 1358 1196 1
1358 2764 2687 2688 1
756 2804 818 4534 1
4290 4332 4753 4208 1
771 3851 794 4309 1
1299 2975 4625 1263 1
1189 3369 1040 1387 1
2757 3072 2704 2628 1
2628 2818 2938 3072 1
997 3289 1358 1174 1
1358 3320 1418 1359 1
4894 1339 1454 1331 1
2757 2938 3072 2628 1
1209 1380 1450 1259 1
1300 936 997 1061 1
1300 936 1196 997 1
3320 1300 1359 1358 1
2628 2662 2818 3072 1
1270 4018 4739 1097 1
2704 3072 2662 2628 1
1490 4470 2764 1673 1
1358 1490 1420 1556 1
2943 1196 1358 1300 1
1274 1533 1424 1491 1
1339 1338 1331 1147 1
1059 1166 1143 1020 1
4894 1339 1331 3484 1
5366 4551 677 606 1
3304 5470 1055 1010 1
987 1107 1010 931 1
1252 1242 1286 1090 1
931 1010 1029 1107 1
2704 3324 2626 2882 1
3914 1338 4076 1331 1
3315 3193 3063 2641 1
1021 1093 2698 1121 1
5042 4991 916 842 1
731 722 682 710 1
582 546 3360 563 1
1331 1454 1338 1339 1
1580 4834 3682 1646 1
945 1182 959 889 1
4639 1183 1000 3647 1
1211 1020 5170 1143 1
1012 2698 1021 1093 1
1040 1387 3369 1060 1
4087 1040 1387 1189 1
1006 1000 889 4319 1
1006 889 1000 1182 1
5042 5430 916 4991 1
4624 1020 1192 1121 1
474 551 591 571 1
1387 3369 1060 1343 1
4991 916 4668 5430 1
3033 1060 1040 900 1
509 443 501 420 1
1274 1310 1444 1491 1
1274 1441 1495 1444 1
1301 1384 4345 1368 1
1102 1245 3195 1229 1
3674 1060 1387 1040 1
3674 1387 1060 2813 1
725 774 726 763 1
1090 1311 1298 5103 1
1095 3010 937 1060 1
1133 2809 1238 1076 1
1187 1162 1210 1262 1
3151 1271 1248 1336 1
4736 4310 908 5497 1
1835 3009 811 1415 1
1835 3009 775 811 1
811 3009 2833 1415 1
1336 1323 1248 3151 1
1133 1251 2809 1208 1
1032 3559 3539 934 1
1252 1403 1298 1311 1
1203 1320 1215 1238 1
1274 1349 1392 1298 1
1376 1444 1274 1392 1
5228 1215 1203 1320 1
1192 1093 1202 1121 1
1004 2925 585 766 1
1004 2873 585 2925 1
2873 1004 2913 2925 1
2873 1862 2845 2913 1
4981 5283 1070 989 1
2745 1214 2893 2657 1
5116 1211 1272 1192 1
2893 2657 2214 2367 1
2745 2893 2367 2657 1
1301 1384 1355 4345 1
931 1029 1055 1107 1
1055 1020 1107 1143 1
1107 1020 1055 931 1
1230 5428 1109 4500 1
4426 967 815 919 1
4238 1189 1040 1128 1
3024 1040 900 3033 1
725 763 726 664 1
593 3477 624 634 1
2866 2645 3099 3455 1
4381 1371 5281 1468 1
1021 1055 1048 1135 1
4426 2698 1021 919 1
2989 1104 1053 1173 1
774 2983 928 1025 1
2617 2713 2824 2825 1
3002 3010 937 1095 1
2617 2661 2713 2825 1
2617 1861 2713 2661 1
783 3631 4204 737 1
2786 2346 2435 2227 1
3298 2346 2786 2843 1
2786 2843 2346 2227 1
2236 2459 2227 2843 1
809 5449 3662 5544 1
832 3878 4772 870 1
749 680 751 4344 1
221 194 4341 199 1
749 859 4344 751 1
749 859 751 817 1
2691 2927 2278 2671 1
2671 2927 2278 3651 1
2691 2292 2278 2927 1
2927 2444 2292 2278 1
3651 2444 2927 2278 1
2887 2631 436 2933 1
1297 1305 1393 1295 1
60 55 58 36 1
938 873 833 904 1
825 972 848 3183 1
857 812 842 909 1
664 763 726 651 1
238 263 244 250 1
981 964 1221 941 1
2789 39 165 104 1
1316 2870 776 3373 1
3091 3566 3712 3787 1
2662 2866 3455 3628 1
2818 3455 2629 3261 1
2818 2984 3455 2866 1
413 445 459 444 1
1835 2846 3009 1415 1
324 338 2631 229 1
371 2615 383 558 1
2667 2653 2725 2723 1
2725 2653 2652 2723 1
111 262 253 3361 1
715 2640 1289 1559 1
1219 1083 4566 1087 1
2672 2776 2788 2931 1
2788 3017 2931 1463 1
2984 3017 2931 2783 1
2672 3194 2931 2677 1
2984 2783 2931 2629 1
2763 1913 2697 2707 1
2763 1913 2663 2697 1
4402 290 2624 406 1
1913 3085 2763 2901 1
2630 177 106 97 1
2814 2623 1425 2750 1
2839 2630 2726 2738 1
2839 2690 2905 2738 1
2839 2630 2819 2726 1
4220 600 597 598 1
241 2819 2839 2630 1
2691 2875 2927 2671 1
2927 2691 2658 2875 1
647 598 677 707 1
2875 2743 2691 2658 1
2876 2753 2655 1509 1
2674 2728 2655 2876 1
307 4173 275 251 1
776 436 2631 2933 1
444 399 413 445 1
2634 2014 2806 2043 1
2725 2637 2810 2806 1
2661 2634 2810 3088 1
2810 2637 2634 2806 1
2639 2655 1509 2674 1
2674 2656 1509 2642 1
2639 2642 2674 1509 1
2674 2655 1509 2876 1
2674 2876 1509 2656 1
525 744 788 455 1
227 3361 341 45 1
2887 525 472 788 1
293 2614 104 3263 1
2889 1513 3146 3514 1
229 2631 204 3260 1
262 3261 2892 349 1
2887 455 525 788 1
45 49 111 170 1
2614 10 45 102 1
204 210 2631 229 1
305 2789 293 365 1
3361 349 262 253 1
406 414 2624 557 1
406 715 557 2624 1
1503 2846 2904 2635 1
2904 2861 2635 2846 1
126 414 309 2621 1
2789 293 365 2614 1
6 39 2614 3 1
2678 2866 2743 2645 1
227 3361 111 253 1
2834 2868 3750 290 1
3361 262 349 45 1
716 715 2790 557 1
227 293 3263 341 1
1423 2732 2126 2945 1
2614 104 39 2789 1
2967 2727 2616 2619 1
2967 2727 2619 3028 1
1423 2901 2732 2945 1
1425 3063 2766 2882 1
1425 2750 2882 2766 1
3063 3324 2882 1425 1
2750 2623 1425 2882 1
1425 2623 3324 2882 1
376 305 365 2789 1
1425 2642 2639 1509 1
1423 3276 2901 2945 1
371 650 422 602 1
3386 2883 3063 2641 1
3063 2883 1425 2641 1
2689 1534 2915 1988 1
1988 1961 1534 2915 1
2790 717 557 516 1
2621 2624 414 557 1
614 1027 2634 1079 1
2621 414 309 516 1
612 3793 3428 3717 1
2614 365 2789 390 1
1004 1862 2913 3094 1
1004 2925 766 3094 1
1004 2913 2925 3094 1
286 3196 3299 2921 1
2613 8 2824 26 1
693 625 674 539 1
273 177 2630 158 1
376 2789 390 2626 1
2628 2854 2938 2677 1
2614 35 3 39 1
2614 35 39 104 1
2614 3263 365 381 1
2834 2862 3129 2621 1
2614 45 35 104 1
2789 293 2614 104 1
2614 3263 293 365 1
2614 4 1 3 1
2614 45 10 35 1
2614 102 128 10 1
2614 128 4 10 1
2614 10 3 35 1
165 2789 293 305 1
2825 2621 3129 2862 1
2715 2618 492 1027 1
290 2624 406 2834 1
1301 1488 4099 1532 1
492 614 1027 2618 1
2868 2624 2834 1868 1
372 753 691 336 1
2618 1027 2634 614 1
61 372 336 3861 1
2899 2633 2724 2815 1
2796 1938 2644 2695 1
1872 2644 2796 1938 1
2659 1872 1938 2644 1
2694 1938 2695 2644 1
2694 2659 1938 2644 1
688 528 438 2748 1
492 281 614 2618 1
691 336 753 674 1
3128 492 2618 2897 1
539 364 336 383 1
364 674 336 493 1
539 364 674 336 1
539 674 364 625 1
364 674 493 625 1
516 2621 2790 2802 1
2621 2944 1868 2790 1
2621 2944 2790 2802 1
2655 1503 3087 3086 1
3466 2841 3086 3087 1
2868 290 4402 376 1
315 453 2844 371 1
3086 1503 3087 2792 1
2824 2862 2825 2620 1
3086 3087 2865 2792 1
2626 376 2878 3750 1
18 167 2878 165 1
753 336 539 674 1
2753 2675 3464 2654 1
2796 2644 2670 2695 1
2662 2670 2796 2644 1
2628 2854 2911 2938 1
585 2616 353 496 1
3128 691 372 753 1
2877 2676 11 85 1
2844 3502 2617 2686 1
373 222 461 2622 1
2923 161 214 14 1
146 14 2923 214 1
461 494 2622 265 1
598 652 540 597 1
2878 18 6 1 1
3221 4 1 2878 1
1219 2947 1083 4773 1
2884 2931 3133 2629 1
2931 2783 3133 2629 1
4670 2947 2957 2950 1
4670 2947 1219 4773 1
3681 2948 3716 3186 1
2901 2888 2732 2945 1
2888 2126 2113 2843 1
3681 2948 2954 3716 1
909 1118 4742 4668 1
2682 2735 1513 2889 1
1513 2889 2700 2682 1
2923 14 5 161 1
2949 2968 5511 2948 1
2949 2948 5511 3186 1
3716 2954 2949 2948 1
2938 109 115 129 1
3716 2948 2949 3186 1
3716 2954 2953 2949 1
3716 3186 2949 4336 1
4336 3716 2953 2949 1
807 636 733 752 1
730 3611 3203 692 1
2877 11 2676 2612 1
451 2627 3611 471 1
371 2736 383 2615 1
3434 2773 12 76 1
2825 281 478 2621 1
1219 2947 2950 1083 1
4670 2947 2950 1219 1
1219 2950 5452 1083 1
5620 1219 2950 5452 1
2612 2686 125 2885 1
2863 47 13 26 1
2613 26 13 8 1
2961 4670 4277 2950 1
693 539 674 753 1
2615 383 539 336 1
3502 336 539 753 1
2626 2789 2878 376 1
3502 753 372 336 1
558 539 2615 383 1
2715 2618 1027 2634 1
3128 492 2715 2618 1
2617 2877 2686 2612 1
3430 1105 1398 1541 1
2736 131 371 41 1
2954 4799 2978 3716 1
3241 4799 3716 1266 1
1207 3241 3716 1266 1
1207 1266 3716 3822 1
451 2627 363 259 1
2958 4641 928 2963 1
624 4048 673 634 1
3681 3716 2978 3822 1
2951 3421 3104 4667 1
790 928 774 2958 1
2951 4667 3161 3421 1
2951 3104 3681 4667 1
2630 158 177 97 1
2950 2947 3941 1083 1
3022 3941 1083 1039 1
2947 3022 3941 1083 1
2950 3941 5452 1083 1
3941 1083 1039 5452 1
2978 4799 1266 3716 1
1206 1011 954 1112 1
2978 3716 1266 3822 1
1146 1163 1181 1271 1
3840 899 3782 976 1
1087 1205 1237 3756 1
2978 1266 4126 3822 1
315 131 422 371 1
2736 131 41 21 1
2859 3068 2633 2715 1
4308 3681 4126 2951 1
2951 3161 4126 4308 1
1083 981 4566 1087 1
981 882 4566 1087 1
3079 2953 4225 4336 1
5088 659 597 633 1
941 981 882 972 1
2958 757 5321 732 1
1371 1404 1252 1242 1
3557 5321 2958 757 1
2890 2622 3207 2803 1
3557 2958 4641 757 1
2959 5321 764 2958 1
3039 2803 1422 2638 1
2959 2963 4641 2958 1
2890 1422 2858 2635 1
764 2958 774 2959 1
432 738 3327 533 1
2890 2622 2858 3207 1
3733 3994 688 4012 1
3241 2953 3079 3716 1
2971 2963 4641 2959 1
3241 2953 3716 4799 1
4799 2954 2953 3716 1
4225 4336 2953 2949 1
2804 673 3726 4899 1
3681 2948 2969 2954 1
2954 1250 2968 2979 1
606 600 541 572 1
774 2962 2983 2991 1
1252 1403 1311 1366 1
2954 2965 2953 2949 1
766 453 2616 496 1
3086 2651 2822 2860 1
774 2991 764 2962 1
2822 2651 2707 2860 1
618 2627 363 471 1
4225 2949 2953 2965 1
2911 135 228 153 1
2911 2628 2938 2757 1
2955 3161 4670 2956 1
259 363 179 2627 1
2992 4308 3890 2955 1
461 265 2622 222 1
4277 4670 2956 2955 1
2955 3161 4308 4670 1
774 2963 928 2983 1
2958 2963 928 774 1
453 2929 602 862 1
432 179 363 2627 1
315 2676 2736 2844 1
315 2676 254 131 1
2956 4670 3715 3161 1
2959 774 2963 2958 1
2956 3715 4670 1219 1
2971 2962 2963 2959 1
2971 2962 2959 5604 1
2956 3161 3715 4841 1
5452 2950 5620 3941 1
5620 5452 3941 4225 1
3079 3941 1039 4225 1
2957 2947 3941 2950 1
3022 2947 3941 2973 1
2727 2967 2616 2684 1
2925 2632 2929 766 1
766 862 2929 453 1
2947 2957 3941 2973 1
907 3327 587 738 1
907 587 3327 668 1
4277 2957 3890 2986 1
3000 2852 2706 2820 1
2117 2808 2040 1969 1
2962 764 774 2959 1
3890 2957 2973 2981 1
790 872 2958 732 1
1110 1877 3205 1944 1
3557 5321 2959 2958 1
3557 2959 4641 2958 1
2950 2957 4277 2986 1
3376 3588 2641 3317 1
2962 774 2963 2959 1
2983 774 2963 2962 1
2833 2846 3039 2635 1
4087 2964 1374 1189 1
2964 1189 1387 1343 1
2981 3890 4799 2973 1
1219 4670 2961 2950 1
2961 2956 4670 1219 1
4851 2956 2961 1219 1
1216 3408 3203 1142 1
2007 2632 3094 1711 1
2448 2361 3882 3935 1
2950 2961 1219 5620 1
3681 2954 2978 3716 1
1364 1398 1105 1973 1
1398 1973 1541 1105 1
2337 3882 2361 3935 1
1960 1862 1398 2010 1
2978 4308 2954 3681 1
4308 2969 2954 3681 1
3681 2974 2948 4511 1
3104 2974 3681 4511 1
598 600 4137 541 1
3007 2985 3001 2989 1
3188 3425 4110 3021 1
3681 2974 2969 2948 1
3867 3425 4110 3188 1
2954 1250 2965 2968 1
2965 2954 2953 2986 1
1622 2964 1387 1343 1
2949 2968 2965 5511 1
1076 4569 3037 2987 1
2968 2976 3003 2965 1
3151 1076 1208 2987 1
1146 1076 3151 2987 1
2966 4851 2956 4841 1
2966 2956 4851 1219 1
4844 3715 2966 1219 1
774 2983 3001 2991 1
2962 3451 4569 2991 1
3899 1387 2964 3794 1
5604 3451 2971 2962 1
1007 2963 2983 928 1
4844 2966 3715 4058 1
3699 5321 764 2959 1
764 3699 2959 5604 1
3482 1682 2980 1486 1
4383 1690 4881 2980 1
2982 655 663 631 1
3771 631 655 2982 1
3482 4148 1486 2980 1
4149 2982 4433 735 1
4149 631 2982 735 1
4148 4383 4881 2980 1
432 3327 738 587 1
2980 1690 1486 1682 1
451 363 2627 471 1
1146 1007 2985 1025 1
1007 2983 1025 928 1
659 597 564 540 1
829 920 1011 877 1
3104 4140 4115 2972 1
3104 2972 4115 4828 1
3001 763 1025 774 1
4115 4140 3402 2972 1
725 763 3001 774 1
3005 3001 863 2991 1
764 3699 5604 3008 1
3003 2976 5620 2965 1
2948 2979 2968 4511 1
2983 2962 2963 2971 1
704 745 651 790 1
2979 2968 4511 4751 1
3702 3566 2837 3668 1
2990 2976 3003 2968 1
2995 2989 1173 1104 1
902 979 933 2989 1
933 902 2989 3001 1
3177 3702 2837 3668 1
3001 3007 2989 2995 1
2971 3451 4569 2962 1
5624 845 1018 992 1
704 819 745 790 1
1007 2963 4641 2971 1
2971 1007 1076 4641 1
4771 2970 4058 3104 1
829 751 749 680 1
829 812 751 680 1
4058 2970 4771 5627 1
1146 1181 1163 1028 1
911 833 4409 891 1
747 731 670 699 1
1252 1298 1403 1392 1
1274 1495 1533 1491 1
909 4742 1118 1112 1
1474 3391 3989 4584 1
2969 2979 1250 2954 1
4220 652 598 597 1
3391 5213 4584 1474 1
694 5088 633 720 1
3104 4140 2972 3709 1
909 1112 1011 920 1
725 3001 2991 774 1
725 748 774 2991 1
2969 2954 1250 2992 1
2962 2991 764 3451 1
1356 1402 1431 1542 1
3104 3709 2972 4828 1
2972 4140 3402 3709 1
725 3237 763 755 1
606 541 598 647 1
2972 3709 3402 4044 1
2972 3709 4044 4828 1
968 1136 3982 932 1
847 1084 901 3573 1
847 866 1084 952 1
1290 1210 3845 4738 1
4790 4071 694 600 1
606 598 677 647 1
2962 4569 2983 2991 1
2971 4569 2983 2962 1
784 677 736 2881 1
2971 4569 1076 1007 1
763 790 651 745 1
2653 2255 2480 3234 1
606 572 645 4790 1
1146 1007 1051 1028 1
606 600 598 541 1
2255 2410 2480 3234 1
2727 2684 2616 2713 1
2877 2616 2684 2713 1
808 817 949 749 1
2768 943 1018 4338 1
779 677 736 784 1
857 799 909 954 1
928 1089 1025 1028 1
756 2804 840 818 1
857 825 848 3183 1
857 1102 964 941 1
733 846 789 850 1
2834 3129 1868 2621 1
1252 1404 1403 1366 1
1274 1444 1495 1491 1
4621 1311 4738 4784 1
2969 2979 2954 2948 1
2974 2969 2979 2997 1
771 824 889 3851 1
909 817 751 4668 1
1090 1311 4738 1210 1
1090 1311 1210 1286 1
909 751 812 842 1
909 4668 751 842 1
1252 1392 1403 1404 1
1290 1187 1322 3845 1
817 751 829 909 1
1290 1204 4163 4738 1
829 812 909 751 1
1290 1210 4738 1311 1
989 1122 1094 5283 1
866 2916 847 1084 1
4058 3421 3104 2970 1
2993 3469 3727 3073 1
748 3953 3469 863 1
3715 2970 3421 4058 1
904 833 745 873 1
901 847 2730 1084 1
1016 1180 5187 1164 1
694 597 600 633 1
362 382 312 328 1
731 761 710 781 1
789 761 828 722 1
847 1084 2916 2730 1
694 4349 4220 736 1
847 1084 3573 952 1
2725 2637 2699 2712 1
763 755 745 651 1
902 1090 1053 1025 1
3491 3782 4486 3840 1
984 961 1024 1041 1
3851 889 3136 824 1
4600 1067 1044 888 1
2639 2793 3257 1422 1
763 902 3237 3001 1
3005 3019 863 3001 1
933 2989 979 1173 1
969 5617 4903 1103 1
1007 2983 2985 1025 1
704 651 745 696 1
933 2989 1173 2995 1
1267 1439 1285 1369 1
878 1077 1043 968 1
1034 1043 878 1077 1
694 805 779 736 1
694 736 779 4349 1
1277 1204 1332 1477 1
789 828 761 800 1
1255 1381 1363 1369 1
1542 1748 4088 1730 1
1102 3183 941 857 1
4799 2973 3121 3241 1
4370 1542 4088 1730 1
1070 1197 1089 1163 1
4087 2999 3025 3058 1
3025 2999 1128 3035 1
953 833 904 938 1
696 685 780 657 1
3025 1095 4408 3058 1
669 696 724 2666 1
2999 1095 3058 3674 1
850 846 789 828 1
2763 1913 2707 3085 1
2763 3298 3085 2707 1
846 728 722 828 1
4408 1095 3025 1104 1
4773 3022 3121 2947 1
3134 1573 1612 3029 1
1456 3029 3134 1612 1
2973 3890 4799 4670 1
634 645 593 3477 1
2991 4569 3001 3018 1
2999 1095 3025 3058 1
3025 1095 2999 1104 1
3007 1095 1104 2999 1
1265 1304 1255 1369 1
2999 3002 1095 3010 1
2999 3010 1095 3674 1
2983 4569 3001 2991 1
1218 5424 1405 1448 1
3001 4569 2985 3007 1
2983 4569 2985 3001 1
3121 3022 3079 2973 1
5356 1491 1310 1424 1
3001 4569 3007 3018 1
989 1163 1070 1028 1
3007 1104 2985 2989 1
3007 1104 2989 2995 1
3241 3121 3079 2973 1
3024 1040 3033 3002 1
3007 3002 1095 2999 1
1100 1260 1298 1085 1
2974 3681 4308 2951 1
2985 1104 1025 2989 1
2989 1025 1053 1104 1
902 1053 2989 1025 1
2974 3104 3681 2951 1
3681 4308 2969 2974 1
2989 902 1025 3001 1
2966 2970 3715 4058 1
1370 1477 1277 1332 1
1146 2985 1104 1025 1
3001 2985 1025 2989 1
1356 1402 1303 1431 1
1277 1204 4836 1332 1
911 938 953 1204 1
1277 1332 4836 1370 1
1356 1337 1303 1402 1
1290 1204 4738 3845 1
2987 4569 1104 2985 1
5627 2970 2966 4058 1
1159 1427 1220 1325 1
4359 4398 3188 3021 1
2968 5511 2976 2965 1
3188 3425 3021 2837 1
1218 5424 1448 1401 1
1218 1401 1281 1225 1
1262 1162 1210 1258 1
1012 1076 1215 1094 1
4359 3188 4110 3021 1
5297 2454 3992 2549 1
2454 2549 2511 3992 1
5297 2454 2549 2497 1
2454 2497 2511 2549 1
2864 1050 1090 1242 1
1090 4738 4328 4100 1
660 669 632 636 1
933 2995 4020 3001 1
2767 5625 3952 4606 1
1274 1444 1310 1392 1
3007 2999 1104 3035 1
3004 3024 3002 1040 1
5104 4248 4435 5486 1
725 726 748 664 1
4359 5257 4398 3021 1
1298 1310 1403 1392 1
1260 1252 1392 1298 1
1260 1392 1252 1276 1
1298 1403 1310 1311 1
1417 1404 1428 1392 1
2995 1104 3035 3007 1
2995 3004 4020 3001 1
1355 1549 1498 1510 1
4168 1494 5344 1368 1
725 3001 3005 2991 1
2965 5511 2976 4225 1
2107 2089 3026 3034 1
5074 5113 1377 2809 1
1336 5005 2809 1197 1
5104 908 4248 894 1
2107 2900 3026 2089 1
829 1011 920 909 1
2900 2082 2107 3236 1
3034 3026 2161 2143 1
3026 3962 2135 3236 1
3034 3026 3962 2161 1
725 821 3005 3001 1
2976 3638 3692 5511 1
1271 4331 1181 1349 1
1076 1122 1215 1094 1
5103 4784 4328 4738 1
5103 1311 4784 4738 1
5626 1094 5574 5618 1
2968 3638 2976 5511 1
1913 2632 2779 2649 1
1913 2632 3085 2901 1
3085 2632 1913 2649 1
725 3005 821 698 1
2877 2617 602 2929 1
2877 2844 602 2617 1
2844 2617 3502 602 1
3502 2617 2859 602 1
602 2929 2617 2859 1
283 285 183 299 1
345 283 299 285 1
3653 283 285 183 1
1090 1286 2864 1242 1
285 283 3653 345 1
725 748 2991 3005 1
1090 1260 1085 1298 1
1090 1298 1311 1252 1
3188 4398 2837 3021 1
989 1146 1028 1007 1
1242 5281 1366 1334 1
1242 1286 1366 1252 1
1242 1286 1258 1334 1
1242 1334 1366 1286 1
774 1025 928 763 1
1090 1053 1025 1184 1
928 1007 989 1028 1
928 1028 989 1070 1
928 1070 1089 1028 1
2751 3427 4773 1221 1
1440 5374 1402 1303 1
1051 1184 1089 1025 1
72 166 71 2926 1
1276 1252 1053 1371 1
1254 1334 1242 1258 1
2926 71 72 3626 1
759 3872 3172 3712 1
1190 1357 1279 1384 1
3872 3712 3787 3172 1
1184 1100 1025 1085 1
1190 1357 1384 3742 1
3727 3073 3469 2991 1
4099 1532 1488 1607 1
4225 2976 3692 5511 1
902 827 3066 755 1
1221 1205 1256 1087 1
959 1182 1138 889 1
3241 2973 3079 2953 1
3241 2973 2953 4799 1
964 941 1102 1221 1
1349 1298 1260 1392 1
1349 1392 1376 1274 1
1028 1089 1163 1070 1
3183 972 941 825 1
1242 1371 1404 5281 1
3041 1080 1292 1302 1
1518 3041 1292 1302 1
3482 1409 2980 1575 1
3391 4450 3989 4584 1
2628 1463 2818 2853 1
1222 1100 1260 1298 1
3001 3018 3004 863 1
1349 1376 1460 1410 1
1463 2866 2818 2853 1
2966 2956 3715 4841 1
1184 1025 1090 1085 1
1184 1085 1260 1100 1
1301 1488 1355 1384 1
4450 3135 4584 3391 1
1252 1184 1053 1090 1
1409 4383 2980 3924 1
1271 1163 1181 4331 1
976 875 899 1023 1
2966 3715 2956 1219 1
1463 2644 2866 2853 1
989 4641 1076 1007 1
812 909 857 799 1
2966 4841 3715 2970 1
829 909 812 799 1
1349 1184 1260 1222 1
4825 2987 1095 1104 1
2954 2968 2949 2948 1
4825 2987 3037 1095 1
1276 1417 1461 5615 1
1184 1085 1090 1260 1
1371 5281 1557 1404 1
1260 1252 1090 1184 1
1276 1252 1260 1184 1
1301 1384 1368 1488 1
1194 1025 1053 1184 1
2954 2968 2965 2949 1
3264 1003 994 884 1
5394 5109 1434 5467 1
5394 1434 5480 5423 1
5366 647 606 677 1
1371 5281 1468 1557 1
1146 1025 1053 1194 1
5344 3304 4780 1055 1
1146 1194 1053 1248 1
1276 1417 1392 1252 1
1276 1252 1371 1417 1
1417 1392 1252 1404 1
1417 1404 1252 1371 1
2089 3026 3034 2143 1
5615 5633 1428 1417 1
1276 1417 1371 1461 1
1051 1181 1089 1184 1
2107 3026 3962 3034 1
2143 3874 2161 3034 1
1301 1532 1355 1488 1
2976 4751 3692 3638 1
2968 4751 2976 3638 1
2644 2866 2743 1513 1
1461 1414 1600 1553 1
2700 2644 2743 1513 1
1323 1336 1414 1333 1
2644 2866 2670 2743 1
2875 2644 2670 2743 1
1007 1146 2987 1076 1
1027 1647 2899 2037 1
1027 1647 2715 2899 1
1027 2899 2715 2634 1
1146 2987 1104 2985 1
2968 3638 4511 4751 1
2971 5389 4641 1076 1
1206 1296 3996 1353 1
1146 2987 2985 1007 1
1122 1279 4102 4758 1
2983 2963 1007 2971 1
5635 5394 3920 3813 1
3128 2897 2618 2825 1
3010 1040 3033 1060 1
3002 1040 3033 3010 1
2809 1208 3151 1076 1
2999 3002 3010 1040 1
732 5321 721 757 1
2999 1040 3010 3674 1
2489 3935 3882 2460 1
3010 1060 3674 1040 1
2337 3882 3935 2425 1
3923 1621 3012 4152 1
1349 1181 1194 1184 1
3012 5284 3130 3118 1
1271 1349 1181 1194 1
4239 1621 3012 3923 1
1349 1184 1222 1181 1
5394 5480 1434 4984 1
2985 1007 4569 2983 1
3130 3012 4728 5284 1
4728 3012 1621 4152 1
2768 943 919 1058 1
2971 4569 5389 1076 1
5626 5618 1012 1094 1
1146 1248 1271 1194 1
2987 4569 1007 1076 1
1146 1181 1051 1194 1
1146 1025 1194 1051 1
1146 1181 1194 1271 1
1258 1210 2864 1162 1
5627 4751 4511 3638 1
2987 4569 1095 1104 1
1051 1184 1025 1194 1
5627 3638 4511 4771 1
755 763 902 3237 1
1051 1089 1181 1028 1
1146 1007 1025 1051 1
2970 4511 4771 5627 1
3019 3024 3013 4371 1
1051 1028 1007 1025 1
3151 1336 1323 1333 1
5627 4751 4851 4511 1
1146 1053 4777 1248 1
1104 1053 1146 1025 1
1456 1330 4202 1601 1
774 928 790 763 1
865 919 815 924 1
4658 1838 1532 1804 1
943 5618 1012 1058 1
943 919 1058 1021 1
3151 2987 4825 1104 1
2899 2634 2724 2633 1
1603 1456 4202 1601 1
2970 4851 4511 5627 1
1913 2632 1861 2779 1
2636 1861 1913 2633 1
1532 1838 1707 1804 1
763 745 819 790 1
5540 1838 1532 4658 1
664 696 2666 755 1
928 1028 1025 1007 1
979 1053 1173 2989 1
928 872 1070 4981 1
2985 4569 1104 3007 1
902 1053 1050 979 1
1089 1100 1025 1184 1
928 1100 1025 1089 1
865 919 996 2768 1
1088 1018 996 2768 1
1084 3014 3573 952 1
699 710 781 731 1
1266 4126 4670 2978 1
2908 1100 1156 1085 1
4981 989 1070 928 1
726 790 651 763 1
877 920 1011 1023 1
781 5084 761 800 1
2761 920 1023 1011 1
964 882 1087 925 1
925 882 1087 3191 1
857 799 848 825 1
825 882 964 925 1
647 686 4316 707 1
760 808 723 749 1
909 4668 842 1118 1
2978 4670 1266 4799 1
763 3066 745 755 1
829 799 954 909 1
964 1237 925 1087 1
964 1221 4992 1256 1
2424 4037 5297 3992 1
4037 2524 3992 2462 1
5297 2454 2424 3992 1
964 1237 5065 925 1
964 1087 981 1221 1
857 825 3183 941 1
723 3675 749 808 1
1099 4016 3016 1022 1
1022 4016 3016 4570 1
4016 1409 3016 4570 1
1099 1409 3016 4016 1
812 825 799 857 1
1208 1169 4825 3037 1
2948 2954 2968 2979 1
1423 2732 3068 2815 1
900 3024 3013 4238 1
2990 2968 2979 4751 1
1277 1204 938 911 1
2715 3068 2815 1423 1
2859 1423 3068 2715 1
1423 3068 2732 2901 1
1423 2859 3068 2901 1
760 782 723 808 1
593 572 606 541 1
647 2881 677 784 1
660 683 632 669 1
1603 4202 1443 1601 1
900 1040 3024 4238 1
4851 4751 2990 2979 1
877 795 3491 760 1
2969 2974 2979 2948 1
1277 4836 1204 911 1
3048 3531 3021 5257 1
4303 4006 1092 5102 1
606 677 600 4349 1
754 4589 4912 4551 1
795 647 3491 760 1
2875 3145 2927 3651 1
3651 2700 2875 3145 1
2927 2875 2658 3145 1
943 4456 2768 919 1
943 2698 4456 919 1
764 2958 5321 726 1
4841 2997 2974 2979 1
726 790 763 774 1
634 4534 673 4120 1
3177 4006 4303 5102 1
3024 1040 3004 4238 1
4456 5486 4899 4435 1
4525 4062 1694 5172 1
3004 1128 4238 1040 1
5306 4525 4062 1694 1
3469 3727 3018 3002 1
4551 634 645 606 1
634 4534 4120 756 1
3477 624 634 4048 1
4088 1748 1899 1730 1
1889 1730 3786 1899 1
1730 1899 1889 1854 1
1854 1748 1730 1899 1
3786 1730 4088 1899 1
2414 2425 2389 2337 1
2337 2414 3935 2364 1
2991 3727 3018 3469 1
2414 2389 2352 2337 1
2425 3935 2337 2414 1
2337 2364 2352 2414 1
3073 2993 4473 3727 1
3004 3018 3007 3002 1
2965 2953 3941 2986 1
454 420 394 442 1
4799 2954 3890 2953 1
3005 748 2991 863 1
3237 902 933 3001 1
2992 2954 1250 3890 1
3890 2986 2953 2954 1
4020 821 3001 3019 1
454 420 443 394 1
676 682 710 731 1
1014 1325 1159 1220 1
3382 876 755 827 1
5221 448 394 442 1
1913 2904 3115 3086 1
1503 2904 2792 3086 1
1341 2817 1231 1318 1
3001 3004 4020 3019 1
3554 2813 1634 5164 1
696 657 669 685 1
1152 890 850 947 1
2893 2646 3000 2706 1
3553 1013 1149 5086 1
3262 1141 1288 1198 1
2326 2381 2393 3050 1
3256 3050 2381 2326 1
669 696 632 657 1
669 724 696 685 1
1069 4395 1220 1014 1
2971 4569 1007 2983 1
5145 679 640 689 1
636 685 669 657 1
636 632 657 669 1
926 813 1013 830 1
1305 1401 1225 1281 1
1463 2787 1513 2647 1
800 761 843 4391 1
933 1128 2995 1173 1
1341 1231 1443 1318 1
225 242 195 266 1
683 3418 660 682 1
933 2995 1128 4020 1
454 501 420 460 1
1337 5374 1303 1402 1
933 1128 952 4020 1
141 159 105 162 1
114 132 142 105 1
626 615 701 684 1
3071 933 1128 952 1
565 589 615 648 1
601 5072 675 4351 1
747 731 727 670 1
23 37 31 24 1
200 238 196 202 1
5377 138 151 175 1
420 391 442 460 1
166 71 88 72 1
4565 1062 1231 1318 1
4665 810 4716 711 1
3071 933 5155 1128 1
933 5155 1128 1173 1
940 5168 4546 1019 1
902 933 979 4254 1
396 379 313 388 1
940 1003 856 3809 1
225 181 140 87 1
2978 4308 3890 2954 1
4308 4670 2978 3890 1
3883 4713 3543 4272 1
3066 745 819 763 1
495 485 428 508 1
1090 819 763 3066 1
5221 407 450 442 1
4308 2992 2954 2969 1
495 444 485 499 1
329 394 327 377 1
5175 2909 4302 563 1
4308 2992 3890 2954 1
5061 592 4269 4787 1
1262 1267 1162 1255 1
1265 1413 5374 1402 1
807 685 636 780 1
389 2819 180 432 1
2819 179 432 2627 1
2819 2627 2854 179 1
2819 179 2854 180 1
2819 432 179 180 1
3876 1551 1433 3829 1
785 685 724 733 1
1095 1060 937 1161 1
1342 1159 1081 1307 1
1095 4059 937 3002 1
2213 2273 2221 2210 1
2212 2213 2210 2273 1
2210 2231 2273 2221 1
3002 4059 4569 1095 1
733 660 752 636 1
733 685 636 807 1
733 669 636 685 1
733 636 669 660 1
724 755 827 3382 1
696 755 827 724 1
750 724 2666 669 1
3382 750 2666 755 1
750 632 683 669 1
3023 2193 2176 2161 1
1389 1208 1251 1169 1
454 443 501 479 1
2916 918 5347 847 1
731 682 3418 683 1
1389 1251 1291 1169 1
2988 781 5287 5009 1
3632 3016 1099 1409 1
4144 3978 2193 3023 1
765 727 747 731 1
3016 5193 4186 1409 1
4570 3016 4186 1409 1
3941 2957 2981 2973 1
2981 2986 3941 2953 1
1130 1522 3103 1399 1
1130 1522 1496 3103 1
3632 1409 5193 3016 1
2771 2178 2085 2093 1
2674 2178 2247 2771 1
2674 2178 2771 2093 1
2771 2178 2247 2085 1
1305 1309 1165 1225 1
2973 3941 2953 2981 1
4005 3402 2972 4115 1
841 950 871 883 1
4005 3402 4044 2972 1
3010 3033 937 1060 1
3002 3033 937 3010 1
1616 1666 1658 4512 1
3240 890 752 733 1
2989 2995 933 3001 1
4005 4044 5406 2972 1
5406 4044 4828 2972 1
5604 3699 4506 3008 1
3232 3083 2637 3031 1
1125 1325 1307 1159 1
4879 5299 3827 4548 1
2661 3083 2810 3095 1
2621 2944 3129 1868 1
3129 2944 3083 1868 1
785 827 927 724 1
4751 1219 3692 5536 1
3699 4506 3008 4309 1
2661 2720 3083 3095 1
2944 2637 3083 3031 1
4751 3692 3638 5536 1
1152 947 850 1044 1
863 3024 3033 3002 1
3018 863 3002 3004 1
1153 1044 2785 947 1
3412 917 1078 4907 1
3365 3429 1263 1395 1
1325 1427 1220 2739 1
1330 1220 1227 1145 1
1299 1263 3429 1395 1
1263 1395 1299 2975 1
1149 3553 1140 1013 1
3829 1484 1551 1433 1
2975 3365 1263 1395 1
3004 863 3002 3024 1
2872 981 3022 1247 1
1679 1649 1612 1721 1
1227 1220 2739 1325 1
1330 1227 1220 2739 1
1330 2739 1456 1227 1
4879 4548 1474 1527 1
4879 5263 5299 4548 1
1527 4548 1474 5210 1
4879 1527 1474 1437 1
3803 1201 3097 4188 1
3275 3803 1201 3097 1
139 75 73 148 1
1160 5048 1003 864 1
810 4716 711 4943 1
1308 1482 1073 1240 1
1337 5463 1382 4883 1
1285 1439 1340 1413 1
1275 1290 1439 1262 1
1308 1399 1522 1130 1
1304 5229 5173 1472 1
1307 1427 1159 1325 1
4408 1104 3025 1173 1
1500 1413 1340 1439 1
3025 3035 1128 1173 1
5127 1304 1437 5327 1
1275 1439 1290 1322 1
1340 1500 1439 1322 1
1265 1413 1285 5374 1
2642 2656 2705 2695 1
2999 3007 3002 3004 1
3022 3079 3941 1039 1
1308 1482 1240 1522 1
3022 981 1039 1083 1
1033 807 780 973 1
3004 3002 2999 1040 1
1069 1220 4395 1227 1
1186 2094 2043 2637 1
2771 2278 2691 2085 1
3344 2691 2658 2927 1
2364 3935 2406 2414 1
2364 2419 2406 3935 1
1372 1449 1394 1539 1
1195 1131 2930 1348 1
1081 1159 1125 1307 1
2414 2406 3366 3935 1
1149 1228 1013 1140 1
5533 4730 1577 4810 1
5520 5444 5251 1069 1
3382 876 750 755 1
1471 1372 1394 1539 1
2872 981 1039 3022 1
1069 4395 4300 1227 1
2973 3022 3079 3941 1
938 911 833 4343 1
5374 1402 1413 1440 1
2872 3079 1207 3022 1
1162 1267 1187 2778 1
1340 5374 1413 1440 1
4433 2982 655 663 1
2965 2954 2986 1250 1
3771 655 4433 2982 1
4936 655 4433 3771 1
5285 4433 655 663 1
5453 4858 4883 1337 1
4936 4433 655 5285 1
4303 4209 3571 3144 1
1285 1439 1413 1369 1
3406 3144 4209 4303 1
4858 1303 4434 1356 1
4883 4858 4459 1152 1
2785 1013 1228 1140 1
947 1013 1140 926 1
835 1534 2689 653 1
3160 1922 2093 2085 1
1187 1262 1210 1290 1
978 1141 1081 921 1
2771 2085 3160 2093 1
4193 1577 5445 5111 1
119 3434 76 2773 1
3371 3127 3824 3453 1
4303 4209 2837 3571 1
4006 4209 2837 4303 1
1577 4730 5445 1683 1
1287 1073 1240 1065 1
1041 1046 3275 977 1
1033 780 958 973 1
2630 69 2677 97 1
978 1081 1141 1159 1
3127 3583 3824 3453 1
2942 3275 977 1287 1
2942 1046 977 3275 1
938 833 873 4343 1
4006 3406 4209 4303 1
2983 3001 2985 1025 1
994 1217 1160 1257 1
3890 1250 2986 2954 1
1159 1325 1014 1125 1
1250 2986 4277 3890 1
2986 2957 2981 3941 1
2950 2957 2986 3941 1
3005 821 3019 3001 1
1160 1399 1257 1217 1
725 748 3005 698 1
4304 3711 3134 1281 1
3134 3711 4304 3948 1
725 698 664 748 1
1257 1399 3157 1326 1
1406 4129 1232 1253 1
1132 1151 1416 1287 1
3094 2632 766 1711 1
2925 2632 766 3094 1
4972 601 4612 4351 1
615 589 684 648 1
1577 1683 4810 4730 1
3005 821 698 3055 1
2735 2668 3476 2683 1
1247 3022 4773 981 1
1394 3222 1372 1471 1
4227 3029 1603 1456 1
807 3240 752 733 1
973 1042 868 958 1
3222 2777 1394 1288 1
1769 1659 2835 3498 1
1769 3498 2835 1929 1
4202 1573 3029 1603 1
1456 1603 4202 3029 1
1342 1081 1159 1141 1
897 983 910 1045 1
1447 1365 3426 1519 1
1335 1508 1539 1449 1
4851 1219 2961 4751 1
2735 2852 2683 3314 1
1335 1307 1449 1081 1
1335 1539 1508 1572 1
1335 1508 1449 1307 1
2735 3314 3209 2852 1
1422 3095 2793 3257 1
1307 2850 1335 1587 1
851 741 3627 3788 1
1136 1326 1257 4877 1
1033 958 1042 973 1
5223 1003 1328 983 1
1603 3029 1679 1573 1
3095 3083 3232 1868 1
3095 2720 3083 1868 1
3095 2810 2725 3232 1
3095 2725 2793 3257 1
1003 1217 1328 1224 1
3384 2758 520 565 1
3030 1690 5098 1621 1
3030 4383 1690 1621 1
3030 1621 3057 4383 1
3026 2089 2162 2143 1
1292 1469 1519 1365 1
1292 1469 2777 1518 1
1217 1445 1326 3051 1
1217 3051 1326 1365 1
913 773 741 851 1
968 1136 932 994 1
2990 4851 2961 4751 1
1328 1411 1566 1360 1
1217 1445 1525 1505 1
1308 1073 1130 1240 1
1308 1482 1505 1411 1
3162 945 1182 959 1
3026 2900 2162 2089 1
1308 1505 1224 1411 1
2900 3026 2162 2135 1
1913 2635 3115 2904 1
1361 1467 1442 1284 1
3022 1083 4773 981 1
1179 1224 1328 1360 1
1250 2968 2979 2990 1
3026 2162 2161 2143 1
948 1235 1167 1063 1
1312 1537 1442 1361 1
3026 2135 3962 2162 1
1034 915 1080 1077 1
959 945 3552 3162 1
4851 2990 3006 2979 1
1176 1273 1167 1235 1
1124 1287 1273 1284 1
1151 1482 1073 1308 1
1151 1411 1482 1308 1
3026 2162 3962 2161 1
3006 4851 2961 2990 1
1167 948 1063 913 1
983 1328 5223 1179 1
3003 2961 5620 2976 1
1250 3890 4277 2992 1
1003 1160 994 1217 1
1003 1217 1224 1160 1
1312 1482 1287 1416 1
4277 2992 3890 2955 1
1077 1438 1292 1394 1
1077 1438 1080 1292 1
2826 1037 915 1005 1
2678 2857 2799 2743 1
2756 3099 2915 2645 1
1198 1288 1136 4877 1
3733 3994 4012 4440 1
1621 5509 3130 4728 1
4277 4670 2955 3890 1
1026 3701 903 905 1
978 915 1037 1005 1
3953 900 3033 3024 1
2997 2998 2955 4841 1
1447 1608 1365 1519 1
970 903 826 905 1
995 1037 915 2826 1
5627 4851 2966 2970 1
1128 2999 3025 4087 1
1128 1040 2999 4087 1
389 180 2819 241 1
389 2819 2839 241 1
4122 4128 969 948 1
2819 2854 2630 180 1
1128 3025 4482 4087 1
5627 2966 4851 1219 1
4851 5627 1219 4751 1
615 565 547 589 1
1136 1217 1365 1003 1
868 873 827 785 1
2893 2160 2184 2214 1
2356 2367 2893 2184 1
2893 2184 2646 2706 1
884 878 968 921 1
912 971 1073 984 1
1136 994 1217 1003 1
884 932 968 878 1
5374 4487 1265 4677 1
1005 1080 1108 1195 1
884 994 968 932 1
3048 4079 3021 3531 1
968 921 1136 994 1
973 4180 785 868 1
3543 1629 1715 3883 1
1136 1003 3982 932 1
1136 1365 3982 1003 1
1168 1134 4820 5118 1
1136 994 1003 932 1
3384 547 615 565 1
3025 2999 3035 1104 1
978 1014 1125 1159 1
978 1159 1125 1081 1
978 995 1081 1037 1
978 1081 995 921 1
3126 3086 2822 2860 1
3025 1104 3035 1173 1
2697 2860 3126 2822 1
1176 1273 1124 1167 1
2150 2240 2171 2206 1
1244 1003 3982 1365 1
983 1113 1179 1045 1
969 897 910 5617 1
983 1328 1179 1224 1
983 1224 1003 1328 1
983 1179 1056 1224 1
4330 2240 2206 2171 1
387 2665 3106 2755 1
3798 1715 1629 3883 1
468 475 511 505 1
948 741 793 4136 1
3424 3106 387 2665 1
2995 3035 1104 1173 1
75 43 3076 73 1
3424 3338 387 3106 1
666 697 681 4747 1
3794 4087 2964 1374 1
1179 3150 1360 1328 1
547 542 578 524 1
3150 1244 1328 5223 1
2004 5503 4315 3077 1
2004 2029 3077 3904 1
1244 1294 3463 3150 1
552 623 523 565 1
584 616 578 573 1
1124 1103 1113 969 1
3117 3077 2087 3485 1
3077 3485 3363 2087 1
3941 2986 5620 2965 1
801 3565 3771 4149 1
2986 5620 2950 3941 1
1374 3794 3112 2964 1
1389 1208 1169 4825 1
1169 4825 1291 1389 1
1169 3037 1161 4825 1
3941 2965 5620 4225 1
984 1240 1253 1130 1
4718 3038 3187 5362 1
589 578 4158 547 1
913 741 793 948 1
2986 2957 3890 2981 1
885 1063 1235 948 1
3930 708 741 679 1
1638 4017 4718 3038 1
622 4558 594 666 1
4747 681 5501 5016 1
735 663 778 622 1
735 622 631 663 1
4927 740 684 701 1
4718 4017 3187 3038 1
3037 1095 1161 4825 1
532 584 574 547 1
3038 4017 3665 1638 1
1662 1679 1757 1664 1
1076 4569 5389 4577 1
1603 1679 1662 1664 1
4227 3029 1456 4643 1
970 4149 4188 905 1
524 470 462 502 1
3029 1679 1757 1662 1
1603 1679 3029 1662 1
4158 524 547 578 1
584 542 578 547 1
584 578 542 573 1
2878 129 4 2789 1
1456 3029 4202 3134 1
584 547 578 589 1
4227 3029 4643 1662 1
547 542 524 470 1
1076 4569 4577 3037 1
129 149 4 2789 1
2789 4 2614 128 1
475 520 511 505 1
4268 554 568 511 1
726 748 764 774 1
774 2991 748 764 1
2991 3073 748 764 1
468 4286 437 435 1
589 578 629 4158 1
584 573 631 616 1
532 538 584 542 1
1312 1065 1287 1240 1
826 3627 4136 4098 1
3136 959 889 945 1
913 793 741 773 1
1154 1017 4468 1086 1
1017 1024 1041 1119 1
798 719 831 787 1
595 573 631 584 1
622 594 631 573 1
1176 1124 3155 3323 1
851 885 697 3627 1
970 826 885 948 1
787 912 831 798 1
1054 1073 1151 1287 1
1287 1482 1073 1151 1
584 616 589 578 1
532 584 547 542 1
1176 1124 3101 3155 1
963 1223 1106 1041 1
1422 2638 1503 3039 1
1287 1073 1482 1240 1
1503 2846 2792 2904 1
3155 969 823 4128 1
4869 867 823 831 1
823 897 910 969 1
823 910 4128 969 1
538 584 595 656 1
538 656 595 3720 1
2969 2998 2997 2974 1
532 502 470 547 1
532 547 574 502 1
411 484 473 465 1
2749 2703 1422 2805 1
2727 2703 2858 2749 1
333 313 297 326 1
463 502 470 532 1
573 595 631 622 1
948 3627 885 851 1
2079 3044 3132 3074 1
4882 4905 4429 1327 1
1084 1128 1117 3040 1
1084 3040 1189 1128 1
3049 2110 3044 3107 1
719 4210 4149 831 1
948 3627 4136 826 1
3666 4910 3321 3040 1
3959 522 473 510 1
5627 4751 3638 5536 1
5627 5536 1219 4751 1
948 851 885 1063 1
4136 679 689 640 1
5140 4389 4644 4653 1
1648 1565 1585 1613 1
970 1235 1280 1176 1
798 912 906 896 1
948 826 885 3627 1
4122 4903 1103 969 1
4644 3950 5140 4653 1
2255 2328 2653 3114 1
778 826 885 903 1
970 903 1235 885 1
970 826 903 885 1
970 948 1235 1176 1
3115 2635 1503 2904 1
773 708 741 3930 1
3115 2904 1503 3086 1
4091 1528 1585 1648 1
1124 2895 867 897 1
1284 1176 3101 1201 1
1041 1312 4273 1232 1
1528 1565 1585 1648 1
1228 1612 3134 1281 1
773 708 793 741 1
1281 4052 1228 1612 1
568 605 554 576 1
1281 1573 1649 1612 1
1649 1612 4052 1281 1
3420 5102 4006 4653 1
3036 4685 4389 4653 1
4202 1573 3134 3029 1
885 948 1235 970 1
798 906 912 831 1
1176 1235 1167 948 1
3831 3100 2534 2550 1
1284 1176 1201 1280 1
913 851 741 948 1
3012 3130 1621 4104 1
1167 3323 4122 1103 1
1113 1103 1124 1273 1
1273 1113 1132 1124 1
3100 2579 4050 2555 1
3831 3100 2550 2571 1
1287 1284 1361 1442 1
701 740 684 798 1
1284 1235 1280 1419 1
1201 1280 1176 970 1
1201 3101 970 1176 1
1621 3012 4728 3130 1
1268 1361 1269 1554 1
1284 1280 1235 1176 1
3109 4389 4653 3036 1
4552 3460 5352 4710 1
1151 1360 1179 1113 1
4653 5102 4006 3177 1
3012 4104 1621 4239 1
1193 1268 1345 1114 1
4685 4006 3177 4653 1
3899 1387 1622 2964 1
3439 796 2870 3065 1
3024 3004 3019 3013 1
1442 1526 1537 1312 1
1361 1554 1442 1467 1
3275 1268 3934 1537 1
3439 3668 3065 2870 1
3593 3177 3668 3702 1
3177 3593 3668 3065 1
1268 1554 1537 1361 1
1268 1345 3934 1554 1
1268 1046 1114 1193 1
1287 1416 1273 1419 1
1124 1054 1287 3101 1
3702 3979 3177 4021 1
1214 2659 2694 2644 1
4337 3979 4021 3177 1
4869 4210 831 823 1
1054 867 1124 2895 1
1232 1240 1065 1312 1
1312 1442 1416 1287 1
3324 2673 2642 3259 1
1312 1482 1240 1287 1
4042 4560 1537 1670 1
3259 2670 2771 2642 1
1537 1526 1442 1578 1
689 654 719 3703 1
2702 4859 2942 896 1
2702 4859 801 2942 1
2942 2702 896 977 1
3065 922 4337 3979 1
1065 977 1041 1287 1
1287 1442 1361 1312 1
3275 1287 1361 1312 1
2110 3107 3620 3044 1
3044 2017 2072 2050 1
1154 1106 4593 1017 1
801 831 719 4149 1
1283 1017 1191 1106 1
4369 798 701 684 1
4277 2992 2955 2997 1
4020 1128 3013 3004 1
1017 963 1106 1041 1
4277 1250 2992 2997 1
984 971 1073 1130 1
1065 984 1073 1240 1
906 984 977 896 1
906 896 912 984 1
906 1065 977 984 1
906 1287 1065 1073 1
906 1065 1287 977 1
4403 3237 821 698 1
3069 3438 2852 3209 1
2331 2244 2290 3407 1
4859 4369 801 798 1
787 831 912 867 1
2244 3407 2331 3719 1
486 548 570 514 1
3209 3271 3069 3438 1
2942 906 896 798 1
4781 768 4936 5285 1
3719 2331 2244 4056 1
3112 3794 4815 2964 1
3006 2997 2956 4851 1
1041 977 984 961 1
3934 1268 1554 1537 1
3155 970 826 4149 1
5318 3730 4433 3165 1
463 4493 502 532 1
4277 2955 2956 2997 1
1065 1119 1232 1041 1
3155 4136 4210 4149 1
4497 735 663 778 1
712 3237 4403 698 1
4497 905 3701 1026 1
484 473 537 513 1
2079 3049 3044 2048 1
930 1046 1193 1114 1
1041 1065 1312 1232 1
4134 547 584 589 1
2969 4308 2992 2998 1
2188 2165 3986 3046 1
2998 2974 4308 2951 1
548 519 514 513 1
1154 1283 1017 1086 1
484 3512 430 513 1
3055 821 698 4403 1
2098 2079 3049 2132 1
3060 3049 2149 2105 1
395 437 4286 435 1
522 555 574 532 1
4209 3048 3021 5257 1
2951 2955 4308 2998 1
2992 4308 2955 2998 1
1352 1223 1106 1191 1
1223 1268 1114 1345 1
4959 5434 4657 1344 1
484 513 537 486 1
4493 4170 522 3959 1
3424 519 3456 4240 1
411 430 473 484 1
3649 929 892 749 1
3060 2149 3049 4626 1
3060 3049 2105 3044 1
2048 2079 3049 2098 1
3037 4569 4059 1095 1
2987 4569 3037 1095 1
3037 1095 4059 1161 1
607 638 4535 4205 1
1106 1114 1223 963 1
1041 1312 1065 1287 1
3384 2797 547 565 1
2987 4569 2985 1007 1
2974 4308 2969 2998 1
405 262 248 3133 1
248 3133 2887 405 1
626 684 648 615 1
626 623 552 565 1
5500 627 637 561 1
568 4721 511 554 1
4769 684 701 615 1
3327 1199 2627 3205 1
2228 2272 2206 4085 1
1017 961 963 1041 1
1041 984 1119 1024 1
1312 1526 4273 1406 1
3007 4569 1095 3002 1
4209 3048 2837 3021 1
4273 4442 3511 1526 1
4129 1406 4273 4060 1
1232 1119 1065 984 1
2079 4476 3132 3060 1
2797 520 4864 565 1
2079 3060 3132 3044 1
2951 3161 4308 2955 1
2079 3049 3060 3044 1
3007 4569 1104 1095 1
2997 2969 2979 1250 1
1017 1024 961 1041 1
963 1046 1114 1223 1
963 1046 930 1114 1
2029 3077 3117 2004 1
2029 2073 3117 3077 1
3275 1537 4273 1312 1
1537 1312 1526 4273 1
2029 3117 2077 2022 1
2029 2004 3117 2022 1
1106 1017 1041 1119 1
1735 4062 4525 5172 1
4209 3021 4398 5257 1
4752 1579 1457 1584 1
1247 4773 1261 981 1
5306 1735 4062 4525 1
4851 2979 3006 2997 1
4235 1584 5021 5583 1
4976 4752 4235 5200 1
1154 4468 1017 4593 1
611 566 4919 545 1
4678 1579 1457 4752 1
1154 1017 1283 1106 1
2073 2029 3117 2077 1
4006 3048 2837 4209 1
4006 4685 2837 3048 1
3036 4685 3048 4389 1
3867 5384 1768 4110 1
3590 5416 607 4580 1
545 514 570 519 1
3424 514 545 519 1
808 949 3675 749 1
4678 4976 4752 1283 1
4678 4818 1457 1579 1
4209 3021 2837 4398 1
3649 892 949 749 1
1876 1827 3752 1821 1
1893 1948 1876 1827 1
5500 637 5473 5188 1
579 4205 627 611 1
1876 1827 1948 3752 1
3978 2161 2193 3023 1
5333 2161 3978 3163 1
3978 2161 3023 3163 1
3023 2161 5432 3163 1
147 171 198 193 1
4087 2999 3058 3674 1
3058 3674 1387 4087 1
3058 1095 4095 3674 1
3058 3674 4095 1387 1
570 514 548 519 1
535 570 545 5512 1
3867 4257 5384 4110 1
108 118 57 79 1
3204 2275 2238 2276 1
2237 2238 2244 3204 1
643 658 599 577 1
570 519 548 550 1
2244 3204 3407 3719 1
617 562 527 569 1
3204 3407 2276 3721 1
3204 3719 2244 2237 1
3902 5518 4561 639 1
2969 2992 1250 2997 1
126 2621 309 100 1
5512 535 5302 545 1
193 233 171 198 1
281 309 2621 100 1
559 562 495 544 1
465 532 538 555 1
510 519 548 513 1
510 548 519 550 1
281 2621 2825 100 1
126 100 2862 2621 1
2825 2621 2862 100 1
3031 2712 1868 2790 1
3232 3083 3031 1868 1
2944 3031 3083 1868 1
138 114 92 151 1
3232 3031 2712 1868 1
2944 3031 1868 2790 1
1872 2796 3063 2883 1
3890 2986 2981 2953 1
300 322 274 285 1
1872 1938 2796 2883 1
319 308 297 352 1
2704 2796 3324 3063 1
396 430 344 379 1
316 344 323 387 1
4106 398 5160 4620 1
475 462 5216 463 1
136 80 138 48 1
4729 80 136 48 1
484 434 430 3512 1
484 473 513 430 1
465 537 473 555 1
136 48 138 74 1
50 48 136 74 1
3106 323 333 344 1
2893 3000 1214 2706 1
486 513 537 548 1
486 514 513 548 1
2755 323 3106 387 1
50 4729 136 48 1
465 473 537 484 1
468 449 437 4286 1
396 313 379 344 1
3570 648 4895 684 1
522 3713 473 532 1
555 522 549 548 1
3570 3565 684 801 1
396 430 379 434 1
3570 798 801 684 1
1250 2968 3003 2965 1
2986 1250 3003 2965 1
1250 3003 4277 2986 1
1250 2990 3003 2968 1
387 435 437 395 1
1250 3006 4277 2990 1
468 435 4466 4935 1
395 449 2665 426 1
1463 1513 2984 2866 1
468 4935 4466 475 1
1463 3017 2931 2984 1
2818 1463 2984 2866 1
3194 1463 2931 2984 1
4612 592 603 601 1
4188 970 3155 4149 1
4188 3101 3155 970 1
236 299 183 198 1
3006 2990 1250 2979 1
393 477 427 5150 1
1250 4277 3003 2990 1
4277 1250 2997 3006 1
140 4051 87 181 1
2818 1463 3194 2984 1
395 449 4286 437 1
3006 2979 1250 2997 1
2775 4243 3801 5267 1
433 423 499 456 1
467 426 403 386 1
4413 3012 1763 4152 1
426 449 2665 476 1
4240 519 510 513 1
3846 388 483 396 1
4115 3012 1763 4413 1
323 322 297 331 1
283 236 294 299 1
3275 1201 1268 1361 1
4239 3012 3118 4115 1
2754 300 322 346 1
676 731 670 682 1
4916 418 435 395 1
274 322 308 285 1
2754 408 5539 4996 1
333 344 396 3338 1
318 307 251 310 1
3758 3524 1715 1685 1
333 344 323 316 1
379 430 4064 411 1
3106 3338 3693 4340 1
331 277 322 274 1
323 308 297 322 1
333 297 316 323 1
134 86 62 60 1
396 3512 434 483 1
225 87 2926 181 1
725 3237 821 3001 1
3424 5207 4206 545 1
2665 3456 497 437 1
1022 3016 4503 4570 1
3106 387 323 344 1
3623 2191 3046 2198 1
4570 3016 4503 4186 1
5235 1685 1715 3524 1
352 326 333 297 1
2991 3018 3001 863 1
387 366 435 395 1
316 344 3510 379 1
316 313 344 379 1
3001 3018 3007 3004 1
3320 997 1174 1057 1
3320 1057 1174 1418 1
5322 230 2807 206 1
300 4513 2754 322 1
300 322 277 274 1
396 434 3512 430 1
3005 3055 698 4371 1
385 368 367 359 1
3055 821 4403 4020 1
5113 3059 3805 3898 1
333 313 396 344 1
333 313 316 297 1
333 313 344 316 1
333 396 313 375 1
375 388 396 313 1
225 4455 266 140 1
91 58 147 68 1
4020 3013 952 3055 1
397 5160 4068 398 1
748 3005 698 4371 1
4608 326 352 297 1
4020 3055 952 4403 1
961 930 2702 3576 1
24 37 68 15 1
2995 3007 3004 3001 1
352 323 308 297 1
352 297 333 323 1
961 930 963 1046 1
299 183 130 255 1
961 2702 930 1046 1
217 233 236 171 1
699 710 731 676 1
352 322 308 323 1
3018 4569 3007 3002 1
299 285 183 255 1
319 285 308 350 1
2132 3254 3049 4626 1
294 299 236 233 1
2628 2853 2818 2662 1
2853 2866 2818 2662 1
255 183 130 160 1
300 285 274 231 1
4178 294 283 236 1
3056 1074 4971 1022 1
3056 1099 4854 1022 1
319 274 297 308 1
147 183 130 198 1
3056 1074 1022 4854 1
232 4178 217 294 1
5343 3797 3741 893 1
5156 402 4873 415 1
4425 497 561 4133 1
2853 2644 2866 2662 1
186 245 154 239 1
742 699 2988 747 1
2750 2923 2757 228 1
4203 581 529 518 1
527 448 450 569 1
321 285 350 345 1
321 345 299 285 1
321 285 319 350 1
321 255 285 299 1
321 285 255 319 1
195 260 122 266 1
294 233 236 217 1
108 57 4051 65 1
4239 3057 1621 1455 1
15 58 37 68 1
1455 4383 3057 1621 1
3949 3057 4239 3235 1
4277 2997 2956 3006 1
147 198 236 183 1
198 183 130 299 1
283 299 183 236 1
195 203 122 260 1
157 189 181 58 1
3595 3966 4531 4518 1
79 64 65 130 1
181 171 91 58 1
171 236 198 233 1
3651 2772 2695 2694 1
15 68 55 58 1
65 24 37 68 1
2694 2772 1938 2657 1
181 58 189 171 1
196 219 250 220 1
205 264 280 256 1
147 236 198 171 1
91 68 64 65 1
91 64 68 147 1
36 55 58 15 1
511 468 437 435 1
24 64 68 65 1
217 171 236 181 1
235 150 164 95 1
51 57 79 24 1
51 87 57 31 1
57 31 37 24 1
217 189 171 181 1
91 236 183 147 1
91 171 236 147 1
91 171 147 58 1
91 37 58 68 1
91 68 65 37 1
1463 2866 2644 1513 1
511 468 435 4466 1
5534 4872 334 4518 1
2984 2866 1513 2678 1
367 417 382 368 1
4466 435 511 3917 1
4065 75 74 139 1
79 65 64 24 1
4490 4070 34 5030 1
60 116 157 58 1
116 60 157 173 1
23 15 37 24 1
108 57 118 140 1
3058 1095 4408 4095 1
108 65 79 57 1
183 181 91 4051 1
108 160 118 79 1
51 57 87 118 1
442 460 466 490 1
195 266 242 260 1
385 330 368 359 1
140 108 4051 183 1
140 4051 108 57 1
181 171 236 91 1
181 236 183 91 1
2107 2104 2064 2089 1
3034 2089 2104 2107 1
185 162 2836 211 1
3006 2956 4277 2961 1
173 4260 3239 4063 1
4277 3003 2961 2950 1
527 544 562 617 1
507 456 485 428 1
527 448 445 450 1
51 31 54 87 1
300 274 277 231 1
4178 236 183 181 1
122 54 87 51 1
518 4203 477 4438 1
3011 617 562 559 1
699 781 2988 731 1
3058 4408 5105 4095 1
195 225 209 242 1
195 2926 209 225 1
19 23 31 17 1
184 247 289 243 1
4277 3003 2950 2986 1
4531 325 260 2807 1
231 285 274 255 1
87 57 140 118 1
140 4051 181 183 1
2807 325 332 4531 1
208 183 255 160 1
118 230 2782 206 1
2782 5322 208 206 1
79 24 57 65 1
108 183 65 4051 1
3058 5105 3794 4095 1
51 57 118 79 1
2645 2866 2743 2670 1
2782 5322 230 231 1
72 81 59 143 1
454 501 460 500 1
17 24 15 23 1
166 71 195 88 1
334 3731 4055 347 1
19 31 54 17 1
19 46 54 71 1
195 203 242 209 1
54 122 87 88 1
185 162 132 2836 1
5534 334 4988 4518 1
142 168 156 141 1
163 200 212 184 1
71 31 87 54 1
4711 23 17 15 1
4853 4389 4644 5140 1
31 57 51 24 1
17 24 31 51 1
3626 2926 87 181 1
2189 4085 2228 2169 1
4085 2206 2228 2169 1
157 58 116 189 1
401 404 439 433 1
143 72 101 166 1
166 2926 209 195 1
311 351 287 337 1
3066 745 904 833 1
1729 2739 1671 2740 1
343 276 301 250 1
19 31 71 54 1
2798 144 83 3738 1
143 81 101 72 1
59 46 19 71 1
367 385 417 368 1
143 72 166 88 1
439 452 499 444 1
112 132 105 162 1
92 114 105 112 1
143 203 88 166 1
166 195 71 2926 1
2740 1729 5226 1671 1
1090 4100 3066 4738 1
124 68 58 55 1
127 117 84 2719 1
88 72 71 59 1
88 195 122 87 1
88 195 87 71 1
88 46 71 54 1
2621 2624 557 2790 1
1671 5342 4717 2740 1
5342 2740 1671 2739 1
4644 3950 4853 5140 1
184 175 237 182 1
4849 3186 3716 4336 1
142 132 141 105 1
196 244 220 250 1
425 495 508 474 1
2621 2790 1868 2624 1
500 546 563 3360 1
166 203 195 209 1
166 195 203 88 1
327 378 391 394 1
413 416 409 452 1
5221 450 407 377 1
4336 3152 4849 3186 1
4282 3105 3032 1455 1
4844 1455 3032 3105 1
178 209 203 166 1
178 166 203 143 1
178 166 143 101 1
4844 3032 1455 4239 1
145 144 89 159 1
4440 3152 4849 4336 1
5239 1479 1189 4275 1
1762 1735 3311 5172 1
394 378 391 420 1
599 500 501 490 1
412 3316 404 400 1
495 428 485 444 1
553 581 529 590 1
3428 2718 1499 3225 1
450 442 448 5221 1
5221 394 448 377 1
571 446 474 479 1
394 4049 329 327 1
852 3008 4506 824 1
5172 1762 1735 5504 1
2623 2673 3324 3252 1
3008 4309 4506 824 1
2942 3803 3097 4188 1
1762 4761 5504 5172 1
339 377 327 391 1
425 495 474 4320 1
2718 3717 3225 3428 1
4440 4336 4849 3716 1
488 474 446 425 1
507 428 485 508 1
3097 1201 3275 1361 1
3275 2942 3803 3097 1
439 433 423 499 1
445 399 348 357 1
445 357 377 399 1
302 219 276 279 1
301 339 357 377 1
4499 456 507 428 1
302 276 291 348 1
466 490 599 506 1
596 599 569 466 1
339 391 407 377 1
291 357 348 301 1
291 348 276 301 1
301 357 399 377 1
329 301 377 339 1
261 296 244 284 1
596 658 661 599 1
445 450 448 377 1
445 377 448 399 1
599 569 466 506 1
1765 1839 1834 1699 1
302 276 219 291 1
279 223 219 276 1
182 168 142 132 1
585 2616 2925 2619 1
489 2619 358 585 1
358 2619 353 585 1
357 377 339 407 1
3086 2904 2792 2651 1
489 2619 585 2873 1
2792 2651 2904 2861 1
353 585 2619 2616 1
380 416 409 355 1
489 2873 585 662 1
357 291 339 301 1
1834 1839 1765 4768 1
447 609 3781 528 1
138 151 175 114 1
528 609 3781 3172 1
266 122 206 260 1
1779 1601 1552 2740 1
4410 3295 1752 3062 1
4410 3714 3295 3062 1
1207 3716 3079 4440 1
3799 567 521 5197 1
332 5539 384 393 1
393 325 427 384 1
5188 607 638 4535 1
4031 3714 4410 3062 1
5188 5500 5159 5473 1
4410 3062 1752 4152 1
4204 5036 4722 5458 1
3923 4031 4410 3062 1
454 500 460 490 1
1207 3079 3921 4440 1
713 610 722 682 1
3286 713 667 737 1
4407 750 5303 712 1
670 683 731 727 1
506 501 479 454 1
460 501 420 509 1
1523 3580 4633 4125 1
762 783 729 814 1
454 500 490 501 1
772 2988 847 765 1
620 4302 5175 630 1
506 501 490 599 1
4676 607 638 590 1
553 590 529 530 1
543 482 479 501 1
500 501 3360 563 1
454 501 443 420 1
506 448 442 454 1
1084 952 866 3071 1
506 490 501 454 1
500 3360 460 546 1
1016 883 901 955 1
713 758 737 804 1
394 4049 327 3860 1
488 559 507 591 1
3300 2765 2706 2306 1
509 563 501 543 1
509 536 543 482 1
509 501 482 543 1
509 443 482 501 1
501 479 443 482 1
2306 3209 2765 2324 1
718 5465 747 700 1
4794 1552 1601 2740 1
3071 5155 1117 1128 1
2847 847 5218 772 1
318 368 328 237 1
747 2988 731 699 1
2851 2194 3154 2191 1
3923 4239 1455 3032 1
1016 883 939 950 1
3154 2851 5232 2194 1
667 758 737 713 1
2182 3300 2729 2306 1
1084 1128 3071 1117 1
2306 2182 3209 2324 1
5175 630 4302 2909 1
582 3944 2909 563 1
3286 3837 713 737 1
2729 3300 2706 2306 1
3929 1111 4631 1231 1
747 731 2988 765 1
747 2988 772 765 1
939 871 950 883 1
820 841 847 2847 1
306 4317 312 382 1
1016 950 901 883 1
955 939 4674 998 1
866 3071 952 933 1
841 2847 772 847 1
847 2847 803 820 1
137 2719 117 192 1
2730 1031 962 918 1
1041 3275 1312 1287 1
1016 950 1164 2730 1
137 2719 192 178 1
2916 5347 866 847 1
1041 1046 1223 3275 1
977 3275 1041 1287 1
4213 3766 1516 1479 1
2969 2992 2997 2998 1
4275 1479 1189 1374 1
2331 2264 4056 2316 1
858 950 871 841 1
2331 2264 2244 4056 1
2993 3953 3469 748 1
2997 2992 2955 2998 1
841 802 879 883 1
4006 4685 3036 4653 1
2049 1978 1984 3786 1
3325 2032 1978 2049 1
1978 2049 1984 3325 1
2049 4766 1978 3786 1
4953 1548 1485 1479 1
4953 1479 1497 1548 1
2049 2032 1978 4766 1
3007 2999 3035 3004 1
667 713 728 758 1
185 4579 211 201 1
2995 3035 3004 3007 1
2703 3115 2635 1422 1
917 4537 869 804 1
1192 4147 945 1144 1
3895 1548 1485 4953 1
3420 3036 4653 4006 1
783 762 658 661 1
4006 4685 3048 3036 1
858 847 901 841 1
1201 1026 1269 1280 1
1164 4481 1497 4953 1
3803 1269 1201 1026 1
858 772 847 841 1
858 772 841 871 1
3036 4978 3844 3048 1
1497 4953 1548 1249 1
3249 3844 3036 4978 1
3803 1269 1026 3984 1
1249 4953 1548 3895 1
5620 2986 3003 2965 1
4481 1479 4213 1516 1
2730 950 1031 918 1
1297 1386 1396 1305 1
869 804 758 917 1
1295 1165 1305 1309 1
5186 950 1091 871 1
4851 2979 2997 4841 1
4303 3144 4358 3406 1
2997 4841 2956 4851 1
4303 3144 5075 4358 1
499 423 444 485 1
4851 4841 2966 2970 1
3040 1374 1189 4087 1
1396 1305 1393 1297 1
3040 4275 1189 1374 1
5061 5035 4787 703 1
5061 5518 5043 5408 1
1607 1488 1368 4025 1
477 3900 4133 4203 1
1607 1574 4025 1368 1
2970 4841 4511 4851 1
1396 1401 1305 1386 1
5310 1318 1314 1341 1
3040 4087 1189 1128 1
4025 1488 1368 3505 1
3084 3489 1612 1456 1
1318 1386 1588 5310 1
1484 3857 3084 1612 1
4647 607 590 5188 1
3084 1456 1612 5122 1
5122 5226 1721 3084 1
814 643 737 729 1
4204 5458 4637 5036 1
3084 5226 1721 3857 1
2046 2048 2079 3074 1
4763 1067 888 1044 1
3084 1612 3489 1484 1
4763 828 1044 888 1
1975 3074 2048 2046 1
2079 3044 3074 2048 1
2048 3620 3044 3074 1
5006 1212 1314 1111 1
2048 3620 3074 1975 1
3924 1409 1466 1412 1
3482 1409 4148 2980 1
3924 1409 1412 1575 1
3924 1575 2980 1409 1
454 442 490 460 1
4889 1409 1466 3924 1
1409 3924 4889 4383 1
362 417 382 367 1
4203 4647 592 3900 1
4647 4133 3900 4203 1
4647 4133 4206 561 1
4647 4206 4133 3646 1
1341 1588 5310 1318 1
742 676 710 699 1
742 2988 699 781 1
742 781 699 710 1
742 761 781 710 1
742 710 713 761 1
742 713 710 676 1
772 802 841 4637 1
4227 1456 1603 1601 1
3797 713 737 804 1
500 3360 501 460 1
2171 2149 2158 2139 1
2004 5503 3077 3363 1
506 442 490 454 1
460 442 466 391 1
4851 4511 2979 4841 1
2171 2149 2139 2121 1
488 559 508 507 1
4958 466 575 4478 1
2986 3003 2950 5620 1
599 500 4958 577 1
599 563 501 500 1
553 5095 590 638 1
661 562 569 599 1
658 783 661 4585 1
328 247 237 368 1
4776 2139 2171 2158 1
507 591 559 586 1
1341 1231 2817 1111 1
3118 3012 1763 4115 1
4637 4204 4043 4585 1
506 442 466 490 1
141 162 132 185 1
506 569 466 450 1
506 450 466 442 1
506 442 448 450 1
373 2625 3070 604 1
604 3070 2902 2625 1
1763 5284 3012 3118 1
1763 5284 3118 1609 1
141 132 162 105 1
275 311 307 318 1
4227 1603 1664 1601 1
362 382 441 400 1
2880 4637 4043 4585 1
2617 2612 2824 2877 1
661 810 4585 3818 1
596 658 599 643 1
495 485 508 544 1
497 534 526 3306 1
729 658 737 783 1
1341 1588 1318 1443 1
497 526 4463 3306 1
328 247 382 312 1
495 428 444 4786 1
4370 1672 1769 1630 1
729 596 643 658 1
4588 3152 3082 3108 1
3566 3889 3108 3082 1
4588 3082 4617 3108 1
5258 998 1091 1016 1
4277 3006 2961 2990 1
5432 3092 5333 3075 1
1169 4825 1161 1291 1
1116 1111 1231 1341 1
3642 3060 2129 3378 1
5432 3075 4581 3092 1
2990 4751 2976 2968 1
1164 1497 1249 4953 1
1164 1091 5258 1249 1
5222 1091 1249 4699 1
1161 1291 3497 1169 1
1091 5222 3678 991 1
991 3678 1091 4590 1
162 151 2716 199 1
495 445 527 448 1
2757 2626 2704 3072 1
3072 1499 2938 2626 1
5258 1180 1068 1016 1
2757 2938 2626 3072 1
3072 2662 1499 2718 1
2704 2718 2662 3072 1
2682 2735 2889 3513 1
2889 3513 2700 2682 1
1291 4022 4825 1161 1
205 264 267 280 1
359 351 311 337 1
317 368 392 385 1
400 382 429 380 1
4645 4370 1630 1672 1
2619 2727 2858 3028 1
2889 3145 2700 3513 1
359 311 307 337 1
184 247 212 237 1
2961 4751 3692 2976 1
429 382 392 380 1
328 304 310 251 1
328 289 247 312 1
328 247 368 382 1
328 251 310 318 1
328 382 368 367 1
173 157 4260 4444 1
173 94 60 4444 1
3691 171 189 116 1
444 423 428 485 1
2990 4751 2961 2976 1
1814 1672 1630 1769 1
2690 2647 1199 3000 1
232 181 191 217 1
1208 1169 3037 1076 1
112 132 151 114 1
2690 3000 1199 2646 1
1199 2646 3000 2681 1
1219 4751 3692 2961 1
144 199 162 194 1
234 235 226 271 1
1078 1227 3134 3948 1
3134 1573 4202 1318 1
359 307 318 310 1
2717 287 311 351 1
282 279 272 317 1
282 279 223 240 1
3134 4202 1078 4329 1
3212 247 237 212 1
247 382 355 368 1
359 367 310 318 1
3293 3091 3172 3787 1
3637 3781 3346 3091 1
148 164 107 197 1
3888 3091 3488 854 1
3248 3149 2852 3371 1
3172 3781 3712 3091 1
184 200 212 247 1
2719 117 5293 137 1
250 292 263 244 1
223 202 2794 282 1
220 257 276 250 1
3248 2852 3069 3371 1
3248 3069 3453 3371 1
3371 3402 3453 3248 1
328 367 368 318 1
3149 3248 3402 3371 1
4173 251 237 275 1
2836 287 272 211 1
1074 1022 966 4971 1
1074 966 1022 4503 1
3293 3091 3787 3488 1
485 423 428 456 1
328 251 289 304 1
4971 1074 4458 966 1
318 237 251 275 1
559 508 495 474 1
362 367 382 328 1
335 312 289 362 1
2244 2264 2253 4056 1
4502 1615 1625 1694 1
215 264 197 148 1
5391 5415 5555 3230 1
3223 4502 1625 1694 1
361 3860 4199 369 1
359 368 367 318 1
441 382 362 417 1
139 73 99 121 1
1074 4503 4458 966 1
3155 948 969 4128 1
2825 2621 2802 2944 1
2825 2944 3129 2621 1
1176 3323 3155 948 1
1167 948 4122 3323 1
3323 969 3155 948 1
3862 4056 2244 2253 1
2253 2244 3862 3310 1
1176 3323 948 1167 1
2253 2244 3310 2264 1
3323 948 4122 969 1
169 116 173 60 1
1542 1748 4023 4088 1
3075 3092 5333 3208 1
359 311 351 330 1
3075 3208 4581 3092 1
4738 953 833 904 1
3066 904 4738 833 1
4100 833 819 3066 1
3066 4738 4100 833 1
953 833 4100 4738 1
4502 1818 1615 1694 1
328 367 318 310 1
318 330 368 237 1
139 74 99 73 1
2333 2649 2707 2651 1
2333 2651 2498 2505 1
2505 2822 2651 2498 1
2822 2707 2651 2498 1
401 433 439 441 1
3144 4209 3571 5249 1
3406 5249 4209 3144 1
444 499 459 452 1
3225 3628 3455 3181 1
362 312 289 328 1
362 328 289 304 1
202 156 223 196 1
2818 2984 2629 3455 1
559 562 544 617 1
2662 3455 3225 3628 1
2818 2662 3225 1499 1
559 544 495 508 1
559 586 617 544 1
2818 3455 3225 2662 1
2719 5293 101 137 1
202 200 238 212 1
413 348 445 399 1
672 661 562 569 1
446 479 482 443 1
474 562 4320 495 1
571 482 479 543 1
559 591 488 474 1
544 499 459 495 1
544 499 495 485 1
495 399 4049 444 1
4786 508 428 507 1
429 412 452 439 1
212 168 2836 202 1
2873 2925 2779 2619 1
4207 661 810 4665 1
495 399 445 448 1
495 459 445 444 1
495 444 499 459 1
495 445 399 444 1
448 569 562 506 1
495 445 459 527 1
495 527 459 544 1
571 543 628 536 1
551 474 479 571 1
551 543 571 479 1
4320 479 4632 506 1
474 551 559 591 1
4320 506 448 562 1
551 543 628 571 1
2825 2621 478 2802 1
257 295 339 301 1
446 482 479 571 1
551 635 571 628 1
571 665 628 635 1
543 536 571 482 1
507 488 425 508 1
3104 4849 4140 3709 1
3611 3203 3192 1872 1
451 3611 730 471 1
1034 3096 1043 1302 1
591 665 571 635 1
591 635 571 551 1
591 671 665 635 1
559 474 562 551 1
200 238 244 196 1
162 246 211 159 1
335 4897 289 312 1
3709 3104 4771 4828 1
3469 748 863 2991 1
4885 4224 5252 3027 1
257 250 301 276 1
425 474 508 488 1
488 571 446 474 1
3097 1201 1284 3101 1
3097 1284 1361 1287 1
141 132 168 185 1
3024 900 3013 4371 1
380 306 400 382 1
114 132 151 182 1
1361 3097 1201 1284 1
4441 296 292 244 1
306 312 4897 335 1
296 4199 369 361 1
329 292 399 301 1
292 329 295 301 1
142 182 175 184 1
419 446 4554 425 1
257 291 301 339 1
3860 378 327 394 1
419 3860 425 4554 1
4605 369 4199 4049 1
3953 3024 4371 900 1
4786 428 508 495 1
250 276 219 223 1
1870 1925 3752 1821 1
257 276 301 291 1
439 404 400 412 1
439 404 412 423 1
3117 2073 2087 3077 1
296 4165 369 4251 1
3117 2087 2077 3485 1
3823 246 2716 269 1
369 428 444 423 1
1870 1925 1821 3238 1
429 416 380 392 1
429 452 412 409 1
412 452 439 444 1
429 416 409 380 1
429 409 416 452 1
412 452 444 409 1
413 452 409 444 1
413 459 452 444 1
2073 3117 2087 2077 1
343 301 399 292 1
244 284 292 263 1
4441 292 296 4199 1
439 444 423 412 1
439 499 452 464 1
439 499 423 444 1
439 464 433 499 1
343 284 263 292 1
3892 369 4251 4605 1
444 409 3892 412 1
749 949 3675 892 1
444 343 3892 409 1
343 355 3316 409 1
3316 409 355 380 1
343 348 301 276 1
863 3033 3469 3002 1
4579 211 159 162 1
220 291 276 257 1
220 276 291 219 1
439 423 433 404 1
906 831 3101 1054 1
2323 3228 2303 3816 1
3228 3211 2323 4746 1
441 464 433 439 1
429 452 464 439 1
429 380 412 400 1
429 400 412 439 1
429 392 382 417 1
2323 3211 3683 4746 1
401 404 400 439 1
441 439 400 429 1
441 464 439 429 1
441 382 417 429 1
441 400 382 429 1
4347 2366 3683 3211 1
261 263 244 243 1
244 263 200 243 1
2993 3033 3469 3953 1
162 151 132 2716 1
212 2836 182 237 1
1101 1099 1409 3214 1
172 264 267 205 1
1101 1409 1412 3214 1
952 803 3573 847 1
172 205 267 187 1
148 197 215 164 1
4844 3105 3715 1219 1
1205 3105 4844 1219 1
1205 1219 4773 3105 1
3105 4773 4670 1219 1
4729 80 4313 136 1
186 4198 224 155 1
3611 2812 3192 2627 1
4433 735 2982 663 1
186 4198 245 224 1
112 105 132 114 1
847 866 952 803 1
220 244 257 250 1
196 238 244 250 1
163 212 200 202 1
163 200 196 202 1
3090 3772 1144 3162 1
148 121 73 139 1
4482 1374 3040 4087 1
215 264 271 197 1
3090 1144 3864 3162 1
582 3360 3944 563 1
501 3360 563 509 1
5337 3531 4079 3048 1
2836 272 240 211 1
185 211 2836 2935 1
137 143 101 178 1
2794 247 263 355 1
212 238 247 200 1
2794 279 223 282 1
196 223 219 156 1
4482 4087 3040 1128 1
1093 4147 1169 4577 1
3212 368 247 355 1
501 509 460 3360 1
142 156 168 163 1
156 201 223 219 1
142 132 168 141 1
202 238 196 223 1
148 75 73 107 1
89 162 159 144 1
1093 4540 4147 4577 1
200 238 263 244 1
237 251 247 328 1
4354 311 3283 275 1
1169 4577 1076 1093 1
4354 237 311 275 1
186 175 5377 151 1
4354 275 4173 237 1
163 168 202 156 1
163 156 202 196 1
163 168 212 202 1
114 151 175 182 1
114 182 142 132 1
114 182 175 142 1
920 760 782 795 1
920 877 760 795 1
184 247 243 200 1
89 162 112 105 1
89 112 162 144 1
139 73 75 74 1
4577 4540 4948 1093 1
4018 3819 3503 1129 1
182 2836 168 132 1
1351 3503 3819 1129 1
148 121 197 107 1
74 123 99 48 1
28 20 4689 36 1
3671 3794 3776 3112 1
1076 4577 4948 1093 1
5337 3531 3048 4389 1
141 4579 185 201 1
5337 3048 4079 4685 1
5337 3048 4685 4389 1
1084 1117 3102 3040 1
3102 4450 4378 3312 1
141 162 4579 159 1
1084 4450 3102 1117 1
139 172 264 197 1
234 226 176 3963 1
84 5508 63 117 1
139 121 172 197 1
92 114 112 151 1
36 23 58 3626 1
5055 112 151 92 1
4594 176 221 5224 1
190 86 94 95 1
3626 4051 58 181 1
215 271 164 197 1
1086 1191 1329 1283 1
36 15 58 23 1
74 123 48 138 1
1086 1191 1283 1017 1
1802 1924 1899 1991 1
74 154 123 155 1
74 155 4065 154 1
139 264 205 256 1
139 148 197 264 1
139 205 264 172 1
60 36 28 55 1
1927 1991 1924 1802 1
36 3626 58 157 1
1802 1899 1854 1991 1
60 4750 94 86 1
4791 215 4065 256 1
215 164 271 226 1
169 60 86 134 1
164 235 271 226 1
60 62 28 86 1
169 86 216 174 1
218 217 207 189 1
169 134 86 174 1
157 2926 3626 181 1
44 34 4490 43 1
3155 831 823 1124 1
3101 1124 831 3155 1
1054 831 1124 867 1
1124 823 867 831 1
3076 48 74 73 1
148 264 139 256 1
148 107 73 121 1
107 43 75 73 1
148 256 215 264 1
1190 3742 1384 1355 1
139 4065 256 205 1
139 99 172 121 1
139 172 154 205 1
172 154 187 123 1
99 74 154 123 1
352 323 333 3106 1
322 323 352 3417 1
86 60 4550 28 1
157 3626 58 181 1
190 86 95 216 1
3438 3185 3140 2172 1
1384 5052 1355 3742 1
148 75 107 98 1
148 197 121 139 1
1054 1124 831 3101 1
3438 3271 3185 2172 1
3239 176 3383 234 1
3963 4791 4065 256 1
2755 322 3417 323 1
4065 154 205 139 1
3049 3107 3044 2048 1
3378 3060 2129 2075 1
2075 2114 3729 2101 1
2796 2642 3063 2883 1
2075 3060 2101 3729 1
3321 3102 3040 4910 1
2702 4188 3803 2942 1
3107 2048 3620 3044 1
3321 4378 3102 4910 1
169 60 134 116 1
3726 4969 815 3377 1
3377 815 3726 3901 1
2622 3009 2890 2833 1
3107 2048 2021 3620 1
2719 178 137 101 1
1093 4147 1192 1169 1
5293 84 63 117 1
3009 2846 3039 2833 1
811 3009 494 2833 1
5293 101 4053 84 1
84 3932 63 4352 1
186 4594 155 224 1
2890 3009 3039 2833 1
3012 3118 3130 4104 1
2048 3049 3107 2098 1
4490 50 32 5320 1
4490 5030 34 44 1
3691 193 171 116 1
4260 127 3239 4063 1
169 218 174 216 1
207 218 169 216 1
190 173 94 169 1
3118 4104 4094 3551 1
4541 60 28 4550 1
3107 2098 2021 2048 1
4588 3108 4617 4811 1
190 216 169 86 1
3691 116 189 169 1
3566 3108 3787 4617 1
4588 3108 4811 4004 1
3118 4104 3012 4239 1
3566 3108 3712 3787 1
3994 3108 3787 3712 1
169 94 190 86 1
169 218 3691 174 1
4582 150 95 98 1
190 234 173 216 1
169 94 60 173 1
3112 3776 4815 3794 1
94 4444 173 4084 1
218 189 193 217 1
60 62 55 28 1
124 147 58 68 1
60 58 157 36 1
4322 4040 1476 1747 1
124 193 116 147 1
207 217 191 189 1
173 2719 3239 4260 1
95 94 4707 86 1
216 207 234 173 1
173 157 4444 60 1
169 189 173 116 1
190 234 226 4312 1
3271 2053 3185 2172 1
3020 2478 2733 2458 1
2478 2733 2513 3020 1
173 4084 4063 176 1
173 192 3239 2719 1
173 4260 157 2719 1
2075 2114 2112 3378 1
190 216 235 234 1
190 173 234 4312 1
190 226 234 235 1
3378 2112 3504 2114 1
173 3239 192 234 1
3378 3504 3642 4183 1
4825 1208 3037 2987 1
3107 2021 2061 3620 1
3107 2061 2021 2098 1
3138 3552 1161 3045 1
1873 1912 1814 1798 1
2156 3111 2144 2141 1
2144 2210 2141 3111 1
3871 2210 3111 2221 1
1814 1769 1798 1912 1
4228 3111 3951 2156 1
3203 3205 3192 3328 1
3205 3328 2681 3192 1
1471 1394 1518 1539 1
1814 1769 1630 1798 1
3577 4889 1466 3924 1
4136 4210 823 3155 1
3125 1694 1685 4525 1
3125 1685 1694 4604 1
1511 3125 1694 5438 1
4136 948 3155 4128 1
5438 3125 1694 4604 1
1682 1575 2980 3924 1
3924 1690 5098 3030 1
3125 1694 4525 5306 1
3239 176 221 3383 1
4450 999 3071 1084 1
3116 4355 2297 3785 1
3963 3383 3415 258 1
3116 2273 2221 2277 1
1199 2628 1463 2721 1
1199 1463 2647 2738 1
1199 2721 1463 2738 1
1199 2791 2647 1463 1
176 4887 221 3383 1
192 3239 221 3383 1
2788 3017 2795 2931 1
2788 3017 1463 2787 1
1463 3017 1513 2787 1
2984 2678 1513 3017 1
2931 3017 2795 2783 1
2984 3017 2783 2678 1
318 359 330 311 1
318 307 359 311 1
5551 1832 1887 1935 1
4020 3019 3013 3055 1
5155 5485 999 3071 1
4020 3019 3055 821 1
5485 4450 999 3071 1
1775 1917 1805 1947 1
1775 1805 1811 1947 1
1775 1917 1947 1838 1
1608 1447 1365 1525 1
1608 1365 1519 3052 1
3454 2188 5279 3266 1
3618 4081 4001 3645 1
3454 2188 3266 4154 1
2420 2384 2419 2395 1
2420 2419 2384 2446 1
3266 3163 5279 4144 1
322 352 308 3757 1
322 3757 308 285 1
3757 285 322 4324 1
2829 1073 912 971 1
1201 1280 1467 1284 1
1361 1201 1467 1284 1
1201 1467 1280 1269 1
1284 1467 1419 1280 1
4324 285 322 4513 1
991 887 1035 3393 1
991 3393 4451 887 1
2069 2111 3123 2079 1
2069 2079 3123 2035 1
1671 1623 2739 1729 1
927 4646 1187 4118 1
1204 1492 5058 1477 1
2703 2636 3115 1422 1
3115 2636 2793 1422 1
1055 1020 1121 931 1
2079 3254 3049 2132 1
1055 1143 5170 1020 1
682 676 610 4488 1
2132 4626 2166 3254 1
3376 3203 3193 3386 1
4889 4383 3057 3235 1
469 477 603 4612 1
2895 1054 1132 1124 1
2895 1124 1132 1113 1
5193 4889 3235 4383 1
1054 1073 906 912 1
5267 554 2737 5024 1
2775 5267 3801 2737 1
5267 2737 554 3801 1
3851 3136 889 945 1
3068 2633 2732 2901 1
5272 824 3136 4445 1
3212 2794 247 212 1
2742 2740 1601 5242 1
469 477 518 603 1
5272 3851 945 3136 1
3127 3402 3453 3371 1
1363 1439 2680 1290 1
2484 2346 2786 3298 1
5348 2680 1439 1459 1
2484 2903 3298 2786 1
640 689 3703 3231 1
1438 1080 1292 3041 1
3085 2346 2484 3298 1
2740 5242 1779 1601 1
2665 497 476 437 1
2665 476 515 386 1
504 241 2839 273 1
2665 395 387 437 1
2665 449 395 437 1
387 2665 331 395 1
2665 426 331 395 1
504 389 2839 241 1
5088 659 720 4891 1
387 395 331 316 1
2571 2535 2550 3831 1
5088 720 659 633 1
3432 2650 2267 3885 1
812 842 4011 925 1
857 842 1118 909 1
1358 1300 1196 997 1
1358 1490 1196 1420 1
1351 5259 3503 1129 1
5259 1175 3503 1129 1
3015 1015 5259 1071 1
1422 2639 2638 1425 1
1580 3516 3357 1306 1
5259 3503 3357 1351 1
2639 2638 1509 1503 1
1425 1509 2639 2638 1
1422 2638 2639 1503 1
2303 3050 3256 2326 1
2824 2684 11 7 1
2666 632 669 696 1
2666 712 755 750 1
2666 632 712 750 1
2666 669 632 750 1
3382 750 724 2666 1
2613 7 2684 2824 1
1805 1959 1811 1947 1
2613 7 2824 8 1
7 2824 8 11 1
3816 3228 2303 3256 1
2742 2740 5242 4443 1
2740 4443 1779 5242 1
2366 3256 3211 3816 1
5214 5479 4270 1967 1
2303 3256 2337 2326 1
2763 2650 2732 2888 1
2763 3085 3298 2888 1
2883 1938 2796 2695 1
5066 1832 1796 5177 1
3228 2337 2303 3256 1
880 5042 916 842 1
2721 1463 3194 2628 1
2776 1463 2931 3194 1
2776 1463 3194 2721 1
3762 842 5042 880 1
1039 3872 4004 4878 1
3816 2366 3256 3050 1
3762 880 4011 842 1
2672 2776 2931 3194 1
3194 2984 2931 2629 1
2669 705 777 4691 1
2818 2984 3194 2629 1
2883 2705 1938 2695 1
2669 751 680 4691 1
163 182 212 168 1
1039 4004 5316 4878 1
182 163 184 142 1
182 212 184 163 1
168 163 182 142 1
2526 2582 2504 2520 1
2526 2582 2584 2504 1
891 953 3401 911 1
1515 1382 1520 1356 1
4023 4088 5462 5236 1
3401 1096 953 891 1
1515 1542 1582 1748 1
1515 1582 1542 1356 1
906 1287 3101 2942 1
3401 1096 891 4175 1
2698 4893 1121 1093 1
4878 5452 5316 1039 1
906 3101 1287 1054 1
906 4188 2942 3101 1
1744 1772 1728 1787 1
1744 1728 1650 1595 1
5304 1891 5334 5311 1
592 590 4203 581 1
592 4203 477 518 1
592 4203 518 581 1
4581 2163 2191 3092 1
4203 529 581 590 1
1555 1522 1564 1665 1
1555 1564 3395 1665 1
1555 1399 1564 1522 1
3992 4037 5297 2549 1
3318 2549 2564 4037 1
2163 3092 2194 2191 1
4213 4450 1084 4481 1
1244 1294 3426 3096 1
4450 3071 1117 1084 1
4450 1030 999 1084 1
2046 3074 3132 2050 1
2757 2812 3611 2911 1
2757 2911 3611 259 1
3611 2812 2627 2911 1
2783 2933 2631 2887 1
3611 2911 2627 259 1
2046 2050 3132 2075 1
3132 3044 2050 3074 1
3132 2075 2050 3060 1
2689 2933 2783 2887 1
4481 4970 4450 1084 1
2822 2602 3243 2660 1
4970 1030 4450 1084 1
3132 3060 2050 3044 1
1084 3102 4213 3040 1
3566 3144 3331 3488 1
3144 3571 3566 3331 1
4822 1686 5164 4952 1
22 100 125 2824 1
125 100 281 2897 1
5164 2813 5610 1686 1
3554 1095 4825 1161 1
1634 4285 3554 5164 1
3458 1101 870 5237 1
5237 870 3878 832 1
2617 2825 2824 2897 1
2897 100 281 2825 1
1084 3014 952 1128 1
4020 1128 952 3013 1
3649 3272 817 949 1
133 117 5508 127 1
3239 5224 221 176 1
3013 1128 952 3014 1
5224 4065 4594 176 1
2744 4853 5337 4989 1
817 920 949 3272 1
3649 817 3272 4756 1
4742 817 4756 3272 1
817 920 3272 4742 1
4853 4389 2744 5337 1
1629 3148 1715 3798 1
3043 1690 3042 1762 1
3593 3702 3637 3979 1
1657 3589 5133 1776 1
4530 1732 5314 5018 1
3699 5321 2959 3557 1
4530 5314 1732 1846 1
206 122 230 260 1
4727 1346 1529 3279 1
5604 3699 2959 3557 1
3593 3979 3177 3702 1
1771 1846 1816 1850 1
1771 1816 1846 5623 1
2971 2959 4641 5604 1
1771 1846 5314 5623 1
4110 5384 1768 5493 1
4110 4257 5384 5493 1
1123 3279 4727 1421 1
5386 5598 1859 1902 1
1269 1201 1361 1268 1
4695 1834 1755 1782 1
2648 2934 1833 2827 1
1684 1833 2002 2827 1
1269 1201 1467 1361 1
1278 1833 2827 2648 1
2601 2594 2459 2838 1
1393 1243 1396 1297 1
1393 1295 1243 1297 1
3147 2838 2568 2594 1
2903 3147 2838 2568 1
1603 1443 4375 4846 1
1227 1456 1330 4202 1
1603 1443 1664 1601 1
1603 1664 1443 4846 1
2852 2682 2683 2787 1
1694 4062 3223 1818 1
1603 4846 4375 1573 1
1695 1668 1476 1745 1
1668 4520 1476 1745 1
1144 4147 945 3552 1
1766 4322 1747 1727 1
2852 3371 3131 2683 1
3347 1192 945 1144 1
1432 4881 5125 5253 1
2885 22 2612 11 1
3349 945 1144 3347 1
3349 1182 1144 945 1
1432 4881 1455 5125 1
1319 1534 2689 1988 1
1684 2827 2002 1988 1
1755 1834 4543 1782 1
1278 2827 2933 2648 1
997 990 1174 1057 1
257 292 295 301 1
2745 2367 2893 2356 1
3418 669 683 660 1
2107 2133 3236 2076 1
257 244 292 250 1
2893 2214 2184 2367 1
2076 3236 2130 2140 1
3236 2081 2088 4687 1
1797 4906 1787 2664 1
2664 1858 1812 1853 1
4687 2081 2130 3236 1
2652 3086 3126 2860 1
5253 4703 5125 1432 1
2697 2860 2652 3126 1
2652 2867 3126 2660 1
2697 2867 3126 2652 1
2674 2656 2771 2247 1
2082 4687 3236 2088 1
3054 3047 1247 5091 1
4670 3047 1266 1247 1
2107 3236 2065 2076 1
2375 2368 2387 4404 1
2983 3001 1025 774 1
3418 683 669 3896 1
3953 3024 3033 863 1
4581 4954 3208 3075 1
3075 2145 4954 3208 1
90 3274 3698 2910 1
3874 4954 4581 3075 1
3208 4954 4581 2163 1
3953 863 4371 3024 1
4484 5598 1882 1859 1
1247 4812 5091 3047 1
2681 2040 2128 2808 1
2681 1944 2646 2106 1
2040 2681 2106 1944 1
2918 3259 3160 2673 1
5463 1515 1337 1382 1
1247 4812 3047 1313 1
5277 935 4617 5592 1
5463 1515 1402 1337 1
2077 2031 2029 2022 1
4017 3843 1466 3326 1
3363 2076 2087 2091 1
1247 1266 1313 3047 1
1638 4636 4017 5154 1
2656 2874 2831 2728 1
1593 4606 1687 1666 1
2539 2606 2468 2831 1
2831 2468 2527 2606 1
2776 3197 2679 2788 1
3538 2787 2788 3197 1
2905 3197 2679 2776 1
26 22 2824 100 1
619 811 2833 1415 1
3424 519 497 3456 1
1638 1696 4636 5154 1
47 126 2834 66 1
2993 748 3469 3073 1
126 2834 66 213 1
2947 3022 1083 4773 1
3456 519 497 510 1
3808 3427 3064 4773 1
1504 1367 2680 1439 1
2722 2865 2587 2822 1
1982 2006 2027 1940 1
2250 2299 1938 2170 1
2801 3374 2743 3514 1
1938 2886 2299 2705 1
1938 2299 2886 2170 1
1938 2299 2250 3226 1
3514 3374 2743 2658 1
1527 1474 1606 5350 1
5400 5350 1728 5483 1
1527 1606 1474 1472 1
1527 1650 1606 1472 1
733 752 660 846 1
1938 2705 2299 3226 1
2685 1460 5633 1441 1
2735 3314 2683 3476 1
1804 1915 3375 1940 1
538 542 532 470 1
532 547 470 542 1
3314 2852 2683 3438 1
431 3437 386 408 1
431 3998 3437 408 1
2856 1504 2708 2855 1
3314 3438 3209 2852 1
1804 1761 3450 3375 1
846 722 660 789 1
1804 1761 3375 1915 1
7 2613 3190 8 1
8 2613 3190 13 1
3000 1214 2682 2791 1
1199 1214 3000 2791 1
2706 1214 2682 3000 1
2099 3359 3140 3358 1
733 660 789 846 1
3159 3773 3187 4274 1
3187 3924 3159 4274 1
2688 1613 1395 1565 1
4695 4379 1755 1765 1
2764 1765 4379 4695 1
1524 1540 2687 2764 1
2764 2687 1583 1540 1
1358 4470 2764 1490 1
3159 3924 3577 4274 1
2901 2119 2888 2113 1
2119 2888 2113 2843 1
3085 3298 2888 2843 1
2688 1395 1613 1429 1
917 869 4537 1062 1
3039 1422 2890 2635 1
3427 3064 4773 3054 1
917 1078 1145 1062 1
3039 2803 2890 1422 1
3009 2846 2638 3039 1
2854 120 180 179 1
2803 3009 2638 3039 1
2702 4509 5262 930 1
3427 3064 3054 5091 1
3318 2556 2581 2544 1
3318 2581 2559 2544 1
931 987 4010 967 1
4010 4236 967 987 1
3618 4081 4424 4001 1
999 979 4254 876 1
902 876 755 750 1
4569 4059 5389 4577 1
1076 4577 5389 4948 1
3630 3427 5091 3064 1
2778 1239 1042 4487 1
5332 962 4600 5535 1
3509 1612 3134 1228 1
3509 1551 1612 1228 1
1228 4052 1551 1612 1
668 861 504 2839 1
504 688 2839 861 1
1434 5480 1506 4984 1
1362 5525 2692 1221 1
2692 1229 1245 1102 1
477 3563 518 421 1
4006 3048 4209 4978 1
3036 4006 4978 3048 1
4282 3808 3064 3105 1
624 673 706 4120 1
1505 1217 1224 1328 1
5480 5556 1506 4984 1
1505 1411 1566 1328 1
1505 1224 1411 1328 1
5324 1728 5317 2711 1
404 3316 3919 320 1
3047 4812 5091 1478 1
518 4438 477 421 1
2711 1728 1678 5324 1
1678 1728 1744 1595 1
3919 3316 4165 320 1
4282 3688 3520 3064 1
3047 4812 1478 1523 1
4463 549 510 3445 1
510 549 548 3445 1
314 228 2757 259 1
2779 2929 1861 2616 1
2925 2929 2616 766 1
2393 2500 2483 2460 1
2925 2929 2779 2616 1
1416 1482 1287 1151 1
1416 1411 1482 1151 1
3354 1758 1714 1893 1
3898 3354 1758 1714 1
2484 2591 2569 2822 1
3978 5232 4241 3163 1
878 968 921 915 1
2696 1754 1778 1776 1
2878 1 6 2789 1
2696 1776 1778 1746 1
2188 3023 5432 3163 1
6 2614 39 2789 1
3059 1714 3898 1758 1
2822 2587 2600 2592 1
2748 688 2839 438 1
2822 2592 3243 2602 1
29 4260 33 38 1
1988 2827 2689 1684 1
1988 1684 2689 1319 1
2757 2626 2938 2923 1
33 4260 29 3626 1
2841 2946 3087 3466 1
3086 2651 2865 2822 1
2698 943 4397 4641 1
2923 129 2626 2938 1
3086 2865 2651 2792 1
2757 2923 2938 115 1
115 129 2923 2938 1
5218 765 866 750 1
3808 4773 3064 3105 1
821 3001 3237 933 1
4020 3019 3004 3013 1
2799 3581 2857 3528 1
2932 2846 2638 3009 1
1616 1658 1491 1533 1
4581 2163 3092 3208 1
2163 3208 2194 3092 1
1658 1570 1533 1589 1
1687 1666 1658 1593 1
2677 2884 3053 110 1
1658 1570 1593 1491 1
2672 2931 3053 2677 1
2672 2677 3053 3260 1
2677 110 3053 3260 1
597 5088 633 694 1
659 652 597 540 1
659 644 652 540 1
2677 2931 3053 2884 1
4671 1586 1698 1533 1
1620 1698 4671 4448 1
580 574 656 642 1
580 656 574 555 1
852 824 4506 5272 1
1888 1966 1931 1841 1
1888 2012 1966 1975 1
4540 3784 4506 5272 1
3008 4445 824 852 1
2052 3620 2017 2072 1
2110 3107 2061 3620 1
4925 2835 1813 1773 1
2835 5392 1964 1929 1
1840 1773 1843 4323 1
1773 4323 1813 1843 1
4506 4335 3784 4540 1
3054 3119 3047 5091 1
2329 2526 2374 2520 1
2447 2453 2407 2371 1
3424 3338 3106 4340 1
4945 4106 3106 4340 1
3981 3152 3709 3542 1
3180 4543 5217 1820 1
4440 3542 4849 3152 1
2779 2925 2913 2632 1
3045 4059 937 1161 1
2925 2632 2779 2929 1
4934 1789 3686 1860 1
4934 3686 1789 3173 1
1789 1742 1650 3173 1
1606 3173 1742 3250 1
1237 5514 4982 1486 1
2249 2259 2266 2286 1
2249 2286 2266 2311 1
2903 2843 2838 2869 1
2764 1583 1699 1540 1
2459 2869 2843 2236 1
1540 1699 2764 4695 1
3021 3425 4079 2837 1
1139 3174 1052 3523 1
528 3781 2748 3712 1
565 648 615 626 1
887 810 3818 991 1
2656 2831 2432 2313 1
1681 1724 1776 1746 1
2517 3020 2733 2458 1
3020 2733 2513 2517 1
3818 810 4590 991 1
2873 2619 2833 3725 1
810 4590 991 853 1
1776 1783 1809 3200 1
2873 3725 2833 662 1
853 991 810 887 1
489 2619 2873 3725 1
3233 1099 3174 3056 1
1681 1778 1657 5489 1
4982 5514 1390 1486 1
3174 1099 3233 3527 1
1161 1095 4059 937 1
4445 4059 937 3045 1
1681 1594 1778 5489 1
1778 5365 5489 1594 1
1657 1725 2696 5133 1
4282 3064 4670 3105 1
2073 2130 2087 3957 1
2751 3808 1455 1205 1
3077 3363 3957 2087 1
3466 3126 2841 2660 1
2073 2130 3957 2067 1
3126 2722 2660 2822 1
3105 1455 4282 3808 1
3126 2841 2660 2722 1
453 422 602 371 1
2877 2844 2617 2686 1
2636 3115 2652 1913 1
2636 1913 2652 2663 1
2636 2652 2725 2663 1
1179 1157 5223 1045 1
2701 1157 4372 5328 1
2701 4372 1157 4258 1
2637 2699 2800 2044 1
2800 2699 1998 2044 1
2636 2725 2652 2793 1
2636 2793 2652 3115 1
2699 1998 2044 2159 1
2873 2925 2913 2779 1
1244 3463 5223 3150 1
785 3240 973 807 1
973 890 2940 3240 1
973 2940 807 3240 1
2940 973 4434 4858 1
778 5069 826 735 1
3104 4511 3186 4771 1
778 826 903 905 1
444 399 369 3892 1
413 343 348 399 1
2654 2243 2792 2846 1
2846 2103 2152 1972 1
2846 2917 2861 2635 1
2792 2861 2904 2846 1
1244 5223 3463 4258 1
5129 4459 4491 5545 1
136 74 4065 3973 1
136 74 3973 50 1
136 155 4065 74 1
2845 2197 2096 2047 1
2861 2651 2649 2960 1
2845 2122 2197 2047 1
2845 2649 2779 2913 1
2308 2960 2651 2861 1
3709 3104 3186 4771 1
2645 2026 2799 2915 1
74 138 136 155 1
3186 4511 5511 4771 1
2872 3022 1207 1247 1
2617 2713 2877 2824 1
4588 3152 3186 3709 1
2929 2616 2877 2713 1
3186 4588 5511 4336 1
3186 4771 5511 4588 1
1172 1175 4035 3357 1
1175 4035 1338 5004 1
3503 4035 1338 1175 1
1872 2796 2644 2662 1
5129 2778 1162 927 1
2796 3259 2662 3324 1
5129 4180 4459 4677 1
3594 3655 2918 3793 1
2868 608 3612 4402 1
2868 3612 608 3657 1
3302 3594 3657 2868 1
5004 4035 1172 1175 1
4336 3152 3186 4588 1
3709 4771 3186 4588 1
2793 1503 2655 3086 1
2996 941 1221 1102 1
5098 1750 1736 3187 1
2793 3086 3115 1503 1
1736 3924 5098 3187 1
981 2872 882 972 1
4748 1261 981 2872 1
2702 792 896 3576 1
2404 2373 2402 2409 1
3187 1736 5349 1750 1
4601 2402 2404 2408 1
1736 4017 3924 3187 1
2702 1046 4509 930 1
3097 1361 3275 1287 1
2942 3097 3275 1287 1
1138 3471 1183 1182 1
3471 1183 1436 1138 1
3914 1436 3471 1183 1
2942 977 906 1287 1
801 906 2942 798 1
4859 798 2942 896 1
2702 896 977 961 1
2702 3576 896 961 1
1169 1093 1251 1236 1
1182 1331 3471 3875 1
3914 3875 3471 1331 1
3576 5262 2702 792 1
599 577 563 500 1
546 577 500 563 1
577 4393 563 546 1
3038 5362 4718 4714 1
2822 2600 2722 3243 1
3867 5245 1780 5384 1
578 3570 616 589 1
5245 5304 1780 5384 1
616 589 3570 3565 1
1781 1752 1749 1819 1
2118 2155 2116 2133 1
2140 2125 2155 2151 1
3072 2718 1499 2626 1
2118 2116 2155 2095 1
2704 2626 2718 3072 1
2118 2125 2155 2140 1
2704 3324 2718 2626 1
2834 2624 406 414 1
213 2834 406 414 1
578 616 3570 5360 1
2834 2621 414 126 1
2834 2624 414 2621 1
126 414 2834 213 1
2667 2263 2239 3234 1
1638 3038 4718 4714 1
4433 905 4497 3165 1
5334 5245 1867 5384 1
1307 1325 2850 1587 1
1572 1307 1508 1335 1
1134 4388 1168 1433 1
1134 3829 4388 1433 1
2237 2238 2270 2235 1
3867 5245 5384 1867 1
5318 4433 5371 3165 1
3275 1201 3803 1268 1
5371 4433 4497 3165 1
4844 4874 3032 4239 1
2176 3023 3986 2211 1
1265 1285 1413 1369 1
1265 1255 1267 1369 1
190 4084 150 94 1
387 4240 3810 3510 1
173 4084 190 94 1
3986 3023 3266 2211 1
273 158 2630 2748 1
3510 366 435 387 1
2672 2630 158 2748 1
3124 3609 3547 2180 1
3476 3359 3124 2180 1
3476 3547 2180 3124 1
1069 1227 1325 1220 1
91 130 147 183 1
3124 3849 3609 2180 1
91 130 64 147 1
91 130 65 64 1
3955 1270 1324 4533 1
1270 1234 1324 4533 1
635 661 551 562 1
2834 2620 2805 3129 1
1069 1220 1325 1014 1
2834 2862 2620 3129 1
551 4320 506 479 1
2863 2620 2834 2862 1
551 506 4320 562 1
2292 2444 2588 2597 1
2313 2597 2292 2350 1
2278 2597 2444 2292 1
2067 2019 2063 2081 1
2292 2313 2278 2597 1
2067 2023 2057 2063 1
2067 2057 2023 2008 1
4623 2082 2015 2020 1
3266 3023 4144 2211 1
5304 5245 5334 5384 1
4687 2065 4623 2082 1
1069 1325 3370 1014 1
1069 4392 3370 1325 1
4392 1069 1227 1325 1
902 1090 1050 1053 1
1050 1090 1242 1053 1
3146 2743 2700 2875 1
3514 2743 3146 2658 1
1685 3591 3198 4272 1
2743 2875 3146 2658 1
5023 642 4369 792 1
3271 3438 3209 2172 1
2758 568 511 505 1
2758 511 520 505 1
3167 4563 3494 4280 1
3198 5423 5505 5138 1
4417 4079 3481 3582 1
3719 2331 4384 3407 1
2547 2578 2564 2542 1
2578 2542 2560 2537 1
2578 2556 2542 2537 1
2578 2542 2547 2560 1
396 3512 3338 430 1
2275 2357 3288 3719 1
2346 3085 2199 2203 1
344 396 3338 430 1
2649 2302 2333 2707 1
2596 2903 2604 2602 1
2862 2863 26 47 1
2850 1168 2930 1348 1
4417 3481 3710 3582 1
3407 5198 4871 4384 1
588 314 3611 451 1
3481 3404 3710 3582 1
2312 2355 4008 2275 1
588 3611 730 451 1
4984 5556 1506 1388 1
2389 2832 2425 2414 1
2389 2437 2832 2455 1
2414 2832 2455 2389 1
1876 1821 3168 3354 1
3198 3591 1685 3601 1
1876 3168 1821 4448 1
1938 2883 2886 2705 1
1273 1419 1284 1287 1
1273 1284 1419 1235 1
1273 1124 1284 1176 1
1273 1176 1284 1235 1
3232 2637 2712 3031 1
4303 4021 1092 957 1
2725 3232 2712 3257 1
3232 2810 2637 3083 1
3095 2810 3232 3083 1
3095 3232 2725 3257 1
957 4303 4021 4109 1
1736 1690 5098 3924 1
885 826 778 5069 1
229 204 110 3260 1
2672 2931 2631 3053 1
2672 3053 2631 3260 1
204 2884 3053 2631 1
2884 2931 2631 3133 1
4621 1290 2680 1367 1
3053 2931 2631 2884 1
1311 4182 2680 1366 1
2854 106 120 69 1
1311 2680 1286 1366 1
5566 5495 4294 4618 1
5562 4811 5277 935 1
957 5075 4303 4109 1
4811 935 4617 5277 1
1442 1487 1312 1416 1
1442 1578 1487 1416 1
1526 1406 1312 1487 1
2253 3310 3641 2264 1
3641 2226 2209 2211 1
2392 2379 2454 3779 1
2264 2269 4253 3641 1
2392 3779 2454 2421 1
2244 2251 3310 2264 1
695 3565 655 3771 1
2389 2337 2393 2326 1
3820 3771 695 655 1
2389 2393 2337 2425 1
2437 2425 2389 2832 1
3172 3091 3712 3787 1
2850 1335 1587 1572 1
3888 3091 3293 3488 1
2857 2147 2137 2002 1
2872 1039 3079 3022 1
1433 2850 1484 1587 1
1325 1307 1427 1623 1
1307 1325 1587 1623 1
2801 2934 2827 3459 1
2857 2002 1988 2147 1
1885 1900 1841 1931 1
1885 1704 1841 1806 1
1885 1900 1931 1971 1
1988 2827 2002 2857 1
1726 1797 1786 1787 1
1402 1542 1356 1515 1
4773 3054 1247 3519 1
3427 1261 4773 1221 1
1221 3971 1362 3427 1
2879 602 767 2859 1
2929 2632 1861 2859 1
2857 2801 2743 2678 1
4627 1901 5529 1937 1
3355 4627 1901 5529 1
1812 1722 1853 5153 1
1812 1937 5153 1853 1
3355 1812 4627 5153 1
1853 1794 5153 1722 1
3355 1812 5153 1722 1
47 2862 126 100 1
3079 3941 4225 2953 1
12 2773 42 76 1
2531 2542 2503 2537 1
2531 2560 2542 2537 1
2531 2516 2560 2537 1
3183 1102 1245 3195 1
3004 2999 3035 1128 1
387 3510 316 344 1
614 2634 2802 1079 1
387 366 395 316 1
954 1102 857 3183 1
3498 4088 5236 1929 1
4023 1515 1748 1542 1
1628 4023 1515 1748 1
2960 2096 2142 2649 1
1128 3004 2999 1040 1
2845 2960 2649 2096 1
2197 2096 2960 2845 1
1566 1702 1411 1505 1
4848 4902 4436 4485 1
1447 1365 1328 1244 1
1566 1608 1525 1447 1
66 213 2834 167 1
3061 1658 1687 1732 1
4436 4848 5505 4902 1
4188 4296 3307 2702 1
4848 1506 5505 4902 1
2156 3411 3111 2141 1
4848 4436 5138 4485 1
4848 5505 5138 4436 1
3307 4296 4509 2702 1
2693 1479 4698 1701 1
3111 2210 2141 3411 1
4047 2156 3411 2168 1
2861 2122 2197 2845 1
4087 1040 2999 3674 1
2824 100 2825 2862 1
26 2824 2862 100 1
2693 2711 5324 5317 1
26 2862 47 100 1
47 2862 2834 126 1
3519 3054 1247 5091 1
1678 1728 2711 1812 1
1533 1658 1589 1698 1
2721 2854 2628 2677 1
477 4133 431 4203 1
2812 2628 2721 2854 1
3427 3054 4773 3519 1
3427 3054 3519 5091 1
2812 2721 2726 2854 1
2812 2911 2628 2854 1
3211 3228 3256 2381 1
2930 1131 1037 1125 1
3201 2643 2645 3628 1
3228 2381 3211 3882 1
3211 2381 3683 3882 1
1184 1276 1252 1053 1
3201 2645 2643 2670 1
2662 3201 2866 3628 1
2662 2866 3201 2670 1
3211 2366 3683 2381 1
4133 3437 431 3998 1
2366 2381 3211 3256 1
2688 1395 3596 1565 1
373 604 3070 461 1
4359 4044 4398 5257 1
4133 386 431 3437 1
775 3070 2902 604 1
3188 4230 3867 3371 1
1346 1565 1648 1490 1
1395 3596 1174 1418 1
1565 2688 1490 3596 1
2688 1613 1699 1583 1
4203 4133 431 3998 1
461 604 3070 775 1
668 3184 2839 3327 1
4018 1493 1270 3503 1
477 386 431 4133 1
2471 2419 2441 2420 1
2506 2490 2471 3777 1
1797 2664 1787 1678 1
2851 2194 2191 2163 1
2851 2218 2234 2191 1
2851 3154 2218 2191 1
3093 4599 2145 2133 1
3957 3363 2076 2087 1
5234 5054 4411 5503 1
5234 5526 5396 4469 1
1965 2820 1955 3210 1
4938 5262 4509 930 1
2654 2243 2415 2792 1
2792 2243 2415 2403 1
2415 2403 2865 2792 1
2415 2792 3087 2654 1
2415 2792 2865 3087 1
925 966 4749 3191 1
2734 1640 1604 1713 1
4773 4670 1247 3054 1
4503 3191 3756 1205 1
1309 1393 1305 1295 1
2913 2007 2096 2649 1
1653 5510 1604 1628 1
1769 1659 3498 4370 1
1713 1604 1653 5510 1
2734 1713 1604 1653 1
2845 2649 2913 2096 1
3064 4670 4773 3054 1
3259 2662 3201 2670 1
1653 1604 5395 1628 1
1309 1305 1401 1225 1
3259 2670 2643 2771 1
3191 1205 1087 3756 1
1769 4370 3498 4088 1
2146 2175 2222 2185 1
2146 2130 2175 2185 1
2559 4400 4050 2579 1
2559 4400 2575 2549 1
4377 1528 1346 1565 1
2788 2906 2795 3017 1
2788 2906 3017 2787 1
47 2834 2863 66 1
4370 1659 3498 3905 1
47 66 2863 40 1
3017 3224 2710 2787 1
3017 2801 2710 2648 1
1712 1793 1738 1731 1
3017 2648 2795 2783 1
3017 2648 2783 2678 1
760 808 749 829 1
182 2716 2836 132 1
2717 237 311 4354 1
317 272 2717 351 1
4341 194 246 199 1
12 2613 2684 2773 1
12 2684 7 42 1
282 2717 317 272 1
3823 337 269 311 1
3823 287 337 311 1
2716 199 246 162 1
12 2773 2684 42 1
272 351 287 2717 1
2967 2773 42 2684 1
7 2613 2684 12 1
269 3823 246 337 1
3823 287 246 337 1
269 246 303 337 1
282 237 2717 2836 1
2717 237 330 311 1
2836 182 237 2717 1
2508 2548 2865 2572 1
269 246 4341 303 1
282 2717 272 2836 1
2841 3639 2865 3087 1
2147 1961 1988 2915 1
2147 2173 1961 2915 1
2868 2624 3189 608 1
404 412 423 3919 1
370 433 423 404 1
3817 342 320 404 1
2394 2376 2392 2424 1
1076 4641 989 1012 1
3063 3324 2704 2882 1
2882 3063 2766 2704 1
2625 3315 2766 1425 1
2819 2726 2854 2627 1
2627 179 2911 2854 1
3063 2642 1425 2883 1
3063 2642 3324 1425 1
3315 3063 1425 2641 1
511 435 437 497 1
1133 1238 1251 1093 1
3806 1237 4982 5065 1
5635 3806 4982 5065 1
2335 2272 2295 2347 1
497 511 435 3917 1
2335 2330 2378 2347 1
435 3456 497 510 1
3637 3781 3091 3702 1
2887 788 472 560 1
609 3781 3346 3637 1
1364 662 2833 619 1
1364 2833 1415 619 1
3456 437 435 497 1
2831 2527 2609 2606 1
2831 2609 2527 3281 1
776 2631 436 338 1
776 3439 2631 338 1
776 3439 338 556 1
2845 1973 1960 1398 1
2845 1960 2122 2047 1
2845 1862 1960 2047 1
3300 2706 2852 2820 1
2852 3248 3452 2820 1
497 3917 435 510 1
1594 1569 1712 1738 1
1657 5133 2696 1776 1
3073 764 2991 3727 1
2178 2247 2263 2674 1
764 3073 4473 3727 1
1750 4728 5509 4923 1
5107 1822 1821 1746 1
4074 5451 1822 5107 1
1746 1594 1778 1681 1
306 3316 4317 380 1
1657 2696 1725 1778 1
1681 2696 1778 1746 1
1681 2696 1746 1776 1
1750 5196 4728 4923 1
5023 3565 695 3771 1
4728 5196 1750 5284 1
3820 3771 5023 695 1
1933 2646 3215 907 1
2845 1973 2122 1960 1
4359 5257 3021 3531 1
4110 4359 3021 3531 1
4110 5527 4359 3531 1
3220 4413 4140 1602 1
3273 3359 3438 3140 1
3438 3541 3273 3140 1
1102 3195 954 1229 1
3183 1102 3195 954 1
3220 3923 4413 1602 1
4282 3923 3220 1602 1
4667 3220 4140 1602 1
4667 1602 4282 3220 1
4359 5379 3531 5527 1
3161 4282 4670 3715 1
2934 3487 2137 3459 1
3217 3480 3374 3514 1
1550 1784 1708 1723 1
3715 3161 4282 3421 1
3161 4667 4282 3421 1
4667 4282 4126 3161 1
3161 4282 4126 4670 1
619 2833 811 494 1
3130 5509 1750 4728 1
29 38 16 25 1
4476 2079 2101 3060 1
2729 2706 2062 2184 1
3130 4728 1750 5284 1
2706 2184 1965 2062 1
3134 1612 1573 1281 1
3002 3727 937 3469 1
1364 662 849 2873 1
1364 1398 2873 849 1
2067 4687 2081 2130 1
2019 4687 2081 2067 1
1293 1333 1323 1414 1
3469 3033 937 3002 1
3828 1625 4502 1615 1
3371 3867 3425 3824 1
4687 3957 2067 2019 1
3517 3622 2683 3751 1
2993 3033 937 3469 1
2677 152 53 110 1
937 3469 3727 2993 1
4359 5379 5257 3531 1
3145 2444 3166 2927 1
3145 2491 2450 3166 1
2526 3166 2450 2491 1
2805 2720 1868 3129 1
2805 1868 2834 3129 1
2720 2620 3129 2805 1
3129 3083 2720 1868 1
4087 1040 3674 1387 1
1364 662 2873 2833 1
3134 1573 4380 1281 1
1281 1573 4380 1386 1
1323 3151 3282 1248 1
3620 1975 1928 1841 1
5391 3828 1615 3230 1
4482 4408 5385 5105 1
2099 2180 3359 3358 1
2863 40 13 47 1
2099 3359 2180 3849 1
2544 2506 2521 2554 1
3080 1796 5028 5066 1
1313 1207 1266 1247 1
1266 3822 1207 1313 1
2861 2152 2122 1972 1
1484 1612 3489 3509 1
1671 3489 3084 5342 1
2792 2651 2861 2257 1
2846 1972 2152 2861 1
2257 2152 2861 2792 1
3420 3109 4653 3036 1
2771 2691 2670 2643 1
950 1091 1016 1164 1
1409 4383 4148 2980 1
950 939 1016 1091 1
2673 1868 2712 3189 1
3189 1868 2712 3175 1
2790 2712 1868 3175 1
1031 950 1164 1091 1
2422 3145 2889 3513 1
918 901 858 847 1
3145 3513 2422 2488 1
3145 2488 2422 2450 1
4898 950 871 858 1
2874 2907 3281 3465 1
2377 2449 3288 2363 1
2428 2907 2573 2831 1
2728 3281 2831 2527 1
3281 2946 2527 2728 1
4824 728 758 3687 1
4746 2363 3288 2449 1
3514 2889 2422 3145 1
4824 758 728 713 1
4824 804 758 713 1
2531 2453 2503 4054 1
3514 3145 2422 2450 1
3158 4012 3400 4097 1
2456 2418 2516 2487 1
2451 2531 2516 2487 1
2451 2453 2531 2487 1
3288 3882 4746 2449 1
2854 120 67 69 1
4746 3683 2449 3882 1
4746 3683 2363 2449 1
3098 3396 3109 3420 1
3249 5387 3396 3109 1
3249 3844 5387 3109 1
2115 2934 2097 1976 1
3249 3844 3109 3036 1
4653 3098 3109 3420 1
3032 3715 4282 3421 1
2877 11 2684 85 1
2877 2824 11 2612 1
2676 2885 2612 11 1
5052 1384 3505 1550 1
4005 2972 5406 4115 1
3505 1488 1384 1549 1
5052 1708 3505 1549 1
4448 3238 1821 1876 1
4448 1620 1823 1784 1
1169 3037 4577 4147 1
2734 1680 1713 1653 1
3827 2734 4879 5424 1
5406 2972 4828 4115 1
2734 1448 1680 1653 1
1609 4005 5406 4115 1
983 2701 1003 874 1
3165 3078 3730 4188 1
983 2701 5223 1003 1
4129 3640 1024 1253 1
1003 2701 940 874 1
984 1253 1232 1024 1
2701 940 5025 1003 1
451 259 3611 2627 1
208 231 285 300 1
208 231 160 255 1
208 285 231 255 1
5322 230 231 277 1
206 2782 5322 230 1
5223 2701 5025 1003 1
2085 2278 2247 2771 1
1697 1660 1739 1794 1
970 948 3155 826 1
1176 3155 970 948 1
3091 3702 3398 3566 1
358 3028 3725 265 1
3523 3233 1052 2752 1
1052 3233 3174 3056 1
3091 3702 3566 3488 1
451 259 314 3611 1
1175 4855 1015 1172 1
314 2757 3611 259 1
2724 2810 2663 2633 1
5364 2460 2481 2518 1
5364 2500 2460 2518 1
5364 2518 2536 2535 1
5364 2500 2518 2535 1
2724 2634 2810 2633 1
3174 3233 1052 3523 1
2724 2810 2634 2806 1
2724 2663 2810 2806 1
476 4628 467 449 1
4628 468 449 476 1
3801 2737 554 4339 1
3566 3702 4303 3488 1
480 467 476 512 1
5421 3233 1052 5027 1
1034 1077 1292 1043 1
467 476 426 386 1
2737 4628 476 4339 1
1292 968 1043 1077 1
467 476 449 426 1
1052 3233 5421 2752 1
2639 2712 1868 3257 1
476 4628 2737 467 1
3257 3232 2712 1868 1
3095 3232 3257 1868 1
3106 344 333 3338 1
1292 1302 1034 1043 1
1292 3982 1302 1043 1
1292 968 3982 1043 1
4240 3424 3338 387 1
1052 3233 3056 5027 1
3235 3057 4239 1455 1
1903 3113 1987 1909 1
1903 4557 3113 1909 1
1903 1987 3113 5484 1
1903 3113 1908 5484 1
1609 4115 5406 4138 1
3079 4225 1039 4336 1
4138 4115 5406 4387 1
117 221 3239 5224 1
117 194 221 133 1
192 3239 117 221 1
2854 179 67 120 1
2627 259 2911 179 1
117 221 5224 133 1
3235 4383 3057 1455 1
4844 4186 3235 1455 1
2918 3259 3594 3793 1
5406 4115 4828 4387 1
3235 4844 1455 4239 1
458 505 475 468 1
4383 1455 3235 4186 1
1093 1203 1215 1238 1
1133 1208 2809 1076 1
4258 5223 5025 1244 1
229 3260 152 2914 1
152 2672 2914 3260 1
1076 1215 1238 1093 1
2672 2677 3260 152 1
2677 110 3260 152 1
229 3260 110 152 1
1244 5223 5025 1003 1
3513 1214 2893 2745 1
1093 1215 1012 1076 1
1133 1076 1238 1093 1
2745 1214 2694 2700 1
2653 2533 2828 2480 1
2480 2523 2533 2828 1
2653 3234 2480 2828 1
3513 2745 2700 1214 1
2682 1214 2706 3513 1
829 817 808 749 1
2682 1214 3513 2700 1
829 817 909 920 1
829 808 817 920 1
1523 3580 3822 1313 1
829 817 749 751 1
1978 5325 2760 5031 1
1924 2759 5134 5031 1
1924 1945 1927 1857 1
3065 1644 796 2870 1
3065 3179 1644 2870 1
1924 1978 2760 5031 1
3162 959 1182 1138 1
5031 5050 1978 5325 1
2704 3324 2662 2718 1
3162 1144 1182 945 1
2785 1228 1013 3711 1
945 1144 3552 3162 1
78 110 2884 2677 1
204 2884 110 3053 1
3184 3158 861 688 1
861 3184 3280 3158 1
3371 3149 2852 3131 1
2612 2885 125 22 1
1101 1409 1259 1412 1
2292 2588 2350 2597 1
2597 2350 2580 2588 1
2588 2329 2350 2557 1
2292 2329 2350 2588 1
2588 2557 2350 2580 1
4498 5485 3135 4584 1
1101 1412 1259 1209 1
5485 4450 3135 4584 1
2601 2593 2604 2838 1
2601 2838 2604 2596 1
3312 3135 5485 4450 1
2689 2678 2915 3099 1
2915 2678 2645 3099 1
1207 1247 3022 3121 1
2623 2673 1868 2639 1
2708 2920 3435 5058 1
4182 4621 2680 1367 1
3256 2381 2337 2326 1
683 632 646 660 1
47 2863 2834 2862 1
26 13 2863 2613 1
1872 2883 3063 3386 1
3228 2337 3256 2381 1
1872 1938 2883 3386 1
3386 3203 3193 1872 1
3193 1872 3063 3386 1
2661 2633 2636 2810 1
2661 2634 2633 2810 1
2810 3088 2637 3083 1
683 682 660 646 1
3088 2634 2810 2637 1
2753 2299 3464 2886 1
3464 2886 2299 2157 1
2944 2637 3088 3083 1
1491 1403 1444 1593 1
2705 2299 2753 2886 1
1491 1403 1310 1444 1
2170 2886 2157 2299 1
3022 4773 3121 1247 1
3088 2944 2802 2637 1
788 944 560 2887 1
2783 2689 2887 2892 1
3088 2637 2802 2634 1
2689 944 2887 560 1
248 2887 270 405 1
4182 2680 1504 1367 1
1491 1310 1403 5383 1
208 183 160 108 1
26 2613 2862 2824 1
208 183 285 255 1
26 2863 2862 2613 1
1783 1846 1771 1810 1
4530 1870 1783 1821 1
3139 1935 4709 5507 1
2567 2533 2523 2924 1
5214 5479 1932 4270 1
2689 1988 2915 2827 1
5215 1967 5214 2005 1
2689 2915 2678 2827 1
668 2839 3184 861 1
668 3184 2977 861 1
4670 3121 2973 2947 1
4670 3121 2947 4773 1
2376 2447 2399 2424 1
1364 1973 2845 1398 1
3492 2820 2977 3280 1
1364 1398 2845 2873 1
3280 3184 2977 3492 1
3098 3422 3270 3396 1
3098 3422 5140 3270 1
2880 883 4674 955 1
3396 5387 3422 3270 1
4914 642 5023 792 1
5387 1475 3422 3270 1
151 5055 138 155 1
3049 4626 3254 3060 1
556 3206 3334 447 1
2476 3651 3145 2733 1
4483 4480 1393 1497 1
447 609 3206 3781 1
1408 1297 1314 1386 1
1243 1408 1396 1297 1
1243 1249 1408 1314 1
4160 990 1174 4231 1
3206 3781 3334 447 1
1429 4245 1418 4292 1
927 904 4118 827 1
966 5130 5336 4971 1
4118 827 904 3066 1
2747 899 976 5033 1
2747 5033 4083 899 1
1499 390 149 129 1
1499 390 129 2626 1
2626 129 2789 390 1
2874 3281 2728 2946 1
3727 3451 4569 4059 1
886 818 840 865 1
2747 976 886 4519 1
1263 1299 4538 1038 1
129 149 2789 390 1
1422 3039 1503 2635 1
1503 3039 2846 2635 1
2690 2820 2646 2977 1
1965 2646 2820 2977 1
3000 2706 2646 2820 1
3451 3727 4569 2991 1
2820 2706 2646 1965 1
2690 3000 2646 2820 1
2684 2773 2620 2727 1
2684 2613 2620 2773 1
2773 2727 2749 2620 1
2652 3086 3466 3126 1
2652 3126 3466 2660 1
2652 2660 3466 2898 1
1088 1368 4168 5344 1
3688 4031 3062 3714 1
1088 1368 5344 3304 1
2911 2757 153 228 1
2188 4154 3986 3266 1
504 438 2839 688 1
1368 4345 1088 3343 1
4012 3765 3994 688 1
3047 1266 1523 4126 1
3304 1368 3947 1088 1
5186 950 1031 1091 1
3343 4168 1088 1368 1
3688 4282 3062 4031 1
1256 2692 4992 4139 1
4282 3062 4031 3923 1
3314 3438 2683 3359 1
1643 4815 5269 3199 1
1263 3572 1038 1234 1
4985 2920 3435 2708 1
583 653 835 2892 1
2892 2689 653 835 1
3572 4625 1234 1263 1
5469 4287 5450 1666 1
1660 1643 4757 3199 1
3199 4757 5269 1643 1
835 1534 2915 2689 1
835 2915 2756 2689 1
2915 1961 1534 835 1
1666 5450 5469 1616 1
2745 3513 2356 2893 1
1705 5557 3531 2744 1
3810 4240 3456 510 1
2656 2928 2428 2874 1
1179 1157 1360 3150 1
2928 2907 2428 2874 1
5223 3463 1157 3150 1
5223 1157 3463 4258 1
5108 1700 5631 4843 1
2271 2275 2312 2276 1
3032 3715 3421 4058 1
4844 4058 3715 3032 1
3104 4140 4125 4667 1
5337 3531 2744 1705 1
3104 3421 4140 4667 1
2751 1432 5577 5525 1
2751 5013 1205 1455 1
2751 1432 5013 1455 1
2751 5013 1432 1256 1
3104 4140 4849 4125 1
2751 1221 1205 1256 1
2751 1362 1221 5525 1
4814 4135 1675 1473 1
4848 1605 1675 4135 1
5493 1891 4524 4690 1
4498 3135 5213 4584 1
2687 1359 1418 1434 1
3135 3391 5213 4584 1
4378 5213 3135 3391 1
2656 2753 2876 1509 1
1854 1979 1899 1889 1
1899 1979 1984 1889 1
1899 1984 1979 1991 1
1854 1899 1979 1991 1
1774 1889 1905 1979 1
2674 2728 2876 2656 1
2656 2874 2876 2753 1
3367 3280 3158 861 1
2656 2728 2876 2874 1
3653 283 4536 345 1
2807 260 266 206 1
2910 2805 2834 2620 1
2910 2834 2863 2620 1
2669 3762 842 5042 1
3460 3078 4552 4940 1
2910 2773 2749 2620 1
2773 2620 2910 2613 1
2910 2749 2805 2620 1
3001 3004 3019 863 1
2613 2863 2620 2910 1
714 4419 2669 680 1
836 4940 3078 4188 1
3019 863 3024 4371 1
3460 3078 5318 4552 1
3019 863 3004 3024 1
5604 3699 3557 4506 1
3481 4079 2830 4467 1
3879 2101 2114 2075 1
4685 2830 2837 4079 1
2074 2112 2092 2075 1
2797 4158 547 565 1
849 2873 662 585 1
2797 475 462 4635 1
2797 462 524 523 1
2797 523 4158 565 1
1849 1867 1763 4230 1
286 214 2921 2750 1
4357 2323 3228 2303 1
2841 2660 3558 2898 1
4230 3127 1849 1867 1
2130 4687 3236 2076 1
4746 4008 3228 3882 1
1982 3375 1940 1917 1
3614 3450 3375 1804 1
588 2625 314 373 1
588 2625 373 604 1
3614 1917 1804 3375 1
2220 2198 2238 2237 1
3152 3889 3082 3108 1
764 4473 3008 3451 1
3152 3889 3108 3994 1
3152 3889 3981 3082 1
4106 352 3106 3496 1
3994 3889 4012 3152 1
616 3231 654 578 1
2873 1398 1862 1004 1
849 1004 1398 2873 1
2873 1398 2845 1862 1
3138 4119 4059 4577 1
352 3106 333 4106 1
3138 4119 4445 4059 1
1422 1425 2638 2803 1
300 3595 2754 4513 1
3045 3138 4059 1161 1
4178 236 283 183 1
1422 2623 1425 2814 1
3290 266 3966 4055 1
4455 266 2807 3966 1
1422 2623 2639 1425 1
2648 2801 2827 2678 1
4445 3138 4059 3045 1
4455 183 3653 208 1
2678 2801 2827 2857 1
2900 2162 2089 2123 1
2900 2135 2162 2123 1
2900 2123 2089 2086 1
2900 2135 2123 2086 1
1777 1845 3141 1866 1
891 1096 953 4100 1
3029 1612 1679 1573 1
2678 2799 2645 2743 1
191 181 2926 157 1
191 189 181 157 1
191 181 189 217 1
2645 2799 2678 2915 1
2803 2814 2902 2622 1
1573 1679 1649 1612 1
2622 2902 2803 3009 1
775 2622 2902 3070 1
1866 1845 3141 5468 1
3070 2622 2902 2814 1
775 2902 2622 3009 1
1777 1817 3141 1845 1
543 599 551 628 1
551 599 506 562 1
543 599 506 551 1
2526 2374 3166 2329 1
661 599 551 562 1
3468 4568 4714 1696 1
5010 3468 4714 1696 1
551 661 628 599 1
2374 3166 2450 2526 1
1785 1696 4714 4568 1
1785 1696 1638 4714 1
2967 2773 2684 2727 1
4677 973 4434 1033 1
2754 386 346 322 1
2754 346 332 300 1
322 346 277 331 1
322 346 300 277 1
2754 393 5539 332 1
4070 25 16 38 1
2940 973 1033 4434 1
3567 4447 5433 3295 1
3155 969 1124 823 1
1124 969 897 823 1
4434 2940 1170 1033 1
1124 823 897 867 1
3223 3295 1625 4502 1
4677 1033 4434 1303 1
1214 2657 2659 2681 1
2897 281 2618 2825 1
2778 927 1187 1162 1
2897 2824 125 100 1
2897 2825 2824 100 1
5374 1265 2778 1285 1
4677 1033 1303 1239 1
2567 2566 2589 2898 1
2567 2523 2898 2924 1
2898 3558 2841 3529 1
1280 1201 905 970 1
2841 2946 3466 2898 1
4257 3824 3517 3425 1
1201 970 4188 905 1
905 1026 1201 1280 1
3867 3824 4257 3425 1
725 3237 755 712 1
3294 2650 3298 2869 1
3298 2650 2888 2869 1
2755 331 387 2665 1
755 3237 750 712 1
3223 3295 4410 3714 1
3062 3714 3295 4447 1
763 3001 3237 725 1
3093 4599 3208 2145 1
2937 248 2887 270 1
560 2887 270 472 1
2687 1358 2688 1418 1
1896 1765 3748 1839 1
2887 248 2937 2631 1
2718 3201 3793 3259 1
4694 1883 1896 1910 1
3201 2645 2866 3628 1
755 902 750 3237 1
3201 2866 2645 2670 1
3259 3201 2643 2670 1
2718 3793 3201 3628 1
2328 3114 2502 3178 1
3051 1525 1217 1445 1
1614 1525 1505 1566 1
1525 1505 1445 1555 1
1555 1505 1614 1525 1
3051 4983 1614 1543 1
3051 1555 1614 1525 1
3051 1365 1217 1525 1
3052 1365 3051 1525 1
2917 1973 2122 2845 1
1614 1566 1505 1702 1
2917 1972 2122 1973 1
1614 1608 1525 1566 1
3093 3208 4954 2145 1
3145 2889 2700 3146 1
2889 1513 2700 3146 1
2700 1513 2743 3146 1
788 1278 944 2933 1
788 944 2887 2933 1
2783 2678 2648 2827 1
2689 944 2933 2887 1
2689 944 2827 2933 1
2892 560 653 2689 1
583 2892 457 653 1
4085 2277 2272 3296 1
457 653 2892 560 1
2145 3208 5333 4599 1
4677 1042 973 1033 1
4085 2272 2206 3296 1
4010 987 975 4236 1
4874 3421 3104 4058 1
4448 1823 1698 3238 1
2804 865 840 818 1
4714 5349 4718 1852 1
1050 876 902 979 1
3018 3727 4569 3002 1
3297 3766 1479 1516 1
4448 3238 5018 1821 1
2307 2285 2309 2258 1
1870 3238 1821 5018 1
2307 2309 2285 2344 1
2307 2344 4517 2368 1
1346 1565 1528 1648 1
1346 1565 3596 4377 1
691 1647 2715 1027 1
2134 2223 3648 2320 1
2328 2806 3648 2134 1
2320 2328 3648 2134 1
2724 3648 2134 2223 1
2724 2134 3648 2806 1
254 2616 85 2877 1
3021 4079 3048 2837 1
1816 1770 3216 1847 1
1210 5270 4118 3066 1
3021 4079 4110 3531 1
4869 793 855 708 1
4869 823 867 897 1
1090 3066 1210 4738 1
1210 4118 4738 3066 1
2991 3727 4569 3018 1
1816 1882 1847 3216 1
1050 1053 1242 979 1
3952 1770 1847 3216 1
3399 1847 1882 3216 1
2758 565 626 552 1
2758 615 626 565 1
2758 3384 615 565 1
1210 3821 3066 1090 1
2940 752 3240 890 1
785 733 3240 807 1
1269 3803 1201 1268 1
3766 3297 5431 1516 1
5349 1852 4714 4524 1
2099 3359 3849 3171 1
3273 3438 3359 3171 1
3849 3251 3171 3124 1
3727 4059 4569 3002 1
785 3258 927 4180 1
5270 3066 1210 3821 1
3824 4257 3517 3618 1
3114 3178 2533 2502 1
2502 3178 2533 2562 1
125 22 2824 2612 1
2897 125 2824 2612 1
2882 2750 2626 2757 1
2750 2923 2626 2757 1
2750 2923 3242 2626 1
188 2616 496 353 1
849 2873 585 1004 1
188 2616 85 254 1
188 2616 254 496 1
2750 3242 2882 2626 1
1046 930 1193 3984 1
1268 3984 1046 1193 1
1268 1269 3984 1193 1
2777 1590 1518 1469 1
3222 1518 1590 1471 1
3399 3216 1882 1803 1
2760 2759 5031 5325 1
2032 5062 2760 1978 1
2304 2225 2305 2327 1
1945 1997 1993 3246 1
1945 1997 1927 1993 1
2628 2818 2677 2938 1
2562 2867 3178 2586 1
3072 2818 2938 1499 1
4087 3025 4482 3058 1
7 2684 11 42 1
4766 2029 2032 4553 1
2032 1991 1978 2760 1
2761 949 1098 1120 1
3940 1011 920 2761 1
2732 2650 2179 2126 1
3136 4445 3045 3138 1
4147 3136 3138 5272 1
2869 2126 2179 2650 1
1098 949 5323 1120 1
2562 2867 2551 2502 1
3177 3065 3668 2830 1
3668 3379 3065 2870 1
290 2878 376 3750 1
2295 2283 2228 2272 1
2335 2284 2283 2272 1
2114 2144 2156 3951 1
1835 2846 1415 1972 1
2330 2295 2353 2347 1
340 355 343 416 1
1835 2103 2846 1972 1
343 340 416 413 1
1499 3225 2994 390 1
3479 2834 2863 2910 1
40 2910 3479 2863 1
390 128 2994 149 1
1499 2994 149 390 1
90 40 2910 3479 1
390 3225 2994 381 1
658 729 762 783 1
775 604 2902 980 1
658 762 729 596 1
658 661 762 596 1
2723 2828 3560 2728 1
2674 2728 2723 2655 1
2745 2694 2733 2700 1
3513 2745 2733 2700 1
3664 1493 1639 3634 1
4270 1927 1993 5256 1
1927 1945 1993 5256 1
4270 1932 1993 1927 1
2321 2934 3153 3487 1
2217 3153 2305 2321 1
2934 2217 2181 2321 1
2207 3487 2934 2321 1
2207 2321 2934 2181 1
2706 2765 2852 2682 1
3138 3136 4445 5272 1
2844 602 3633 371 1
650 602 371 3633 1
2844 3502 2615 3633 1
5406 4005 5411 4359 1
3651 2700 2695 2875 1
3651 2432 2278 2656 1
3651 2278 2432 2444 1
3651 2444 3145 2927 1
2671 2656 3651 2278 1
2697 2784 2822 3120 1
2784 2602 2822 3120 1
3120 2602 2822 2660 1
3126 3120 2822 2660 1
2697 3120 2822 3126 1
944 1833 2827 1278 1
944 2827 2933 1278 1
4055 4105 347 3731 1
4178 217 294 236 1
2764 4379 1358 1524 1
2687 2688 1583 1418 1
2588 2557 2520 2329 1
2588 2526 2329 2520 1
3974 2436 2359 2482 1
2687 1358 1418 1359 1
2359 2466 2482 2436 1
1673 1839 1699 1613 1
4174 2466 2482 2359 1
2482 3974 2349 2359 1
2688 2764 2687 1583 1
1699 1673 2688 2764 1
1583 1699 2688 2764 1
2806 2202 2043 2134 1
2688 1583 1429 1613 1
2687 1359 1540 1524 1
5 4 1 3221 1
957 1092 1052 5421 1
3221 5 129 2923 1
5 2 3221 1 1
129 4 5 3221 1
1673 1613 1699 2688 1
2663 2867 2697 2652 1
2874 2928 2907 3465 1
1673 1699 1839 1765 1
2874 2907 2428 2831 1
2663 2867 2652 3178 1
3178 3648 2663 2867 1
4174 2482 2349 2359 1
1199 1872 2659 2644 1
3205 2681 1199 3192 1
2627 3205 1199 3192 1
2812 1872 1199 2628 1
134 116 60 55 1
516 2790 2621 557 1
957 1092 4358 1052 1
4833 719 3570 787 1
719 798 831 801 1
5122 1456 3029 4643 1
5122 4643 4717 1456 1
1171 1259 3442 3482 1
1171 5083 4570 3442 1
1171 3442 4148 3482 1
2250 1938 2808 2170 1
1575 1380 3444 1524 1
1971 1992 2011 1900 1
1971 2017 1992 1900 1
2054 2017 2052 1992 1
3407 2244 2290 4107 1
3719 3204 3288 2275 1
2874 3281 2831 2728 1
3444 1571 1450 5523 1
1575 1450 1568 3444 1
1044 1013 828 813 1
1013 926 828 813 1
4115 3421 3032 3220 1
3403 1709 1644 3179 1
2526 3166 2444 2329 1
2927 2444 3166 2329 1
2750 2941 2623 3242 1
2444 2588 2526 2329 1
857 842 812 925 1
857 1118 842 925 1
2292 2444 2329 2588 1
1709 3606 1644 3179 1
2859 767 1264 3276 1
2859 1264 2632 2901 1
1264 2859 3276 2901 1
2292 2444 2927 2329 1
3780 3179 3522 3606 1
1675 1629 5174 4951 1
947 1013 828 1044 1
3182 3440 1955 3400 1
2623 2814 2749 2941 1
2750 2941 2814 2623 1
3309 3182 3452 3467 1
3452 3400 1955 2820 1
1955 3440 3182 3679 1
2735 2327 3476 2668 1
3182 3400 1955 3452 1
2683 3251 3547 3124 1
2683 3171 3251 3124 1
259 228 2911 135 1
259 2911 228 2757 1
3171 3517 2683 3251 1
87 122 140 266 1
2683 3751 3547 3251 1
3251 3517 2683 3751 1
87 195 122 266 1
87 140 225 266 1
87 225 195 266 1
828 926 1013 947 1
733 789 3348 850 1
4115 4874 3032 3421 1
1898 2870 1644 3606 1
1142 3203 3611 3376 1
1142 3611 3277 3376 1
3373 2870 796 1316 1
2815 2028 2179 2037 1
3376 3611 3277 3193 1
3376 3203 3611 3193 1
2640 2667 3160 2066 1
2674 2667 2263 2093 1
5179 850 3348 789 1
3160 2093 2667 2674 1
3184 2690 2977 3492 1
3184 3765 2690 3492 1
3648 2502 3255 2867 1
3307 3976 3931 5262 1
3307 3976 5262 4509 1
3681 4511 2948 3186 1
4740 1666 5450 4287 1
322 3437 4324 408 1
172 99 154 123 1
2178 2674 2263 2093 1
172 154 99 139 1
99 154 74 139 1
1985 2157 2932 3229 1
1985 3229 2932 2103 1
2650 2867 2697 2663 1
3648 3255 2663 2867 1
2650 2763 2663 2697 1
2724 3648 3255 2663 1
1224 1151 5048 1160 1
2763 2724 2650 2663 1
408 3437 4324 3761 1
3998 3761 3437 408 1
408 386 322 3437 1
3104 4511 3681 3186 1
3275 1537 1361 1268 1
1447 1328 1566 1360 1
1447 1328 1525 1566 1
2934 2137 2068 3459 1
2068 2137 2002 3459 1
2934 2827 2068 1833 1
2827 2002 2068 1833 1
3275 1537 1312 1361 1
3423 1003 3264 884 1
629 648 3570 589 1
1160 1003 994 3264 1
3593 2679 3334 3781 1
3423 1003 884 932 1
5246 1047 1244 5025 1
5362 5349 4718 4714 1
856 864 1003 874 1
3297 1374 1479 3766 1
856 1003 940 874 1
5349 4714 5362 4524 1
2917 2122 2861 2845 1
2917 1972 2861 2122 1
2917 1973 2845 1364 1
4598 3297 5431 3766 1
1364 1973 1972 2917 1
1364 2873 2845 2917 1
2667 2255 2159 2699 1
3119 1514 3047 5091 1
2699 2255 2159 2202 1
3119 1514 4126 3047 1
2718 3259 3594 3252 1
3793 2918 1002 3655 1
4282 3520 1514 3119 1
3520 5091 1514 3119 1
4126 4282 1514 3119 1
2676 2919 11 85 1
5604 764 2962 2959 1
4985 2708 2856 2920 1
2885 2676 2919 11 1
96 2994 128 149 1
2818 2994 2677 2938 1
2818 2994 2938 1499 1
2903 2595 2602 3169 1
2079 2132 2111 3254 1
1006 3484 3559 3347 1
2645 1962 2799 2026 1
4646 927 1187 2778 1
3603 2111 3254 2079 1
2691 2799 1962 2109 1
2645 2799 1962 2691 1
2026 1962 2799 2109 1
1322 1290 3845 1204 1
2854 106 180 120 1
2768 1088 5618 1058 1
2768 1058 919 996 1
301 357 348 399 1
3675 808 782 949 1
339 327 329 295 1
339 329 301 295 1
339 377 329 327 1
3675 949 782 899 1
3060 3254 3049 2079 1
1100 928 872 1070 1
2101 3254 3060 2079 1
920 782 949 899 1
920 808 949 782 1
4200 2975 1493 4727 1
2975 1544 1493 4727 1
2907 2609 2831 3281 1
2531 2560 2558 2570 1
2874 3281 2907 2831 1
2531 2560 2547 2542 1
1654 1493 2975 1544 1
648 589 629 4505 1
2797 4158 523 524 1
4533 1493 2975 3634 1
623 565 648 4505 1
1654 1493 3634 2975 1
785 733 3258 3240 1
1493 4200 4533 2975 1
5069 885 826 3627 1
3240 733 3258 890 1
5604 764 3008 3451 1
5604 764 3451 2962 1
785 733 724 3258 1
4781 695 5121 656 1
695 4781 655 595 1
2218 3154 5232 3623 1
2617 372 2897 2686 1
2617 2897 372 3128 1
2617 753 3128 372 1
3258 850 890 733 1
3348 3258 724 733 1
2617 372 2686 3502 1
1070 5393 5283 4981 1
1070 4856 5393 4981 1
2107 3236 2082 2065 1
2617 372 3502 753 1
2748 2905 2839 3765 1
3417 3106 323 352 1
2065 4687 3236 2082 1
2218 2851 5232 3154 1
2851 2241 3862 3753 1
2218 3862 3623 5232 1
1778 1594 1746 5451 1
3611 2627 3203 692 1
3862 5279 3623 5232 1
2544 2490 2471 2506 1
595 695 4781 656 1
4847 1300 1061 1380 1
4781 695 5581 5121 1
3192 2627 3203 3611 1
1209 1380 1259 1061 1
3513 3145 2517 2488 1
3145 2491 2517 2488 1
1380 1061 4847 1171 1
3145 2491 2488 2450 1
1259 1380 1171 1061 1
3412 813 830 3654 1
968 995 1077 3262 1
2906 2648 3017 3224 1
3017 2648 2710 3224 1
830 3654 813 1013 1
3412 3654 4304 813 1
4304 813 3654 1013 1
4313 136 5508 127 1
2 3221 146 14 1
2 14 5 3221 1
146 90 3221 2 1
3262 921 968 995 1
90 3221 2 18 1
861 2839 3184 688 1
2910 2749 2623 2805 1
2910 2623 2749 2941 1
2941 3274 2749 2910 1
2736 21 41 27 1
2736 336 383 2615 1
2736 383 336 70 1
2736 41 70 27 1
3247 76 119 222 1
3247 222 3028 76 1
995 3262 1394 1077 1
2921 222 3247 119 1
4274 3534 4223 3291 1
4274 4017 3326 3291 1
3402 3542 4140 4633 1
3262 995 1394 1081 1
695 3820 655 4781 1
3262 921 995 1081 1
1484 1551 1612 3509 1
2850 1433 1134 1168 1
1433 1587 1572 2850 1
902 3001 763 1025 1
902 763 1090 1025 1
2026 2799 2173 2109 1
2570 2547 2563 2546 1
2570 2547 2578 2563 1
2799 2026 2173 2915 1
2570 2531 2528 2558 1
478 2802 516 1079 1
2570 2547 2560 2578 1
516 2802 717 1079 1
478 614 2802 1079 1
2570 2560 2547 2531 1
4115 3032 4239 3923 1
2915 2026 2173 1961 1
4590 1091 991 4674 1
4850 4812 5091 1247 1
695 5581 3820 4781 1
4115 4874 4239 3032 1
1144 3772 3497 1169 1
4147 1144 1192 1169 1
1144 4147 3772 1169 1
3462 2244 4523 2220 1
1144 1169 3497 1192 1
3538 3197 3131 2787 1
3712 3398 3765 3889 1
1567 1716 5608 2920 1
780 696 785 685 1
827 745 873 904 1
827 696 745 755 1
827 3066 745 904 1
827 745 3066 755 1
696 724 785 685 1
2666 3382 755 724 1
4383 1455 4881 1621 1
696 827 785 724 1
2856 1716 2920 5608 1
113 248 3133 2884 1
113 170 3133 248 1
1059 1032 1166 1020 1
262 170 248 3133 1
1719 2920 1716 1773 1
1059 4652 1020 1107 1
864 1003 1160 3264 1
3342 5577 1362 2751 1
2327 2668 2304 2225 1
2735 2327 2668 2304 1
2735 2327 2304 2388 1
5542 1716 1719 2920 1
2304 2422 2735 2388 1
5391 5415 3230 1615 1
1793 1904 1906 1822 1
1793 1906 1827 1822 1
1793 1827 1906 3830 1
2878 1 3221 18 1
1716 5542 2856 2920 1
4402 406 2624 608 1
1052 1092 2752 5421 1
1052 1092 4358 2752 1
856 1003 864 3264 1
1325 2850 3265 1125 1
3265 1125 2850 2930 1
2930 1125 4233 3265 1
4233 1014 3370 1125 1
282 279 240 272 1
2774 223 279 240 1
2836 202 168 223 1
4035 1580 1338 4153 1
170 262 45 381 1
341 349 381 45 1
1503 2638 2654 2846 1
2614 381 45 3263 1
1503 2638 2846 3039 1
2653 2533 2924 2828 1
2586 2533 2567 2924 1
2614 381 102 45 1
2567 2589 2586 2924 1
2523 2533 2828 2924 1
3263 381 45 341 1
2867 2660 3178 2586 1
170 102 381 45 1
262 349 45 381 1
3503 1580 1338 4035 1
1580 1639 1338 4153 1
3745 1639 1338 1580 1
1352 1502 1106 1223 1
2820 1965 1955 2062 1
3357 4035 1580 3503 1
546 4478 460 500 1
546 577 4958 500 1
405 560 457 2892 1
3995 2400 3269 4297 1
546 577 575 4958 1
2892 2689 2887 560 1
2648 2934 2801 2741 1
2379 2400 3269 2406 1
2626 3324 2718 3252 1
1661 5281 5530 1633 1
2379 2406 3269 3142 1
3103 1522 1564 1399 1
3103 1522 1496 1564 1
4176 1502 1106 1352 1
5602 1611 5281 1557 1
4670 4126 1266 3047 1
1562 5281 5605 5602 1
2741 2934 2801 2668 1
128 381 102 2614 1
390 2994 128 381 1
128 2994 102 381 1
390 381 128 2614 1
3294 3298 2903 2869 1
3294 2903 3298 3169 1
1472 1334 1254 1381 1
4273 1502 1223 1106 1
2686 372 3861 336 1
4176 1106 1502 4273 1
2736 2686 2676 27 1
2736 27 70 336 1
3518 1627 2680 1363 1
1627 2680 1363 1439 1
3518 1366 5281 1334 1
1199 2644 1463 2853 1
1721 1612 1551 1649 1
2938 2994 52 149 1
3137 1825 1842 1807 1
1872 2644 1199 2853 1
1872 2644 2853 2662 1
2775 458 505 503 1
1084 952 3071 1128 1
4628 2737 5080 2775 1
2737 476 467 512 1
1518 1292 1519 1302 1
1518 1438 1292 3041 1
1518 1394 1292 1438 1
2567 2898 2589 2924 1
2523 2898 2924 2828 1
2170 3490 2886 2808 1
2808 2886 3386 3490 1
1938 2886 3386 2808 1
2808 1938 2886 2170 1
5359 4821 5218 803 1
5213 3253 1501 3391 1
1518 1519 1292 1469 1
2857 2137 3501 3602 1
4266 3253 3391 1516 1
1471 1372 2731 1342 1
1042 1239 958 1033 1
927 4646 3854 2778 1
1322 1204 2811 1492 1
144 162 5055 112 1
2811 1204 938 1277 1
112 151 162 5055 1
3077 2029 4096 3904 1
3077 2029 2073 4096 1
1475 1536 3270 3561 1
1255 1363 1262 1369 1
1258 1262 1363 1290 1
1258 1290 1363 1286 1
1255 1363 1254 1258 1
1334 1363 1286 1258 1
543 551 506 479 1
2763 2650 2724 2732 1
3927 1150 4850 1261 1
2928 2753 2299 2430 1
543 506 501 479 1
543 506 599 501 1
2672 2788 2914 2631 1
2928 2299 2362 2430 1
3106 344 3338 387 1
3338 3510 387 344 1
3352 1451 5471 3534 1
543 599 563 501 1
3352 5471 1451 1545 1
551 635 628 661 1
3439 2914 2631 338 1
2724 2650 2179 2732 1
3255 2650 2663 2867 1
3424 514 519 4240 1
4240 514 519 513 1
4240 514 513 3512 1
3338 514 4240 3512 1
2724 3255 2650 2663 1
4188 4296 836 3307 1
3338 3424 4240 514 1
2879 602 2929 862 1
2617 2929 1861 2859 1
2879 2929 602 2859 1
453 2616 2929 766 1
4576 5214 1967 2005 1
4437 1983 1967 1993 1
3667 1451 3352 1466 1
4108 3352 1451 1545 1
4303 5102 1092 4021 1
4643 3029 5122 3894 1
800 5009 5287 781 1
800 5332 5009 5179 1
3450 1761 1641 3375 1
2129 2075 3060 2050 1
3614 1641 3375 3450 1
2619 2703 2635 2858 1
2619 2635 2703 2779 1
4354 3283 3847 275 1
2873 2619 2635 2833 1
2619 2635 2779 2873 1
2833 2858 2619 2635 1
3823 182 3283 186 1
3085 2203 2346 2843 1
2199 2649 3085 2707 1
3298 2903 2843 2786 1
3085 2649 2100 2632 1
3614 1641 3450 1607 1
2773 76 119 3247 1
2100 3085 2632 2119 1
286 373 2921 3299 1
2921 373 2622 222 1
2901 2632 3085 2119 1
186 269 3283 3823 1
3283 5570 288 269 1
2301 2317 2781 3433 1
2781 2658 2374 2329 1
507 508 485 544 1
3285 1663 3080 1548 1
2770 1545 4597 2769 1
3297 1479 1374 4698 1
2771 2085 2691 2643 1
2691 2109 1962 2085 1
2691 1962 2643 2085 1
1374 1485 4698 1479 1
3906 3080 1548 3285 1
2782 208 5322 231 1
2782 160 208 231 1
4887 3383 258 221 1
4885 1511 4703 3027 1
2782 140 208 108 1
2782 118 140 108 1
2782 160 118 108 1
2782 208 160 108 1
118 2782 140 206 1
2782 206 208 140 1
206 122 118 230 1
4885 3027 5438 1511 1
1614 1665 1702 1505 1
1511 4885 3125 5438 1
1487 1637 1482 1416 1
5331 1487 1637 1482 1
5166 4545 3365 1346 1
922 1644 796 3065 1
5331 1482 1240 1312 1
1487 1416 1482 1312 1
5331 1487 1482 1312 1
1312 1232 1240 1253 1
4887 3963 258 3383 1
1273 1287 1124 1132 1
1124 1054 1132 1287 1
922 3593 3065 796 1
1409 3632 4889 1466 1
2650 3169 2697 2867 1
1466 3667 3632 4889 1
2677 2931 2884 2629 1
2677 3194 2931 2629 1
5460 1402 1431 1303 1
2925 2873 585 2619 1
1609 5406 5411 5379 1
2884 2677 2629 2994 1
2818 3194 2677 2629 1
2818 2629 2677 2994 1
3391 1474 1516 1501 1
5379 5406 5411 4359 1
1369 1255 1381 1304 1
5213 3391 1501 1474 1
2815 2028 2732 2179 1
811 775 494 3009 1
1835 3009 1626 775 1
3009 2846 2833 1415 1
2243 2152 2257 2792 1
2243 2152 2846 2103 1
3096 3982 1043 1302 1
2674 2247 2313 2656 1
5313 3368 1486 1506 1
2674 2247 2263 2313 1
997 4994 3289 1174 1
1036 3289 1196 997 1
5401 1506 1486 3368 1
2674 2656 2642 2771 1
2639 2674 2642 2673 1
2833 2635 2917 2846 1
497 3306 510 550 1
3309 3679 3467 2053 1
225 232 3290 4178 1
225 4455 4178 3290 1
950 901 2730 1016 1
950 1164 2730 1031 1
788 2933 743 1278 1
4455 3290 266 3966 1
950 918 901 858 1
2065 2076 3236 4687 1
3306 3445 510 550 1
2785 947 1013 1140 1
2918 3259 3793 2643 1
3229 2157 2932 2187 1
3793 3201 2643 3259 1
3117 3077 3485 2004 1
3793 2643 3201 3628 1
743 1137 1278 2933 1
3077 2004 3363 3485 1
2887 2933 455 788 1
2933 2648 1137 1278 1
730 3203 3611 1142 1
588 3611 3277 1142 1
588 3611 1142 730 1
3117 2004 3485 2022 1
3363 2022 3485 2004 1
2258 2307 2282 2309 1
2258 2224 2242 3887 1
1358 997 1174 3320 1
3887 2307 2259 2242 1
2141 2156 2112 2114 1
5468 1884 1845 3141 1
2141 3879 2114 2112 1
2141 2156 4047 2112 1
3293 5124 3488 935 1
691 2715 1647 753 1
3128 753 2715 691 1
50 4729 4313 136 1
4313 136 3973 50 1
3676 3218 3622 2683 1
5149 4889 3949 3235 1
1845 1741 1740 1767 1
4889 4383 3577 3057 1
2683 3218 3622 3517 1
3371 3517 3218 2683 1
3131 3218 3676 2683 1
3371 3218 3131 2683 1
2339 2401 3268 2412 1
2339 3268 2401 3387 1
2565 2339 3268 2412 1
2565 3268 2339 3387 1
4383 3030 3577 3057 1
1716 5209 5608 4618 1
2085 2292 2691 2109 1
2292 2085 2691 2278 1
2735 3476 2327 2268 1
3266 2188 5279 3163 1
2934 2068 2827 3459 1
221 303 258 269 1
221 4341 303 269 1
1216 3203 692 730 1
1716 5566 5209 4618 1
1641 3450 1607 1532 1
2654 2187 2243 2846 1
2654 2187 2846 2932 1
3229 2187 2932 2103 1
2103 2932 2846 2187 1
2277 2297 3296 3785 1
1804 3450 1532 1607 1
2232 2245 2297 3296 1
2245 2206 3296 2232 1
3816 2366 4347 3211 1
1853 1797 2664 4906 1
3937 1809 2821 1907 1
4849 3681 3716 3186 1
2845 2047 2096 1862 1
1287 1124 3101 1284 1
4906 1797 1786 1866 1
1284 1124 3101 1176 1
3259 2670 2642 2796 1
2907 2577 2608 2430 1
2796 2642 3259 3324 1
2137 2207 3487 2934 1
2217 2181 2097 2934 1
3097 3101 1284 1287 1
61 372 3861 2936 1
2608 2907 2430 2541 1
3153 2217 2934 2321 1
2697 3298 2784 3169 1
2903 2602 2784 3169 1
2867 3350 3120 2660 1
504 2839 438 273 1
3126 2867 3120 2660 1
2697 2867 3120 3126 1
1364 1972 1415 2917 1
1364 2917 1415 2833 1
2846 1415 1972 2917 1
2833 2917 1415 2846 1
1201 970 3101 4188 1
4482 3441 5385 4408 1
3097 4188 1201 3101 1
4670 3047 1247 3054 1
2167 2305 2217 3153 1
4670 3119 3047 3054 1
3703 654 719 616 1
4515 665 628 536 1
4952 3899 4743 5243 1
4952 1686 5312 4822 1
2410 2523 2828 2728 1
2835 3498 4925 5236 1
4149 640 3703 616 1
719 616 4149 3703 1
1929 5236 3498 2835 1
5442 3498 4925 2835 1
3599 2773 3274 2910 1
3274 2773 2749 2910 1
1659 3498 5442 2835 1
2750 161 2923 228 1
119 2773 3274 3599 1
286 161 2750 314 1
4670 4126 3047 3119 1
1514 3047 1523 4126 1
968 1136 921 3262 1
968 1292 1136 3262 1
453 2616 254 2877 1
254 2844 2877 2676 1
453 2844 2877 254 1
3076 3625 50 32 1
3270 1536 4030 4389 1
3326 4017 3843 3291 1
2794 263 250 343 1
2676 2952 2919 85 1
254 85 2922 2676 1
1475 3326 3843 3291 1
2553 4050 2534 3100 1
2794 247 238 263 1
3212 237 247 368 1
212 2794 238 202 1
3119 3064 3054 4670 1
3100 4050 2534 2555 1
3212 247 2794 355 1
3212 317 282 330 1
223 2794 250 276 1
4442 1526 1655 3511 1
4412 3511 5111 1655 1
1406 3511 4193 4412 1
1406 4060 3511 4273 1
3212 317 330 368 1
223 279 2794 276 1
3212 2794 317 355 1
3212 317 368 355 1
4060 4442 3511 4273 1
5598 1902 1882 1859 1
2846 1972 2861 2917 1
2938 109 149 52 1
1834 4768 1765 1883 1
2938 2994 2677 52 1
1499 2994 2938 149 1
149 96 2994 52 1
2586 2660 2924 2589 1
1765 1834 1743 1755 1
3178 2924 2586 2660 1
606 600 677 598 1
4220 677 600 598 1
4349 677 600 4220 1
3117 3485 2077 2022 1
3807 3038 3665 4321 1
3721 2254 2238 3462 1
3204 3407 3721 2244 1
2869 3432 2339 3387 1
4321 3038 3665 1638 1
4321 3038 1638 4714 1
3407 2244 4107 3721 1
1774 1889 1979 1854 1
3684 2087 2077 2091 1
2087 3363 2091 3684 1
1190 1279 3644 5162 1
4317 247 243 312 1
5362 3038 4321 4714 1
2907 2430 2928 2577 1
4897 243 312 4317 1
1279 3644 4171 1357 1
2156 2213 3111 3411 1
125 2686 2939 2885 1
2657 2214 2106 2893 1
3111 2210 3411 2213 1
3632 4931 1099 3016 1
146 3274 3698 90 1
3184 3280 2977 861 1
119 3274 146 90 1
3210 2977 3280 861 1
3210 3280 3367 861 1
3367 3280 3400 3158 1
3231 640 621 5478 1
578 616 5360 654 1
3231 5145 640 689 1
3111 2210 2213 2221 1
3111 2213 4228 2221 1
4228 2213 3111 2156 1
5250 5461 3202 1809 1
3632 3016 5193 4931 1
2756 2892 641 835 1
2756 2892 3181 641 1
3102 4450 3312 1117 1
502 2797 475 462 1
2797 4864 523 565 1
3261 2892 349 3181 1
547 524 502 470 1
502 463 462 475 1
2911 67 2854 179 1
2911 67 135 82 1
502 2797 462 524 1
4864 552 523 565 1
2911 153 82 135 1
502 470 462 463 1
641 835 2892 583 1
4410 1694 4062 3223 1
547 2797 502 524 1
349 583 641 2892 1
3261 517 3181 349 1
3913 2183 2174 2132 1
768 5371 4936 5285 1
2132 2158 2174 4626 1
1041 3275 4273 1312 1
5094 1618 1553 1657 1
5094 1611 1557 1618 1
5584 1611 1618 1693 1
906 984 912 1073 1
906 1065 984 1073 1
3803 1268 1046 3275 1
3803 1046 4509 2702 1
3803 3275 1046 2942 1
2174 2183 2158 2132 1
1228 1013 5086 1149 1
3284 528 2748 438 1
278 438 3284 2748 1
3738 145 144 83 1
3738 83 2798 117 1
2798 199 133 5055 1
2798 194 133 199 1
2798 3738 194 144 1
2869 2339 2192 2401 1
717 1186 2637 1158 1
717 2802 2637 1186 1
717 2637 2790 1158 1
2126 2233 2192 2869 1
102 381 2994 170 1
717 2790 2637 2802 1
2944 2637 2790 2802 1
1797 1741 1845 1767 1
1797 1866 1845 1777 1
4906 1967 1853 1983 1
3803 1046 1268 3984 1
3225 3261 2994 381 1
170 3261 381 2994 1
3275 4273 3934 1223 1
2319 3116 2297 2277 1
2942 3803 2702 1046 1
3529 2946 3397 2841 1
2590 3529 3397 2841 1
2319 2273 3116 2277 1
5485 1117 3312 4450 1
2673 2918 2640 3160 1
3803 3984 4509 1046 1
2918 3160 3613 2640 1
5048 983 864 897 1
2101 3729 3060 3254 1
5048 983 897 1056 1
4085 2277 3296 3308 1
5048 983 1224 1003 1
5048 1003 1224 1160 1
3308 3296 3785 2277 1
5048 983 1003 864 1
2221 3308 3785 2277 1
5633 1461 1553 1557 1
3308 2221 2213 2277 1
2685 1652 3061 1495 1
2114 3729 2101 2144 1
4085 2213 2277 3308 1
3378 2114 3729 2075 1
3378 3060 2075 3729 1
2144 4365 3729 2101 1
1694 3223 4410 5555 1
322 352 3757 3417 1
1617 2756 641 835 1
961 977 2702 1046 1
2101 4365 3729 3254 1
961 1041 977 1046 1
961 963 1041 1046 1
3381 3441 1660 5459 1
2924 2660 2898 2589 1
641 2756 1617 822 1
3671 3441 3381 5459 1
5169 1183 1213 1436 1
5169 4905 1507 4181 1
5169 4181 1507 1436 1
5225 3993 2849 5575 1
935 5562 5482 5277 1
1026 1280 905 903 1
2934 2058 1790 1833 1
967 1010 931 987 1
970 1280 1235 903 1
1280 905 903 970 1
2253 3310 3862 4144 1
4581 3046 2165 5432 1
2211 3310 2209 3641 1
3310 5279 3862 4144 1
999 933 5155 3071 1
3972 4431 5292 1805 1
4636 1412 1575 4017 1
3309 3467 3452 3267 1
2250 2808 2117 2170 1
3972 1714 4431 1805 1
3544 1955 3452 3267 1
1617 2915 2756 835 1
1961 2915 1617 835 1
3972 1714 1805 1893 1
3935 2406 3783 2419 1
495 444 4049 4786 1
150 94 95 190 1
235 95 216 190 1
3366 2406 3783 3935 1
3783 2419 2406 2400 1
3222 1288 1471 1453 1
3783 2406 3995 2400 1
4049 444 369 4786 1
2745 2356 2475 2367 1
3995 2406 3783 3366 1
2745 2367 2386 2657 1
2745 2458 2367 2475 1
5379 5294 3531 1619 1
2922 2676 85 2952 1
2676 21 2919 2952 1
3666 3321 1117 3040 1
150 95 235 190 1
1117 3102 3040 3321 1
1117 3312 3102 3321 1
3691 134 169 174 1
3292 3490 3588 2000 1
193 116 3691 134 1
134 174 3691 193 1
2000 3292 1969 3408 1
3691 218 193 174 1
124 116 134 55 1
1869 1957 1824 1970 1
1869 1824 1957 4276 1
3408 3588 2000 3292 1
2170 3388 3490 3292 1
3292 3409 1969 2117 1
4007 4083 797 875 1
1956 2023 3578 1919 1
1956 2023 2008 2019 1
2008 2023 2067 2019 1
2170 3388 3292 2117 1
1956 2023 1905 2008 1
1956 1905 2023 1919 1
3977 3048 5257 5294 1
3258 3348 3313 850 1
1023 949 1120 892 1
1023 899 949 892 1
920 829 808 760 1
920 877 829 760 1
927 3942 3258 3313 1
920 808 782 760 1
1023 949 2761 1120 1
1855 3180 4901 4543 1
3180 1743 5240 1676 1
876 755 827 902 1
4254 902 876 979 1
2804 840 865 5183 1
5179 850 3313 3348 1
3274 2749 2773 3247 1
3274 3247 2773 119 1
5179 4600 3313 850 1
2664 1807 1787 3137 1
2664 1858 1853 1842 1
3886 4069 5211 3390 1
2741 2934 2167 1898 1
1678 5324 1728 5375 1
2664 1853 1812 1797 1
343 3316 263 284 1
343 355 263 3316 1
2934 1976 1898 1790 1
2664 1797 1812 1678 1
2648 1898 1790 2934 1
2648 2934 2741 1898 1
4317 3316 263 355 1
572 645 613 3477 1
634 645 606 593 1
557 2624 715 2790 1
532 555 574 656 1
532 538 555 656 1
532 584 538 656 1
532 574 584 656 1
306 4112 4317 3316 1
716 2790 715 1559 1
716 1559 1158 2790 1
2884 110 113 204 1
2934 1898 1976 2115 1
2934 2115 2167 1898 1
5482 5255 3390 1139 1
1139 3390 1226 5255 1
2015 2082 2065 2064 1
3886 3980 5211 1282 1
2015 2064 2065 2045 1
4775 2082 4623 2020 1
4775 2088 2082 2020 1
3886 1226 3980 1282 1
3301 2547 2531 2528 1
2502 2867 3178 2562 1
5452 1066 1219 4566 1
1516 1474 3391 4548 1
2390 3301 2531 2528 1
4974 1338 3503 1493 1
2750 2941 3242 2923 1
2881 784 769 736 1
776 2795 2631 3439 1
2795 2788 2631 3439 1
2881 647 707 686 1
3242 2941 3750 2923 1
4662 1338 1493 1639 1
146 2941 214 2923 1
4974 1338 1493 4662 1
2750 214 2941 2923 1
1493 1639 1338 3745 1
2941 3750 2923 3698 1
3503 1338 3745 1493 1
2941 3698 2923 146 1
1516 3391 4213 4481 1
1127 1219 5452 1066 1
2967 77 2684 42 1
103 42 77 2967 1
93 103 2967 42 1
1516 4548 3391 4481 1
2740 1779 1729 1727 1
5527 5379 3531 1619 1
2724 2179 2136 2037 1
5257 5379 5294 3531 1
997 1300 3320 1358 1
3320 1057 1009 997 1
2547 2457 4054 2473 1
2547 2532 2457 2465 1
1789 1772 1807 1825 1
2235 2237 2238 2198 1
2235 2198 2191 2218 1
2235 2237 2198 2218 1
1789 1786 1807 1772 1
2569 2822 2592 2561 1
2547 2473 2465 2457 1
3213 3353 2552 2595 1
5322 277 231 300 1
5322 300 231 208 1
2592 2822 2587 2561 1
145 144 83 89 1
2318 2358 2311 2286 1
2359 2411 2358 2427 1
2359 2286 2318 2315 1
3392 2305 3153 2321 1
2359 2358 2318 2286 1
2321 2280 3487 3392 1
2359 2358 2353 2427 1
2304 3153 2305 2225 1
3153 2934 3217 3487 1
2668 3217 3153 2934 1
4054 2547 3301 2457 1
5230 1648 1878 1839 1
2937 2887 210 270 1
324 2887 436 455 1
210 2887 2631 324 1
210 270 2887 455 1
2688 1490 2764 1673 1
3198 3601 1685 3148 1
3867 3127 5180 3824 1
3320 1061 997 1009 1
3320 1300 997 1061 1
2688 1358 1490 3596 1
3402 3453 3811 3127 1
1629 1685 1715 3148 1
3198 3601 3148 4436 1
865 996 974 4310 1
2921 3274 2941 214 1
865 974 996 919 1
974 919 865 924 1
974 924 967 919 1
3098 3396 3270 3109 1
3109 5387 3396 3270 1
2188 3023 3163 3266 1
1222 1274 1100 1298 1
1184 1222 1181 1089 1
2809 1251 1133 1238 1
2809 1215 1238 1076 1
307 311 275 5358 1
307 275 318 251 1
307 311 5358 3660 1
830 813 728 926 1
2806 2094 2043 2202 1
119 3274 2921 214 1
3216 3952 4764 1803 1
927 904 4646 4118 1
1803 3399 4484 1882 1
3193 1872 2766 3063 1
13 40 2863 30 1
2766 1872 3611 2812 1
3193 3386 3063 2641 1
2863 40 2910 30 1
2811 1204 1277 1492 1
3193 2766 1872 3611 1
2445 2379 3269 3142 1
4888 2445 3269 3142 1
4888 2455 2445 3142 1
1124 969 3155 3323 1
1803 4484 3399 4082 1
4213 4450 4378 3102 1
1209 3458 3143 5370 1
1965 2977 2820 3210 1
1084 4450 4213 3102 1
1795 1717 1857 1789 1
1795 1789 1857 1825 1
4194 5439 1165 1082 1
1049 3749 1015 4855 1
4986 4905 1327 4501 1
3102 4213 3040 4910 1
2610 2603 2831 2606 1
2598 2603 2831 2610 1
1296 5252 5233 3813 1
2159 2066 2239 2667 1
3098 3270 4389 3109 1
5581 768 4936 4781 1
757 794 4116 4456 1
757 794 721 4116 1
4911 1682 1486 1690 1
4397 794 757 4456 1
3042 1762 1690 1792 1
2857 3433 2147 3528 1
3433 3501 3602 2857 1
3098 3270 5140 4389 1
3042 1792 1690 1621 1
3043 1486 5401 4401 1
3042 1690 5253 1621 1
3109 3561 3270 4389 1
2401 2236 2192 2869 1
2869 2138 2843 2236 1
3343 4168 1368 3568 1
2988 5367 772 858 1
3091 4109 3488 854 1
1113 1179 1103 1360 1
871 772 5367 858 1
858 847 2988 918 1
5367 4898 871 858 1
5367 5398 4898 858 1
2988 847 858 772 1
3343 1368 1384 3505 1
2189 2168 2213 2156 1
4364 2154 3504 2112 1
2189 2213 2168 2840 1
1179 1157 1103 1360 1
3134 1573 1318 4380 1
3189 1868 3175 2624 1
5387 1475 3270 3561 1
3189 2624 3175 608 1
2790 2624 715 3175 1
715 3175 2624 608 1
2813 4117 1060 3674 1
2790 3175 1868 2624 1
1052 1139 5249 5592 1
1318 3134 4380 4329 1
3405 5146 960 1052 1
1318 4375 1573 4202 1
3405 4124 1074 3174 1
3174 1074 3405 3056 1
5027 1052 3405 3056 1
2881 707 769 686 1
5027 3405 1052 5146 1
4303 3406 4358 4006 1
1364 2833 2873 2917 1
4006 3406 4358 1148 1
3406 4978 1148 4006 1
4978 3406 4209 4006 1
1264 2632 1711 862 1
3715 3105 4670 1219 1
2750 2921 286 373 1
2214 2160 2106 2893 1
5252 3550 5233 4259 1
1199 2681 3000 1214 1
1359 3330 3320 1418 1
4756 1057 3330 5060 1
2480 2828 2410 2523 1
373 2750 2625 314 1
4277 2956 4670 2961 1
4841 3161 2955 2956 1
1099 5027 5130 1022 1
4282 3105 4670 3715 1
3192 1872 1199 2812 1
3611 2812 1872 3192 1
5027 3056 4971 1022 1
759 688 3712 528 1
3765 688 3712 3994 1
113 3133 170 2994 1
2735 3476 2268 3314 1
2268 3314 2172 3209 1
2735 3314 2268 3209 1
3476 2180 2268 3358 1
2268 3476 3358 3314 1
2994 113 3133 2884 1
3056 1099 1022 5027 1
2817 4650 1231 4565 1
5027 1022 4971 5130 1
3030 3130 3057 1621 1
2817 1314 1341 1111 1
2817 1341 1314 1318 1
3577 3130 3057 3030 1
5075 5592 1052 5249 1
2360 2368 2344 2307 1
2344 4404 2368 2375 1
4845 2438 2360 2372 1
4845 2360 4522 2368 1
2344 2372 2360 2309 1
2344 2309 2360 2307 1
3178 3648 2867 2502 1
4206 4425 561 4133 1
2689 2678 2783 2827 1
238 2794 223 202 1
4206 3424 4425 4133 1
3130 3577 1610 3159 1
5265 5369 3414 3869 1
3869 3414 4840 5369 1
250 238 263 2794 1
2794 279 317 340 1
97 152 53 2677 1
2794 279 340 276 1
4828 3414 4840 3869 1
97 69 2677 53 1
4358 5249 1052 3891 1
3824 3583 5180 4001 1
3781 528 2748 3284 1
188 2684 2616 2967 1
1905 2008 2023 2057 1
188 77 2967 103 1
1979 2008 1984 1889 1
1979 2008 2049 1984 1
1979 2008 2057 2049 1
447 528 3781 3284 1
3055 3019 3013 4371 1
3024 3004 3013 4238 1
5075 5249 1052 4358 1
1513 2801 2743 3514 1
2743 2658 2799 2691 1
1052 1139 3891 5249 1
5180 3127 3583 3824 1
2801 1513 2743 2678 1
3824 3583 4142 3453 1
2440 2457 5001 2532 1
1719 3413 1843 1716 1
3769 1719 3413 1843 1
5040 3496 440 4038 1
1192 945 4147 4893 1
3942 850 3258 3313 1
4340 4106 3106 3496 1
3824 4142 3583 4001 1
3942 850 890 3258 1
3424 4340 3106 3496 1
2503 2556 2493 2537 1
2490 2524 2493 2452 1
3618 3517 3171 3251 1
1898 2648 2870 2741 1
2683 3676 3224 3622 1
5406 4828 3414 4387 1
2870 3224 3676 3622 1
1316 2870 1898 2648 1
3618 3584 3517 3251 1
3251 3584 3517 3751 1
2532 2528 2538 2558 1
4455 3966 2807 3653 1
3414 5406 3880 3869 1
2788 2795 2906 3439 1
3439 3668 2906 2679 1
2532 2538 2528 2509 1
2679 3668 3593 3439 1
2532 5001 2440 2509 1
3568 4420 1494 4431 1
2570 2546 2532 2547 1
3653 5322 2807 4455 1
2878 3221 129 2923 1
5322 2807 3595 3653 1
1368 3568 1494 1574 1
199 4594 151 186 1
4594 186 155 151 1
3568 1494 1574 4431 1
3345 2994 102 96 1
4594 5055 199 151 1
2921 2622 373 2814 1
2716 2836 132 162 1
3340 1127 1200 5211 1
4168 3568 1494 1368 1
3880 5265 3414 3869 1
3340 1200 1241 5211 1
2977 3215 3210 1965 1
690 3570 629 648 1
690 3570 648 4895 1
3136 3045 3552 3138 1
4346 1385 3352 5149 1
3499 575 4958 466 1
3136 3138 3552 4147 1
3499 4958 596 466 1
2715 492 691 1027 1
2821 4557 2823 4496 1
4889 3667 3352 1466 1
4557 2823 5596 2821 1
3552 4147 945 3136 1
3552 3136 945 959 1
959 3045 3552 3136 1
4108 2770 3352 1545 1
3546 1074 4854 5089 1
4197 2495 4679 2535 1
1074 5089 3546 5211 1
2877 2676 2686 2612 1
4758 1279 3343 1190 1
2877 2844 2686 2676 1
2671 2670 2691 2875 1
2875 2743 2670 2691 1
1190 1384 1279 3343 1
3546 4854 1282 5089 1
2826 1108 1037 1005 1
2826 1005 915 1080 1
2826 1108 1005 1080 1
3546 5089 1282 5211 1
2826 1108 1080 1077 1
3234 2410 2480 2828 1
1279 4168 4758 3343 1
5297 2421 2454 2497 1
2729 2306 2706 2184 1
2498 2822 2707 2484 1
2505 2822 2498 2569 1
4487 5129 1265 4677 1
349 2892 262 457 1
262 457 2892 405 1
349 583 2892 457 1
2941 2814 2749 2921 1
5075 3144 5592 5249 1
4211 5409 4176 5152 1
4442 3511 1655 1577 1
4874 4115 3104 3421 1
3584 3645 3517 3743 1
3645 3582 3517 3743 1
2626 2878 129 2923 1
2626 2789 129 2878 1
3144 5249 5075 4358 1
3346 3781 3172 3091 1
3172 3346 3091 3888 1
609 3781 3172 3346 1
1824 1894 4680 1970 1
1476 1747 1745 4520 1
3348 850 3258 733 1
3421 3220 4140 4667 1
3189 3175 2640 3341 1
2673 2712 2640 3189 1
2918 3189 2640 3341 1
2673 2640 2918 3189 1
2197 2257 2122 2861 1
2861 2122 2152 2257 1
3421 4667 4282 3220 1
3348 669 3896 3418 1
3348 3418 3896 5085 1
3594 3657 3428 3302 1
1879 1970 1824 1801 1
3230 3828 1615 1625 1
3822 3580 4849 4440 1
2896 1054 1073 1151 1
3192 2659 1199 1872 1
3565 616 589 584 1
1073 971 2829 1151 1
3565 589 684 4134 1
2800 2667 2640 1998 1
1151 1054 1132 2896 1
2800 1559 1998 2640 1
2505 2822 2569 2561 1
2895 2896 1054 867 1
3565 589 4134 584 1
1151 1179 1056 1113 1
2854 2630 180 106 1
241 177 180 2630 1
835 2756 2892 2689 1
2892 2756 3099 2689 1
3455 2892 2756 3099 1
144 194 162 159 1
2938 67 2911 82 1
145 194 144 159 1
1214 2657 2694 2659 1
2938 82 52 67 1
162 159 194 246 1
222 3028 265 2622 1
222 3028 76 265 1
1938 2694 2657 2659 1
1893 1827 3354 1758 1
3354 1821 3168 4074 1
643 575 667 577 1
658 643 737 3897 1
814 758 869 804 1
814 737 758 804 1
643 667 737 3897 1
643 658 737 729 1
1821 4074 3354 1827 1
3085 2649 2199 2100 1
3085 2888 2119 2843 1
2901 2888 2119 3085 1
851 3788 3627 697 1
1514 3047 5091 1478 1
3620 2021 1928 1975 1
2832 2437 2495 2455 1
453 602 2844 371 1
3415 234 3963 271 1
2481 2437 2495 2832 1
2481 2437 2460 5364 1
2048 2021 3620 1975 1
301 292 343 250 1
301 257 292 250 1
2838 2786 2459 2843 1
2838 2843 2459 2869 1
2568 2786 2459 2838 1
2401 2459 2869 2838 1
3963 234 3415 3383 1
3452 3248 2852 3069 1
3248 3069 3467 3453 1
641 3181 2756 822 1
517 3181 641 822 1
3452 3248 3069 3467 1
286 214 3196 2921 1
119 3196 214 2921 1
2776 2647 3197 2788 1
1514 3047 1478 1523 1
3197 2787 2788 2647 1
2375 2387 2354 4404 1
2368 4845 2375 4522 1
2905 2647 3197 2776 1
3197 2647 3131 2787 1
4012 3765 3492 3889 1
1964 1840 2835 1929 1
3874 2143 2165 2104 1
2783 2892 2887 3133 1
2754 346 393 332 1
405 2892 2887 560 1
346 2754 393 386 1
405 2887 2892 3133 1
3334 3284 3781 2748 1
278 3334 447 298 1
278 3334 298 2672 1
3874 2104 2165 4581 1
1707 1532 1804 3450 1
3334 2672 278 2748 1
1890 1981 2018 2001 1
658 4204 599 577 1
2165 3874 2161 2143 1
2938 2709 52 2677 1
3874 4581 2165 5432 1
2938 52 82 109 1
2938 2709 2677 2854 1
3874 2165 2161 5432 1
343 284 3892 3316 1
3451 4059 4445 852 1
3316 4165 284 3892 1
1563 1435 1517 1453 1
2836 282 202 223 1
2836 240 282 223 1
5155 5485 3071 1117 1
1901 1887 3356 1937 1
3225 3181 3455 3261 1
3225 517 3181 3261 1
5389 852 4119 4059 1
1313 1266 1523 3047 1
1607 1488 4025 3614 1
1607 1574 3972 4025 1
4119 852 4445 4059 1
3972 1607 4025 3614 1
4644 3950 4653 3912 1
3539 771 3851 4143 1
3539 4143 3559 4652 1
648 684 3570 589 1
1282 5193 3235 4186 1
5328 2701 1157 1045 1
5193 4383 3235 4186 1
2903 3353 2595 3169 1
3662 5296 5307 4789 1
5564 4789 5181 4749 1
1282 4186 3235 4844 1
1484 3829 1551 3509 1
1827 1948 1906 3830 1
3446 5629 5106 1710 1
696 827 745 873 1
696 827 873 785 1
696 745 704 873 1
780 785 696 873 1
3752 1948 1906 1827 1
1550 1784 4448 3168 1
1933 2160 2646 1877 1
379 430 344 3510 1
1784 1876 4448 3168 1
3698 3750 2910 2941 1
113 248 2884 204 1
2623 2941 3750 3242 1
78 113 2884 110 1
2977 1965 2646 3215 1
248 204 2631 2884 1
3215 2646 1933 1965 1
5097 3446 5106 1710 1
3750 2623 2910 2941 1
316 3510 366 379 1
3446 1756 5629 5064 1
5064 1710 3446 5097 1
3534 1466 3326 4274 1
3314 3359 2683 3476 1
920 949 1023 899 1
899 920 795 877 1
4188 831 3155 3101 1
610 575 546 577 1
4188 3155 831 4149 1
906 4188 3101 831 1
801 4188 906 831 1
801 831 4149 4188 1
1707 1761 1804 1915 1
920 899 795 782 1
1917 1804 1838 4658 1
925 946 1118 842 1
1707 1804 1838 1915 1
2938 82 153 109 1
2938 115 153 2757 1
2938 153 82 2911 1
2911 2938 153 2757 1
1171 946 916 1118 1
916 1118 946 842 1
1171 1118 5065 946 1
925 946 5065 1118 1
5322 2807 332 3595 1
2840 2189 2200 3812 1
2840 2216 2224 2242 1
2840 2168 2216 2213 1
2840 2200 2189 2242 1
2840 2224 2200 2242 1
2840 2242 2189 2213 1
2840 2216 2242 2213 1
5539 356 3595 332 1
3352 1451 3534 1466 1
1023 899 877 920 1
4377 2975 3365 1528 1
2754 300 332 3595 1
5322 300 3595 332 1
3365 3287 1263 3429 1
1296 3813 5233 5394 1
3663 3352 3534 1466 1
1422 2814 2803 3207 1
2858 2749 1422 3207 1
2890 3207 1422 2803 1
2890 3207 2858 1422 1
3685 3454 5279 3310 1
3685 3454 3310 4154 1
2749 2814 1422 3207 1
3366 2832 5190 4888 1
2832 5171 2481 3366 1
3534 3663 1466 4274 1
296 4199 4605 369 1
296 4605 4251 369 1
296 284 292 244 1
2897 2686 125 2612 1
2857 3528 2147 2915 1
2897 492 2618 281 1
2897 281 372 492 1
2857 2147 1988 2915 1
1872 2808 1938 3386 1
3203 2808 1872 3386 1
1872 2808 2659 1938 1
1858 1796 5289 1842 1
3203 3192 1872 2808 1
3192 2808 2659 1872 1
2561 2865 2587 2572 1
2508 2572 2865 2561 1
2172 2324 3209 2182 1
1207 3022 3079 3121 1
1466 3326 1451 3534 1
349 2892 641 3181 1
517 641 3181 349 1
2268 3209 2172 2324 1
3210 2820 1955 3400 1
2977 3215 861 3210 1
1296 5394 5233 1353 1
1050 3821 5270 1210 1
5270 876 827 902 1
5270 1050 876 902 1
4147 3037 4577 3138 1
3772 1161 3037 3138 1
2667 1998 2699 2159 1
1207 3121 3079 3241 1
3011 635 591 551 1
3011 562 635 551 1
3452 3467 3271 3267 1
3347 1006 3484 1331 1
1207 3241 3079 3716 1
3349 1182 1006 1331 1
2773 3247 3028 76 1
1629 3198 1685 3148 1
3347 1144 1272 1192 1
2032 2059 2029 2049 1
2032 2031 2029 2059 1
2029 2031 2032 4553 1
2802 2634 2043 1079 1
717 2802 1186 1079 1
3594 3259 2718 3793 1
1629 3198 3148 4436 1
3198 4436 1629 5138 1
2869 2138 2126 2843 1
2352 2406 2379 3142 1
3454 3266 5279 3310 1
3454 3266 3310 4154 1
3453 3438 3271 3541 1
3438 3271 3541 3185 1
670 727 700 646 1
4407 750 727 5303 1
3046 3623 2198 3454 1
3454 3046 4154 2198 1
3961 3623 5279 3454 1
1040 900 1060 3369 1
3273 3541 4013 3140 1
2099 3273 3359 3171 1
2772 2250 2386 2342 1
2443 2342 3226 2772 1
2355 2448 2431 2398 1
2355 2361 2448 2398 1
2443 2386 2342 2772 1
2337 2381 3228 3882 1
2312 3228 2337 2303 1
3824 3635 4222 4142 1
4471 4534 756 4120 1
3228 2312 2337 3882 1
2392 2376 2408 2433 1
2392 2423 2433 2408 1
564 597 633 4137 1
4238 1040 1189 3369 1
597 564 633 659 1
2827 1988 2915 2857 1
4392 2850 3265 1325 1
4233 1014 3579 3370 1
435 3810 5405 424 1
2263 3234 2410 2239 1
4392 3265 3370 1325 1
2827 2915 2678 2857 1
3133 262 3261 2892 1
620 4779 4592 5546 1
381 3261 170 262 1
262 170 3133 3261 1
5405 473 424 3810 1
3718 1720 1581 1563 1
1563 1581 3718 1465 1
4931 2752 3527 2816 1
1643 3776 4815 3199 1
3199 3776 1660 1643 1
4931 1099 3527 2752 1
2801 3217 2668 2934 1
144 162 199 5055 1
2934 3487 3459 3217 1
5055 151 162 199 1
2934 3459 2801 3217 1
2739 1669 3852 1552 1
4455 283 3653 183 1
4455 3731 3653 283 1
1751 3601 3457 4525 1
2069 2079 2098 2132 1
2069 2098 2079 2048 1
2069 2079 2132 2111 1
3087 1503 2654 2792 1
3548 4327 3710 1709 1
2667 2263 2093 2239 1
2093 2667 2239 2066 1
5527 1768 1619 5557 1
725 821 3237 698 1
3237 933 4254 4403 1
3866 1619 4830 1768 1
5557 1768 1619 3866 1
527 562 448 569 1
527 448 562 495 1
4830 1619 5515 1768 1
527 562 544 495 1
1077 968 915 995 1
5515 1768 1619 5527 1
915 995 978 1037 1
915 978 995 921 1
915 921 995 968 1
3237 902 4254 933 1
2210 2141 3472 2144 1
1339 1338 1147 4974 1
1188 1147 4974 1339 1
5122 1456 1612 3029 1
2849 5169 5004 4076 1
5318 3730 3460 4936 1
2849 5004 1172 3993 1
2626 3428 1499 390 1
2849 5004 3993 4076 1
390 3428 1499 3225 1
3460 3771 4936 3730 1
2712 3160 2640 2667 1
5569 4112 3316 320 1
2712 3160 2673 2640 1
3428 3717 3225 390 1
3460 4940 3771 3730 1
4171 1321 3610 1357 1
887 672 762 3818 1
3022 2947 2973 3121 1
3121 4670 1247 4773 1
3469 3073 748 2991 1
2268 3358 2172 3314 1
3314 3358 2172 3140 1
4671 1321 3610 4171 1
3818 672 762 661 1
2222 2246 2248 3447 1
2222 2248 2229 3447 1
1801 4680 1970 1824 1
2049 3325 2032 2059 1
1872 2796 2704 3063 1
2796 2642 3324 3063 1
596 762 672 661 1
1078 1330 1062 4202 1
863 3469 3018 3002 1
1078 1145 1330 1227 1
4202 1330 1062 1443 1
1318 1443 4202 1062 1
1078 1330 1145 1062 1
3736 2056 2090 2034 1
3736 2056 2052 2090 1
2090 2034 2056 2070 1
3736 2003 1992 2006 1
3736 2034 2003 2006 1
2851 2241 2218 3862 1
2241 2204 2851 2208 1
2851 2241 2234 2218 1
2241 2234 2208 2851 1
2208 2241 2229 2234 1
3476 2180 3358 3359 1
2906 3224 2870 2648 1
3314 3476 3358 3359 1
2870 2648 3224 2741 1
1801 1934 1970 4680 1
2991 3469 3018 863 1
1288 3262 1394 3754 1
3420 3249 3036 4006 1
3251 3609 3547 3124 1
3476 3359 2683 3124 1
3171 3359 3124 2683 1
3556 3246 4782 5264 1
1499 2718 2662 3225 1
3476 3547 3124 2683 1
2036 3246 3556 4132 1
3420 3249 3109 3036 1
2508 2548 3639 2865 1
2841 3639 2548 2865 1
4405 4585 711 620 1
599 4585 4405 620 1
3080 3615 1688 1497 1
4483 3615 3080 1497 1
3420 1148 3249 4006 1
1866 1860 4966 1921 1
3686 1860 4966 1866 1
1866 1860 1863 3686 1
2672 2748 158 278 1
4392 2850 5195 3265 1
4854 5193 4186 3016 1
1866 1860 5468 1863 1
5468 1860 1866 1921 1
1134 4719 5195 3265 1
3269 4297 2454 4933 1
5220 3278 5211 5089 1
3269 2467 2454 2445 1
3269 2400 2454 4297 1
2379 2400 2454 3269 1
2379 3269 2454 2445 1
4854 1282 4186 5193 1
4931 5193 1282 4854 1
4931 3016 5193 4854 1
5158 4690 4218 1705 1
5010 4218 5158 4690 1
1685 1629 1715 3543 1
4218 4690 1703 1705 1
1156 1096 4100 4328 1
3206 3696 556 3593 1
5211 5089 3278 5078 1
3480 3374 2317 2261 1
3374 2261 3433 2317 1
3433 2261 3374 3602 1
3480 2658 2317 3374 1
2317 3374 2658 3433 1
1156 1096 891 4100 1
785 3258 724 927 1
5220 3278 1127 5211 1
1593 2767 1666 2855 1
1770 4606 5625 1687 1
4740 1403 1491 1593 1
785 3240 4180 973 1
973 3240 4180 890 1
649 645 3477 613 1
5010 1703 4218 4690 1
2464 2650 2867 3169 1
3255 2867 2464 2650 1
2464 3885 2650 3294 1
2464 2650 3169 3294 1
3255 3885 2650 2464 1
4681 649 613 645 1
1666 1593 4606 2767 1
4138 4115 4094 1609 1
1770 1687 5625 1759 1
3424 2665 3456 497 1
2665 515 4133 386 1
3424 497 4133 2665 1
2667 2653 2723 3234 1
2667 2255 3234 2239 1
2667 2653 3234 2255 1
2971 3451 5389 4569 1
1609 3118 1763 4115 1
1609 4005 4115 1763 1
4387 4115 4239 4094 1
1373 1571 1556 4704 1
4094 4239 3118 4115 1
5281 1562 1366 3518 1
1966 3074 1975 2046 1
119 222 3196 2921 1
1373 1556 1464 4704 1
5604 3451 5389 2971 1
5177 1796 5289 1832 1
1975 3620 3074 1966 1
4387 4115 4094 4138 1
5220 1066 3278 5089 1
1927 4804 1857 1864 1
935 5482 960 5592 1
2073 3077 3957 2087 1
935 5277 5482 5592 1
5177 1796 5619 5289 1
3278 5089 1066 5078 1
4574 5291 1562 5495 1
5389 4569 3451 4059 1
4136 948 4128 793 1
4128 793 823 4136 1
3214 1099 1409 3632 1
5220 1066 1127 3278 1
5389 852 4059 3451 1
1147 1097 1064 1188 1
3667 5193 3632 4889 1
4771 1241 3449 4058 1
2750 2623 2882 3242 1
3242 2868 3750 2623 1
2882 2623 3324 3242 1
3242 3324 3252 2623 1
2654 2289 2243 2187 1
4771 4058 3449 4828 1
852 3451 5389 5604 1
792 4369 5023 4859 1
4302 563 599 620 1
4302 4405 599 628 1
3364 2660 2722 3243 1
2822 3243 2722 2660 1
2822 2592 2600 3243 1
5498 1511 5368 4031 1
3412 3654 830 951 1
4183 2166 4626 4365 1
2174 4626 3535 2166 1
5223 983 1179 1045 1
4420 1706 4686 4027 1
5223 2701 983 1045 1
5498 5577 5368 1511 1
208 183 3653 285 1
2701 1045 5223 1157 1
2702 4859 792 4940 1
3535 4626 4183 2166 1
2260 2322 2310 2262 1
2253 2262 2316 2293 1
2226 2262 2293 2260 1
2262 2322 2316 2293 1
4467 4337 4653 3177 1
5381 3483 3916 5047 1
2511 2522 4400 2549 1
2141 2144 2156 2114 1
2511 2522 2549 2497 1
2675 3244 2886 2157 1
3411 2156 2213 2168 1
3490 3244 2157 2886 1
2511 2549 4400 3992 1
2932 3244 2675 2157 1
1985 2932 2157 3244 1
1090 4100 1085 819 1
1084 1189 3975 3573 1
1258 1255 1262 1162 1
1258 1262 1255 1363 1
2864 1210 1286 1090 1
1962 1617 2645 3245 1
2864 1210 1258 1286 1
3617 1962 3245 3335 1
3245 1962 1617 3335 1
2864 1258 1242 1286 1
2643 1962 2645 3245 1
317 340 392 355 1
2643 1962 3245 3617 1
1090 819 3066 4100 1
3668 3676 3303 2830 1
3371 3425 3303 3218 1
2921 2749 3247 2622 1
2921 2622 3247 222 1
3247 2622 3028 222 1
3247 2749 3028 2622 1
4018 3819 1129 4727 1
4018 4727 4200 1493 1
2649 2762 2707 2199 1
4940 792 5023 4859 1
2905 2647 2690 3492 1
3149 3492 2852 3131 1
2905 3492 3197 2647 1
3492 3197 2647 3131 1
2649 2960 2333 2142 1
2649 2142 2333 2302 1
2852 2820 3492 3248 1
2464 2867 2502 2551 1
2464 3169 2867 2551 1
3255 2502 2464 2867 1
2702 792 4859 896 1
4018 1493 3819 4727 1
3262 1292 1136 2777 1
3773 3187 5362 1750 1
3182 3679 3248 3467 1
4018 4196 4727 5073 1
4018 4196 4200 4727 1
4018 4727 1129 5073 1
319 350 308 3658 1
402 3658 350 4873 1
1955 3679 3182 3309 1
308 3658 350 3757 1
3078 3730 5318 3165 1
2108 2092 2150 2129 1
1955 3182 3452 3309 1
1955 3309 3452 3267 1
4217 2871 3642 4626 1
4217 4776 5151 2183 1
2653 2924 2533 3178 1
3773 1750 5362 5491 1
3996 5233 4713 1353 1
5362 3187 5349 1750 1
3027 1480 5339 1397 1
2663 3178 2652 2653 1
2653 3648 2663 3178 1
2653 2652 2924 3178 1
3017 2801 2678 1513 1
976 3840 899 2747 1
4661 5497 4944 5597 1
2710 2801 1513 2668 1
3017 2710 1513 2787 1
3017 2801 1513 2710 1
3757 3658 350 402 1
2623 2673 3252 2868 1
5362 1750 5349 5491 1
3302 3252 3594 2868 1
3242 3252 2868 2623 1
3302 3252 2868 3242 1
4873 3658 350 319 1
3267 3271 3209 2172 1
3782 976 899 1023 1
3209 3267 3452 3271 1
401 404 433 342 1
2710 2741 3224 2648 1
370 433 404 342 1
873 927 868 827 1
873 904 927 827 1
873 868 927 4646 1
1638 5010 4714 1696 1
873 927 904 4646 1
3388 2000 3490 3292 1
3388 3409 3292 2117 1
3495 1685 4604 1480 1
2552 2551 2595 3353 1
5205 4525 3495 3669 1
2422 3513 2735 2426 1
2268 2735 2426 2388 1
2268 2426 2735 2324 1
2735 3513 2324 2426 1
2735 2426 2388 2422 1
4448 1823 1876 1784 1
1550 1620 4448 1784 1
3495 3125 1685 4525 1
2552 2551 3353 2464 1
4363 5205 3495 3669 1
3495 1685 3125 4604 1
3014 1189 4238 1128 1
1084 1189 3014 1128 1
1084 1189 3573 3014 1
1821 3354 1876 1827 1
356 3595 332 4518 1
1550 1620 1784 1723 1
3591 3495 3550 1685 1
1478 3673 1514 1523 1
5010 1696 1638 4630 1
5010 4630 1638 4089 1
981 1247 2872 1261 1
3789 3389 1226 3842 1
3789 3389 5265 4092 1
2476 3651 2733 2478 1
2478 2772 2386 2443 1
3389 2816 3891 4092 1
306 312 400 382 1
2513 3145 2491 2517 1
3651 2476 3145 2444 1
2562 3178 2533 2586 1
3178 2924 2533 2586 1
3389 2816 3636 3891 1
306 380 400 3316 1
601 3900 592 639 1
1500 1340 1413 1481 1
306 3316 400 3817 1
5010 4321 4089 1638 1
3585 3656 3764 2543 1
2473 3585 2485 2433 1
335 400 306 312 1
2543 2540 3764 3585 1
3764 2540 2485 3585 1
3410 1556 5230 1673 1
2727 2620 2684 2713 1
400 3817 335 306 1
2727 2620 2703 2749 1
3410 4470 1765 4428 1
4470 1765 1673 3410 1
3926 3427 3629 3927 1
4321 1638 5010 4714 1
3994 688 3712 759 1
3814 1896 5230 1894 1
2749 2814 3207 2622 1
5577 5368 1511 1432 1
3139 5147 5176 5479 1
2921 2814 2749 2622 1
902 3237 4254 750 1
5303 727 765 750 1
2941 214 2750 2921 1
2766 2704 2757 2882 1
2766 2750 2882 2757 1
2757 2812 2704 2766 1
3301 2547 2528 2457 1
2757 2628 2812 2911 1
2528 2547 2532 2457 1
2726 2690 2839 2738 1
3327 2839 2819 2726 1
5001 2457 3301 2528 1
389 2819 3327 2839 1
5001 2528 2532 2457 1
241 2819 2630 180 1
712 725 698 664 1
1128 3666 1117 3040 1
664 712 755 2666 1
979 999 4254 933 1
1173 4482 3666 1128 1
1173 3666 1117 1128 1
3666 4482 3040 1128 1
1626 2846 1835 2103 1
1835 2846 1626 3009 1
4537 917 1078 3412 1
3687 4613 917 3412 1
3687 813 830 3412 1
804 3412 4304 813 1
4018 1097 4549 1175 1
1078 4304 4537 3412 1
262 381 3261 349 1
1969 3203 2780 1216 1
1216 1969 3203 3408 1
1216 1969 3408 3735 1
3184 4012 3158 688 1
3158 3184 3280 4012 1
3400 4012 3158 3280 1
1342 1307 1508 1427 1
3733 4012 3158 4097 1
2719 117 84 5293 1
688 4012 3158 3733 1
841 802 772 5588 1
841 5588 2847 820 1
772 5588 2847 841 1
2565 3387 2463 2552 1
4637 871 772 5458 1
522 537 555 473 1
522 510 548 513 1
3665 4017 3291 1638 1
522 548 537 513 1
3248 3329 3182 3400 1
1955 3400 3440 3367 1
2531 2547 2570 2528 1
2570 2532 2528 2547 1
227 104 45 3263 1
3542 3400 4097 3329 1
3263 2614 104 45 1
227 3263 45 341 1
146 3274 2941 3698 1
2655 1509 3087 1503 1
2753 3087 2655 1509 1
3087 1509 2654 1503 1
3274 3698 2910 2941 1
2753 2654 3087 1509 1
1638 4017 3291 5154 1
3597 1638 3291 5154 1
1422 3115 2635 1503 1
3628 3455 2756 2645 1
759 3994 3872 3712 1
4004 3872 3787 4878 1
4513 356 4536 3595 1
2879 767 1264 2859 1
390 517 3225 381 1
3225 517 3261 381 1
2668 3153 2304 2225 1
2879 1264 2929 2859 1
3153 3217 2304 3768 1
682 4488 670 676 1
2668 2304 3153 3217 1
3415 4532 5474 280 1
3370 3265 1125 1325 1
332 3595 4531 4518 1
4513 300 3595 3653 1
3517 3618 4257 3645 1
3452 3069 2852 3209 1
3209 3300 3452 3267 1
5474 4532 3415 4291 1
2807 3653 3966 3595 1
5322 300 3653 3595 1
4401 3043 5306 5205 1
3395 1564 1555 1462 1
3395 1718 1564 1737 1
1399 1217 1326 1257 1
1399 1326 1217 1445 1
2880 802 2746 4043 1
2880 879 802 883 1
2880 955 879 883 1
1610 3394 3159 3773 1
2017 2060 2025 1971 1
2017 2050 2060 2072 1
3292 2000 1969 3409 1
3388 2000 3292 3409 1
2017 2060 2050 2025 1
4282 3520 3119 3064 1
3520 4282 1514 5433 1
3630 3808 3064 4282 1
4282 3064 3119 4670 1
2022 3485 2077 3684 1
3485 3363 3684 2022 1
1182 3875 3471 1183 1
3914 1183 3471 3875 1
3509 3592 1551 1228 1
4639 3875 1183 4462 1
2572 2590 2722 3506 1
2418 2516 2487 2451 1
2841 2572 2548 2590 1
2418 2487 2453 2451 1
2841 2590 2722 2572 1
76 42 2967 2773 1
76 42 93 2967 1
2706 2184 2646 1965 1
3520 5433 3688 4282 1
2820 2706 1965 2062 1
3549 3313 927 876 1
3140 3314 3438 2172 1
3438 3541 3140 3185 1
4639 1183 3875 1182 1
3085 1913 2707 2649 1
3085 3298 2484 2707 1
4600 3985 4216 3313 1
1183 4076 4462 3875 1
3914 4076 1183 3875 1
3363 4219 3362 3684 1
1214 2657 2745 2694 1
2745 2772 2694 2657 1
2745 2772 2657 2386 1
3766 4275 3040 1374 1
1459 2680 1439 1504 1
3542 3400 4012 4097 1
3670 4633 3329 3679 1
5253 3043 3042 5306 1
3542 3580 3329 4097 1
3040 3766 4213 4275 1
5253 3043 5306 4401 1
1148 1092 4006 5102 1
3327 2839 2690 3184 1
3327 2690 2977 3184 1
4705 3419 549 4463 1
3636 3533 3527 2816 1
5604 2959 4641 3557 1
1266 3121 1247 1207 1
4641 4335 5604 3557 1
3121 4670 1266 1247 1
3315 2902 3372 2641 1
604 3372 3277 2902 1
3473 1334 1472 1381 1
2744 3531 5337 4389 1
5604 3557 4335 4506 1
2975 1528 1544 4727 1
2731 1372 1539 1508 1
1171 1118 916 1009 1
1009 4668 1118 916 1
916 4668 1118 842 1
2654 3464 2157 2675 1
2654 2289 2157 3464 1
2654 2157 2289 2187 1
2654 2675 2157 2932 1
2654 2187 2932 2157 1
3533 3796 4931 2816 1
2735 3513 2765 2324 1
2735 2765 3209 2324 1
3209 2735 2324 2268 1
1458 1862 1398 1004 1
3527 3533 4931 2816 1
2729 2706 3300 2062 1
1896 3410 5230 3748 1
1896 3410 1765 3925 1
3410 1765 3748 1896 1
1649 1679 1573 4638 1
2674 2263 2667 3234 1
2674 3234 2667 2723 1
719 689 4149 4210 1
4210 689 4149 4136 1
4149 640 689 3703 1
727 3896 750 683 1
4136 640 689 4149 1
750 765 3896 727 1
2092 2074 2075 2012 1
2075 2114 3879 2112 1
2092 2012 2075 2050 1
3624 256 3415 280 1
4364 3378 2092 2112 1
584 616 631 3565 1
4149 616 3565 631 1
1611 1691 1633 1693 1
1611 1633 1691 5530 1
2263 2410 2728 2468 1
3234 2410 2728 2263 1
3234 2255 2410 2239 1
1611 5281 1633 5530 1
3415 256 271 3963 1
4240 519 3456 510 1
719 3703 4149 689 1
3886 3533 1226 1282 1
4641 1007 989 928 1
989 1012 4641 943 1
3314 3438 2172 3209 1
3604 3746 1426 4151 1
3433 2301 2147 2173 1
3433 3319 2301 2173 1
2301 3319 3525 2173 1
1519 5092 1469 1590 1
1469 4983 3052 3051 1
3052 1614 3051 4983 1
3928 3915 3828 3909 1
3189 2712 2640 3175 1
2790 2640 2712 3175 1
3145 3166 2658 2927 1
3145 3166 2450 2658 1
2891 975 1032 1059 1
3304 1494 4611 1368 1
1447 1365 1244 3426 1
4727 1346 3365 1528 1
1059 1032 2891 1166 1
3426 1244 3096 3982 1
2690 3492 3000 2820 1
5598 1909 1882 1902 1
4382 1031 4898 4896 1
4583 1817 2912 4121 1
2625 2750 2766 314 1
2625 3611 314 2766 1
2766 2750 2757 314 1
2766 3611 314 2757 1
2625 2766 3193 3611 1
2463 3294 3387 3432 1
2552 2463 2464 3294 1
3294 2869 2903 3387 1
2975 1528 4727 3365 1
568 3419 511 526 1
927 3348 876 3313 1
2752 1148 1092 4358 1
2586 2599 3416 2660 1
4705 5115 3419 511 1
2867 3416 2660 2586 1
927 3313 3258 3348 1
3388 2000 2157 3490 1
827 3382 927 724 1
827 3382 876 927 1
2157 3244 2000 1985 1
927 724 3348 3258 1
463 4170 4493 3959 1
2000 3244 2157 3490 1
3294 3298 2650 3169 1
2869 3298 2903 2843 1
3169 2903 3298 2784 1
3311 1751 4525 3536 1
3713 522 4493 532 1
3298 2903 2484 2784 1
463 3713 5405 3959 1
3299 3196 222 2921 1
532 470 463 3713 1
3299 373 2921 222 1
5287 5332 5009 800 1
888 5179 5332 800 1
4012 3492 3542 3889 1
4355 2232 2230 2297 1
3400 3280 3492 4012 1
3848 3536 5205 3650 1
3278 5562 1066 1127 1
3278 1127 5482 5562 1
2463 2339 3432 3387 1
2062 2729 2182 3300 1
2182 3300 2306 3209 1
879 841 881 820 1
881 883 955 901 1
2306 3300 2765 3209 1
881 883 879 955 1
2565 3387 2339 2463 1
3921 759 3994 1039 1
3423 878 932 884 1
5211 1127 5482 3278 1
3113 5363 1909 4557 1
2650 2763 2697 3298 1
2763 3298 2650 2888 1
3298 2869 2888 2843 1
2626 2718 3428 3302 1
3113 5363 1908 1977 1
2626 3252 2718 3302 1
2626 3252 3302 3242 1
2626 3302 3750 3242 1
2626 3302 376 3750 1
1039 3872 759 3994 1
4794 2739 1552 2740 1
2541 2430 3486 3465 1
2682 1513 2735 2710 1
2682 2735 2683 2710 1
3065 2870 3379 3179 1
3179 3606 1644 2870 1
3179 2870 3379 3606 1
1039 3994 4004 3872 1
2109 3305 2799 2173 1
2109 3305 2691 2799 1
2109 2691 3305 2292 1
3079 3716 2953 4336 1
4545 3287 3429 1174 1
1395 4545 3429 1174 1
3994 4004 4336 1039 1
3921 4336 1039 3994 1
3288 3882 4008 4746 1
4107 3407 5198 5077 1
2276 5198 3407 3288 1
1113 1179 1056 983 1
1113 983 1056 897 1
3079 4336 1039 3921 1
3429 1299 1174 4231 1
3371 3517 3425 3218 1
2829 2896 912 1073 1
906 1073 1054 1287 1
3517 3824 4222 3371 1
1299 3429 1174 1395 1
4899 3726 4456 673 1
3246 1921 1945 1939 1
673 4456 794 3726 1
5078 5562 1066 3278 1
3935 2832 3366 2414 1
2550 4197 4679 2535 1
2832 3366 2481 3935 1
3246 1993 2036 1997 1
5078 3278 5482 5562 1
3758 1715 3543 1685 1
3901 3726 673 794 1
1279 1357 1190 3644 1
4502 3295 3567 1752 1
599 4204 563 577 1
3648 2653 2328 3178 1
1867 3965 1849 1763 1
1006 1147 3722 1064 1
3648 2328 2502 3178 1
3722 1147 3647 4432 1
1006 3647 3722 1147 1
1666 4985 5106 4947 1
1064 4432 1147 3722 1
577 4204 563 4393 1
599 620 563 4204 1
2855 4740 4985 1666 1
3428 390 612 3717 1
3428 3767 612 390 1
3717 390 612 517 1
1964 1840 1929 4508 1
4204 620 563 4722 1
2715 2633 2899 2815 1
4204 4722 563 4393 1
2715 2634 2899 2633 1
2715 2899 1647 2815 1
1938 3386 2886 2883 1
4023 5462 4963 1717 1
1769 3498 1929 4088 1
3286 737 667 3897 1
2390 4054 3301 2409 1
3286 676 610 713 1
1509 2886 2675 2883 1
1509 2675 2638 2883 1
1425 2638 2883 1509 1
667 610 728 713 1
2409 4054 3301 2457 1
3146 1513 2743 3514 1
3514 3146 3145 2658 1
2754 4996 5539 393 1
4996 421 431 408 1
2409 2457 4601 4054 1
4996 431 2754 408 1
2409 2404 4054 4601 1
1666 4985 4947 4740 1
373 3070 2622 461 1
1247 1261 3470 2872 1
373 2814 2622 3070 1
150 226 164 215 1
150 226 235 164 1
461 3070 2622 775 1
5629 5106 1666 4985 1
1247 4648 3470 1261 1
98 148 150 107 1
150 107 148 164 1
98 107 150 95 1
150 107 164 95 1
2766 3193 3063 3315 1
3277 3193 2625 3315 1
2766 3063 1425 3315 1
2625 2902 3277 3315 1
2625 1425 2902 3315 1
2767 4985 1666 2855 1
2767 4985 5629 1666 1
2107 3962 3026 3236 1
3348 669 3418 733 1
3348 733 3418 789 1
3636 3527 3533 3546 1
2089 2107 2082 2064 1
1139 3546 3174 3527 1
1139 4069 3174 3546 1
1985 3317 2000 3436 1
1802 1924 1927 4963 1
2932 2902 3317 3526 1
3244 3317 2000 1985 1
4963 1857 1924 1927 1
1985 2932 3244 3317 1
4842 5535 1067 4600 1
3886 5211 3546 1282 1
3735 2000 3431 3436 1
3735 3431 2000 3408 1
3431 2000 3317 3436 1
3431 2000 3588 3317 1
3431 3588 2000 3408 1
3550 3495 1480 1685 1
3918 850 1152 890 1
2305 2225 3153 2167 1
2799 3344 3319 3525 1
2497 2433 3585 3656 1
2497 2433 3656 4037 1
2799 3319 3581 3528 1
3581 3319 3433 3528 1
2301 3319 2329 3525 1
3585 2433 2473 3656 1
2433 4054 2473 3656 1
2433 4054 3656 4037 1
5061 4787 4269 703 1
592 603 581 518 1
4600 3918 3313 850 1
592 603 518 477 1
478 516 2621 309 1
1447 3150 1328 1360 1
478 309 2621 281 1
3918 850 3942 3313 1
3918 850 890 3942 1
2935 201 211 240 1
2935 223 201 240 1
1076 2809 4127 1197 1
3729 4626 3060 3254 1
223 2774 201 240 1
3729 4365 4626 3254 1
3081 1628 1748 1653 1
1122 4127 1197 1076 1
1095 4117 1060 1161 1
1634 2813 5610 5164 1
4095 4117 1095 3554 1
4285 4095 3554 5164 1
4365 2166 4626 3254 1
989 1122 1197 1076 1
1197 1076 2809 1163 1
2930 1125 978 4233 1
1076 1197 989 1163 1
1685 1480 3550 4272 1
3550 4885 1480 3495 1
5340 1650 1381 5475 1
1596 5127 5340 1628 1
2320 2502 3322 3648 1
2223 3648 2320 3322 1
5252 3550 1480 5233 1
4833 5360 629 3570 1
4272 1480 3550 5233 1
2617 2661 3128 2715 1
2617 3128 753 2715 1
2617 2897 3128 2825 1
514 486 513 3512 1
2825 2661 2620 3129 1
3129 2661 2720 3083 1
1480 4885 3550 5252 1
2825 3129 2620 2862 1
3262 2777 1136 1288 1
3118 4104 4239 4094 1
3171 3438 3359 2683 1
3849 3251 3124 3609 1
4833 787 3570 4895 1
3262 1394 2777 1288 1
2623 1868 2673 2868 1
4172 4094 4239 4104 1
1985 3317 3436 1375 1
5284 3551 3118 1609 1
3735 3436 3431 1375 1
3431 3436 3317 1375 1
1111 1231 3929 1116 1
2769 5402 1609 3551 1
465 3910 470 3713 1
3713 470 465 532 1
5284 3551 1609 5402 1
3328 2040 2681 2808 1
3203 3328 3192 2808 1
3328 2808 2681 3192 1
3192 2681 2659 2808 1
3281 2609 2527 2541 1
2541 2946 2527 3281 1
2818 2629 2994 3261 1
2565 2593 2583 3387 1
2680 1290 1286 1363 1
2672 2788 2679 2914 1
2679 2906 3439 2788 1
2430 2415 2654 2289 1
2430 2289 2654 3464 1
2753 2654 3464 2430 1
3087 2415 2654 2430 1
2753 2430 3087 2654 1
1286 1363 1334 2680 1
836 5099 3964 3339 1
2354 2348 2300 2349 1
2924 2898 2652 3332 1
2723 2653 2652 3332 1
2652 2898 3466 3332 1
2723 2652 2655 3332 1
2653 2924 2652 3332 1
2354 2300 4404 2349 1
3664 1639 4669 4298 1
3339 5099 3964 5371 1
2680 1311 1286 1290 1
4125 1523 3580 3822 1
5363 1907 5070 4496 1
5363 1907 4496 1908 1
4126 1523 4125 3822 1
1977 5363 1907 4414 1
1977 1907 5363 1908 1
1092 4006 4358 1148 1
1092 4303 4358 4006 1
491 3385 4964 5585 1
3420 1148 4006 5102 1
491 535 498 5302 1
5363 5070 1907 4414 1
5120 498 4964 4299 1
3567 1752 1781 4502 1
4143 3851 3539 3559 1
2487 2516 2456 2525 1
2487 2525 2456 2436 1
3867 4230 3127 3371 1
2487 2390 2456 2418 1
1262 1439 1267 1369 1
2599 2660 3243 3333 1
1262 1267 1439 1275 1
3416 2599 3333 2660 1
1262 1369 1267 1255 1
5479 1825 1815 1864 1
4482 3441 4408 1173 1
2672 3334 298 2914 1
298 2914 3334 556 1
556 3334 298 447 1
3441 1293 4408 1173 1
1241 4058 3734 3449 1
4346 3587 5149 3575 1
4906 1845 1853 1797 1
4906 1866 1845 1797 1
1002 3335 3245 822 1
3245 3335 1617 822 1
3587 4387 4817 3575 1
1225 1165 5163 1309 1
4058 4874 3734 3449 1
1044 813 4304 1013 1
1174 990 4808 4231 1
4231 4808 1174 3287 1
3449 4874 4828 4058 1
2303 2271 2312 2276 1
3328 2040 2808 1969 1
3328 3205 2681 1944 1
2040 3328 3176 2780 1
1969 3328 2040 2780 1
271 4791 256 215 1
271 215 256 264 1
3644 1279 5123 5162 1
3624 264 256 280 1
5052 1510 1708 1549 1
1384 5052 3742 1550 1
790 2958 872 928 1
726 2958 5321 732 1
3949 4889 3663 3577 1
790 726 2958 774 1
2908 891 790 819 1
4824 728 813 828 1
2506 2471 2419 2441 1
1362 3427 4578 3342 1
4876 2419 2506 2471 1
2217 3153 2934 2167 1
3687 804 758 4824 1
1362 5498 3342 4578 1
334 4055 266 3443 1
549 522 4170 510 1
945 1182 889 1006 1
920 2761 1098 3940 1
1098 3940 2761 4314 1
497 550 4425 561 1
3349 1182 945 1006 1
477 592 603 4612 1
2636 2810 2725 3095 1
920 3940 1098 4742 1
1675 5282 4951 1473 1
477 469 480 4612 1
4612 3900 477 592 1
2287 2332 2282 2265 1
2810 2663 2636 2725 1
2636 2725 2793 3095 1
623 648 565 626 1
3559 889 1006 945 1
1777 1741 4121 1817 1
4889 3577 3949 3057 1
2712 2674 3160 2667 1
1144 4147 3552 3772 1
5441 3980 1282 5211 1
1171 4982 1388 3482 1
3577 3130 1610 3057 1
3482 4982 1388 1486 1
2712 2674 2673 3160 1
5577 5498 3342 1362 1
2222 2229 2204 3447 1
3189 3175 3341 608 1
2918 3189 3341 3594 1
715 3341 3175 608 1
1241 5441 5211 1200 1
715 1115 3341 608 1
1115 2918 3341 3655 1
2222 3753 3447 2204 1
3155 4210 831 4149 1
1777 1661 1741 1742 1
2246 2248 3447 2291 1
3753 2246 2222 3447 1
3448 2139 4776 2158 1
2131 2158 2139 3448 1
5441 3734 1241 5211 1
2656 2728 2831 2313 1
2728 2468 2831 2313 1
3160 2066 2093 1926 1
4210 831 823 3155 1
5441 3980 5211 1200 1
3160 1926 2093 1922 1
3160 2667 2093 2066 1
5441 3734 5211 1282 1
3344 2927 2329 2292 1
2329 3344 2658 2927 1
3305 3344 2329 2292 1
2756 2915 3099 2689 1
3944 509 2909 563 1
3944 3360 509 563 1
4121 5047 4583 5381 1
2735 2422 3514 2889 1
2735 2304 3514 2422 1
2761 949 1023 920 1
3452 3300 2852 2820 1
2820 3300 2706 2062 1
3069 3438 3271 3453 1
3122 4672 5494 5596 1
3069 3438 3453 3371 1
3898 3354 1714 3505 1
3122 2912 1817 4366 1
3350 2595 2602 3416 1
3350 2602 3120 2660 1
3169 2595 2602 3350 1
3169 2602 3120 3350 1
3350 2602 2660 3416 1
2630 2672 2905 2748 1
2905 2630 2748 2839 1
3427 3342 1362 2751 1
3630 3808 3342 3427 1
3427 3808 3342 2751 1
3059 3505 3898 1714 1
4069 1074 3546 5211 1
4021 4303 3177 3702 1
4335 4397 2698 794 1
5211 4069 1074 5078 1
4109 4303 4021 3702 1
3898 3168 3505 3500 1
4885 4703 4224 3027 1
3059 3500 3898 3505 1
3898 3168 3354 3505 1
4641 2698 4335 4397 1
2849 4501 3749 1172 1
5595 4796 4619 3680 1
3763 929 898 859 1
1098 4701 1120 5323 1
1098 5060 4701 5323 1
2849 5004 4501 1172 1
1665 1733 1702 1718 1
3166 2374 2658 2329 1
3667 3493 3632 5193 1
1665 3395 1733 1718 1
2374 2658 2450 3166 1
1665 1718 1564 3395 1
3667 1385 3493 5149 1
3353 2551 2595 3169 1
2464 3353 3169 2551 1
927 4118 1210 5270 1
5270 1050 1210 927 1
1084 999 2916 1030 1
1032 1006 3484 3559 1
4261 3559 1192 1020 1
3700 4159 3202 1740 1
901 918 2730 847 1
2916 1084 866 999 1
2730 918 2916 847 1
3559 4652 931 1020 1
1162 1187 1210 927 1
927 4118 1187 1210 1
2898 2660 3558 2589 1
2898 3558 3529 2589 1
1164 2730 5187 1016 1
4827 5187 1164 2730 1
2898 3529 2566 2589 1
927 1050 1210 1162 1
2730 1084 2916 1030 1
1336 1594 3760 5005 1
5015 2357 2377 2351 1
3719 5015 2357 2377 1
5015 2351 2281 2357 1
1074 5089 5211 5078 1
1336 3760 1594 1591 1
2316 2343 2380 2322 1
2316 2296 2343 2310 1
5015 2281 2291 2296 1
2316 2310 2343 2322 1
5015 2291 2281 2351 1
5015 2343 2380 2316 1
3075 5333 3874 2145 1
3075 2145 3874 4954 1
84 5508 117 127 1
4352 5508 63 84 1
84 5508 127 4313 1
1336 3760 5074 5005 1
3961 2218 3623 2198 1
2973 3941 3079 2953 1
2198 3623 2191 2218 1
2030 2013 2084 2055 1
2030 2061 2013 2021 1
2030 1928 2013 1953 1
3937 3700 3202 1740 1
4442 3574 5152 1655 1
4949 4654 5152 3574 1
2653 2924 3332 2828 1
2107 3034 2145 3874 1
4442 4211 5152 3574 1
3178 2652 2660 2867 1
3874 3034 2145 5333 1
2725 2652 2653 2663 1
4726 4975 2920 1719 1
5284 3551 3130 3118 1
976 3840 2747 834 1
3874 2145 2107 4954 1
2747 4519 886 840 1
3343 3568 1368 3505 1
2747 840 886 818 1
2747 756 840 818 1
2747 886 834 818 1
886 976 2747 834 1
2668 3514 2735 2304 1
223 250 2794 238 1
1513 3514 2735 2668 1
1513 2735 3514 2889 1
2889 2735 2422 3513 1
3059 3505 3568 3500 1
1021 1058 1135 1048 1
2376 2408 2433 3619 1
4377 2975 1528 1585 1
1946 1900 1885 2011 1
1946 1992 1900 2011 1
1806 1900 1914 1753 1
1946 1806 1900 1914 1
1946 1900 1992 1914 1
368 392 417 382 1
368 392 385 417 1
368 355 392 382 1
4378 3135 3312 4450 1
3869 4090 3981 3571 1
317 392 368 355 1
517 822 3774 3628 1
3566 3571 3981 4090 1
517 3628 3181 822 1
3500 3568 3343 3505 1
1169 1161 3037 3772 1
1169 3772 3037 4147 1
1169 3497 1161 3772 1
3342 3427 4578 3630 1
3590 607 4205 638 1
387 4240 3456 3810 1
3591 1547 3198 4272 1
387 437 435 3456 1
1030 999 3985 4584 1
2665 387 3456 437 1
3424 2665 387 3456 1
3342 5498 3630 4578 1
3424 4240 3456 387 1
224 4887 258 221 1
943 2698 4397 4456 1
4140 1602 4413 1749 1
4140 1602 1749 4633 1
3713 522 473 3959 1
463 3713 4493 532 1
3713 473 5405 3959 1
3591 3550 1547 4272 1
2759 2760 1924 3960 1
3379 3622 3522 3606 1
3668 2830 3065 3379 1
1927 1924 3960 1945 1
3179 3379 3522 3606 1
3668 2830 3379 3676 1
2915 2799 2857 3528 1
813 804 828 4763 1
4588 3152 3108 4004 1
4391 804 4763 828 1
4304 804 4763 4123 1
4123 804 4763 4391 1
804 4304 4763 813 1
5166 1346 1196 3289 1
2473 3764 2485 3585 1
2473 2485 3764 2519 1
5166 3289 4545 1346 1
1129 1015 3605 4293 1
1129 4018 3605 4549 1
4549 4018 3605 1097 1
75 43 98 3625 1
3912 4644 3404 3481 1
3625 98 3973 4063 1
4644 3912 4467 3481 1
3330 4756 4742 1009 1
5402 4267 4830 3773 1
396 4454 3693 3338 1
3693 396 3338 333 1
3693 375 396 333 1
876 927 3549 1050 1
3846 396 4454 3693 1
2660 3364 3558 2599 1
2599 2660 3364 3243 1
3106 2665 3417 2755 1
3424 3417 3106 2665 1
830 951 3654 1013 1
3424 3496 3106 3417 1
5086 951 830 1013 1
878 1077 968 915 1
1034 1077 878 915 1
4496 3937 1884 3700 1
1884 3937 4496 5070 1
1845 3937 1884 5070 1
3291 5578 1638 3597 1
2724 2179 2650 2267 1
4630 3597 1638 4089 1
225 266 3290 4055 1
4216 999 876 3549 1
4885 5205 4401 5306 1
1716 2767 2856 5542 1
3701 778 903 905 1
3376 3193 3315 2641 1
2317 2261 2280 3480 1
4497 905 778 3701 1
4455 225 266 3290 1
3371 3149 3131 3303 1
4885 3125 5205 5306 1
1282 1385 3493 3533 1
1381 1304 1472 1437 1
1385 3493 5149 1282 1
3533 1385 3493 3796 1
3307 4940 3931 836 1
3470 1261 4748 2872 1
3470 1150 4748 1261 1
3704 4320 425 474 1
3704 446 425 4554 1
3704 474 425 446 1
3704 4632 425 4320 1
3704 4554 425 4632 1
1012 943 1021 2698 1
3315 3372 3376 2641 1
3372 2641 3317 3376 1
191 178 2719 2926 1
191 209 178 2926 1
3700 3937 1884 1845 1
2926 3626 2719 157 1
72 166 2926 2719 1
2515 2489 2448 2479 1
2479 2448 2477 2431 1
2515 2479 2448 2477 1
4255 1734 1656 1623 1
3472 3677 2148 2166 1
873 745 704 833 1
4343 833 873 704 1
4669 1351 1421 1580 1
1218 2785 1153 1044 1
515 511 476 497 1
497 526 515 511 1
3167 2166 3494 4563 1
2932 3526 3317 1985 1
5374 4858 1337 1303 1
4883 4858 5453 4459 1
1985 3526 3317 1375 1
5306 4401 4885 4703 1
2932 3526 1985 1626 1
3373 2870 776 3439 1
1337 4858 1356 1303 1
3439 2870 796 3373 1
2801 2857 2743 3374 1
3374 2857 2743 3581 1
3459 3602 2857 3374 1
3459 2857 2801 3374 1
4552 4940 836 3931 1
5419 3474 880 5100 1
1218 4865 1448 1405 1
4858 947 1152 1153 1
2750 2814 373 2625 1
5374 4677 4858 1303 1
1866 4034 1863 3141 1
1153 947 2785 1140 1
511 476 4721 515 1
3123 2111 3603 2079 1
3123 2079 2071 2035 1
1142 3376 3408 3203 1
1142 3431 3372 1375 1
538 542 573 584 1
3277 3372 1142 3376 1
4034 1866 1863 3686 1
515 526 4721 511 1
3372 3376 3431 1142 1
1866 3141 1863 5468 1
2163 3093 3208 4954 1
1768 5158 5524 4830 1
1426 1385 3604 1430 1
4830 5158 5524 5362 1
4214 1619 3531 5294 1
4168 4420 1494 3568 1
573 538 584 595 1
5557 1619 3531 4214 1
5527 5557 1619 3531 1
3505 1714 3568 4431 1
3505 3059 3568 1714 1
19 31 29 71 1
4840 1200 5277 5255 1
1601 1631 2740 2742 1
19 31 23 29 1
3568 1714 4420 4431 1
4840 5277 5241 5255 1
3626 23 31 29 1
3626 29 31 71 1
2785 3711 1013 1044 1
1044 4304 3711 1013 1
1281 1225 3711 2785 1
1225 3711 4304 1281 1
5172 3457 4525 1751 1
4288 1814 1912 1836 1
1836 1769 1814 1912 1
2413 2449 3683 2381 1
3882 2381 3683 2449 1
2366 3683 2381 2413 1
1116 4015 1249 1111 1
3279 1346 1529 1315 1
3399 5537 1874 4073 1
2464 3294 3353 2552 1
610 4488 676 4673 1
1874 1843 3413 5537 1
1365 1244 3426 3982 1
3982 1302 3096 3426 1
577 667 610 575 1
4699 1116 1249 1111 1
4400 2555 2575 3969 1
4600 4842 1030 3985 1
2223 3322 3380 3255 1
2223 3648 3322 3255 1
3929 762 814 783 1
844 3775 814 783 1
783 3775 814 3929 1
3929 3775 814 4631 1
604 588 3277 1142 1
604 1142 3277 3372 1
604 980 1142 3372 1
1225 1044 1067 4763 1
844 814 3775 4631 1
3075 3208 5333 2145 1
3505 1784 1708 1550 1
3549 999 4416 3985 1
1550 1708 3505 5052 1
2930 1131 2850 1348 1
5172 1751 4525 3311 1
5015 2377 3719 2316 1
2331 2316 2377 2380 1
2316 2380 5015 2377 1
2331 2377 2316 3719 1
3113 4785 1987 1909 1
2380 2377 2331 2382 1
4782 4785 1909 1987 1
2943 1358 1571 1300 1
5015 4056 3719 2281 1
1043 1047 985 3697 1
1043 3982 1047 3697 1
5015 2380 2351 2377 1
2380 2382 2331 2338 1
5575 3722 3647 4432 1
2380 2338 2331 2316 1
1556 5230 4715 4247 1
5015 2343 2296 2291 1
5015 2343 2291 2351 1
4554 3860 3723 394 1
4632 3723 448 394 1
3723 394 4049 448 1
4632 4554 3723 394 1
394 3860 3723 4049 1
2445 2467 2454 2472 1
3724 4659 1996 2039 1
3724 5286 2009 1983 1
3724 5345 2009 5286 1
4473 2993 937 3727 1
922 3403 1644 3065 1
4773 3519 1247 1261 1
2454 2472 3779 2445 1
3427 3519 4773 1261 1
4850 3519 1261 1247 1
3403 4337 4467 3065 1
2062 3300 3544 3452 1
3927 3519 3427 1261 1
2062 3300 3452 2820 1
2062 3300 2182 3544 1
775 2902 1626 980 1
3009 2902 1626 775 1
3452 1955 2062 2820 1
2467 2445 4655 2472 1
3131 2647 2852 2787 1
4850 3927 1261 3519 1
3131 2852 2683 2787 1
1966 1841 1900 1931 1
2017 1900 1966 3620 1
2017 1900 1931 1966 1
1524 5045 4379 1571 1
1900 1841 1966 3620 1
1581 1720 3718 1745 1
2822 2602 2591 2592 1
3386 2886 2641 3490 1
2883 2886 2641 3386 1
1674 3718 1720 1745 1
3203 3376 3408 3386 1
3353 2903 3213 3387 1
2838 2583 2593 3387 1
2593 2601 2583 2838 1
5127 1304 1381 1437 1
2593 2838 3387 2903 1
1465 1745 3718 1674 1
3718 1745 1465 1581 1
767 753 2859 3502 1
767 1423 2859 753 1
4379 1571 1358 1524 1
4925 5236 4023 5462 1
1423 767 2859 3276 1
3618 4081 3645 3584 1
319 3658 308 352 1
402 3988 3658 4873 1
1472 1381 1527 1650 1
308 352 3658 3757 1
3757 3988 3658 402 1
1006 3559 945 3347 1
4873 352 3658 319 1
1527 1381 5340 1650 1
1381 1437 1472 1527 1
5252 4259 5233 3813 1
2529 2518 2535 2536 1
5364 2536 2518 2481 1
3813 4259 5233 5423 1
4147 5272 3138 4119 1
4540 4147 4577 4119 1
2571 2536 2535 3831 1
3349 945 3347 1006 1
3636 3527 3523 2816 1
3347 3559 945 1192 1
5318 3730 4936 4433 1
1052 1139 3523 3891 1
3891 2816 3636 3523 1
4126 1514 1602 1523 1
5317 1516 3615 4483 1
5210 4548 1516 4483 1
865 3726 2804 815 1
4147 4119 3138 4577 1
2935 168 2836 185 1
2836 168 2935 223 1
3732 3903 29 16 1
2308 2651 2257 2861 1
3387 2339 2869 2401 1
2565 2583 3268 3387 1
3726 919 815 865 1
3371 3188 3303 3425 1
2304 2305 3153 3392 1
3392 3768 3153 2304 1
1171 1380 1259 3482 1
4540 4147 4119 5272 1
2836 240 2935 211 1
3262 1141 3754 1288 1
2836 240 272 282 1
1288 1372 1141 3754 1
1288 3754 1394 1372 1
3442 1259 1409 3482 1
1171 1388 1359 3482 1
4847 1118 4984 1171 1
2836 2935 240 223 1
156 141 168 185 1
156 201 141 185 1
2935 223 168 156 1
2935 201 223 156 1
2935 185 201 156 1
2935 168 185 156 1
4266 3253 1516 3911 1
212 282 2836 237 1
3248 3400 3542 3329 1
5431 4266 1516 3911 1
3248 2820 3492 3400 1
1650 4619 3173 5475 1
557 717 2790 716 1
716 717 2790 1158 1
5595 4619 3173 4934 1
5475 4619 3173 5595 1
3248 3492 3542 3400 1
4847 4984 1118 3330 1
4878 1127 4811 5316 1
1902 1831 5386 5598 1
3113 1987 4785 1977 1
1607 4658 4099 1532 1
4811 1127 5603 5316 1
3397 2946 2548 2841 1
5540 4658 1532 4099 1
2548 2541 2946 3397 1
5562 1127 4811 4878 1
3623 5279 3163 5232 1
2667 2239 2159 2255 1
2996 1221 2692 1102 1
2905 3398 2679 3197 1
1120 990 4160 4231 1
3398 3668 3131 3507 1
5562 5277 4811 1127 1
4811 5277 5603 1127 1
3398 2679 3197 3538 1
2748 3398 2679 2905 1
5249 3331 3571 3144 1
3398 3091 3566 3712 1
3104 3681 4849 3186 1
5592 3331 5255 5249 1
3737 4174 2315 2307 1
1663 3827 1396 1401 1
4517 2315 3737 4526 1
2645 1617 1962 2026 1
3827 2734 5464 4879 1
3737 4526 2315 4174 1
2645 1617 2026 2915 1
2307 4517 2315 3737 1
1663 1393 1396 3827 1
3628 3245 2756 822 1
3144 3331 5592 5249 1
3769 1843 3413 1874 1
324 2887 2631 436 1
210 2631 229 324 1
314 2750 2757 228 1
5064 1710 5097 4512 1
2946 3639 3087 3461 1
2841 3639 3087 2946 1
2541 2548 2946 3486 1
3769 4073 5064 1874 1
5249 5369 3571 3331 1
5249 5255 5369 3331 1
1610 3130 3159 3394 1
2750 214 2923 161 1
4574 5530 1562 5291 1
5374 5453 4858 4677 1
3711 1228 3134 1281 1
3134 1228 3711 3948 1
5117 3957 4687 2019 1
1853 1937 3858 3800 1
2940 1033 973 807 1
2019 3957 1956 5117 1
3957 4801 5117 4687 1
3740 1956 3957 5117 1
4242 1502 1670 4367 1
1937 5227 3800 1853 1
3711 1228 1013 3948 1
1853 1967 3800 1983 1
1853 3800 3858 1983 1
5227 1967 3800 1853 1
1237 5514 3806 4982 1
3130 1750 3159 3394 1
3417 2665 386 2755 1
453 254 315 2844 1
2262 2195 2252 2205 1
2262 2193 2195 2205 1
2942 977 1046 2702 1
616 3565 3570 719 1
3489 3134 1612 1456 1
2942 896 906 977 1
3489 1456 2739 1227 1
3489 2739 1325 1227 1
3489 1227 1325 4392 1
3489 1612 3134 3509 1
3348 724 669 733 1
3348 724 750 669 1
2943 1556 1373 1571 1
2943 1358 1556 1571 1
2943 1571 1373 1300 1
1571 1358 1524 1300 1
2943 1420 1373 1556 1
2943 1358 1420 1556 1
3643 4031 3688 3714 1
801 719 3565 4149 1
719 3565 3570 801 1
719 616 3565 4149 1
3643 5555 4031 3714 1
753 2715 1647 1423 1
2859 753 2715 2617 1
2859 1423 2715 753 1
3926 3928 3643 3909 1
707 652 598 4220 1
3743 4816 3645 3582 1
3814 1896 3410 5230 1
775 3009 2622 494 1
904 2811 1204 938 1
494 2622 2833 3009 1
4061 4447 3688 5433 1
2630 2672 97 2677 1
2630 97 2672 158 1
736 4220 652 707 1
5230 3814 1894 4247 1
2811 938 904 873 1
1985 2932 1626 2103 1
1626 2932 2846 2103 1
707 652 3893 598 1
707 769 3893 652 1
769 652 707 736 1
1142 3376 3431 3408 1
3376 2641 3588 3386 1
2115 2217 2097 2934 1
3009 2638 2932 2902 1
1626 2902 3526 980 1
3735 1969 3408 2000 1
3496 3417 4038 352 1
2932 2902 3526 1626 1
3618 4001 4257 3645 1
3618 4001 3824 4257 1
4257 4001 4684 3645 1
3250 1595 1538 1661 1
2630 273 2748 2839 1
4257 4001 3824 5180 1
3582 3404 3710 3548 1
3548 4816 3743 3582 1
1299 1174 1429 1395 1
5568 4024 1481 1489 1
3503 1493 4669 1351 1
4024 1659 1481 1489 1
4858 2940 890 947 1
1263 1299 3429 4538 1
2565 2593 3387 2552 1
4669 3503 3745 1493 1
4459 4858 890 1152 1
2210 2144 3472 3494 1
4676 638 607 3590 1
2210 4280 3494 3472 1
4459 890 4858 973 1
3646 4206 4133 3424 1
1719 5542 3413 1716 1
4676 3590 607 4580 1
1152 947 4858 890 1
4858 2940 973 890 1
1859 1813 1843 3607 1
1843 1840 1719 1773 1
4425 3424 497 4133 1
1719 1716 1843 1773 1
4985 5629 5542 2767 1
1609 4005 5411 5406 1
2855 2856 4985 2708 1
3425 2830 3303 3218 1
3425 3517 4417 3218 1
1149 1228 5012 5086 1
941 882 825 972 1
3829 3509 1484 4392 1
188 77 85 2684 1
2641 3376 3193 3386 1
188 77 2684 2967 1
2201 2185 2146 2222 1
5406 1609 4138 5379 1
1609 2769 5379 4111 1
3376 3588 3408 3386 1
2951 3681 4126 4667 1
3663 3352 5471 3534 1
3663 4889 1466 3577 1
3853 4027 4420 1576 1
3663 3577 1466 4274 1
5471 3663 3534 4274 1
4889 3352 3663 1466 1
1009 3330 1118 4742 1
2778 3854 927 5129 1
2142 2649 2762 2302 1
2562 2867 2586 3416 1
5129 4487 3854 4180 1
4847 1009 1118 1171 1
4847 3330 1118 1009 1
4667 3161 4126 2951 1
1591 4408 1333 5128 1
5411 1609 5379 4111 1
3816 3211 2323 3228 1
3816 3256 3211 3228 1
2303 3816 3256 3050 1
5295 3859 1995 1923 1
1609 4138 5379 2769 1
4029 1995 2019 3578 1
4940 5023 3460 3771 1
4308 3161 4126 4670 1
2649 2302 2707 2762 1
1279 4168 3343 3500 1
1279 3343 1384 3500 1
1279 1384 1550 3500 1
440 5298 3496 5040 1
1511 1694 3125 5306 1
4665 661 810 711 1
3870 3496 3646 3417 1
4168 1279 3805 3500 1
4885 5306 4703 1511 1
810 4716 4943 853 1
810 4207 4716 853 1
5158 3807 4321 5362 1
2177 2191 3046 3623 1
810 4716 4207 4665 1
3085 2346 3298 2843 1
3347 1354 1272 1144 1
3347 1354 1331 1272 1
3085 2843 2119 2203 1
4072 2175 2151 2185 1
1351 3503 1493 3819 1
210 2887 2937 2631 1
5578 3807 4321 3922 1
210 2937 204 2631 1
2100 1711 2119 2632 1
4183 4626 3642 3729 1
3582 3710 4417 3780 1
1264 2632 2901 2119 1
1264 1711 2632 2119 1
1216 1142 3203 730 1
471 692 2627 3611 1
837 910 864 874 1
3503 4669 1580 1351 1
245 267 280 205 1
4532 205 280 256 1
864 983 874 910 1
864 897 983 910 1
3666 3441 4482 1173 1
3565 5023 4146 801 1
2172 3209 3267 2182 1
4497 735 778 905 1
778 735 826 905 1
4433 735 4497 905 1
1511 3125 4885 5306 1
4042 1670 4442 1655 1
1578 1442 1537 1554 1
5306 1694 4410 1511 1
618 2627 692 3205 1
1442 1537 1554 1361 1
1110 692 3205 618 1
3669 4525 3495 1685 1
647 606 541 593 1
540 598 597 4137 1
702 606 647 593 1
1537 1670 4442 4042 1
3591 3669 3495 1685 1
2177 2191 4581 3046 1
4316 3893 686 4250 1
707 3893 686 4316 1
707 769 686 3893 1
4703 5306 5125 1511 1
4364 3504 2129 3378 1
2552 3213 2593 3387 1
2593 2903 3387 3213 1
2604 2593 3213 2903 1
3637 3702 4109 4021 1
479 4632 506 454 1
479 443 4632 454 1
3702 4021 3637 3979 1
3591 3601 3669 1685 1
3671 4482 3794 1374 1
1511 5306 5125 4410 1
5009 839 3896 5179 1
3764 2547 2473 2519 1
2547 4054 3764 2473 1
3585 3656 2473 3764 1
2129 3504 2169 3642 1
3441 4910 4482 3671 1
2169 2129 4364 3504 1
2927 3166 2658 2329 1
3656 4054 2473 3764 1
3671 3441 5459 4482 1
3671 4482 5459 3794 1
2512 2568 2786 2459 1
3267 2053 3271 2172 1
4615 4940 3931 792 1
4833 719 5014 5360 1
5595 5440 4934 5273 1
3408 2808 1969 3203 1
3916 5047 5273 4934 1
2849 5004 4905 4501 1
3916 4934 5273 5595 1
4035 4141 1580 4153 1
5212 2009 3858 1942 1
1853 1845 5286 3508 1
4934 5440 5630 5273 1
4666 5212 5286 3508 1
4934 5047 5273 5630 1
3509 1149 3592 1228 1
1149 1228 3509 5012 1
1228 3948 3509 5012 1
2839 241 2630 273 1
3564 3952 4386 4082 1
3510 4240 430 3338 1
3510 387 4240 3338 1
3792 3048 5294 3531 1
2390 2409 2397 4054 1
4054 2409 2397 2404 1
2055 2001 2030 1953 1
2055 2018 2001 1953 1
3440 3400 1446 3367 1
2072 2121 2110 2105 1
2072 2121 2105 2060 1
2072 2110 2121 2090 1
2409 2397 2404 2373 1
2390 2397 2409 2373 1
4029 4623 2015 2020 1
2020 4029 2019 3578 1
3601 1685 5235 3457 1
3510 366 387 316 1
3981 4044 4398 3188 1
3601 1685 3457 4525 1
4044 3869 3981 4398 1
3669 3601 4525 1685 1
3149 3402 3188 3371 1
3086 2722 3126 2822 1
2722 3086 2865 2822 1
3512 486 513 484 1
4240 3512 513 430 1
4276 1896 3814 1894 1
3225 2818 2994 3261 1
353 103 2967 358 1
353 358 2967 2619 1
2967 353 2619 2616 1
1910 4276 1896 4694 1
1896 1765 1743 3925 1
3226 2250 2342 2299 1
2676 27 2686 2885 1
2686 2936 3861 372 1
3867 1768 5527 4110 1
3517 4222 2683 3371 1
4222 3171 2683 3438 1
4222 3171 3517 2683 1
3000 2852 2647 2682 1
3371 4222 2683 3438 1
3492 2647 2852 3131 1
1756 1716 5542 2767 1
2767 1756 1716 4386 1
3998 4283 529 530 1
3413 1716 1756 5537 1
1756 1716 3413 5542 1
4386 1756 1716 5537 1
1983 3936 3246 4614 1
465 470 538 532 1
5205 3125 4525 5306 1
2129 2169 2150 3863 1
5205 1735 5306 4525 1
3504 2112 2156 2114 1
3504 3791 2169 3642 1
3304 996 1048 1088 1
1048 1055 4426 1010 1
1523 3580 4164 3670 1
1048 967 1010 4426 1
4426 1021 1055 1048 1
1048 967 4426 919 1
1088 1368 3947 4345 1
3947 1368 1301 4345 1
2697 2784 3120 3169 1
2784 2602 3120 3169 1
967 3304 1010 5428 1
4850 1478 5091 4812 1
505 475 4864 4635 1
505 458 475 4635 1
4635 458 503 505 1
4635 505 503 552 1
523 4635 503 552 1
4864 520 2797 475 1
523 4864 4635 552 1
4850 1478 4663 5091 1
552 4635 505 4864 1
4164 3329 1446 3670 1
3613 1926 3160 1922 1
3607 5273 1813 1773 1
3607 1716 5273 1773 1
4062 1818 3755 3223 1
1773 1716 5273 5209 1
3223 1818 3755 4502 1
3836 3160 1922 3613 1
2744 1592 3531 4389 1
1716 5566 5273 5209 1
5566 5273 3607 1716 1
958 1239 1042 4646 1
2876 2728 2655 2946 1
4646 1239 1042 2778 1
2876 2946 2655 3461 1
3417 2755 386 322 1
5287 839 2988 5009 1
1602 5433 1752 5017 1
2977 907 2646 3327 1
1592 3531 5557 2744 1
1602 1514 4282 5433 1
2806 2202 2134 2328 1
2988 5367 742 772 1
4585 4204 620 599 1
2626 376 3428 390 1
3302 3657 376 2868 1
918 5287 962 2916 1
3428 3657 376 3302 1
5287 5332 962 839 1
2626 3428 376 3302 1
2988 858 5398 5367 1
1602 3062 4152 1752 1
4282 1602 3062 3923 1
4934 3173 4034 3686 1
3345 78 2994 96 1
78 2677 2994 52 1
3686 1777 1789 3173 1
1777 1789 1786 3686 1
3262 1394 1292 2777 1
1777 3686 1786 1866 1
2938 2854 2911 67 1
5492 5486 4435 4248 1
3630 4031 3688 3643 1
649 4116 757 721 1
649 673 721 624 1
649 4048 624 3477 1
4400 3969 2575 2522 1
3064 3688 3630 4282 1
2750 2921 2814 2941 1
3457 1685 5235 3524 1
3926 3643 3630 3688 1
1533 1424 2842 1274 1
465 3910 3713 473 1
1319 653 560 2689 1
1592 4389 3792 3531 1
2682 2765 2852 2735 1
2735 2765 2852 3209 1
3926 3688 3630 5091 1
473 3713 465 532 1
3630 4282 3688 4031 1
2852 2735 2683 2682 1
5557 4214 3531 1592 1
2511 2522 3969 4400 1
5091 3688 3630 3064 1
4079 4685 2830 4467 1
756 634 4534 3956 1
3372 3431 3317 1375 1
3372 3317 3431 3376 1
2643 2645 1962 2691 1
4899 4661 3956 4435 1
3460 3771 3820 4936 1
4936 3771 3820 655 1
2902 3317 3526 3372 1
4048 4435 4899 3956 1
4589 4661 4551 3956 1
2996 4748 1261 1221 1
2233 2179 3432 2869 1
4079 4685 4467 4644 1
2996 1261 4748 1150 1
2179 2650 2267 3432 1
2179 2869 2650 3432 1
3444 1524 1380 1571 1
1592 4214 3531 3792 1
424 4957 3510 4064 1
5366 3956 4551 634 1
5022 473 4064 424 1
5306 3043 1735 5205 1
254 85 2676 2877 1
1524 1300 1380 1571 1
2301 3501 2317 3433 1
1571 3444 1524 5045 1
3319 2658 2781 2329 1
3530 4492 2015 2082 1
3289 1346 1196 1490 1
3530 2082 2015 2064 1
3289 1358 1196 997 1
3289 1358 1490 1196 1
1440 1515 1596 4023 1
5306 3043 3042 1735 1
4996 421 408 5539 1
421 4861 5539 4651 1
1171 5065 1237 946 1
424 4957 4064 5022 1
1481 1413 1440 1340 1
925 946 1237 5065 1
3311 3536 1735 3043 1
1440 1515 1542 1402 1
4570 946 1171 1237 1
1481 1440 1347 1340 1
925 1237 946 3756 1
1762 3311 1735 3043 1
4570 946 1237 3756 1
2874 2728 2876 2946 1
3043 3042 1735 1762 1
4188 1201 905 3803 1
905 3803 1201 1026 1
905 3803 3165 4188 1
905 4692 3165 3803 1
905 1026 4692 3803 1
1158 2800 2637 2790 1
3555 1174 4160 1429 1
1174 1057 990 4160 1
387 3810 435 3510 1
1735 3536 5205 3043 1
2800 1559 2640 2790 1
3502 753 2859 2617 1
4888 2406 3995 3366 1
435 3810 3456 510 1
387 3810 3456 435 1
5406 4387 3414 1426 1
3510 3810 435 424 1
3546 3527 3533 4931 1
2076 2095 3362 2045 1
3759 4542 2024 5319 1
3362 2095 2076 2091 1
3223 3295 3714 1625 1
3062 4447 3295 5433 1
3599 2773 12 3434 1
504 2839 389 668 1
795 754 3491 647 1
795 4028 754 647 1
795 3840 754 4028 1
4698 1485 1701 1479 1
3491 754 795 3840 1
1374 1189 1485 1479 1
3414 5406 1426 3880 1
2705 2753 2299 2928 1
3226 2299 2362 2928 1
3226 2299 2928 2705 1
3226 2299 2342 2362 1
2772 2342 3226 2250 1
256 205 4065 4198 1
335 362 400 312 1
256 4065 4291 4198 1
401 362 400 335 1
400 3817 401 335 1
4626 2149 3049 2158 1
2132 4626 3049 2158 1
3630 3808 3427 3064 1
2561 2822 2587 2865 1
3011 551 591 559 1
3011 562 551 559 1
3011 562 672 635 1
3011 586 591 671 1
3011 617 586 671 1
3011 671 591 635 1
3011 672 671 635 1
3011 559 591 586 1
3011 617 559 586 1
4138 4387 5406 1426 1
4641 928 989 845 1
3371 4222 3438 3453 1
3371 3824 4222 3453 1
4536 4651 374 4003 1
3378 3504 4183 2114 1
4331 1181 1089 1163 1
1378 1222 1321 5123 1
4331 1222 1089 1181 1
2772 3226 2443 2428 1
3226 2362 2443 2428 1
4331 1222 1378 5123 1
2114 4183 3729 2144 1
2792 2403 2257 2243 1
3015 1172 1177 3516 1
3015 5259 1306 1071 1
5259 1015 3015 1172 1
3378 2114 4183 3729 1
3015 3357 1172 3516 1
3199 4815 1722 5532 1
3199 4815 5269 1722 1
5259 1015 1175 1129 1
5259 1071 1015 1129 1
1660 3199 4757 1722 1
3467 3453 3271 3521 1
1722 4757 5269 3199 1
3261 2892 3181 3455 1
3675 892 899 875 1
3199 5532 1722 1660 1
131 21 2676 2922 1
315 2736 2676 131 1
2922 21 2676 2952 1
4007 899 4083 875 1
4272 3550 1547 5423 1
4272 5233 3550 5423 1
5406 4507 1426 3880 1
1675 3798 1629 4951 1
5406 4138 1426 4507 1
3760 1594 1569 5005 1
3439 2914 338 556 1
5284 1750 3130 3394 1
3535 3642 4228 3951 1
3791 4228 3642 3951 1
3439 2679 3334 3593 1
4217 4504 3535 2232 1
2206 2169 4228 3642 1
3802 2232 3535 4504 1
2169 4228 3642 3791 1
2206 3642 4228 3535 1
2821 3700 4496 4159 1
707 677 4220 598 1
3130 1610 3551 3394 1
3141 3700 1884 1845 1
3700 1845 1817 1740 1
3546 4854 3174 3527 1
3365 3695 5166 1346 1
5166 1315 1346 3695 1
5284 3130 3551 3394 1
5421 1099 3233 5027 1
5592 5249 5255 1139 1
4150 5387 5589 1350 1
736 4220 707 677 1
576 5267 554 4268 1
5088 736 4220 652 1
5387 1350 1451 5589 1
2498 2822 2484 2569 1
3801 468 505 2775 1
554 3801 511 4268 1
4808 1036 923 4994 1
4061 3643 3688 4447 1
1733 3395 1720 1737 1
4836 953 911 3401 1
3420 3249 3396 3109 1
5268 3249 3396 3420 1
5268 1148 3249 3420 1
2910 3479 2834 3750 1
167 2834 3750 290 1
2655 2946 2728 3560 1
3332 2898 3466 3560 1
2723 3332 2655 3560 1
3643 4457 5498 3230 1
2898 2946 3466 3560 1
2723 3560 2655 2728 1
3932 4362 84 63 1
5386 5273 1813 3607 1
3032 4058 3421 4874 1
2977 668 861 3215 1
2973 2981 2953 4799 1
5491 4830 5515 1768 1
4799 3890 2981 2953 1
1607 1368 1488 4099 1
634 606 702 593 1
702 647 606 5366 1
3187 3038 4274 5362 1
4274 3773 3187 5362 1
4394 1649 1281 3907 1
3337 4026 5354 4952 1
594 640 631 616 1
573 616 594 631 1
4295 5410 768 4552 1
3337 4952 5112 4026 1
2772 2386 2745 2733 1
2733 2386 2745 2458 1
3064 5091 3119 3054 1
4578 3427 3629 3630 1
1455 1432 5368 2751 1
3926 3629 3630 3643 1
3688 3062 5433 4447 1
1455 3808 3105 1205 1
3182 3248 3452 3467 1
3452 3248 3400 2820 1
3300 3544 3452 3267 1
2438 2482 2510 2509 1
4544 2438 2509 2482 1
795 899 3840 782 1
1777 1661 5381 4121 1
899 782 4479 3840 1
795 782 4028 647 1
1777 1741 1661 4121 1
3940 1112 4161 4941 1
3263 341 365 381 1
3263 341 293 365 1
4028 4479 647 782 1
4121 1661 4733 1741 1
991 4674 1035 853 1
853 4590 991 4674 1
853 1035 991 887 1
2996 1245 1102 2692 1
860 771 3539 4652 1
991 3393 1035 1116 1
4121 5291 4733 1661 1
599 569 506 562 1
4121 1661 5381 5291 1
776 1137 743 2933 1
771 4143 3539 4652 1
991 1116 4451 3393 1
3139 4862 4709 1935 1
3339 5099 5371 768 1
4295 768 5099 3339 1
2485 2486 2423 2497 1
2485 2423 2433 2497 1
2485 2433 2423 2408 1
676 713 710 682 1
1092 4303 957 4358 1
2815 2732 2724 2179 1
2815 2037 2179 2724 1
2629 3099 2892 3455 1
2866 3455 3099 2984 1
2662 2866 2818 3455 1
3261 2629 2892 3455 1
5566 3607 1788 3616 1
3225 3261 3455 2818 1
975 4192 3933 1032 1
975 3933 2891 1032 1
2189 3812 2168 2154 1
2840 2189 3812 2168 1
2891 3884 975 1038 1
1875 4720 4990 5148 1
1903 1908 3113 4557 1
3461 2946 3639 3486 1
3461 2946 2655 3087 1
3281 3465 2946 2874 1
2874 2946 2876 3461 1
2874 3465 2753 2928 1
2874 2946 3461 3465 1
2723 2725 3257 2793 1
3488 3331 5592 3144 1
2723 2725 2667 2712 1
3113 5363 4557 1908 1
3734 4874 4844 4817 1
3734 4817 4844 1282 1
3734 4844 1241 5220 1
1497 3615 1688 1479 1
4633 1749 4609 3679 1
4481 3615 1497 1479 1
4112 284 4809 261 1
4483 4481 3615 1497 1
4058 4874 4844 3734 1
804 713 4824 761 1
678 694 4071 4041 1
3567 1625 4447 3295 1
804 3797 713 761 1
3863 2108 2129 2149 1
3567 4502 1625 3295 1
2854 69 2630 106 1
69 2630 106 97 1
569 661 599 596 1
1077 915 2826 995 1
1077 915 1080 2826 1
1832 1663 3080 3285 1
2171 2149 3863 2206 1
3080 5066 1663 1832 1
1594 1569 3805 3898 1
1569 5113 3805 3898 1
2638 2641 2675 2932 1
2932 2638 2641 2902 1
1569 5113 3898 4057 1
2932 2902 2641 3317 1
2932 2641 2675 3244 1
5005 3805 1569 5113 1
3317 2932 3244 2641 1
2171 3863 2149 2108 1
1569 3805 5005 1594 1
4785 5363 1909 3113 1
2211 2193 2176 3023 1
4144 3023 2193 2211 1
443 446 479 3704 1
2237 2238 3204 2275 1
3204 3288 3407 3719 1
3288 3407 2276 3204 1
2275 3719 3204 2237 1
3163 3023 4144 3266 1
1824 1970 1957 1894 1
4276 1957 1894 1824 1
3176 1110 3205 1944 1
4247 4276 1894 1824 1
4247 1894 4680 1824 1
4934 3686 4034 1863 1
3042 1690 3043 5253 1
3043 1486 4401 5253 1
3093 4599 2194 3208 1
2801 3459 2827 2857 1
3459 3602 2137 2857 1
3459 2137 2002 2857 1
3459 2002 2827 2857 1
3042 5504 1762 1792 1
3459 3602 3374 3217 1
3042 5504 1792 5191 1
3459 3374 2801 3217 1
3042 1735 5191 5306 1
3093 2194 2163 3208 1
3092 5333 3208 2194 1
845 732 757 2958 1
4351 603 4612 531 1
137 101 143 81 1
2772 1938 2250 3226 1
3208 2194 5333 4599 1
2876 3461 2655 2753 1
2753 3461 3087 2430 1
2753 3461 2655 3087 1
2874 3461 2876 2753 1
2874 3461 2753 3465 1
1401 1309 3827 1305 1
4934 1860 3686 1863 1
1305 1309 3827 1393 1
3554 5309 4825 4095 1
1663 1393 4480 1396 1
2022 2004 5054 3795 1
2022 3841 2031 2029 1
3554 1095 1161 4117 1
1120 3555 4160 1429 1
3555 4160 1174 4231 1
1440 5460 3905 1481 1
4527 3905 1440 4023 1
3465 2928 2907 2430 1
2945 2901 2888 2113 1
2945 3276 2901 2113 1
4817 4844 3235 4239 1
1282 3235 4817 4844 1
5272 824 3851 3136 1
2541 3486 2946 3465 1
3465 2430 2753 2928 1
4267 2769 4289 5402 1
3465 2946 3461 3486 1
3465 3461 2753 2430 1
4289 5471 3352 1545 1
2550 3100 2534 2555 1
2770 4289 3352 1545 1
5020 2534 2555 2550 1
4145 2196 2259 2249 1
2167 2934 2217 2115 1
2652 3466 3086 2655 1
2655 3466 3086 3087 1
3466 2946 3087 2655 1
4267 5402 4289 5471 1
510 548 549 522 1
3887 2196 2259 4145 1
3533 1282 3746 1226 1
611 579 566 545 1
611 566 5416 567 1
611 566 579 5416 1
4997 1943 3972 1893 1
4997 3972 1805 1893 1
5381 3173 4034 4934 1
5441 4817 1282 3746 1
5381 3173 1777 4034 1
5441 3746 1282 1226 1
2938 1499 149 129 1
2938 109 129 149 1
3548 1709 3710 3780 1
1139 3636 3389 1226 1
3389 3636 1139 3891 1
3548 3710 3582 3780 1
5268 5387 3396 3249 1
3886 3533 3546 3636 1
2223 3648 3255 2724 1
1139 3527 3523 3636 1
5268 4978 5387 3249 1
3460 3730 3078 4940 1
3078 4940 3730 4188 1
1555 1543 3051 1614 1
3733 759 688 3994 1
4940 3307 2702 4188 1
3165 3803 4296 4188 1
365 2789 390 376 1
2878 290 165 167 1
4188 3803 4296 2702 1
3891 3636 1139 3523 1
3886 3636 1226 3533 1
3052 1614 1608 1525 1
3052 3051 1614 1525 1
1519 1365 1469 3052 1
2854 69 2677 2630 1
2371 3619 2397 2373 1
2371 2397 2369 2373 1
3052 1608 1365 1525 1
2913 2632 3094 2007 1
241 2630 273 177 1
180 177 106 2630 1
3051 1326 1555 1445 1
4934 1863 5630 1860 1
1326 1399 1555 1445 1
4983 3051 1469 1543 1
4035 4629 5552 4141 1
5004 4141 4035 4153 1
3706 1507 3682 1636 1
2967 2773 3028 76 1
670 683 682 731 1
4407 632 683 750 1
1009 4742 1118 4668 1
5189 4127 2809 1197 1
727 683 750 4407 1
683 670 646 727 1
4407 712 632 750 1
5189 4102 4127 1197 1
1197 4102 4127 1122 1
229 2631 2914 338 1
3053 204 2631 3260 1
5266 4562 5068 5447 1
832 4772 3474 4803 1
3363 3684 3362 2091 1
2114 3879 2144 2101 1
2114 3879 2141 2144 1
3362 2076 3363 2091 1
3160 2771 3259 2643 1
2643 2085 1922 3160 1
1777 4121 5381 4034 1
3600 410 3659 3998 1
1731 1738 1829 1793 1
4034 4121 5381 5047 1
1731 4720 1829 1738 1
3324 2673 3259 3252 1
2918 3594 3259 2673 1
3252 3259 3594 2673 1
5381 4934 4034 5047 1
2652 3466 2655 3332 1
3332 3466 2655 3560 1
3466 2946 2655 3560 1
5010 5158 4089 4321 1
469 3563 477 427 1
3256 2366 2381 3050 1
2975 1528 1585 1654 1
1654 1528 1585 4091 1
2400 2406 2379 2370 1
5010 4630 4089 4218 1
3137 1825 1815 1842 1
3476 2225 2180 2167 1
3476 2327 2180 2225 1
3476 2180 2327 2268 1
4259 3839 1400 4224 1
1844 1819 1752 1781 1
4362 4053 84 63 1
4906 1807 1787 2664 1
4906 1842 2664 1853 1
2664 1842 4906 1807 1
1894 1878 4715 4680 1
4247 1894 4715 4680 1
5230 4715 1878 1648 1
1844 1781 1752 3755 1
3245 1617 2645 2756 1
4237 19 71 59 1
3061 1652 1687 1593 1
59 4237 72 71 1
19 3903 59 4237 1
2756 3245 1617 822 1
3903 4362 59 4237 1
3664 1639 1493 4669 1
3514 2450 3478 2383 1
3514 2383 3478 3562 1
4669 1639 1493 3745 1
3061 1593 1687 1658 1
3061 1658 1589 1570 1
3061 1593 1658 1570 1
1652 3061 1495 1570 1
3061 1495 1570 1589 1
2049 2029 4766 3786 1
4188 4296 3165 836 1
3061 1652 1732 1687 1
3820 4936 655 4781 1
2724 2663 2806 3648 1
3820 5581 4936 4781 1
1943 3972 1893 3505 1
3061 1698 1658 1732 1
1460 1681 2685 1553 1
3679 3540 3467 2053 1
3467 3540 3521 2053 1
3165 836 3078 4188 1
3444 1755 1524 5045 1
1575 1568 1450 1412 1
3552 4147 3138 3772 1
836 3078 5318 3165 1
3165 3964 836 4296 1
1359 1300 3320 4847 1
5010 5158 4218 4089 1
3339 3964 836 3165 1
836 3339 3165 5318 1
4171 1620 1550 1357 1
4847 1300 3320 1061 1
1359 1524 1300 1380 1
66 167 2834 3479 1
66 2834 2863 3479 1
1359 1300 1524 1358 1
40 3479 66 2863 1
90 40 3479 3877 1
3724 1983 2009 4311 1
1359 1380 4847 1171 1
3514 3480 2383 3562 1
2304 3217 3480 3768 1
3621 4614 1983 3246 1
2780 3203 3176 1216 1
3203 692 3176 1216 1
4636 1785 5217 4946 1
4275 1374 3766 1479 1
4892 1820 5217 3943 1
3180 5217 4892 1820 1
3180 4179 5217 4184 1
1905 2008 1889 1956 1
1905 1956 1889 4333 1
4598 3766 5431 4266 1
4636 3943 5217 1785 1
3874 2161 5333 5432 1
1905 1889 2008 1979 1
1589 1658 3061 1698 1
5432 3075 3874 4581 1
5275 956 5073 988 1
5432 5333 3874 3075 1
3398 3668 3507 3566 1
3889 3398 3507 3566 1
3889 3507 3149 3981 1
1241 4844 5627 1219 1
3874 5333 2161 3034 1
1440 1347 5460 1481 1
1295 1309 4194 1165 1
5163 4194 1165 4842 1
1347 1303 1440 5460 1
1241 5627 4844 4058 1
2463 3294 2552 3387 1
3294 3387 2903 3353 1
3110 1831 2912 3835 1
3869 3571 3981 4398 1
3566 2837 3981 3571 1
4303 2837 3566 3571 1
5387 1350 4150 3422 1
3159 1750 3187 3773 1
1936 4867 1927 1997 1
3933 988 1064 934 1
4192 988 3933 934 1
4397 4456 845 943 1
1266 3241 3121 1207 1
3461 3639 3087 2430 1
1064 3933 1188 988 1
3461 3486 3639 2430 1
5495 1627 5381 3483 1
3465 3486 3461 2430 1
5234 4212 1986 4469 1
5495 5381 5291 4583 1
4570 1237 1171 4148 1
3884 4192 988 3933 1
3884 988 2891 3933 1
5291 5381 5495 4574 1
4574 5381 5495 1627 1
694 736 4220 5088 1
3480 3487 2261 2280 1
3487 2261 3850 3602 1
3487 2261 3602 3217 1
3838 2280 2261 3487 1
5495 3483 5381 4583 1
4442 1670 3574 1655 1
4442 4211 3574 1670 1
3926 3519 3427 3927 1
1032 3539 860 934 1
860 4192 1032 934 1
3505 4431 4025 3972 1
5546 4779 4592 746 1
3576 930 2702 5262 1
2808 3490 3386 3292 1
3386 3490 2641 3588 1
3588 2641 3244 3490 1
3822 4440 4849 3716 1
2735 2668 2683 2710 1
4125 3580 4849 3822 1
3681 4849 3822 4125 1
5218 4403 866 803 1
3621 1983 3724 4311 1
700 765 727 747 1
874 2701 4546 837 1
1430 3690 4108 1385 1
3000 2682 2706 2852 1
2690 2647 3000 3492 1
4609 3811 3453 3521 1
1385 3690 3352 3667 1
2701 837 4372 4546 1
747 727 700 670 1
3710 3065 2830 3379 1
3379 3622 2830 3522 1
3710 3379 2830 3522 1
3522 3622 4417 3780 1
3710 3522 4417 3780 1
1385 3352 3690 4108 1
1127 1219 3692 5452 1
2023 2019 1956 3578 1
3623 3961 2198 3454 1
4843 3815 4247 4765 1
3454 2188 4154 3046 1
435 510 3959 3810 1
3959 473 3810 510 1
3080 1497 1688 1548 1
4480 1548 3080 1663 1
4680 4715 4247 3815 1
4548 5299 5210 5263 1
1817 3700 3141 1845 1
3080 1796 5066 1832 1
1393 4481 4483 1497 1
1574 1368 1483 4246 1
3081 1748 1515 1582 1
1574 1494 1368 4246 1
3623 5279 2188 3163 1
3776 3381 1660 5459 1
1591 5385 4408 5128 1
1643 5459 3794 3776 1
3671 3381 3776 5459 1
3671 3794 5459 3776 1
5105 4408 5385 5128 1
1854 1748 1582 1730 1
3141 3945 3700 1817 1
3081 1854 1748 1582 1
1520 1653 1448 5612 1
1774 1854 1582 1730 1
1854 1748 1899 1802 1
3776 5459 1660 1643 1
1371 1557 1461 1417 1
3310 3266 5279 4144 1
5520 3579 5444 1069 1
2668 2225 3476 2167 1
2668 3547 3476 2683 1
5232 5279 3163 4144 1
1134 4719 4820 5195 1
3694 4360 1547 4259 1
3680 4796 5209 5595 1
3550 3694 1547 4259 1
4443 5226 1757 3894 1
3894 1757 4443 5242 1
1662 5242 1757 3894 1
5067 5002 5457 4732 1
1547 4363 3694 3591 1
3784 852 4506 5272 1
5272 3784 4119 4540 1
221 224 199 269 1
4784 4738 4163 4836 1
4836 4738 4163 1204 1
2732 2650 2126 2888 1
2888 2869 2126 2843 1
2869 2888 2126 2650 1
186 269 199 224 1
4109 942 854 957 1
3089 1438 1108 1077 1
3089 1394 1438 1077 1
4594 224 186 199 1
1108 2826 995 1077 1
3702 4109 3488 3091 1
1108 1081 1037 1125 1
1108 995 2826 1037 1
1108 1081 995 1037 1
5407 3488 960 5146 1
935 5124 3488 960 1
4594 221 224 199 1
5389 4119 3784 4540 1
584 695 655 595 1
595 584 695 656 1
1547 3694 3550 3591 1
4889 5193 3632 1409 1
4363 1547 3694 4360 1
5249 5255 3842 5369 1
5265 5369 5249 3842 1
3389 5255 3842 5249 1
5265 5249 3389 3842 1
2481 2495 5364 4679 1
1395 1613 4284 1585 1
2110 3044 3620 2072 1
5364 2495 2535 4679 1
5288 4586 410 3761 1
3494 5346 2221 3951 1
1475 3291 3843 3597 1
617 672 562 569 1
4665 635 672 661 1
3494 5346 3951 3535 1
671 617 672 3011 1
672 562 661 635 1
4918 2133 2116 2155 1
3093 2204 4967 4918 1
3093 2208 2204 4918 1
3093 2163 2208 4918 1
1536 3792 4839 1592 1
4811 3108 4617 3787 1
4811 3108 3787 4004 1
3673 1514 3515 1478 1
3043 4911 1690 1762 1
1592 1536 3792 4389 1
5577 1511 3027 1432 1
1892 1869 1700 1879 1
4098 3627 5454 681 1
1480 3027 4885 5252 1
4446 1700 1892 1869 1
2857 2137 2147 3501 1
3433 2147 3501 2857 1
3395 3718 1720 1737 1
2301 2147 3501 3433 1
5252 1480 3027 1397 1
4446 1700 4965 1892 1
1149 1140 3592 1228 1
1140 3592 1228 4052 1
1866 1983 1921 1967 1
4061 3915 4447 3515 1
1866 1967 4906 1983 1
5391 3230 5498 4457 1
1921 1967 4966 1866 1
5415 5388 1615 5248 1
5391 5248 5415 1615 1
4906 1967 1866 1842 1
4966 1967 1842 1866 1
3808 5368 5577 2751 1
3886 3533 1282 3546 1
1296 5233 4713 3996 1
3604 1385 3796 1430 1
5284 1750 3394 5491 1
3889 3566 3507 3981 1
3394 5491 1750 3773 1
5491 5402 3394 5284 1
5402 3394 3773 5491 1
1237 3806 1256 5185 1
1909 1882 1903 4557 1
4774 4631 1111 2817 1
3008 3451 4445 852 1
844 814 869 804 1
2686 372 2897 125 1
2144 4365 4183 3729 1
5578 4223 3665 3807 1
3951 4183 2144 3494 1
2617 2612 2686 2897 1
2617 2897 2824 2612 1
2144 2166 4183 4365 1
2722 3506 2600 2587 1
2572 3506 2722 2587 1
1453 1465 3718 1462 1
1822 3067 1793 1904 1
1738 1829 1793 1822 1
5330 5380 4732 5397 1
1395 2688 3596 1418 1
5097 3769 4726 3446 1
2688 1358 3596 1418 1
2613 2684 2620 2824 1
3402 3542 4633 3248 1
3289 1358 1174 3596 1
3769 4726 3446 5542 1
2862 2613 2620 2824 1
2862 2863 2620 2613 1
3289 3596 4545 1346 1
3365 4545 3429 1395 1
3542 3492 3248 3149 1
3951 3535 4183 3494 1
4187 3598 909 1118 1
2177 5232 4241 3154 1
2503 2493 2524 2447 1
2524 2556 2493 2503 1
2490 2524 2556 2493 1
1229 3598 1206 954 1
1102 909 3598 954 1
2177 4241 3092 3154 1
3959 3917 4170 510 1
520 463 475 4170 1
3148 3601 3227 4436 1
695 642 5023 4914 1
2177 3092 2191 3154 1
176 3963 3383 234 1
3963 234 226 271 1
3535 3642 3951 4183 1
3600 3761 5288 410 1
4365 4626 4183 3729 1
1226 5255 3842 3389 1
695 5023 5352 4914 1
3831 2550 4679 2535 1
2534 3831 2550 5020 1
5265 3389 3789 3842 1
2071 3603 2101 2079 1
5635 5394 3813 1296 1
4365 3603 2148 3254 1
4221 4655 2514 3969 1
5171 2832 2481 2495 1
1139 5255 1226 3389 1
3123 3603 2071 2079 1
2702 4940 792 3307 1
3460 3771 5023 3820 1
5598 3110 1831 5386 1
4484 1788 4770 3110 1
5386 5598 3110 4484 1
3366 2481 3935 2536 1
3998 4133 3646 4203 1
3783 2536 3366 3935 1
3080 5317 1688 3615 1
3615 1516 1688 1479 1
4481 1516 3615 1479 1
4483 4481 1516 3615 1
4483 5317 3080 3615 1
5352 3460 5023 3820 1
695 5581 5352 3820 1
1129 4018 4293 3605 1
3605 4018 988 1097 1
4851 2956 3006 2961 1
3807 4274 3665 3038 1
3849 3804 3251 3609 1
3307 4940 792 3931 1
3104 4115 4140 3421 1
3421 4115 4140 3220 1
3032 3220 3923 4115 1
2702 792 5262 3307 1
3479 167 2834 3750 1
3877 3750 167 3479 1
3307 792 5262 3931 1
4201 932 3423 878 1
2174 3535 4626 4217 1
2323 4347 3683 3211 1
4274 3038 3807 5362 1
1043 932 4201 878 1
4201 1043 878 1034 1
3668 3676 3131 3303 1
477 427 3563 421 1
3131 3303 3676 3218 1
3807 3773 4274 5362 1
3172 3091 3293 3888 1
3822 3580 4440 1313 1
2974 4511 2979 2948 1
3976 4296 4002 4509 1
3964 4692 4002 4296 1
1671 5342 3084 4717 1
1426 4387 3414 3537 1
3835 2912 3122 4366 1
3110 5386 5622 1831 1
3367 3400 1446 3158 1
3537 4387 4817 3587 1
4717 5226 3084 1671 1
393 421 427 477 1
4151 3537 1426 3414 1
1895 5598 1902 1909 1
4046 1511 3027 5577 1
3305 3525 2799 2173 1
2799 3525 3319 2173 1
3027 4046 1362 5339 1
4934 5472 1860 5440 1
4501 1177 3516 4629 1
2552 3353 3213 3387 1
1362 4046 5248 5339 1
3294 3387 3353 2552 1
1362 4046 5391 5248 1
1306 1177 3516 3015 1
4680 1894 1934 1970 1
1139 5255 3389 5249 1
3537 4817 3746 3587 1
4771 1241 4840 3449 1
3537 1426 3746 4151 1
271 256 3415 3624 1
3528 3433 2147 2173 1
3528 2173 2147 2915 1
2799 3319 3528 2173 1
3528 3319 3433 2173 1
2915 2799 3528 2173 1
271 264 256 3624 1
3625 32 4490 50 1
3449 1241 4840 5441 1
3494 4183 2144 2166 1
948 741 4136 3627 1
948 3627 851 741 1
3652 885 3627 697 1
5596 4672 2823 3122 1
3494 3535 4183 2166 1
3535 3642 4183 4626 1
3566 4303 3144 3488 1
1602 1514 5433 5017 1
2978 4126 4670 4308 1
1597 1514 5017 3673 1
1850 3200 1907 1809 1
3631 5458 4204 3837 1
3625 43 4490 32 1
75 43 3625 3076 1
1602 1514 5017 1597 1
3631 4637 4204 5458 1
3681 2978 4308 4126 1
1195 1131 1335 1108 1
1195 1131 1108 1005 1
1335 1348 1539 1572 1
1195 1131 1005 2930 1
4552 3078 836 4940 1
4552 3078 5318 836 1
2206 2169 3863 2150 1
2171 3863 2150 2206 1
4217 2232 2245 4453 1
4217 4504 2232 4453 1
4504 2230 4305 3802 1
3451 5604 852 3008 1
4217 4305 4504 4453 1
5604 4506 852 3008 1
4305 2230 5517 3802 1
2108 2105 2149 2121 1
4727 1544 1493 3819 1
2171 2108 2149 2121 1
852 5604 3784 4506 1
5389 3784 852 5604 1
2171 2150 3863 2108 1
2719 72 84 3626 1
84 72 4237 3626 1
1440 5460 1542 3905 1
3394 1610 3551 5402 1
3566 3889 3712 3108 1
3250 5381 1742 1661 1
4023 3905 1542 4370 1
4928 1178 5261 3640 1
4387 4828 3414 5441 1
4129 4928 3640 1512 1
2253 2226 2293 3641 1
2253 3641 2211 2226 1
3537 4387 3414 5441 1
4645 3905 4370 1542 1
5441 4387 4817 3537 1
5441 4874 4817 4387 1
3668 2906 3538 3676 1
2679 3538 2788 3197 1
3398 3197 3131 3538 1
3668 3538 3131 3676 1
2679 2906 2788 3538 1
1709 3569 1644 3606 1
2925 2616 2779 2619 1
4994 1174 3287 4545 1
4387 4874 4828 5441 1
4994 3289 1174 4545 1
3289 3596 1174 4545 1
1174 4545 3596 1395 1
2634 2661 2618 2802 1
2618 2634 2802 614 1
2715 2618 2634 2661 1
1610 5402 3394 3773 1
4796 1381 1363 1627 1
4289 5402 3551 1610 1
1991 1984 1979 3325 1
3877 3479 167 66 1
3877 40 3479 66 1
1991 2032 1978 3325 1
1978 3325 1984 1991 1
2238 2244 3462 2220 1
3432 3294 2365 2463 1
4289 5402 1610 5471 1
3432 2869 3294 3387 1
1861 2636 2703 2720 1
2636 2720 2661 3095 1
3334 447 3781 3284 1
2661 1861 2720 2636 1
1422 2636 3095 2720 1
2944 3088 2661 3083 1
3734 5211 1282 5220 1
1241 3340 5211 5220 1
2661 2944 2802 3088 1
2944 2637 3031 2790 1
5471 5402 1610 3773 1
4111 1609 5402 5245 1
1609 4111 5411 5245 1
697 681 3652 666 1
2645 3455 2756 3099 1
3652 885 778 5069 1
1290 1210 1286 1258 1
4784 4836 4163 1332 1
1332 4836 4163 1204 1
2114 2144 3951 4183 1
3544 1955 2062 3452 1
927 4118 5270 827 1
5270 827 4118 3066 1
2114 4183 3951 3504 1
2790 3175 715 2640 1
4836 4784 4735 1332 1
1472 5475 1381 1650 1
715 2640 3175 3341 1
1924 1945 1857 5134 1
4092 3834 5265 3789 1
2673 1868 3189 2868 1
2918 3594 3341 3655 1
1363 1254 1334 1381 1
3604 3834 4529 2816 1
3604 3789 5265 3834 1
4484 4640 3835 4770 1
3315 1425 2902 2641 1
1760 3110 2912 3835 1
1760 2912 3122 3835 1
3518 1627 1363 1381 1
3292 2808 1969 3408 1
3408 3386 3292 2808 1
1363 1334 3518 1381 1
604 588 2625 3277 1
4223 3773 4274 3807 1
3988 352 3658 4873 1
3757 352 3658 3988 1
4038 352 3417 3988 1
3417 352 3757 3988 1
578 616 3231 573 1
4038 352 3988 4873 1
4259 3839 4224 4885 1
4223 5471 4274 3773 1
3203 3192 3205 2627 1
2668 2167 3547 2741 1
2741 2016 2167 3547 1
3547 3609 2167 2180 1
3476 2167 2180 3547 1
2668 2167 3476 3547 1
4626 3535 3642 4217 1
303 288 337 3660 1
1523 4164 3580 1313 1
1359 3320 3330 4847 1
5047 4934 4034 1863 1
3099 2783 2689 2678 1
2984 2783 3099 2678 1
3580 4097 3542 4440 1
2866 3628 2645 3455 1
1523 4633 3670 1597 1
4934 1863 5047 5630 1
3330 4756 1009 1057 1
5195 4233 3579 3370 1
1069 4392 5195 3370 1
1283 4976 4752 4235 1
917 982 4907 4613 1
5387 1350 1475 1451 1
3380 3255 2464 3885 1
3322 2502 2464 3255 1
1475 1350 5387 3422 1
3584 4080 3743 3780 1
3380 3255 3322 2464 1
3584 3743 3517 3780 1
3517 4257 4417 3582 1
3221 2923 146 14 1
3538 2906 2788 2787 1
3221 14 5 2923 1
2738 2776 2647 2905 1
1283 4235 4752 4176 1
2690 2647 2905 2738 1
3673 1514 5017 3515 1
2668 3153 2225 2167 1
2167 2668 3153 2934 1
776 2648 2933 2795 1
1352 4235 1283 4176 1
3810 4064 4240 473 1
2783 2933 2648 2795 1
997 936 1196 3351 1
3797 4000 804 844 1
3510 4240 3810 4064 1
3139 1832 1935 5507 1
3797 804 5059 761 1
3139 1935 1832 5551 1
997 936 3351 923 1
761 804 5059 4391 1
4000 4123 804 844 1
4000 804 4123 4391 1
4858 973 4677 4459 1
5265 5369 3842 3414 1
868 3854 927 4646 1
868 927 785 827 1
4180 927 785 868 1
3139 1858 1832 5289 1
3414 3842 4840 5369 1
1426 4387 3587 3575 1
3139 1842 1858 5289 1
3854 4180 868 927 1
3586 2001 2056 2006 1
3842 5255 4840 5369 1
3586 1915 1928 2030 1
2001 2056 2030 3586 1
4389 3036 3844 3048 1
3109 3844 3561 4389 1
2722 2600 3608 3364 1
2841 2590 3558 2722 1
5387 3844 3561 3109 1
3558 3689 2589 2599 1
2841 3558 2590 3529 1
3529 3558 2590 3689 1
3558 3364 3689 2599 1
3672 266 260 242 1
2613 13 30 3190 1
2773 2910 3599 2613 1
2613 3190 30 12 1
12 2773 3599 2613 1
4389 3048 3792 3531 1
3109 3844 4389 3036 1
1259 986 1171 3442 1
1093 1135 1121 1021 1
3792 3844 5300 5294 1
1135 1093 1202 1203 1
1259 1061 1171 986 1
5370 5372 986 1259 1
1055 1121 1135 1021 1
5370 1259 986 1061 1
1095 1060 3674 3010 1
1095 3674 1060 4117 1
3537 4387 3587 1426 1
1048 919 1021 1058 1
4095 3674 1095 4117 1
1215 1093 1012 1203 1
3537 3587 3746 1426 1
5208 1150 3927 1261 1
1426 3587 4346 3575 1
1426 4346 3587 3746 1
3165 4692 3964 4296 1
723 808 782 3675 1
2728 2523 2828 3560 1
1219 1127 3340 5220 1
4007 3675 899 875 1
3630 5498 4031 3643 1
2898 2523 3560 2828 1
1219 3340 1241 5220 1
4591 3677 2144 2101 1
2141 2144 4591 3677 1
3472 2141 3677 2144 1
1091 871 3678 5186 1
1091 4226 5186 3678 1
4031 5498 5555 3643 1
5222 3775 1111 4226 1
3678 4226 3775 5222 1
4031 5498 1511 5555 1
1368 1494 5344 3304 1
2398 2325 2355 2361 1
2325 2312 2271 2275 1
2325 2312 2275 2355 1
149 128 4 2789 1
2614 10 4 3 1
4664 4401 3839 3848 1
3839 1400 4360 4259 1
1076 1007 1146 989 1
3527 1099 3233 2752 1
3514 3562 3478 2304 1
3514 3480 3562 2304 1
1197 1163 2809 1271 1
3233 1099 5421 2752 1
1580 1639 4153 4834 1
200 243 263 247 1
200 263 238 247 1
3305 2329 3344 3525 1
3344 2329 2658 3319 1
2413 2449 2363 3683 1
3344 2329 3319 3525 1
4211 4176 4273 4060 1
3604 4151 1426 5265 1
389 2839 3327 668 1
389 3327 432 587 1
389 668 3327 587 1
389 3327 2819 432 1
3695 1346 3365 4727 1
13 2863 2613 30 1
2613 2863 2910 30 1
136 5224 4263 4065 1
1123 4727 3279 3695 1
965 1315 4014 1123 1
127 5224 4263 136 1
136 3973 4263 4313 1
4263 136 4313 127 1
136 4065 4263 3973 1
4264 1239 1042 4677 1
3961 2237 2198 3685 1
2237 3961 3862 3685 1
4264 1042 4487 4677 1
4060 4211 4176 5152 1
1239 4264 1042 4487 1
3685 5279 3862 3310 1
3687 4824 728 813 1
804 758 917 3687 1
804 813 4824 3687 1
1426 3604 5265 3865 1
4304 3654 951 1013 1
3856 4763 1067 5090 1
1426 5265 3414 3880 1
1426 5265 3880 3865 1
5265 4151 1426 3414 1
4496 3700 3945 4159 1
4496 3945 2823 4159 1
756 3956 4534 818 1
3412 951 4304 3654 1
3948 1013 4304 951 1
4907 3948 4304 951 1
4907 4304 3412 951 1
1426 3865 1430 3604 1
119 3599 3434 2773 1
4295 768 3339 4552 1
5257 5379 3880 3865 1
1845 3937 5070 4232 1
3880 5265 5257 3865 1
3156 1543 1435 1517 1
4295 4552 3339 836 1
3157 1543 3156 1517 1
576 4268 554 568 1
4383 1690 2980 3924 1
4268 3801 511 505 1
1567 4527 1659 1481 1
5166 1315 4014 965 1
1075 3695 1072 4727 1
1123 3695 3279 1315 1
1895 1909 4078 5598 1
940 5609 1003 3809 1
480 515 477 4612 1
3697 1003 1047 5609 1
480 512 515 4612 1
480 477 515 386 1
480 515 512 476 1
2813 1343 1387 1060 1
515 386 476 480 1
865 4456 4899 3726 1
133 127 5508 136 1
4456 919 3726 865 1
3984 930 4002 4509 1
3984 930 1193 4002 1
1222 1260 1100 1184 1
2905 3765 3398 3197 1
3889 3398 3197 3131 1
2100 2649 2007 2632 1
2905 3765 3197 3492 1
3889 3197 3492 3131 1
2867 2595 3350 3416 1
2562 2867 3416 2595 1
3169 2595 3350 2867 1
3169 2551 2595 2867 1
3593 3219 3979 3637 1
2867 2551 2595 2562 1
3206 609 3593 3781 1
2763 2888 2732 2901 1
2763 3085 2888 2901 1
3593 796 922 3696 1
556 3593 3696 796 1
3439 796 3065 3593 1
2724 2806 2634 2014 1
3637 3593 3781 3702 1
2136 2014 2134 2724 1
4267 1619 4830 3866 1
3498 3680 4925 4023 1
3275 1046 1223 1268 1
190 4084 173 4312 1
226 150 235 190 1
3275 1223 3934 1268 1
1032 3933 1064 934 1
1507 1636 3706 1546 1
1943 3614 3972 3505 1
4192 3933 1032 934 1
3707 1663 1393 4483 1
3707 1393 1663 3827 1
3827 4548 3707 5412 1
2725 2806 2663 2653 1
5412 3707 4483 4548 1
1064 1032 1188 3933 1
1560 1619 3866 4214 1
4527 3680 3498 4023 1
854 942 4521 957 1
5544 832 3164 5135 1
4562 3164 5266 739 1
497 534 3306 550 1
1678 1787 1728 2664 1
5557 3866 1619 4214 1
3709 3152 4849 3542 1
3709 3542 4140 3402 1
1678 1728 1812 2664 1
550 4767 561 534 1
2737 4339 3801 2775 1
497 534 550 561 1
3824 3635 4001 3618 1
2099 3618 3171 3251 1
2799 2658 3581 3319 1
4081 3584 3618 3251 1
3374 3581 2743 2658 1
2743 2658 3581 2799 1
3581 2658 3433 3319 1
2639 1509 2655 1503 1
2639 1503 2655 2793 1
1783 2848 3200 1837 1
2642 2705 2883 2695 1
5140 4030 4853 4389 1
4025 4431 1574 3972 1
2642 1509 2705 2656 1
1853 3858 3508 5286 1
4370 3905 3498 4023 1
2695 2705 3226 2656 1
2695 2656 3651 2671 1
4666 4232 3508 5286 1
1368 4025 3568 1574 1
4025 3568 1574 4431 1
3277 2902 3372 3315 1
3376 3193 3277 3315 1
3277 3372 3376 3315 1
4860 4363 3778 3744 1
5268 4279 2816 5589 1
5268 5387 4279 5589 1
538 656 3720 555 1
3619 2404 2397 2373 1
2373 2408 3619 2404 1
4088 4023 4370 3498 1
4224 4703 4885 4401 1
3170 2478 2772 3651 1
3170 2772 2478 2443 1
3170 2428 2772 2443 1
3584 4080 3780 3661 1
3743 3582 3517 3780 1
3473 1606 1538 3250 1
3839 4224 4885 4401 1
3170 2478 3651 2476 1
3485 2087 2077 3684 1
2087 3363 3684 3485 1
2743 3581 2857 2799 1
3170 2428 2476 3651 1
3880 5379 4507 3865 1
2645 2743 2691 2670 1
5386 5273 3607 1788 1
5443 3724 1996 2039 1
3662 5449 806 5544 1
5443 1996 3724 5448 1
2399 2397 2371 3619 1
3619 2408 2433 2404 1
2399 3619 2433 2404 1
2869 2233 2339 3432 1
1788 5273 3607 5566 1
3376 3431 3588 3317 1
3376 3588 3431 3408 1
3408 3588 3292 3386 1
3386 3490 3588 3292 1
2000 3588 3244 3490 1
2710 2741 2801 2668 1
2668 3514 2304 3217 1
3244 3588 2000 3317 1
3002 4059 937 3727 1
5589 5565 2816 5268 1
3176 1944 3205 3328 1
1788 5537 3607 1859 1
1078 1227 1330 4202 1
5537 1788 3607 3616 1
1139 1226 3390 3886 1
5386 1788 3607 1859 1
3698 3750 2923 2878 1
2719 2926 72 3626 1
5268 5387 5589 4150 1
4151 5441 3537 3414 1
268 288 5203 4281 1
4281 268 288 3660 1
5441 4817 3746 3537 1
1139 3527 3636 3546 1
4150 5565 5589 5268 1
5441 3537 3746 4151 1
2816 3389 3636 3789 1
3838 2207 2280 3487 1
2321 3487 3153 3392 1
3153 3487 3768 3392 1
2207 2280 3487 2321 1
2816 3389 3789 4092 1
4092 3834 3789 2816 1
3604 2816 3789 3834 1
3406 3891 4358 1148 1
2374 2658 2383 2450 1
3514 2450 2658 3145 1
3514 2383 2658 2450 1
3891 2752 1148 4978 1
3373 3439 776 556 1
556 3439 796 3373 1
1841 1761 1928 3586 1
3586 1761 1928 1915 1
556 796 3439 3593 1
3891 4978 1148 3406 1
4358 2752 1148 3891 1
2816 3533 3604 3789 1
3832 4178 283 3290 1
3076 50 74 48 1
2868 608 3594 3657 1
3653 283 3731 4536 1
3252 3594 2868 2673 1
4455 3290 3731 283 1
3594 2868 3189 608 1
2673 3189 3594 2868 1
75 3076 3625 50 1
75 50 74 3076 1
3973 74 75 50 1
3065 3403 1644 3179 1
75 3625 3973 50 1
3029 1721 3894 1757 1
1078 1145 982 917 1
1662 3029 3894 1757 1
2081 2146 2088 2124 1
2088 2124 2146 2086 1
4159 3700 3945 1817 1
1078 4907 917 982 1
2527 2468 2831 2728 1
3635 2099 3171 3273 1
4142 4013 3273 3541 1
3635 2099 3618 3171 1
3618 4424 3635 4001 1
1757 1721 3894 5226 1
5190 2832 2455 4888 1
4887 224 258 4291 1
5190 2495 2455 2832 1
4291 4065 4887 224 1
3985 3549 4216 3313 1
2841 2865 2548 2572 1
2841 2722 2865 2572 1
3316 380 400 412 1
3313 4491 3985 3549 1
380 4317 306 382 1
4216 3985 999 3549 1
3715 4841 3161 3421 1
5410 3931 4552 4295 1
3246 1993 1945 1921 1
3246 1983 1993 1921 1
1855 5217 3180 4543 1
2970 3421 3104 4841 1
3715 4841 3421 2970 1
3180 1855 4184 5217 1
4841 3421 3104 2951 1
642 701 684 4369 1
5566 3607 3616 1716 1
4658 4099 5540 1574 1
4841 2951 3161 3421 1
4146 642 4369 5023 1
5537 3616 3607 1716 1
56 3599 30 3434 1
30 3599 12 3434 1
3599 2910 30 2613 1
12 3599 30 2613 1
5047 5273 3483 3916 1
3616 4386 1716 5537 1
5113 4102 1215 4127 1
5113 1215 2809 4127 1
1362 1245 2996 2692 1
640 3703 616 3231 1
411 430 484 434 1
3210 2977 2820 3280 1
2690 2820 2977 3492 1
5556 4982 1388 4984 1
1221 3427 1362 2751 1
3210 2820 3400 3280 1
3367 3210 3400 3280 1
379 430 411 434 1
1362 2996 1221 2692 1
616 3703 654 3231 1
1221 2996 1362 3971 1
3859 5295 1995 5117 1
3740 5057 4096 1956 1
3954 2758 4769 626 1
4096 5057 3740 4315 1
3623 2188 5279 3454 1
3631 737 783 3741 1
3602 3850 3501 2261 1
3433 3501 2261 3602 1
783 737 844 3741 1
4493 4170 549 522 1
3217 2261 3602 3374 1
4460 871 3631 3741 1
3775 3741 783 844 1
4493 549 574 522 1
3384 549 580 574 1
3678 3741 871 4460 1
4460 3741 783 3775 1
5273 1760 5630 5047 1
3149 3542 3402 3248 1
2921 2749 3274 3247 1
214 2941 146 3274 1
2941 2921 2749 3274 1
2921 3247 3274 119 1
3149 3131 3303 3507 1
3149 3402 3981 3188 1
3483 5047 1760 5273 1
2188 3623 3046 3454 1
4850 3926 3927 3519 1
4850 3926 3519 5091 1
5498 5555 3643 3230 1
4850 4663 3926 5091 1
3909 3828 4457 3230 1
1898 2741 3606 2016 1
3606 3622 3522 3780 1
3569 2016 1644 3606 1
1898 3606 1644 2016 1
4860 1547 4177 3778 1
3983 4860 4177 3778 1
2129 3642 2169 3863 1
5212 5448 5286 5345 1
3668 3676 2870 2906 1
2906 2648 2870 3439 1
3439 3668 2870 2906 1
2722 2590 3608 3506 1
3797 893 4000 3741 1
2722 3608 2590 3364 1
3558 2722 2590 3364 1
3797 4000 893 5059 1
3983 4860 3778 4902 1
4841 2974 2998 2951 1
4940 836 3307 4188 1
4841 3104 2974 2951 1
3251 3751 3547 3609 1
3547 2016 2167 3609 1
3302 2718 3428 3594 1
2718 3793 3428 3594 1
3302 3252 2718 3594 1
3748 1765 1673 1839 1
3748 3410 5230 1673 1
3410 1765 1673 3748 1
1839 1673 3748 5230 1
4296 4509 3976 3307 1
2868 3612 376 4402 1
2868 376 3612 3657 1
1174 4994 3287 4808 1
3466 2660 2841 2898 1
2951 2955 2998 4841 1
3086 2841 3126 2722 1
4808 4994 923 990 1
2652 2660 2898 2924 1
3178 2652 2924 2660 1
4888 2406 3366 2414 1
1174 990 4994 4808 1
2769 4267 1619 5402 1
2769 4111 5402 1619 1
5515 4830 5402 1619 1
3937 2821 1809 3202 1
4111 1619 5515 5402 1
4267 1619 5402 4830 1
1139 3886 3546 3636 1
1139 3636 1226 3886 1
1002 3613 1115 2918 1
5547 3752 1906 1827 1
5298 5207 521 3646 1
530 4700 4904 3646 1
3926 4663 3915 4061 1
3255 2267 2650 3885 1
3380 3255 3885 2267 1
3255 2724 2650 2267 1
2223 3255 3380 2267 1
3496 5207 3646 3424 1
2223 3255 2267 2724 1
3496 3424 3646 3417 1
3754 3262 1394 1081 1
921 1141 1081 3262 1
5381 3483 1627 3916 1
3754 1372 1141 1081 1
3916 5273 3483 4294 1
1002 3617 3245 3335 1
2643 1922 3617 3836 1
3754 1081 1394 1372 1
1627 5595 5381 3916 1
1752 3755 1781 4502 1
4294 3916 5273 5595 1
4274 3326 3534 3291 1
3955 1493 3634 1639 1
3405 4971 960 5181 1
5027 4971 3405 5181 1
3200 2848 1810 1850 1
966 946 4570 3756 1
3200 5397 1778 1808 1
4662 1493 3955 1639 1
1290 4621 4163 1367 1
1290 1204 1367 4163 1
5370 1209 914 3143 1
4755 3326 3291 3534 1
3326 4755 1451 3534 1
5370 914 1209 1061 1
2683 3622 2741 3751 1
2870 2741 3622 3606 1
2683 3622 3224 2741 1
2870 3224 3622 2741 1
3606 2741 3751 2016 1
3200 1809 3937 1907 1
3561 3844 3792 4389 1
322 3757 4324 3437 1
3437 3757 4324 3761 1
3524 3758 5388 1685 1
5248 5388 1615 3758 1
2848 1856 1886 3200 1
1615 3524 3758 5388 1
3792 3561 5300 3844 1
5379 3532 5294 1619 1
5379 1619 2769 1545 1
3290 232 4055 3832 1
1778 1776 1754 3200 1
5250 3202 3937 1809 1
5614 1740 3202 5461 1
5461 1693 1739 1691 1
5584 1611 5461 1725 1
5635 3920 1400 3813 1
5584 1618 1611 1725 1
3813 1400 4259 3920 1
5635 5556 1400 3920 1
3920 5632 5556 1400 1
4293 956 988 5073 1
3813 1400 5252 4259 1
3644 1321 4171 1357 1
3200 1837 2848 1856 1
4507 5379 2769 1545 1
4171 3610 1620 1357 1
1886 5142 2848 4414 1
2464 3169 3353 3294 1
5461 1691 1739 1740 1
5461 1611 1693 1691 1
3609 3661 3751 2016 1
3661 3780 3751 3569 1
3356 1980 1994 1942 1
3862 2262 4056 2253 1
1980 3356 1994 3759 1
3865 5294 5379 3532 1
4034 1817 4121 2912 1
1274 1321 1378 1222 1
2718 3201 2662 3628 1
4218 3825 1592 4089 1
4218 5557 1592 3825 1
3225 2718 2662 3628 1
2718 3628 3717 3793 1
2718 3717 3628 3225 1
1575 1450 3444 1380 1
3444 1380 1450 1571 1
5288 350 4586 3761 1
3998 410 4700 3761 1
1370 4836 4688 4348 1
3761 3757 350 402 1
5419 3762 5100 880 1
5419 838 4995 880 1
5557 3825 3866 1592 1
1817 4121 4733 1741 1
5419 880 4995 3762 1
1850 1846 2848 1810 1
2669 5436 5100 777 1
749 3763 4344 859 1
749 929 3763 859 1
749 3649 929 859 1
1987 1977 3113 5484 1
1850 1907 1918 1908 1
1592 3825 5578 4089 1
5578 3866 3825 1592 1
5379 1545 3532 1619 1
3630 3808 5577 3342 1
4023 1542 4088 4370 1
3342 3808 5577 2751 1
4088 1730 1769 4370 1
921 1141 3262 1198 1
1560 1545 1619 3532 1
4295 3339 5099 836 1
1081 1141 3754 3262 1
921 3262 1136 1198 1
5055 92 138 80 1
5506 1560 3532 1545 1
4831 133 5508 136 1
2045 2076 2095 3770 1
2064 2076 2045 3770 1
695 3565 584 655 1
801 3565 5023 3771 1
2769 1609 4094 3551 1
4138 2769 1609 4094 1
3601 1751 3457 3227 1
1446 3670 3329 3679 1
4061 1478 3515 4032 1
5410 4615 4552 3931 1
3580 3329 4164 3670 1
4032 1478 3515 1514 1
4061 1478 3915 3515 1
3227 3967 3601 1751 1
2468 2523 2728 2527 1
3871 3111 3951 2221 1
2527 2523 2728 3560 1
771 815 3901 794 1
3951 3111 4228 2221 1
1850 3200 1809 1810 1
3901 721 771 794 1
694 4071 633 600 1
3951 2221 3494 3871 1
4301 816 5488 770 1
4301 4909 5488 816 1
4557 1909 1882 5598 1
3639 2548 3708 2430 1
2946 2548 3639 3486 1
2841 2548 3639 2946 1
3486 2548 3639 2430 1
3334 2914 3439 556 1
3206 3219 3696 3593 1
556 3593 3334 3206 1
3439 3593 3334 556 1
3515 5433 1514 5017 1
3515 3567 5433 5017 1
4599 2175 2133 4967 1
3093 4967 2133 4918 1
4996 431 393 2754 1
5433 3515 4447 3567 1
2754 408 431 386 1
4061 3515 5433 4032 1
4032 3515 5433 1514 1
4061 3515 4447 5433 1
3093 4599 2133 4967 1
3839 4360 3694 4259 1
3212 317 2794 282 1
4869 689 823 793 1
679 793 689 708 1
689 4136 793 679 1
5566 1760 3483 5495 1
330 3212 237 282 1
330 3212 368 237 1
2794 317 355 340 1
2794 317 279 282 1
4794 1456 1631 1601 1
4557 2823 4078 5598 1
4869 793 708 689 1
993 5582 5204 5086 1
4338 943 1018 845 1
926 1013 5086 830 1
1780 1768 3867 5384 1
4338 845 4456 943 1
1780 5411 3867 5527 1
823 689 4136 793 1
1896 4475 4823 1974 1
845 4338 5624 1018 1
4712 4456 894 4338 1
4712 4338 894 5624 1
4363 3694 3839 4360 1
3077 3957 3740 4096 1
2454 2472 2421 3779 1
1175 4035 3357 3503 1
4974 1338 4739 3503 1
4018 3503 1175 1129 1
4018 3503 1270 4739 1
845 4641 928 2958 1
795 899 877 3782 1
3491 877 4486 3782 1
877 3782 899 1023 1
928 845 2958 872 1
845 732 2958 872 1
3491 795 877 3782 1
3792 4839 5300 3561 1
5300 4755 1451 1475 1
4839 5300 1475 4755 1
3442 5083 4570 4016 1
4979 5184 1963 1968 1
3884 4192 3933 975 1
5346 2232 5502 3785 1
5184 5516 1952 1968 1
3785 2297 2232 4355 1
3785 2297 3296 2232 1
3884 3933 2891 975 1
3308 3296 2232 3785 1
5346 3308 2232 3785 1
2891 988 3884 1038 1
5148 1875 5076 4990 1
1146 2987 3151 1104 1
1146 3151 1248 5456 1
5056 3112 3776 5532 1
3623 2191 3154 2177 1
3151 1076 1146 1271 1
207 169 173 216 1
207 189 169 218 1
2669 777 5042 4691 1
173 169 190 216 1
5158 5362 4321 4714 1
5056 3381 5532 3776 1
2505 2403 2651 2561 1
2505 2651 2403 2308 1
2505 2651 2308 2333 1
3762 5042 5100 880 1
3184 2839 3765 688 1
3184 2839 2690 3765 1
3400 3492 3280 2820 1
3184 3492 3280 4012 1
3800 1937 3858 1980 1
3623 3154 5232 2177 1
2669 5100 5042 777 1
3154 5232 4241 2194 1
3790 3330 1434 1418 1
3222 1518 1394 2777 1
5060 1057 3330 1418 1
5060 3330 3790 1418 1
1590 2777 3222 1469 1
1590 3222 1453 1469 1
3222 1471 1590 1453 1
1471 1518 1394 3222 1
3222 1590 1518 2777 1
3813 3920 4259 5423 1
5233 3813 5423 5394 1
1892 1957 1869 1990 1
3504 3951 3791 3642 1
2189 2156 4228 3791 1
3791 3504 2154 2156 1
3914 4076 1338 1507 1
2154 2189 3791 2156 1
2111 2131 3913 2132 1
4062 1844 3755 1818 1
4839 5300 3561 1475 1
2111 2148 2166 3913 1
5172 1694 3524 1818 1
3570 684 3565 589 1
2132 2166 3913 2111 1
2276 4077 2254 5165 1
1294 1244 3426 1447 1
4389 3270 1536 3561 1
1374 3794 4087 4482 1
4839 1475 3561 1536 1
4908 1855 4184 3180 1
5164 4822 4952 3899 1
5404 5290 1556 4704 1
4095 3794 4822 5164 1
4704 1464 5290 1556 1
3794 2964 3899 4815 1
4600 4842 3985 4491 1
3154 4241 3092 2194 1
3594 608 3655 612 1
4019 3655 1002 3739 1
3594 3189 3341 608 1
1115 3655 3341 608 1
3655 3594 3341 608 1
3739 1115 3655 1002 1
3154 3092 2191 2194 1
5603 3692 5511 5316 1
4771 4588 5603 5511 1
3795 1873 1912 1814 1
4588 5603 5511 5316 1
3657 3612 608 612 1
3594 612 3428 3657 1
3428 612 3767 3657 1
3657 608 3594 612 1
3657 3767 3612 612 1
985 1043 4201 1034 1
628 4665 665 711 1
985 3096 1043 1034 1
1484 4392 1587 2850 1
628 661 4665 711 1
742 713 3837 3797 1
4392 1325 1587 2850 1
893 5059 5343 3797 1
3797 742 713 761 1
3747 5356 1310 1424 1
3747 1100 1156 1274 1
3747 1085 1100 1310 1
3747 1424 1310 1274 1
2842 1274 1424 3747 1
3747 1274 1310 1100 1
3747 1156 1100 1085 1
3848 4664 4360 3839 1
553 4265 3799 530 1
553 3799 4676 530 1
2770 3352 4289 3949 1
2276 2271 2254 4077 1
2276 2254 2271 2238 1
5565 2752 2816 5268 1
3181 3628 2756 822 1
2756 3455 3628 3181 1
2770 4172 3949 4289 1
4563 3494 4280 3472 1
2166 3802 3535 2174 1
2166 3802 3494 3535 1
2770 4172 4346 3949 1
5552 3682 4141 4629 1
4834 4153 3682 3706 1
4437 1983 4311 1980 1
3800 1967 1980 1983 1
4348 1096 3401 4175 1
2770 3352 3949 4346 1
4311 1983 2009 1980 1
3030 5098 3130 1621 1
3800 1980 3858 1983 1
1537 1502 4273 4211 1
5098 1621 5509 3130 1
3535 2232 4228 2206 1
4228 2206 2232 3296 1
4228 3296 2232 3308 1
5346 2232 4228 3535 1
5346 4228 2232 3308 1
1537 1670 1502 4211 1
1537 4211 4273 4442 1
3074 3620 2017 1966 1
1537 4211 4442 1670 1
5337 4685 4079 4644 1
3577 5098 3130 3030 1
5098 3577 3130 3159 1
2643 3245 2645 3628 1
3636 3389 1226 3789 1
3533 1226 4151 3789 1
3636 3533 3789 1226 1
3808 3427 4773 2751 1
3941 5452 1039 4225 1
4241 2177 5432 3163 1
517 3261 381 349 1
5169 1507 5004 4076 1
3949 4104 4239 3057 1
3446 1756 5542 5629 1
3702 3398 3566 3668 1
3446 1756 3413 5542 1
2679 2906 3538 3668 1
3398 3538 3131 3668 1
3439 3668 3593 3065 1
4905 5169 1507 5004 1
4172 4239 3949 4104 1
5629 1756 5542 2767 1
3783 2536 3831 4679 1
4679 3783 3366 3995 1
3783 3831 5063 4679 1
3783 2536 4679 3366 1
3841 1873 1929 1912 1
4508 1964 4553 1929 1
3783 5063 3995 4679 1
4717 4643 1631 1456 1
2022 3873 3841 4968 1
3839 4401 4885 5205 1
3809 1003 3423 932 1
3809 3697 1003 932 1
932 3809 4201 3423 1
4971 5027 5130 5336 1
3354 1714 3505 1893 1
4717 2742 1631 4643 1
2685 1495 3061 1586 1
5410 768 4552 4710 1
1610 3949 3663 3577 1
3949 3577 1610 3057 1
4363 5205 3839 4885 1
3949 4289 1610 3663 1
3402 3811 1819 1849 1
3402 1819 3811 4609 1
3560 2566 2527 2523 1
3453 3705 3521 3811 1
5581 768 5410 4710 1
5581 768 5121 5410 1
3583 3127 3705 3453 1
1652 1495 2685 1444 1
1652 2685 3061 3589 1
3643 3714 4447 1625 1
3467 3069 3271 3453 1
3452 3467 3069 3271 1
1441 5247 1460 1410 1
1732 1652 3589 5429 1
5413 2445 4195 2514 1
3538 2906 2787 3676 1
2787 3676 3224 2683 1
2906 3224 2787 3676 1
1600 1681 1460 1461 1
3538 2787 3131 3676 1
3131 3676 2787 2683 1
1600 1336 1460 1410 1
5391 4046 5415 5248 1
1254 1050 4376 4416 1
5247 1441 5143 1410 1
1495 1586 2685 1441 1
3061 1732 1692 1698 1
3061 1692 1586 1698 1
3925 1896 3410 3814 1
3976 3964 4002 4296 1
5290 5563 3814 4247 1
4247 5563 3814 4843 1
4276 3814 4446 4843 1
4694 1896 3925 3814 1
3976 4002 3964 5099 1
5569 342 320 3817 1
1661 1633 1538 5281 1
2508 3639 2548 3708 1
5007 401 342 3817 1
4557 4078 1909 5598 1
3403 3179 3710 1709 1
3404 3912 3710 4327 1
3329 4633 3248 3679 1
3182 3329 3248 3679 1
1523 1602 4633 1597 1
3473 5281 3250 1538 1
3819 1351 1129 4727 1
3473 5281 1538 4381 1
5281 3250 1538 1661 1
1176 1124 3323 1167 1
732 649 757 721 1
3239 2719 127 4260 1
3821 902 3066 1090 1
5270 3066 3821 902 1
191 2719 157 2926 1
1050 902 5270 3821 1
5630 1863 2912 1831 1
3821 1050 902 1090 1
646 4407 727 5303 1
1863 5630 2912 5047 1
646 632 683 4407 1
2719 178 191 192 1
727 683 4407 646 1
2201 2195 2153 2190 1
2201 2195 2146 2153 1
2201 2195 2248 2222 1
2201 2195 2252 2248 1
2201 2195 2190 2252 1
3593 3979 3065 3177 1
1198 1136 3826 4113 1
1139 4069 3886 3390 1
4513 4536 3653 3595 1
4113 1136 4877 1198 1
4196 4727 3365 4200 1
3237 933 4403 821 1
4196 1072 3365 4727 1
1139 4069 3546 3886 1
5073 4196 4727 1072 1
4034 2912 5047 1863 1
4034 1817 2912 1863 1
1139 5482 4069 3390 1
3601 3457 5235 3227 1
3728 4529 1451 1430 1
5394 5480 3920 5423 1
5414 4877 1198 4113 1
1265 5374 2778 4487 1
2019 5117 1956 3859 1
3728 1430 3865 4529 1
2912 4366 1863 1817 1
1995 3859 2019 3578 1
2912 4366 1831 1863 1
1221 1261 3971 3427 1
4675 1923 4029 1995 1
2275 3719 2237 2281 1
3578 3859 2019 1956 1
2019 5117 3859 1995 1
2698 815 3726 919 1
1171 4148 3442 4570 1
2698 794 3726 815 1
2698 931 815 4426 1
2698 919 4426 815 1
2698 794 815 4143 1
4143 2698 931 815 1
5634 1881 1952 4368 1
4578 3927 3629 3427 1
994 1136 1257 3826 1
2036 1993 1983 4437 1
994 1136 3826 921 1
1221 2996 3971 1261 1
1550 1784 3168 3505 1
1784 1876 3168 3505 1
5208 1261 3971 2996 1
3927 3971 5208 1261 1
812 751 680 714 1
1308 1522 1505 1482 1
1637 1718 1522 1665 1
1637 1702 1718 1665 1
2669 680 751 714 1
1482 1665 1702 1637 1
1482 1522 1665 1637 1
3112 5056 3671 4598 1
4296 3976 836 3307 1
1994 4595 1980 3759 1
880 5083 4190 966 1
5555 1625 1694 3223 1
4190 5083 880 4706 1
3567 1625 4502 3828 1
4038 3417 3870 402 1
3876 3509 1551 3829 1
1149 3509 3829 5012 1
1149 5417 5012 3829 1
4038 3988 3417 402 1
4482 3058 3794 4087 1
1216 1375 3735 1142 1
2278 2597 2313 2574 1
1142 3735 3431 1375 1
1216 3735 3408 1142 1
1142 3431 3735 3408 1
3794 3058 4095 1387 1
4277 4670 3890 2957 1
3417 3988 3757 402 1
3761 3417 3757 402 1
3558 3364 2590 3689 1
3870 3417 4700 402 1
688 2748 3712 528 1
4700 402 3417 3761 1
1625 5555 1694 3230 1
3250 3173 1742 5381 1
4209 3048 5257 3977 1
4216 3549 876 3313 1
3313 4491 4600 3985 1
3473 1538 1472 4381 1
1742 5381 3173 1777 1
3890 4670 2973 2957 1
4209 3977 5265 4092 1
1606 5475 1650 3173 1
5555 3223 3714 1625 1
1827 1948 3830 1826 1
3643 5555 3714 1625 1
3643 3230 5555 1625 1
2276 2238 3204 3721 1
1764 1827 3830 1826 1
3783 5063 3831 2553 1
4425 4206 561 579 1
3831 3100 2571 2553 1
3048 3977 4209 4978 1
2508 2403 2561 2865 1
4209 3977 5257 5265 1
3424 4206 4929 545 1
3148 3601 1685 5235 1
4998 5020 4679 3831 1
3832 4178 3290 232 1
3593 3696 922 3219 1
3731 283 3290 3832 1
4055 3731 3290 3832 1
3148 3601 5235 3227 1
3721 2238 3204 2244 1
2566 3689 2589 3529 1
3529 3558 3689 2589 1
2276 2238 2271 2275 1
1629 4436 3148 4485 1
2356 2893 2706 2184 1
2356 2706 2893 3513 1
2761 3940 1011 3833 1
3148 4436 3227 4485 1
90 3221 3698 146 1
146 3698 2923 3221 1
1254 1334 1472 4381 1
4485 4902 4436 3227 1
2568 2786 2838 2903 1
4377 1395 3365 2975 1
3514 3480 3374 2658 1
2301 3319 2781 2329 1
1606 5475 3250 3473 1
4436 4485 1629 5138 1
756 3956 5366 634 1
756 818 4589 3956 1
93 103 358 2967 1
5366 756 4589 3956 1
2967 2773 2727 3028 1
3028 3725 2619 358 1
5366 756 754 4589 1
1606 1650 5475 1472 1
3028 2619 2967 358 1
3473 1381 1627 3518 1
3390 1200 3980 5255 1
3390 3980 5211 3886 1
133 199 194 221 1
4594 221 199 133 1
1651 1477 4066 1370 1
4594 5224 221 133 1
1651 1477 4975 4066 1
1651 1477 4939 3435 1
3983 5505 1506 4902 1
5625 2767 3952 1756 1
1229 4139 5244 4187 1
3983 5505 5632 1506 1
3286 676 713 3837 1
3837 742 676 713 1
3837 5458 4204 4673 1
3286 676 3837 4673 1
4836 1096 953 3401 1
3331 5277 5592 5255 1
4836 1096 3401 4348 1
5277 4617 3331 5592 1
1332 4735 4836 4348 1
5277 5255 3331 5241 1
5241 4617 3331 5277 1
5625 5064 1756 3952 1
2834 126 2862 2621 1
1462 1543 1555 3395 1
5625 2767 1756 5629 1
5442 1798 1659 2835 1
2835 1769 1798 1659 1
3593 922 3979 3219 1
1368 3505 3568 4025 1
3505 3568 4025 4431 1
5432 3046 2165 2188 1
5625 5064 5629 1756 1
3972 4431 1574 5292 1
5432 2165 3023 2188 1
4473 3727 937 4059 1
4584 1030 4642 3985 1
3985 1030 4642 4842 1
1030 4194 4642 4842 1
4194 1030 4642 3989 1
4642 1030 4584 3989 1
2747 3840 756 754 1
3781 2679 2748 3398 1
3398 2679 3668 3593 1
4473 3727 4059 3451 1
795 3840 4028 782 1
3840 782 4479 4028 1
3840 4479 756 754 1
5379 4507 3865 1545 1
2567 2566 2898 2523 1
2898 2566 3560 2523 1
1395 4284 1299 1585 1
3822 4440 3716 1207 1
5012 1227 4392 1069 1
2390 2397 2453 4054 1
5012 1227 1069 4300 1
3639 3708 2415 2430 1
2390 4054 2453 2531 1
2508 3639 3708 2415 1
2390 4054 2531 3301 1
2385 2454 2392 2379 1
2385 2400 2379 2370 1
2379 2385 2454 2400 1
1943 4997 1917 1947 1
4997 1947 1805 1917 1
4798 2038 1982 1999 1
4997 1959 1943 1893 1
4798 1917 1943 1950 1
1207 3822 4440 1313 1
4798 1943 1999 1950 1
4997 1805 1959 1893 1
1523 3822 1266 1313 1
2996 1102 1245 3183 1
972 2996 1245 3183 1
1876 1950 1943 3614 1
4815 2964 3899 1622 1
2996 972 1245 1150 1
2804 673 4899 4534 1
634 4048 673 4534 1
4048 4456 673 4899 1
3589 1724 1776 1681 1
3676 3379 2870 3622 1
1783 1776 3589 1724 1
3668 3379 2870 3676 1
4126 1523 3822 1266 1
1602 1523 4125 4126 1
1523 4125 4633 1602 1
4125 1602 4140 4633 1
3172 3781 528 3712 1
3781 3398 2748 3712 1
3398 3091 3712 3781 1
3994 3889 3712 3765 1
3865 3532 5379 1545 1
1574 4390 1483 4516 1
5387 1475 3561 5300 1
1574 4246 1483 4390 1
4390 4246 1483 4271 1
4507 4597 3865 1545 1
1776 3589 1681 1657 1
3845 1210 4118 4738 1
3480 3217 3374 2261 1
1783 1724 1837 1776 1
5593 1553 5094 1557 1
3480 3217 2261 3487 1
4530 1783 1870 1846 1
4511 3104 2974 4841 1
1652 2685 5633 1444 1
3480 3487 2280 3768 1
3768 3217 3480 3487 1
1187 3845 4646 2811 1
3845 1204 4738 904 1
2811 3845 904 1204 1
3314 3359 3358 3140 1
3845 1187 4118 1210 1
375 388 3846 396 1
2685 1553 5633 1460 1
5387 1475 5300 1451 1
5387 3270 3109 3561 1
4530 1783 1846 1732 1
239 186 245 3847 1
1732 1692 1698 5018 1
3717 517 3225 390 1
3793 3628 3774 1002 1
3717 517 3628 3225 1
182 3283 186 3847 1
3589 2685 1553 5633 1
4597 3865 1545 1430 1
3589 1681 1657 1553 1
5570 3283 288 3847 1
186 239 175 3847 1
186 3847 175 182 1
4463 3445 510 3306 1
2899 2724 2037 2815 1
1760 2912 5630 5047 1
3227 4902 3744 3967 1
3650 3744 4902 3967 1
3917 511 4463 497 1
4436 4902 3744 3227 1
2573 2907 2428 2530 1
3744 4436 3778 4902 1
3438 2852 2683 3371 1
2907 2928 2530 2577 1
3565 631 655 3771 1
913 793 4128 948 1
771 824 3851 4309 1
823 910 855 4128 1
4143 794 771 3851 1
5272 824 4506 3851 1
2698 794 4143 3851 1
2698 4335 794 3851 1
4128 910 855 4903 1
4122 855 4903 4128 1
4389 3561 1536 3792 1
1556 4715 5230 1648 1
604 3277 2625 2902 1
2490 2524 2544 2556 1
2544 2524 2506 2559 1
2544 2506 2524 2490 1
2544 2556 2524 3318 1
2544 2524 2559 3318 1
2618 614 2802 478 1
4612 603 469 531 1
281 2618 478 614 1
5208 2996 1362 1245 1
3853 1805 1811 4431 1
4180 973 1042 868 1
3854 1042 868 4180 1
1819 3811 4406 1849 1
4382 5006 3856 4123 1
3811 3705 4406 1849 1
1671 3857 1656 1729 1
1244 1294 3096 5246 1
3792 5506 5300 4839 1
467 469 531 480 1
5208 3971 1362 2996 1
4484 1882 5596 1803 1
93 265 2967 358 1
480 469 531 4612 1
1853 1983 3858 5286 1
265 3028 2967 358 1
4130 435 4466 3959 1
4225 2953 3941 2965 1
1865 1919 1956 3859 1
4229 1923 4675 3859 1
1865 1956 5057 3859 1
3839 1400 4224 4664 1
2464 3885 3294 2365 1
3353 3169 2903 3294 1
3432 2869 2650 3294 1
435 3959 4130 5405 1
2949 2965 4225 5511 1
435 4916 5405 4130 1
4466 435 4130 418 1
2965 2976 5620 4225 1
3089 995 1108 1081 1
4664 1400 4360 3839 1
440 5298 3646 3496 1
3681 2978 4126 3822 1
440 3496 3646 3870 1
3863 2206 2149 3642 1
4904 5298 3646 440 1
3911 3253 1516 1501 1
3978 4144 2193 2262 1
4241 2194 5232 3753 1
1335 1081 3089 1108 1
2634 2043 2806 2637 1
2222 3753 4599 3978 1
3978 2246 2222 3753 1
1335 1081 1108 1125 1
2222 2204 4599 3753 1
2204 2175 2229 2222 1
2637 2094 2043 2806 1
2246 3753 3978 2262 1
5265 3842 4151 3414 1
5265 3842 3789 4151 1
2204 2241 2229 2208 1
2129 3642 3863 2149 1
4778 3864 1291 3497 1
1521 1414 1591 1293 1
1475 1536 5578 3597 1
3981 3889 3152 3542 1
3597 3291 5578 1475 1
1423 2859 2901 3276 1
1293 1591 1333 1414 1
3911 2693 1501 1516 1
3068 2859 2633 2901 1
3309 2053 3467 3267 1
3300 2852 2765 3209 1
3467 2053 3271 3267 1
1475 3291 5578 4755 1
4839 1475 1536 5578 1
5578 4839 1475 4755 1
3728 5506 3532 1545 1
3728 1545 3532 3865 1
1430 3728 3865 1545 1
1430 1451 3728 1545 1
4583 1760 5495 3483 1
3728 1451 5506 1545 1
719 798 801 3570 1
1248 5456 4777 1146 1
92 112 105 89 1
2432 2656 2428 2831 1
2432 2428 2573 2831 1
980 3526 1375 3372 1
1271 1248 1146 3151 1
3526 3317 1375 3372 1
2188 2177 5432 3046 1
776 1137 2648 1316 1
278 3284 3334 2748 1
776 2648 2870 1316 1
776 2648 1137 2933 1
2188 3163 5432 2177 1
3593 3781 3334 3206 1
3387 2838 2869 2903 1
2907 2573 2605 2530 1
2605 2907 2610 2831 1
2607 2605 2907 2611 1
1274 4423 1378 1321 1
3172 3787 3872 3293 1
3994 3712 3787 3872 1
759 528 3712 3172 1
3695 1346 4727 3279 1
2753 2675 2886 3464 1
3282 5456 1248 3151 1
3464 2886 2157 2675 1
3464 2289 2157 2299 1
2430 2289 3464 2299 1
2753 3464 2299 2430 1
1586 4423 1321 1378 1
119 56 3274 90 1
3623 2177 2188 3046 1
3159 3577 1610 4274 1
1610 3577 3663 4274 1
119 56 3434 3599 1
5471 1610 3663 4274 1
1076 1163 989 1146 1
3623 3163 2188 2177 1
1076 1122 1094 989 1
2925 2913 2632 3094 1
4073 3413 1756 5537 1
1146 1163 989 1028 1
3399 5537 4073 1756 1
4139 2692 1102 1229 1
3377 3868 815 771 1
1753 1761 1841 3586 1
3286 667 713 610 1
4673 610 3286 676 1
440 4038 3870 5481 1
3496 3870 440 4038 1
1509 2753 2675 2886 1
2705 2753 1509 2886 1
577 667 3286 610 1
1841 1753 3586 1900 1
1992 2052 2006 3586 1
612 3655 3739 608 1
608 1115 3655 3739 1
2658 2317 2383 3480 1
4711 9 3732 4689 1
4187 4139 1102 1229 1
4588 4617 5241 4811 1
3425 4257 4417 3517 1
3973 3625 5141 50 1
29 3732 4689 23 1
2210 2144 3494 3871 1
2144 2210 3111 3871 1
3625 5141 4063 3973 1
5316 4004 4588 4811 1
3873 1873 1912 3795 1
3403 922 4337 3065 1
2803 2902 2638 3009 1
3177 3065 4337 3979 1
3873 1873 3841 1912 1
4565 1231 2817 1318 1
4490 5141 3625 50 1
4811 5603 4588 5316 1
588 3611 314 2625 1
2382 2363 2334 4347 1
2382 2413 2363 4347 1
4811 5241 4588 5603 1
2817 1111 1231 4631 1
5140 3270 4030 4389 1
1592 1536 4389 4030 1
5091 3520 1514 4032 1
3926 4032 3688 5091 1
4388 3876 1433 3829 1
3926 4663 4032 5091 1
1126 3592 3876 1149 1
832 3474 4772 3878 1
5091 4032 3688 3520 1
2141 4591 2144 3879 1
5091 1478 4032 1514 1
2251 2220 3310 4564 1
5337 4989 3481 4189 1
4154 4567 3310 2220 1
4189 3404 3481 3582 1
5337 4644 3481 4989 1
3641 3310 4253 2264 1
1172 1175 5259 1015 1
3922 3807 4321 5158 1
3905 1659 3498 4527 1
2220 3685 3310 4154 1
4769 2758 615 626 1
1333 5128 4408 4825 1
4769 615 2758 3384 1
3836 3160 3613 2918 1
3655 1115 2918 1002 1
4858 4434 1170 1356 1
1547 3778 3198 5505 1
371 2615 2844 2736 1
3151 1336 1333 5074 1
5050 1978 4088 5031 1
5031 1978 4088 1924 1
2736 2844 2676 2686 1
2844 2615 2686 2736 1
2476 2491 3145 2444 1
3651 2476 2444 2432 1
3825 5158 3922 4089 1
2513 3145 2733 2476 1
2303 2314 2326 2337 1
4023 3905 3498 4527 1
1659 1481 4527 3905 1
985 3096 1047 1043 1
3922 3866 5158 3825 1
3866 3807 3922 5158 1
1055 1010 1048 3304 1
1048 967 3304 1010 1
1365 1302 3982 3426 1
5050 4088 1978 3786 1
4089 5158 3922 4321 1
4088 1899 1924 1978 1
4088 1899 1978 3786 1
3670 1749 4633 3679 1
1597 4633 3670 1749 1
5056 3441 3381 3671 1
5056 3381 3776 3671 1
5056 3112 3671 3776 1
678 770 4683 4439 1
3728 3834 4529 3865 1
678 4759 4439 613 1
3141 3945 4366 4078 1
4759 770 678 4439 1
3609 3804 3751 3661 1
3728 3865 5294 3834 1
750 669 683 3896 1
1048 996 974 919 1
5468 1863 4366 3141 1
4771 5511 3638 4511 1
1052 2752 4358 3891 1
3638 3692 5511 5603 1
4771 5511 5603 3638 1
4611 1109 3947 1301 1
4267 3807 4223 3866 1
4156 4712 845 4456 1
1048 974 967 919 1
1058 2768 1088 996 1
1048 1058 996 919 1
966 925 838 946 1
3866 4830 4267 3807 1
1048 1088 996 1058 1
3304 1109 1230 5428 1
845 4156 5137 4353 1
845 4156 4353 4712 1
4839 3561 3792 1536 1
2823 3122 4366 5598 1
5376 4965 1892 4446 1
1048 996 3304 974 1
1869 4276 5376 4446 1
1866 4034 3141 1777 1
1968 5212 4427 4009 1
3304 967 1048 974 1
3888 3346 3091 854 1
3905 1659 1481 4024 1
1777 1866 4034 3686 1
3905 1630 1659 4024 1
629 589 3570 578 1
1630 4370 3905 1659 1
629 623 648 4505 1
3198 1547 3591 3778 1
2741 2016 3547 3751 1
3517 4417 3622 3780 1
5360 654 616 719 1
3517 3622 3751 3780 1
3751 2016 3547 3609 1
3751 3622 2741 3606 1
3584 3780 3751 3661 1
1547 3778 4363 3591 1
3394 1750 3159 3773 1
598 644 3893 4250 1
5098 5509 1750 3130 1
3130 1750 5098 3159 1
2730 918 901 950 1
2541 3465 2946 3281 1
3734 5220 1241 5211 1
3348 669 750 3896 1
4224 4401 3839 4664 1
2400 3783 2419 2441 1
256 4065 3963 4291 1
4291 256 3415 3963 1
3579 1014 1069 3370 1
5195 3579 1069 3370 1
658 643 3897 577 1
643 667 3897 577 1
3286 3897 667 577 1
3897 577 4204 658 1
4366 4078 2823 5598 1
3897 4673 4204 577 1
3286 4673 3897 577 1
4893 1020 931 1121 1
4893 2698 931 4143 1
3650 3601 3967 1751 1
3559 1020 931 4893 1
1030 4827 962 2730 1
4057 3059 3898 1758 1
4067 1821 4074 3168 1
2730 1164 4827 1031 1
1912 3786 1769 1929 1
2970 4841 3104 4511 1
1569 4057 3898 1758 1
4067 1821 5107 4074 1
4588 3152 3709 3082 1
3900 5518 639 4561 1
477 4133 3900 515 1
3650 4525 3601 1751 1
601 4561 3900 639 1
4612 515 477 3900 1
3650 3536 4525 1751 1
4401 5514 4224 4703 1
4224 1400 4259 5252 1
836 3964 3976 4296 1
836 3976 3964 5099 1
706 673 624 3901 1
4364 3504 3378 2112 1
2075 3378 2092 2129 1
2730 962 1030 2916 1
4295 5099 3976 836 1
3570 719 798 787 1
918 2916 962 2730 1
1032 1188 3484 1147 1
1147 1032 1188 1064 1
1032 1064 1147 1006 1
3318 4037 2564 2524 1
3318 2576 2581 2564 1
3318 2549 2576 2564 1
3318 2559 2581 2575 1
3318 2549 2559 2575 1
3318 2576 2549 2575 1
3318 2581 2576 2575 1
1006 1147 1032 3484 1
4895 3570 684 798 1
1461 1681 1460 1553 1
1461 1600 1681 1553 1
2004 2029 3904 4968 1
1336 1410 1600 1594 1
3225 517 3628 3181 1
4895 787 3570 798 1
3774 822 1002 3628 1
4096 3077 3904 4315 1
1461 1336 1460 1600 1
5247 1681 1600 1594 1
1336 1410 5005 1349 1
1460 2685 5247 1441 1
4394 3907 1281 1401 1
3907 1401 1558 1281 1
2794 343 340 355 1
2794 263 343 355 1
2794 340 343 276 1
343 250 2794 276 1
1545 4267 5471 4223 1
2447 2397 2371 2399 1
3741 844 3775 4226 1
4223 5471 1545 1451 1
1884 3945 3141 4078 1
3162 1144 1354 1182 1
4496 3945 1884 4078 1
1182 1144 1354 3349 1
465 411 3910 473 1
1227 1456 4202 3134 1
4392 3489 1227 3509 1
3428 376 3767 390 1
3428 3767 376 3657 1
3657 376 3612 3767 1
3489 1227 3134 1456 1
3153 3217 3768 3487 1
3392 2280 3487 3768 1
3489 3134 1227 3509 1
3509 3134 3948 1228 1
3312 4378 3102 3321 1
3174 4124 1074 4069 1
4039 960 4069 5482 1
4272 1547 3198 5423 1
3198 5423 1547 5505 1
960 5592 5482 4039 1
3728 3532 5294 3865 1
3728 5506 5294 3532 1
2698 3726 4456 919 1
3913 3167 2148 2166 1
2698 794 4456 3726 1
3645 4189 4973 4257 1
3645 4257 3517 3582 1
1171 986 5083 3442 1
3442 1259 986 5372 1
3405 960 4039 1052 1
1052 3174 3405 3056 1
1052 3405 3174 4039 1
4133 515 497 561 1
3248 3400 3182 3452 1
497 515 534 561 1
1955 3210 3400 3367 1
812 842 751 714 1
612 3774 3717 517 1
3717 3628 517 3774 1
4133 561 3900 515 1
2669 751 842 714 1
534 561 515 4561 1
3900 561 4561 515 1
3561 5387 5300 3844 1
4365 2148 2166 3254 1
2101 3603 3254 2079 1
3679 4633 3248 4609 1
5423 1547 5505 4177 1
549 4170 4463 510 1
435 3917 3959 510 1
1952 4185 5516 4325 1
463 4466 4170 3959 1
1052 4039 3174 1139 1
4081 3584 3251 3804 1
3508 4185 5212 1942 1
3804 3584 3751 3661 1
3804 3584 3251 3751 1
4489 515 4612 3900 1
3778 3744 4363 3591 1
4489 515 3900 4561 1
3059 3500 4168 3805 1
5212 1942 4185 1994 1
3059 3500 3805 3898 1
71 87 31 3626 1
4051 3626 87 181 1
3591 3601 4363 3669 1
5577 4046 1511 5498 1
4489 5607 4561 4741 1
5498 4046 1511 5555 1
5607 4741 4489 4721 1
3919 404 342 370 1
4612 4721 515 4489 1
4046 5415 1511 5555 1
3744 3601 4363 3591 1
4363 3601 3650 3669 1
1819 3811 4495 4406 1
4609 1819 3811 4495 1
4609 1819 4495 3540 1
2988 5347 918 847 1
2744 1592 4389 4030 1
411 5022 3910 473 1
1165 1067 4842 1082 1
3650 4363 3744 3601 1
2141 2156 3411 4047 1
3668 3507 2837 3303 1
4557 1882 1903 5596 1
3566 3668 3507 2837 1
3702 3566 4303 2837 1
2844 2615 3502 2686 1
3177 3702 4303 2837 1
2844 3502 3633 602 1
3502 336 2686 2615 1
3502 336 2615 539 1
3909 3828 3230 1625 1
4920 1512 1406 4193 1
4412 4193 5111 3511 1
3606 3751 3780 3569 1
4920 4193 1406 4060 1
3751 3780 3622 3606 1
1406 4060 4193 3511 1
3643 3909 3230 1625 1
3909 1625 3643 4447 1
4412 4193 1512 5111 1
3909 4447 3828 1625 1
4227 4643 2742 5242 1
4227 4643 1631 2742 1
1952 1968 5516 4185 1
3593 2679 3781 3398 1
4227 1631 1601 2742 1
4227 1601 5242 2742 1
1736 1682 3924 1575 1
5245 5402 5491 5284 1
3925 3410 1765 4428 1
1910 4307 4276 4694 1
3925 1765 1743 4428 1
1645 5231 5290 3814 1
2630 2776 2672 2721 1
5112 5164 4952 3899 1
2630 2854 2721 2677 1
4694 3925 4307 3814 1
2726 2721 2630 2854 1
3899 5312 4822 4952 1
2738 2721 2776 2630 1
4986 4501 1327 3749 1
3133 2783 2631 2887 1
3643 3909 4457 3230 1
5245 1609 5402 5284 1
3467 3271 2053 3521 1
3099 2689 2783 2892 1
2931 2783 2631 3133 1
1121 4893 1192 1093 1
2849 4501 4986 3749 1
4918 2204 2229 2208 1
2155 2151 4967 2140 1
4918 2229 2204 4072 1
3718 1465 1674 1462 1
4860 4363 3744 3650 1
4235 5021 1352 4215 1
4860 3744 4902 3650 1
4239 4104 1621 3057 1
4058 3032 4844 4874 1
3848 4363 4860 3650 1
3265 2930 4719 4233 1
1352 5021 4235 4176 1
1879 1700 4103 1869 1
1760 3835 3122 4640 1
4843 4765 4103 3815 1
4843 4103 1700 4446 1
1662 5242 3894 4643 1
3926 3909 3643 4061 1
839 4216 3896 5179 1
3206 609 3219 3593 1
3930 708 679 5145 1
839 4216 750 3896 1
3896 5179 4216 3348 1
3896 4216 750 3348 1
839 4216 4254 750 1
170 102 45 49 1
3948 1227 3509 5012 1
2994 128 102 96 1
3509 3134 1227 3948 1
78 113 2994 2884 1
3948 1227 5012 4300 1
2297 2230 2245 2232 1
804 3687 917 3412 1
804 813 3687 3412 1
4453 2232 2245 2230 1
170 3133 3261 2994 1
102 2994 113 170 1
4482 3025 4408 3058 1
4227 1662 4643 5242 1
4482 4408 5105 3058 1
4894 1211 3347 1272 1
4482 5105 3794 3058 1
3926 3643 3688 4061 1
3347 3484 3559 4261 1
3021 3425 4110 4079 1
3425 4110 4079 4257 1
1006 3349 1331 3347 1
3721 3462 2238 2244 1
3425 3867 4110 4257 1
4452 1293 1591 4408 1
3349 1354 3347 1144 1
1182 1331 3349 1354 1
3867 3188 4110 4359 1
3349 3347 1354 1331 1
4408 1591 1333 1293 1
3926 4061 3688 4032 1
1223 1268 1345 3934 1
3721 4523 3462 2244 1
3205 1944 2646 2681 1
3000 2681 2646 2893 1
3275 4273 1223 1041 1
3205 1944 1877 2646 1
3721 2244 4107 4523 1
3926 4663 4061 4032 1
4793 1345 3934 1223 1
3122 5494 1760 4640 1
3347 1211 4894 4261 1
2689 2827 2783 2933 1
2933 2648 2827 2783 1
3217 3374 2801 3514 1
3076 50 48 32 1
75 3076 74 73 1
3793 2643 1002 2918 1
3793 1002 2643 3628 1
3793 3774 4019 1002 1
2424 2400 2385 2395 1
2424 2454 2385 2400 1
2424 2385 2394 2395 1
2424 2385 2454 2392 1
1851 1750 1736 5098 1
1874 3413 4073 5537 1
3363 2022 4219 3684 1
5311 1867 5196 3965 1
4219 5234 4411 5503 1
4219 5503 2022 3363 1
1891 5304 5334 5384 1
1171 5083 986 946 1
3769 3413 4073 1874 1
986 880 946 5083 1
4801 1986 3957 5117 1
3740 1986 5117 3957 1
3077 3740 3957 1986 1
4315 3740 3077 1986 1
3363 1986 3957 4801 1
1171 916 946 986 1
1828 4555 3355 1848 1
2170 3292 3490 2808 1
986 916 946 880 1
5310 1386 1314 1318 1
1983 1921 3246 3936 1
5613 1895 3936 5468 1
4782 4807 3246 3936 1
2733 2694 3651 2700 1
2733 2772 3651 2694 1
3513 2733 2517 3145 1
3864 1144 1354 3162 1
1560 3532 1619 5294 1
3145 3651 2700 2733 1
649 4116 5426 757 1
661 3818 783 762 1
732 649 5426 757 1
4124 1074 4069 5078 1
3146 2875 3145 2658 1
4337 4021 5102 3177 1
5229 4584 4498 1474 1
1545 4267 4223 1560 1
5455 4249 5541 4732 1
596 672 569 661 1
3886 4069 3546 5211 1
1792 4728 1621 4093 1
1660 1794 4757 3938 1
3487 3602 2137 3459 1
3487 3602 3459 3217 1
2194 3093 2163 2851 1
4642 4584 5229 1474 1
2194 2204 3093 2851 1
718 3939 700 4373 1
5566 3483 4294 5495 1
4033 294 283 3832 1
4396 4003 4536 374 1
5273 5566 3483 4294 1
4645 5460 3905 1542 1
4073 3952 1847 3399 1
1516 3253 3391 1501 1
3769 3446 5064 4073 1
3769 3413 3446 4073 1
1847 4073 5064 3952 1
5506 1560 5294 3532 1
4051 37 31 23 1
4051 37 57 31 1
4051 23 31 3626 1
31 3626 87 4051 1
1545 1619 4267 1560 1
1351 1129 1071 5259 1
1090 4328 1085 4100 1
5055 133 4831 136 1
804 917 4537 3412 1
4537 4304 804 3412 1
4537 804 4304 4123 1
1306 1351 1580 1421 1
1306 1646 1580 3516 1
1306 1580 1646 1421 1
3357 3516 1580 4035 1
988 4018 4196 1097 1
5506 1545 1451 4223 1
1580 3357 1351 1306 1
4525 3524 5172 1694 1
1270 1097 4196 4018 1
5536 3340 1127 1200 1
2907 2609 2541 2608 1
2907 2609 3281 2541 1
5172 3524 4525 3457 1
5506 1560 1545 4223 1
43 3625 3076 32 1
3281 2907 2541 3465 1
4490 5144 32 43 1
1372 1508 1342 1307 1
1372 1449 1508 1307 1
1372 2731 1342 1508 1
1372 1449 1539 1508 1
973 4180 4459 890 1
4459 3942 890 4180 1
4653 4337 5102 3177 1
4459 3918 3942 4491 1
3089 1081 1335 1449 1
1575 3943 1736 1820 1
4017 1736 3943 4718 1
4892 1820 3943 1575 1
4636 1575 4179 3943 1
553 590 530 4676 1
553 4676 638 590 1
282 2717 237 330 1
553 638 4676 3590 1
4266 4378 3391 3253 1
5536 1127 5603 1200 1
4571 4266 3253 4378 1
553 3590 4676 3799 1
4268 5267 554 3801 1
2716 246 211 162 1
2717 351 311 330 1
568 4268 511 505 1
568 552 576 505 1
505 4268 576 568 1
576 4243 4268 505 1
1012 943 1058 1021 1
576 552 503 505 1
505 576 4243 503 1
3945 2823 4366 4078 1
136 4065 155 4594 1
4910 4266 4571 4378 1
5468 3141 4078 1884 1
1276 1248 1194 1349 1
1349 1248 1194 1271 1
4078 3936 1884 5363 1
4801 2045 4875 2065 1
3309 3182 3467 3679 1
3770 2076 2095 2116 1
5468 4078 3936 1884 1
3797 3741 4000 844 1
1777 1817 4034 3141 1
4034 1817 1863 3141 1
3741 4226 4000 844 1
4219 1986 5503 3363 1
4075 5295 1995 1923 1
4529 1451 4279 3728 1
3621 4311 3724 4659 1
931 4893 1121 2698 1
3621 4659 3724 2039 1
4143 4893 3559 931 1
4226 4123 4000 844 1
3851 4540 4893 2698 1
3998 410 3659 4283 1
4283 410 4700 3998 1
1997 2036 3946 1993 1
4437 3946 2036 1993 1
4283 410 415 4700 1
4185 4472 1994 1942 1
5536 1241 3340 1200 1
3304 1109 5305 3947 1
3304 974 996 3947 1
1942 4325 4185 4472 1
4185 1952 4427 1994 1
5536 3340 1219 1127 1
252 70 61 336 1
252 364 383 336 1
1241 1200 5536 5603 1
1933 2160 2184 2646 1
5536 3692 5603 1127 1
2184 1965 1933 2646 1
3227 3744 3601 3967 1
4055 232 225 249 1
3650 3601 3744 3967 1
5246 3096 1244 1047 1
1244 1003 1047 3982 1
1047 1244 3982 3096 1
4436 3744 3601 3227 1
1047 3982 1043 3096 1
3948 4300 1078 1227 1
3198 4436 3778 3744 1
1078 3948 4304 4907 1
3951 3111 2144 2156 1
2144 3111 3951 3871 1
3951 3871 3494 2144 1
3835 5598 3122 4640 1
3329 1446 3440 3400 1
3440 1446 3329 3679 1
3182 3329 3440 3400 1
3440 3329 3182 3679 1
3469 3953 3033 863 1
3607 5537 1843 1859 1
4640 5596 5598 3122 1
4012 3765 3889 3994 1
3623 3163 2177 5232 1
748 863 4371 3953 1
515 512 4721 4612 1
515 4721 512 476 1
1540 1506 1388 1434 1
2761 949 920 1098 1
1359 1434 1540 1388 1
1434 1506 1605 1540 1
2590 3397 2548 2841 1
1434 1540 1605 1583 1
1075 3695 4727 1123 1
1434 1583 2687 1540 1
4048 4435 3956 645 1
3956 5199 4551 645 1
634 645 4048 3956 1
1841 1975 1928 1951 1
1841 1888 1975 1951 1
634 3956 4551 645 1
2046 3132 4476 2075 1
1841 1799 1888 1951 1
1841 1928 1799 1951 1
1434 2687 1359 1540 1
4759 645 4439 613 1
2895 1054 2896 1132 1
4559 770 4759 4439 1
645 613 4759 4790 1
4476 2075 3132 3060 1
3887 4145 2259 2266 1
2075 4476 2101 3060 1
2871 3642 2206 4217 1
4285 5309 3958 5550 1
1073 2829 2896 1151 1
912 906 1054 831 1
4285 3958 4249 5550 1
3454 3961 2198 3685 1
3594 3655 3793 612 1
612 3428 3793 3594 1
4019 3793 1002 3655 1
3961 5279 3862 3685 1
2643 1962 1922 2085 1
2643 2918 3160 3836 1
2643 2085 3160 2771 1
4218 4630 4089 1592 1
3961 3862 3623 2218 1
3824 4222 3453 4142 1
265 3028 3725 2622 1
3028 2749 2858 2622 1
2773 2749 3028 3247 1
3725 2622 2858 2833 1
1592 4630 4089 1536 1
173 4063 3239 176 1
3725 2622 3028 2858 1
4978 3834 4092 2816 1
2910 30 40 56 1
90 2910 40 56 1
4209 3977 4092 4978 1
56 2910 30 3599 1
90 56 3274 2910 1
1850 1771 1810 1809 1
3307 836 3931 3976 1
2507 2419 4876 2446 1
2446 2419 4876 2471 1
5197 498 481 567 1
4876 2477 2507 2446 1
498 535 481 567 1
4231 4808 3287 1008 1
1041 1065 984 977 1
4295 3931 836 3976 1
3896 683 731 3418 1
961 984 896 977 1
722 3418 682 660 1
232 191 2926 209 1
1581 1747 1745 1476 1
232 2926 181 225 1
4040 1581 1476 1747 1
232 2926 225 209 1
232 249 209 225 1
286 2750 373 314 1
373 2625 2814 3070 1
232 181 217 4178 1
2926 191 232 181 1
3070 2814 2902 2625 1
2750 2921 373 2814 1
217 4178 181 236 1
3242 2923 3750 2626 1
3302 2868 3750 3242 1
2882 3242 3324 2626 1
2626 3324 3252 3242 1
3765 4012 3184 688 1
4051 37 23 58 1
3382 750 876 3348 1
3382 724 750 3348 1
3382 3348 876 927 1
3382 724 3348 927 1
5196 1763 4728 3965 1
722 682 3418 731 1
3965 1867 5196 1763 1
3184 3765 3492 4012 1
2808 3292 1969 2117 1
1609 4094 3118 4115 1
2170 3292 2808 2117 1
3626 23 58 4051 1
574 547 584 4134 1
3118 3551 4094 1609 1
502 520 475 2797 1
4472 1952 4185 1994 1
4538 4231 3287 1008 1
502 3384 520 2797 1
92 5055 4831 80 1
2770 2769 4094 3551 1
679 708 741 793 1
4831 5206 5055 92 1
502 520 463 475 1
574 532 4493 522 1
4055 266 3966 334 1
4136 679 741 793 1
3575 4138 4094 2770 1
532 4493 502 574 1
3966 4055 334 3731 1
3630 5498 5368 4031 1
1895 4078 1909 3936 1
1281 3711 1228 2785 1
2790 2640 2800 2712 1
5275 956 3968 1075 1
3968 1075 956 1123 1
3140 3359 3438 3314 1
4861 374 4513 4651 1
4782 3936 1895 1909 1
36 23 3626 33 1
4157 5039 4299 5373 1
913 793 855 4128 1
36 4444 3626 157 1
3385 5585 491 5512 1
3130 3057 1621 4104 1
3130 1610 4104 3551 1
845 4641 2958 757 1
757 4397 845 4641 1
3118 3551 3130 4104 1
3385 3846 483 4454 1
3949 1610 4104 3057 1
4104 1610 3130 3057 1
2902 2638 2641 1425 1
2328 2653 3648 2806 1
2320 2502 3648 2328 1
2883 2675 2638 2641 1
2770 3551 4172 4289 1
1430 1451 4108 3690 1
2503 2493 2447 2453 1
1425 2638 2641 2883 1
2447 2493 2524 2452 1
3817 401 342 404 1
1305 1386 1401 1281 1
1002 3836 3613 2918 1
1281 1558 1386 1401 1
1386 1281 1305 4380 1
3919 423 404 370 1
3346 3637 3091 854 1
645 4559 4759 4439 1
3091 3637 4109 854 1
5199 4559 645 4435 1
2918 3160 3259 2643 1
2674 2093 2771 3160 1
2918 3613 1115 2640 1
4681 4435 645 4559 1
2643 3160 1922 3836 1
4759 645 5199 4559 1
4413 3923 3012 4152 1
645 4559 4439 4681 1
1426 1385 1430 4108 1
2769 1609 5402 4111 1
881 5351 3573 901 1
3975 1180 5351 1068 1
1462 1737 1674 3718 1
2792 2403 2651 2257 1
2865 2403 2651 2792 1
1462 1737 3718 3395 1
4106 4340 4945 398 1
3850 3838 2261 3487 1
2137 2207 3838 3487 1
398 4106 4340 5040 1
3395 1737 1564 1462 1
398 3693 4340 4945 1
1602 1781 1752 1749 1
1781 5017 1602 1752 1
1602 1597 1781 1749 1
1781 1597 1602 5017 1
4702 4393 4488 546 1
3171 3359 3849 3124 1
2099 4081 3618 3251 1
3395 1737 1733 1718 1
4780 4575 1576 4805 1
1576 4780 4390 4575 1
2874 2928 2753 2656 1
3810 424 4064 473 1
4847 4984 1388 1171 1
3510 4064 3810 424 1
3141 4366 3945 1817 1
3511 1577 5111 1655 1
3395 1543 3718 1462 1
4193 5445 1512 5111 1
4193 1577 5111 3511 1
980 3372 1375 1142 1
4159 1817 4366 3122 1
3138 3037 4059 1161 1
4159 4366 1817 3945 1
3395 1665 1614 1555 1
4920 1577 4193 4060 1
4193 4060 1577 3511 1
3397 2541 2946 2566 1
2566 2946 3397 3529 1
3529 2566 2946 2898 1
2946 2566 2527 3560 1
2898 2566 2946 3560 1
2541 2527 2946 2566 1
5533 1577 5445 4920 1
2277 3855 2347 2265 1
4085 2265 3855 2277 1
2242 4085 2265 3855 1
2332 3855 2265 2347 1
2282 3855 2242 2265 1
1481 3905 1440 4527 1
1818 4761 4062 1844 1
2295 2283 2249 2228 1
2295 2335 2283 2272 1
768 4710 5318 4552 1
2295 2283 2335 2330 1
1515 1413 1440 1596 1
4552 3460 4710 5318 1
3473 3250 4574 1627 1
4557 2823 4496 4078 1
1627 4574 3473 3518 1
4574 1627 1562 3518 1
733 669 3418 660 1
4557 4496 1908 5363 1
2687 1358 1359 1524 1
2687 2764 1358 1524 1
1393 1164 1243 1295 1
1249 1497 1164 1393 1
1393 1243 1164 1249 1
1393 4481 1164 1295 1
5569 320 3316 3817 1
3817 320 3316 404 1
1393 1164 4481 1497 1
908 894 996 5051 1
908 894 4310 996 1
4860 1547 3778 4363 1
1155 1933 2646 1877 1
3266 2209 3986 2211 1
5586 1785 5217 1820 1
1084 3071 866 999 1
3487 3850 2137 3602 1
3602 2137 3501 3850 1
2137 3838 3850 3487 1
3943 1785 1820 5217 1
1820 3987 1782 4543 1
1852 5349 4415 5003 1
866 999 3071 933 1
3721 4523 2254 3462 1
3721 4523 4107 2254 1
419 361 425 3860 1
2643 3617 3245 1002 1
2643 3836 3617 1002 1
2643 2918 3836 1002 1
4024 1630 1659 1489 1
1295 4194 1309 3989 1
1630 1632 1659 1489 1
2253 4144 3862 2262 1
1702 1482 1411 1505 1
5412 3989 1309 4879 1
2237 3685 3862 2244 1
1138 1183 1436 3990 1
1138 1183 3990 1000 1
866 999 933 4254 1
1967 1858 3991 5215 1
2708 4784 4163 5131 1
4317 380 355 382 1
2708 4621 4163 4784 1
4317 380 3316 355 1
5319 4542 2024 4802 1
5131 4784 4163 1332 1
5004 1338 1175 3993 1
3647 4432 1147 3993 1
3637 4021 4109 854 1
813 926 828 728 1
828 947 846 926 1
354 350 4586 5288 1
4982 1390 3806 5635 1
321 350 5156 4586 1
1087 3756 1237 925 1
3191 3756 1087 925 1
846 926 728 828 1
4021 957 4109 854 1
4297 4829 4933 3995 1
818 4661 4589 3956 1
3593 3219 3637 609 1
4888 3995 3269 5114 1
4297 3995 4933 3269 1
4829 5063 2534 4932 1
3877 167 2878 18 1
818 4661 4912 4589 1
90 3221 18 3877 1
167 2878 3750 3877 1
3402 3811 3453 4609 1
4464 5077 2298 3997 1
4591 2101 2071 3999 1
5536 3692 3638 5603 1
2071 3603 3999 2101 1
4291 4532 4198 245 1
4771 3638 5603 5536 1
3500 1384 1550 3505 1
1171 4570 5083 946 1
4771 3104 4058 4828 1
5620 2961 3692 2976 1
2277 3855 4085 2272 1
2277 3855 2272 2347 1
5291 4733 4583 4121 1
375 3693 3846 4068 1
1234 4196 1097 988 1
4840 5603 4588 5241 1
1097 1270 4196 1234 1
1234 988 1097 1188 1
4004 3994 3787 3872 1
1324 1097 1234 1270 1
4822 2813 5164 1686 1
4117 2813 4095 3674 1
2453 2397 2447 4054 1
3405 960 4124 4039 1
5316 4004 4811 4878 1
3703 689 654 3231 1
654 5145 3231 689 1
5145 708 689 654 1
3174 3405 4124 4039 1
4039 960 4124 4069 1
3981 3542 3709 3402 1
3542 3402 3981 3149 1
960 4124 4069 5078 1
5411 4230 4005 5245 1
2824 11 2684 2877 1
2824 11 2612 22 1
2824 11 22 8 1
4874 4115 4828 3104 1
5406 4044 5257 3869 1
960 4124 5078 4971 1
4971 960 4124 3405 1
1803 3952 3564 4082 1
3446 1756 5064 4073 1
3446 3413 1756 4073 1
3981 3709 3869 4044 1
723 782 4479 4007 1
723 4479 702 4007 1
2170 3388 2157 3490 1
2312 2361 3882 2355 1
723 3675 782 4007 1
4831 83 5206 4603 1
4885 3495 4604 1480 1
5388 1685 1480 4604 1
5438 4885 4604 1480 1
5438 4604 1694 5415 1
3697 932 3809 4201 1
3809 4913 4201 3423 1
2275 2312 2276 4008 1
2275 2276 3288 4008 1
4447 1625 3567 3828 1
3698 3750 3877 3479 1
3221 3877 2878 18 1
3877 2878 3750 3698 1
3697 1043 4201 985 1
3288 4008 2276 5198 1
4630 1696 1638 5154 1
709 665 628 4515 1
5423 1547 4177 4259 1
4259 1547 4177 4360 1
860 4652 975 4010 1
4259 4360 4177 3920 1
4259 3920 4177 5423 1
718 700 747 772 1
3762 842 4011 714 1
812 842 714 4011 1
3756 966 925 3191 1
2052 2110 2078 3620 1
3374 2658 3433 3581 1
3433 3374 2857 3602 1
5272 3784 852 4119 1
4518 3966 266 334 1
902 1053 979 2989 1
4152 1844 1849 1819 1
5389 852 3784 4119 1
4152 1752 1844 1819 1
763 1090 1085 819 1
790 2908 819 763 1
1090 3066 763 902 1
2908 763 1085 819 1
1090 763 1085 1025 1
3681 4125 4126 4667 1
3765 3398 3712 2748 1
1398 1862 1458 2010 1
3765 2748 3712 688 1
1398 1458 1004 849 1
187 267 239 205 1
2748 3765 2839 688 1
3681 3104 4125 4667 1
205 245 267 239 1
3091 3781 3398 3702 1
239 267 268 245 1
3681 4125 3822 4126 1
5442 1840 2835 1773 1
3442 986 5083 5372 1
2421 2497 2423 2486 1
2497 2423 2433 5297 1
2423 5297 2392 2433 1
2421 2497 5297 2423 1
2421 2472 2497 2486 1
5372 5083 3442 4016 1
2421 2497 2472 2454 1
1249 1314 1111 4015 1
1249 1408 1314 4015 1
2464 2365 3294 2463 1
3885 3432 2650 3294 1
3122 3835 4366 5598 1
1555 1462 1564 1399 1
3157 1462 1399 1257 1
1099 1022 5372 4016 1
1555 3157 1462 1399 1
3924 1575 1412 4017 1
2323 3816 4347 3211 1
1736 1575 3924 4017 1
2770 4622 4138 2769 1
1575 1736 3943 4017 1
4017 1575 4636 3943 1
1426 4387 3575 4138 1
3435 2920 4985 5542 1
90 3698 3877 3479 1
3877 2878 3698 3221 1
90 3698 3479 2910 1
3614 1784 3505 1876 1
1426 4138 3575 2770 1
5058 2708 5131 3435 1
343 3892 292 399 1
343 3892 284 292 1
3316 380 412 409 1
444 399 3892 343 1
3889 3398 3131 3507 1
3889 3398 3765 3197 1
3889 3765 3492 3197 1
3889 3492 3149 3131 1
3889 3131 3149 3507 1
5466 4347 3683 2323 1
4138 4507 5379 2769 1
3188 2837 3303 3425 1
3867 3371 3425 3188 1
3149 3303 3188 3507 1
3981 3507 3188 2837 1
1002 3245 3628 822 1
2643 3245 3628 1002 1
3371 3188 3149 3303 1
2541 2548 3486 2430 1
1038 1072 5275 1008 1
5149 3949 4239 3235 1
3465 2907 2541 2430 1
4538 1008 1072 1038 1
2724 2267 2136 2179 1
2136 2267 2724 2223 1
4491 3942 927 3313 1
5129 4459 927 4491 1
3549 927 3313 4491 1
4724 5129 927 4491 1
3549 4491 4724 927 1
25 38 84 29 1
4459 3942 927 4491 1
25 4362 29 84 1
4362 59 4237 4053 1
72 4053 4237 59 1
4552 4940 3931 4615 1
2825 2802 2618 2661 1
2825 281 2618 478 1
2825 478 2618 2802 1
1576 4780 4805 4708 1
1311 1290 2680 4621 1
4182 1311 2680 4621 1
1290 4738 4163 4621 1
4621 4738 4163 4784 1
4182 4621 2708 1311 1
4621 1311 4784 2708 1
1484 3857 1671 3084 1
3972 1917 1804 3614 1
1484 1551 3857 1612 1
3650 3536 5205 4525 1
4496 3700 1884 3945 1
616 640 631 4149 1
4149 4558 631 735 1
996 4345 1190 1088 1
4548 5210 1516 1474 1
588 3611 2625 3277 1
996 1088 3304 3947 1
3398 2679 3538 3668 1
3193 3203 3611 1872 1
1692 1586 2685 3061 1
3593 3398 3702 3668 1
3593 3781 3702 3398 1
3363 4801 3957 2076 1
2130 3957 4687 2076 1
4801 3957 2076 4687 1
5324 1501 1516 1474 1
5210 5324 1516 1474 1
5076 5148 4990 4026 1
4990 5541 4026 5148 1
2748 3765 3398 2905 1
3698 2923 3221 2878 1
1067 1044 5163 1152 1
3994 3889 3108 3712 1
90 3877 3698 3221 1
5457 4026 4732 5148 1
2718 3428 3793 3717 1
2114 3951 2156 3504 1
3504 2156 3791 3951 1
3791 4228 3951 2156 1
754 4479 647 4028 1
4843 1700 4103 4765 1
3840 4028 4479 754 1
2015 1995 4029 5008 1
4004 3152 4336 4588 1
4627 1887 1937 1812 1
3398 3889 3712 3566 1
3859 1923 4675 1995 1
4012 3542 4440 3152 1
3626 4260 2719 157 1
2719 84 4260 3626 1
4032 3520 1514 5433 1
1455 3923 4031 1621 1
5125 1621 1455 4031 1
3630 5577 5368 5498 1
5153 4627 5529 1937 1
3355 5153 4627 5529 1
1494 4420 1576 4431 1
1350 5565 5589 4150 1
4420 3853 1576 4431 1
4431 1714 4420 3853 1
3533 3746 4151 1226 1
404 412 3919 3316 1
5195 2850 1134 3265 1
5424 1218 1225 1401 1
3604 3533 4151 3789 1
3604 3789 4151 5265 1
702 4479 797 4007 1
1134 2850 5195 3829 1
510 3445 548 550 1
5441 4151 3746 1226 1
3533 3746 3604 4151 1
4033 283 3731 3832 1
3926 3629 3643 3928 1
4506 3851 4309 794 1
3557 4309 3699 721 1
4309 721 3557 794 1
4065 139 148 75 1
4065 139 256 148 1
3557 3699 5321 721 1
1703 1696 5010 4630 1
1703 4630 5010 4218 1
1881 5457 1848 4325 1
1881 1848 5634 4325 1
1881 5516 5457 4325 1
4155 4910 3441 3671 1
4082 4484 3399 1788 1
1099 3016 4854 1022 1
5370 895 914 986 1
3848 4860 4363 4360 1
4273 1502 1537 3934 1
4501 3516 4035 4629 1
205 239 154 245 1
187 205 154 172 1
187 239 154 205 1
3516 3015 3357 1306 1
3848 4363 3839 4360 1
187 154 239 123 1
1502 5021 4176 4211 1
3860 361 425 369 1
3357 3516 4035 1172 1
3491 834 754 3840 1
3840 754 2747 834 1
4249 5550 4036 4285 1
2049 2032 4766 2029 1
5205 3125 3495 4525 1
1359 1388 3330 1434 1
5040 4620 398 4106 1
4340 3496 5040 4106 1
2635 2873 2845 2779 1
1359 1388 4847 3330 1
3496 3870 4038 3417 1
4038 352 4697 4620 1
3484 1339 1331 1147 1
3330 1388 4984 1434 1
4847 1388 4984 3330 1
2661 2633 1861 2636 1
1188 1339 3484 1147 1
2636 1913 2663 2633 1
2802 2634 2637 2043 1
5293 4053 63 84 1
2661 3088 2802 2634 1
119 3599 3274 56 1
56 3599 3274 2910 1
3700 1817 4159 1740 1
3473 5281 1334 3518 1
4159 4366 2823 3122 1
3203 3386 3408 2808 1
3311 4525 1735 3536 1
3559 889 3539 934 1
1735 5172 4525 3311 1
5205 3536 1735 4525 1
889 3559 1006 934 1
2670 2691 2645 2643 1
4552 3339 5318 768 1
5318 3339 3165 5371 1
3964 5099 4692 5371 1
3939 4393 4488 4702 1
5318 3339 5371 768 1
968 3982 1043 932 1
1052 5592 960 4039 1
127 4263 176 4063 1
5146 5592 960 1052 1
4263 176 4063 4065 1
5075 5592 5146 1052 1
2531 4054 2542 2547 1
1052 5592 4039 1139 1
2453 2503 4054 2447 1
3248 3492 2852 3149 1
1334 1381 3473 3518 1
4041 694 4071 633 1
3889 3542 3981 3149 1
2514 2445 4655 2467 1
3889 3492 3542 3149 1
694 633 4041 720 1
5413 2445 2514 2467 1
1578 1554 1537 4042 1
4332 4208 4131 4753 1
1578 1526 1655 4042 1
4043 2746 5329 4956 1
2880 4043 2746 5329 1
4585 620 4043 711 1
1550 3168 3500 3505 1
3059 3568 4168 3500 1
463 4130 4466 3959 1
4130 3959 463 5405 1
4466 3959 3917 4170 1
3981 3402 4044 3188 1
3928 3926 3915 3909 1
3981 3709 4044 3402 1
4294 5495 1627 4618 1
4294 3483 1627 5495 1
5209 4294 1627 4618 1
1120 1429 4292 4045 1
2761 1120 1098 4045 1
2930 978 1125 1037 1
4885 3125 3495 5205 1
2930 1001 978 1005 1
2156 2112 2154 4047 1
1494 4780 4246 4390 1
1171 1237 4982 4148 1
5069 3652 885 3627 1
991 3929 4451 1116 1
4148 1237 4982 1486 1
3477 4048 634 645 1
649 645 4048 3477 1
3747 5103 4784 4328 1
3747 1311 4784 5103 1
4048 645 649 4256 1
645 4256 4048 4435 1
3747 4784 1311 5356 1
3753 3862 4144 2262 1
3747 4784 4596 4328 1
2850 1125 1307 1335 1
2851 3862 5232 3753 1
3747 4784 5356 4596 1
3932 25 38 84 1
5363 4496 5070 1884 1
2967 265 93 76 1
4234 3992 4832 4050 1
25 4362 84 3932 1
2534 2555 4050 4400 1
3992 4400 4832 4050 1
76 3028 2967 265 1
72 101 4053 81 1
2770 4094 4172 3551 1
4289 4172 3949 4104 1
2317 3501 2261 3433 1
3935 2364 2419 5254 1
4346 4172 5149 3949 1
4289 3551 4172 4104 1
3575 4094 4172 2770 1
3575 4172 5149 4346 1
1532 1641 1642 1498 1
1641 1761 3450 1642 1
1803 4082 3399 3952 1
72 81 4053 59 1
1641 1642 3450 1532 1
2448 2419 5254 3935 1
1761 1707 3450 1642 1
1532 1549 1641 1498 1
4606 1770 3952 4764 1
3484 1006 1147 1331 1
4055 3290 225 232 1
4222 4142 3438 3453 1
3910 463 470 3713 1
3910 5405 463 3713 1
4342 3910 463 470 1
4342 3910 5405 463 1
1380 1373 1450 1571 1
5180 5315 3583 1867 1
1508 1307 1623 1427 1
1571 1373 1450 4819 1
3799 3590 4676 4580 1
1571 5523 4819 1450 1
530 4676 590 4647 1
4057 1535 1569 1377 1
4915 5573 5634 3337 1
4129 1406 4060 4920 1
5194 4176 4060 4593 1
1344 4060 4129 4657 1
5167 1693 3938 1794 1
1725 1618 1611 5094 1
1725 1657 1618 5094 1
1821 4725 1692 5018 1
5062 1978 5050 5325 1
1821 4725 5107 1692 1
4530 5018 1821 1692 1
1792 4093 4062 1844 1
1621 5191 1792 4093 1
5191 5504 1792 4062 1
1783 4530 1821 1692 1
1783 1724 1692 1821 1
1821 1692 5107 1724 1
4353 4156 5137 791 1
4353 4156 4418 4712 1
4031 3923 4410 1621 1
4353 4712 4418 4795 1
2333 2651 2960 2649 1
5125 1621 4031 4410 1
1012 1018 989 1094 1
4152 4410 3062 3923 1
943 1018 989 1012 1
845 1018 4981 989 1
647 754 784 677 1
845 1018 989 943 1
3491 754 784 647 1
4981 1018 5283 989 1
989 5283 1094 1018 1
4066 1477 1277 1370 1
4066 1477 1492 1277 1
4448 1821 4067 3168 1
784 754 3491 834 1
4053 63 81 5293 1
4725 1821 4067 4448 1
1821 4725 4067 5107 1
1354 1331 1272 1454 1
3651 2772 2428 3226 1
3651 2695 2772 3226 1
3651 2428 2432 2656 1
1945 2759 1924 3960 1
1462 3156 1543 1435 1
425 4786 495 4049 1
3112 3671 3794 1374 1
3112 4598 3671 1374 1
1733 1543 1720 3395 1
3718 1720 1563 1543 1
5201 4814 1473 4314 1
3867 5384 5180 1867 1
3867 3127 4230 1867 1
4230 1867 5245 3867 1
1758 1712 1827 4074 1
4074 1758 3354 1827 1
3898 4074 1758 3354 1
3127 3867 5180 1867 1
838 966 4749 925 1
3144 5249 4358 3406 1
1995 2015 4075 5008 1
5295 4075 4955 1923 1
3406 5249 4358 3891 1
1183 4076 3993 4462 1
4068 375 3693 4945 1
2849 4076 3993 1183 1
3914 5169 4076 1507 1
5160 4945 375 4068 1
4314 1473 1407 4245 1
4245 4135 1473 5282 1
1462 3156 3157 1543 1
609 3593 3781 3637 1
4245 4135 5282 4278 1
3952 4073 5064 1756 1
2747 4083 756 3840 1
2747 840 756 4083 1
4083 4479 756 3840 1
756 797 4083 840 1
4479 4083 756 797 1
5372 4706 986 5083 1
4149 735 826 4098 1
4086 4168 1088 4758 1
905 826 4149 735 1
1128 1040 4087 1189 1
2099 3359 3273 3140 1
2849 4905 5169 4986 1
3390 3980 1200 5211 1
3869 5369 4090 3571 1
582 4393 4702 546 1
4588 4840 5241 3082 1
360 325 4244 4518 1
4722 4702 582 4393 1
4722 4702 4373 582 1
3717 3628 3774 3793 1
612 4019 3793 3774 1
3793 3774 3717 612 1
4259 3550 5233 5423 1
4093 1752 4062 1844 1
3442 4016 4570 1409 1
4573 1183 4962 1213 1
5395 1628 1520 1653 1
1527 1437 5082 5127 1
1520 1382 1405 1356 1
5395 5612 1604 1653 1
5603 1127 3692 5316 1
4225 3692 5452 5316 1
3692 1127 5452 5316 1
3954 549 3384 4705 1
4076 1338 3993 1147 1
5161 1135 1317 5344 1
4098 5501 4558 681 1
4098 681 4558 735 1
4098 735 826 5069 1
3091 3566 3787 3488 1
3993 1338 1175 1147 1
3566 3889 3082 3981 1
826 5069 3627 4098 1
681 5501 5454 4098 1
3593 3979 922 3065 1
4214 1592 4839 3792 1
4839 4214 3866 1592 1
4063 4313 4260 127 1
4260 4313 4063 5141 1
5557 3866 4214 1592 1
4444 4852 5030 44 1
891 4100 833 819 1
3926 5091 3427 3519 1
4850 5091 3519 1247 1
4557 5598 1882 5596 1
3697 1047 5571 5609 1
985 5571 1047 3096 1
4498 1254 4376 4416 1
84 4260 29 38 1
4557 2823 5598 5596 1
2189 3791 4228 2169 1
72 4053 84 4237 1
1091 3678 871 4590 1
871 4590 883 939 1
4590 883 4637 871 1
4460 4590 4637 871 1
1091 4590 871 939 1
4460 4590 871 3678 1
4446 4276 5376 4307 1
2175 4599 3962 2222 1
5376 4965 4446 4307 1
5014 689 4869 654 1
719 689 5014 654 1
654 689 4869 708 1
4267 3866 4223 1560 1
4267 5402 5471 3773 1
347 4055 3443 4105 1
2680 1334 1366 3518 1
2276 2303 5165 2323 1
352 4106 326 4620 1
845 4456 4712 4338 1
352 333 326 4106 1
2566 2590 3689 3529 1
2590 2566 3397 3529 1
845 4338 4712 5624 1
4038 4620 4106 352 1
4106 3496 4038 352 1
2303 4357 2323 2276 1
4357 5198 2323 2276 1
2276 3721 4107 2254 1
3407 3721 4107 2276 1
2276 3407 5198 4107 1
3262 1288 1136 1198 1
2276 5165 4107 2323 1
2276 5198 2323 4107 1
845 4712 4795 5624 1
3826 1136 1198 921 1
84 38 3932 4352 1
4014 1075 3968 1123 1
4014 965 1123 3968 1
1075 4014 3695 1123 1
4014 1315 3695 1123 1
4109 942 3488 854 1
4109 942 5075 3488 1
815 794 771 4143 1
2098 3049 2110 2132 1
3049 2110 2149 2105 1
3049 2158 2110 2132 1
3049 2149 2110 2158 1
3049 2110 2105 3044 1
815 4652 931 4143 1
4652 771 4143 815 1
3107 3049 2110 2098 1
4079 4257 4110 4189 1
4665 4716 665 711 1
4092 4978 3891 3406 1
3788 3930 741 681 1
3627 741 5454 681 1
3930 5454 741 681 1
3627 741 681 3788 1
4112 3316 284 263 1
4112 263 4317 3316 1
4092 2816 3891 4978 1
263 4317 243 4112 1
1841 3620 3586 1928 1
2708 1367 5058 4163 1
1841 3620 1900 3586 1
4978 4092 4209 3406 1
3902 4114 5518 639 1
826 4098 4136 4149 1
970 826 4149 905 1
321 350 4586 354 1
321 350 354 345 1
3970 2353 2405 2427 1
3362 3363 4801 1986 1
3228 3211 4746 3882 1
3970 2347 2405 2353 1
4746 3211 3683 3882 1
3970 2359 2286 2353 1
3970 2359 2353 2427 1
1943 1893 1876 3505 1
3575 4387 4239 4094 1
4115 3923 3012 4413 1
3523 3527 2752 2816 1
4005 3402 4115 1763 1
4239 3923 3012 4115 1
4115 3402 4413 1763 1
3769 4726 1651 5097 1
1052 3523 2752 3891 1
3974 2436 2487 2390 1
3974 2528 2390 2487 1
2390 2436 2359 3974 1
3974 2390 2349 2359 1
823 855 793 4128 1
4116 794 673 4456 1
4116 794 721 673 1
3974 5001 2390 2528 1
4048 4256 649 4116 1
3974 2390 5001 2349 1
649 673 4116 721 1
4256 4116 4048 4456 1
3891 2816 3523 2752 1
3609 3804 3251 3751 1
3584 3517 3751 3780 1
855 793 4869 823 1
4118 904 4738 3066 1
3845 904 4646 2811 1
3845 4118 904 4738 1
828 761 804 4824 1
3845 1187 4646 4118 1
893 4391 843 5059 1
828 4824 804 813 1
3432 3885 2267 2365 1
3885 3432 3294 2365 1
4133 386 3437 3417 1
3998 3437 3417 4133 1
5059 4000 893 4391 1
4073 1756 3952 3399 1
713 610 682 676 1
3214 3632 1409 1466 1
3214 1409 1412 1466 1
634 4120 673 624 1
722 713 710 761 1
624 634 4120 593 1
722 713 4824 728 1
702 4120 634 593 1
713 722 710 682 1
722 710 731 761 1
3566 3082 3108 4617 1
1960 1862 2010 2047 1
2161 3978 2193 2162 1
3978 2195 2193 2162 1
4303 3571 3566 3144 1
3978 3753 5232 4144 1
1960 1398 1862 2845 1
3430 1105 849 1398 1
3566 3571 4090 3331 1
3566 4090 3082 3331 1
3288 2363 4384 2377 1
3177 5102 4303 4021 1
4464 3816 2323 2303 1
4464 3816 4347 2323 1
4399 3966 4518 334 1
192 3239 3383 234 1
4988 334 4399 4518 1
5049 334 4399 4988 1
5049 4536 4399 4607 1
173 191 2719 157 1
4536 4607 3966 4399 1
4327 3950 3404 3912 1
3239 127 5224 176 1
2719 3239 117 192 1
3905 1542 1440 4023 1
2719 3239 127 117 1
3978 4241 5333 3163 1
192 2719 173 191 1
173 192 191 207 1
173 176 3239 234 1
173 234 192 207 1
1659 4527 5442 3498 1
4527 1596 4023 1440 1
3545 544 485 499 1
4106 3106 333 4945 1
3981 3507 3149 3188 1
3496 352 3106 3417 1
5432 4241 3163 5333 1
507 586 559 544 1
508 544 507 559 1
3824 3635 4142 4001 1
756 818 754 4589 1
3981 3566 3507 2837 1
795 899 3782 3840 1
4443 4717 3894 2742 1
3491 795 3782 3840 1
4968 3841 2029 1912 1
4968 3873 1912 3795 1
4643 5122 4717 3894 1
4968 3873 3841 1912 1
840 2804 797 5183 1
3868 815 5183 4969 1
4069 1074 3174 3546 1
3174 4039 4124 4069 1
754 818 4912 4589 1
742 5458 772 5367 1
2747 756 818 754 1
1268 1269 3803 3984 1
834 818 754 2747 1
5458 3631 5367 742 1
818 754 4912 834 1
4086 4102 1215 5228 1
5228 4168 4086 4102 1
4735 1096 4348 4175 1
5228 4102 1215 5113 1
4735 1096 4836 4348 1
5113 4168 5228 4102 1
839 1030 999 3985 1
4175 4596 4735 1096 1
866 839 2916 999 1
839 4216 999 4254 1
866 4254 839 999 1
999 839 2916 1030 1
839 3985 999 4216 1
4636 1575 1568 4179 1
1568 4892 4179 1575 1
4411 5054 2022 5503 1
4219 4411 2022 5503 1
2758 552 568 505 1
2037 1647 2815 2028 1
4673 676 4393 4488 1
4006 4303 2837 3177 1
4673 4393 676 5458 1
4393 676 5458 5465 1
4332 4131 898 4753 1
3939 4393 676 4488 1
5465 676 3939 4393 1
3395 1543 1720 3718 1
4132 3246 3556 5264 1
2925 2616 585 766 1
1136 1288 2777 1469 1
4297 2424 2454 3992 1
2777 1469 1288 3222 1
4259 1547 3550 5423 1
4132 3246 4807 3621 1
3305 3344 2691 2799 1
3305 2691 3344 2292 1
4471 706 4744 2804 1
2915 2799 2678 2857 1
3128 2897 372 492 1
3128 691 492 372 1
2804 4969 4744 5183 1
1469 3222 1453 1288 1
1136 1469 4877 1288 1
1418 1434 4245 1583 1
1583 4278 4245 1429 1
4814 4245 4135 1473 1
1758 4420 3059 1714 1
1088 3947 996 4345 1
4877 1469 1453 1288 1
4418 4712 5486 4474 1
1758 1706 4420 1714 1
4156 5486 4418 4712 1
3141 1884 3700 3945 1
4440 3733 4097 4012 1
4440 4097 3542 4012 1
3542 3492 4012 3400 1
2511 3969 4921 4400 1
2792 2152 2861 2846 1
2243 2152 2792 2846 1
358 3725 494 265 1
265 3725 494 2622 1
494 2622 3725 2833 1
489 3725 619 494 1
489 358 3725 494 1
619 3725 2833 494 1
353 103 188 2967 1
188 353 2967 2616 1
4692 1026 3984 3803 1
1849 4152 1819 4413 1
4879 3989 1474 4548 1
4413 1819 1849 3402 1
4548 3391 3989 1474 1
4879 4642 1474 3989 1
1474 4642 4584 3989 1
771 815 3377 3901 1
512 480 467 531 1
4140 3542 4849 4633 1
480 531 512 4612 1
3709 3542 4849 4140 1
4438 4203 431 3998 1
5157 3080 1796 5028 1
4266 4213 1516 3391 1
1728 5157 1796 5028 1
4266 4213 3391 4378 1
4501 1452 4141 5278 1
4501 4629 4141 1452 1
188 2684 85 2616 1
5004 5278 4141 1507 1
4141 5101 1452 4629 1
4141 1507 3682 4153 1
2616 2684 85 2877 1
2350 2496 2313 2585 1
4904 4745 4265 487 1
3766 4213 1516 4266 1
3766 4213 4266 4910 1
4910 4213 4266 4378 1
3170 2772 2428 3651 1
2476 3651 2428 2432 1
845 4712 4353 4795 1
3964 4002 4692 5099 1
930 4938 4002 4509 1
4489 4741 601 4972 1
4612 4972 4489 601 1
3565 4146 684 801 1
4146 642 4134 684 1
4146 3565 684 4134 1
2308 2651 2960 2333 1
612 3655 4019 3739 1
612 3793 4019 3655 1
1550 1620 4171 4448 1
4216 3313 876 3348 1
4147 945 3136 5272 1
3517 3582 4417 3780 1
3595 4536 3966 356 1
4881 1486 1237 4148 1
1455 4881 5013 4383 1
3756 4570 4186 1237 1
356 3966 3595 4518 1
4536 3966 3653 3595 1
356 3966 4518 4399 1
4536 4399 3966 356 1
3429 1299 4231 4538 1
4734 4808 1036 4880 1
3429 4231 3287 4538 1
224 4291 4198 245 1
4410 4093 4152 1752 1
1602 3923 4152 3062 1
3992 4037 2462 2424 1
1749 1819 4413 3402 1
5004 4153 1338 1507 1
4216 876 750 3348 1
5004 4141 4153 1507 1
4153 1507 3682 3706 1
4153 1639 1546 3706 1
4619 1596 4023 3680 1
3685 3454 4154 2198 1
4291 4198 4065 224 1
4796 1596 4619 3680 1
224 4291 245 5203 1
1717 4619 1596 4023 1
489 662 619 3725 1
619 662 2833 3725 1
2188 3986 4154 3046 1
5340 1596 4619 4796 1
1596 1717 5340 4619 1
4210 689 4869 5014 1
719 689 4210 5014 1
3661 3569 3751 2016 1
228 2923 115 161 1
228 2757 115 2923 1
2750 214 161 286 1
3606 3751 3569 2016 1
1703 4218 1705 2744 1
4311 2009 4659 2042 1
4311 2042 4595 2009 1
2433 2404 2473 4054 1
4606 4764 3952 3564 1
3788 3930 681 697 1
1295 4318 3989 4481 1
4481 4548 3989 5412 1
4658 1775 5540 1838 1
1022 4854 4503 3016 1
668 907 3215 2977 1
668 3184 3327 2977 1
2977 907 3327 668 1
5060 1057 1418 4160 1
4292 1418 1429 4160 1
1607 4658 1532 1804 1
1120 4160 4292 1429 1
4160 4701 1120 1098 1
4160 5060 4701 1098 1
29 19 71 4237 1
3016 4854 4503 4186 1
19 3903 4237 29 1
3750 290 2868 376 1
3302 2868 376 3750 1
2923 2878 3750 2626 1
167 290 3750 2878 1
3903 4362 4237 29 1
4362 4237 29 84 1
3980 1200 4840 5255 1
3580 4849 4633 4125 1
4849 4125 4140 4633 1
1226 5255 3980 3842 1
2938 109 153 115 1
4879 3989 1309 4642 1
1309 4194 4642 3989 1
4642 1309 5424 5163 1
1206 4161 5538 1383 1
4642 1309 4879 5424 1
4194 1309 4642 5163 1
3980 5255 4840 3842 1
4467 3403 3912 4337 1
3514 2450 2422 3478 1
3589 1692 2685 3061 1
3514 3478 2422 2304 1
3271 2053 3541 3185 1
1692 1783 3589 1724 1
3271 3541 2053 3521 1
2679 2672 3334 2748 1
273 438 2748 2839 1
3273 4013 2099 3140 1
3635 2099 3273 4013 1
3635 4424 4191 4001 1
4115 4413 4140 3220 1
2867 3350 2660 3416 1
2929 2632 1264 862 1
4147 3772 3037 3138 1
4115 3923 4413 3220 1
2929 1264 2632 2859 1
1164 1031 1091 1243 1
1164 1031 1243 1295 1
1869 1824 4276 4446 1
4446 1824 4103 1869 1
4446 1824 4276 4843 1
4843 1824 4103 4446 1
2841 3086 2865 2722 1
2841 2865 3086 3087 1
3221 2 18 1 1
129 4 3221 2878 1
5 115 2923 161 1
3327 2726 2819 2627 1
3327 2819 432 2627 1
2839 2905 2690 3765 1
5268 2816 4279 4978 1
4279 5589 1451 4529 1
2912 1760 4583 3483 1
4444 157 4260 3626 1
60 4750 4541 4444 1
4444 157 36 60 1
4541 4852 4444 44 1
1270 4018 4200 1493 1
2713 2929 1861 2617 1
602 3502 767 2859 1
4018 1270 4200 4196 1
530 4647 4580 4676 1
4580 4206 4647 3646 1
4676 4647 4580 607 1
530 4580 4647 3646 1
4580 4647 4206 607 1
3700 4159 2821 3202 1
1068 3895 4166 1180 1
1189 1180 3975 4166 1
4165 296 4547 4169 1
4607 347 3731 334 1
1378 1321 4171 4977 1
347 4607 5049 334 1
4977 5143 3805 4171 1
3937 3700 2821 3202 1
4607 3731 347 4033 1
4289 3352 3663 3949 1
4289 4104 3949 1610 1
4289 3551 4104 1610 1
5165 2254 4788 4077 1
1598 4797 1531 1492 1
1477 5058 4797 1492 1
4975 1492 4797 1598 1
307 5358 275 4173 1
1367 1492 1531 4797 1
5058 1367 4797 1492 1
4975 1477 4797 1492 1
5387 4150 3396 3422 1
4700 3870 440 3646 1
1732 3061 3589 1652 1
4904 4700 440 3646 1
4636 4179 1568 1530 1
4892 5217 4179 3943 1
3180 4179 4892 5217 1
440 3870 4700 5481 1
4700 4745 440 5481 1
4904 4745 440 4700 1
5129 927 4459 4180 1
555 537 522 548 1
555 574 580 549 1
555 522 574 549 1
3258 3942 927 4180 1
5129 4180 3854 927 1
4459 927 3942 4180 1
1370 1332 4348 1470 1
1470 1332 4939 1370 1
620 630 4961 4405 1
5169 1213 4181 1436 1
4961 711 620 4405 1
4956 4961 620 5546 1
4956 4961 4043 620 1
5533 4730 4810 1457 1
5194 1457 5533 4810 1
5192 1457 5194 4810 1
4946 1785 4884 1696 1
4179 4184 4946 5217 1
4980 4184 4179 3180 1
4810 4356 1457 4730 1
4810 4356 5192 1457 1
3419 4463 511 526 1
4705 3419 4463 511 1
4463 4170 511 3917 1
520 511 4463 4170 1
4043 4961 711 620 1
497 526 511 4463 1
511 520 4463 4705 1
1935 4542 5628 4802 1
1205 1237 4186 5013 1
5089 5220 1205 4186 1
4503 3756 4570 4186 1
4186 1455 4844 1205 1
1316 1898 1790 2648 1
1316 2648 1790 1137 1
4503 3756 4186 1205 1
857 1102 909 4187 1
4139 1233 4187 4993 1
715 1115 2640 3341 1
1115 2918 2640 3341 1
857 4187 964 1102 1
2673 3189 2918 3594 1
1102 3598 909 4187 1
1229 5244 1206 3598 1
1233 4187 5244 4139 1
4993 964 4187 1102 1
3645 4816 4973 4189 1
5337 3481 4079 4189 1
3645 4816 4189 3582 1
4189 3481 4079 3582 1
1246 4812 1247 1313 1
5068 4190 838 5447 1
4850 4812 1247 1246 1
694 4349 779 4326 1
694 4866 4326 779 1
4079 4110 3531 5337 1
3709 3152 3981 3082 1
3981 3709 4090 3869 1
3709 3981 4090 3082 1
4349 4551 4912 4326 1
975 860 4192 1032 1
3209 3271 3452 3069 1
3916 4294 3483 1627 1
1295 4194 5439 1165 1
1627 3916 4294 5595 1
1295 4318 4194 3989 1
2424 4037 2447 2399 1
3620 3586 1928 2030 1
3620 2021 2030 1928 1
4294 5595 5209 1627 1
2474 2455 2495 4195 1
4888 2455 2474 4195 1
2135 2162 2195 3962 1
4196 5073 4018 988 1
2135 2195 2146 3962 1
3059 3568 4420 4168 1
1317 4168 5228 4420 1
2243 2187 2103 2846 1
947 828 850 1044 1
1471 1453 1288 1198 1
2564 2556 2578 2581 1
2564 2556 2581 3318 1
2564 2524 2556 3318 1
1453 1288 1198 4877 1
2474 4195 2495 4197 1
2564 2556 2542 2578 1
1660 1739 1633 1697 1
3625 98 75 3973 1
3973 98 75 4065 1
5529 1937 1942 3858 1
1848 5529 3508 5153 1
4198 205 154 245 1
4065 205 154 4198 1
4198 4532 205 245 1
4532 205 256 4198 1
1853 1937 5153 3858 1
1658 1616 1491 1666 1
5414 4877 1453 1198 1
1853 3508 3858 5153 1
390 2789 2614 128 1
3365 2975 4200 4727 1
1270 4196 1263 4200 1
4625 1263 4200 1234 1
4200 1263 4625 2975 1
4647 4133 561 3900 1
5108 1700 1667 5631 1
5061 5188 4647 590 1
4965 1667 1700 5631 1
1730 1774 1889 1791 1
1336 1414 1591 1600 1
1618 1414 1553 1591 1
1889 1791 1774 4333 1
1905 1889 1774 4333 1
4938 4295 5099 3976 1
1414 1461 1336 1323 1
3546 3527 4931 4854 1
4854 1282 5089 4186 1
3590 5416 611 4205 1
1034 1080 1292 1077 1
1302 1034 1080 1292 1
3630 5577 3808 5368 1
5432 3163 2161 5333 1
3926 3630 3629 3427 1
3977 3834 4092 4978 1
1205 1087 1219 1066 1
3186 3152 4849 3709 1
2949 3186 5511 4336 1
5265 5369 3869 4209 1
4209 3869 3571 5369 1
4209 3869 4398 3571 1
3048 3531 5257 5294 1
153 2757 115 228 1
4049 369 4199 3860 1
4049 3860 425 369 1
3633 558 650 693 1
3709 3104 4849 3186 1
693 753 767 3502 1
693 2615 539 3502 1
3633 3502 767 602 1
3633 558 2615 371 1
4210 689 4136 823 1
3048 3844 3977 4978 1
5300 3844 4279 3834 1
2040 3176 3328 1944 1
3633 2615 558 693 1
3633 693 767 3502 1
3633 2615 693 3502 1
3844 3977 4978 3834 1
4051 58 91 37 1
5234 1911 4212 4469 1
3592 1551 1228 4052 1
1140 1228 2785 4052 1
4275 3766 4213 1479 1
4481 1479 4275 4213 1
3102 4378 4213 4910 1
692 3176 3205 3203 1
5286 4232 1845 5070 1
3176 1110 692 3205 1
4811 3787 4617 935 1
5286 1884 1845 1983 1
3787 3488 4617 935 1
4413 1849 1763 3402 1
5158 4321 5010 4714 1
4204 5458 4722 4393 1
4491 4842 4883 1152 1
1525 1328 1447 1365 1
1525 1217 1328 1365 1
4491 4642 4883 4842 1
4642 5163 4883 4842 1
4842 5163 4883 1152 1
3546 1282 4931 3533 1
2264 2244 2290 2331 1
1848 5529 1942 3508 1
4325 3508 1848 1942 1
2237 3862 4056 2244 1
3546 4931 1282 4854 1
2251 2290 2269 2264 1
1191 1352 1391 4215 1
1191 4215 1329 1283 1
1191 1352 4215 1283 1
2251 2264 2244 2290 1
2264 2331 2290 2269 1
866 933 952 4403 1
4288 1836 1911 1814 1
3079 3716 4336 4440 1
4336 4588 5511 5316 1
1368 4099 1607 1574 1
2237 4056 3862 2281 1
2281 2296 4056 3862 1
4272 1629 3543 3883 1
694 4349 600 4220 1
4099 1368 1488 1301 1
5088 4220 597 652 1
1483 1368 1301 4246 1
2601 2594 2838 2596 1
694 4220 597 5088 1
2604 2838 2903 2596 1
3147 2596 2838 2594 1
695 584 574 656 1
2838 2459 2568 2594 1
4134 574 695 584 1
695 642 656 574 1
695 4134 642 574 1
3959 4170 522 510 1
1670 1537 4477 4560 1
173 4084 4444 4063 1
3124 3359 3849 2180 1
4477 1502 1670 4242 1
3876 3509 3829 1149 1
5417 3876 3829 1149 1
1126 3876 5417 1149 1
2897 372 281 125 1
4477 1670 1502 1537 1
5222 3678 4226 1091 1
3678 3741 3775 4226 1
1111 4382 5006 1212 1
3649 1098 3272 949 1
4774 4226 5006 1111 1
259 135 2911 179 1
179 135 2911 67 1
4168 1494 1317 5344 1
4855 3749 1015 1172 1
2447 2524 4037 2462 1
5344 1494 1317 4780 1
5225 2849 1049 5575 1
2849 1172 4855 3993 1
4432 1097 1175 4549 1
1097 4432 1147 1064 1
2377 2416 3288 2449 1
2416 3882 3288 2449 1
2355 4008 3288 3882 1
4432 1147 1175 1097 1
347 4033 3731 3832 1
5180 1867 3583 3127 1
4890 4070 4852 5030 1
3649 949 5323 1098 1
3272 920 949 1098 1
4105 3731 3832 347 1
1067 1044 1152 4600 1
850 1152 4600 3918 1
4600 1044 1152 850 1
3649 929 5323 892 1
3649 949 817 749 1
1067 1152 4842 4600 1
4756 1057 929 859 1
3649 817 859 749 1
4600 1152 4842 4491 1
3918 1152 4600 4491 1
1760 2912 3110 5630 1
3483 2912 1760 5047 1
2155 4072 4967 2151 1
1791 1865 4229 1919 1
1911 5559 4229 3908 1
4072 2151 2175 4967 1
1408 1396 1249 1243 1
1249 1393 1243 1396 1
4480 1393 1249 1396 1
3371 3824 3425 3517 1
3425 4257 4079 4417 1
845 4156 5426 5137 1
4156 845 5426 4456 1
845 5426 732 5137 1
5426 845 757 4456 1
845 5426 757 732 1
6 2789 39 165 1
434 486 3512 484 1
3338 3512 4240 430 1
3621 1983 4614 3724 1
3621 3724 4886 2039 1
2845 2861 2649 2960 1
2197 2960 2861 2845 1
1218 5477 5163 1152 1
4642 5424 4879 5038 1
5163 5477 4883 1152 1
1437 4879 5038 4642 1
4005 4230 3402 1763 1
3261 2994 3133 2629 1
3188 3402 4230 3371 1
248 2884 2631 3133 1
4230 3402 3127 3371 1
3188 3402 4044 4230 1
5424 5038 4642 4883 1
4005 3402 4230 4044 1
3676 2830 3622 3218 1
3303 2830 3676 3218 1
3676 2830 3379 3622 1
1218 5424 5163 5477 1
5163 5424 4883 5477 1
1709 3780 3606 3179 1
1709 3179 3710 3780 1
1709 3569 3606 3780 1
3345 78 113 2994 1
2994 3133 2629 2884 1
1164 1031 1295 4318 1
2258 2279 2307 2285 1
2279 2286 2259 2307 1
4232 5070 5286 4666 1
4232 4666 3508 5002 1
3937 1845 5614 4232 1
2279 3887 2258 2307 1
5337 4189 4079 4110 1
4417 4257 4079 3582 1
2930 4233 978 1001 1
2279 2266 2259 2286 1
4318 1031 1295 5439 1
4080 1709 3780 3569 1
4080 1709 3548 3780 1
2591 2903 2484 1624 1
4563 2166 3494 3472 1
3417 2755 323 3106 1
2174 4305 2183 3913 1
5460 3905 1481 4024 1
2869 2339 2233 2192 1
1243 1031 1091 4382 1
2192 2236 2138 2869 1
84 4237 29 3626 1
2675 2641 2886 3244 1
3490 2641 3244 2886 1
2170 3490 2157 2886 1
3244 2641 3588 3317 1
4237 29 3626 71 1
1993 3946 4334 4576 1
1316 2870 796 1644 1
900 1040 4238 3369 1
3371 3303 3131 3218 1
5176 5147 1932 5479 1
3139 1932 5176 4709 1
4862 5214 1932 4709 1
4862 5479 1932 5214 1
4084 4065 4063 176 1
4084 98 150 4582 1
1139 3174 3523 3527 1
3527 3233 3523 2752 1
3174 3233 3523 3527 1
996 1018 1088 1190 1
4085 2228 2272 3855 1
1088 1190 1018 4758 1
4758 1190 1018 5162 1
3155 4136 826 948 1
3155 4136 4149 826 1
4477 1502 4242 1391 1
4244 266 260 3672 1
4088 1748 1924 1899 1
4244 4531 325 260 1
4518 332 325 4531 1
3790 1434 4245 1418 1
4292 3790 4245 1418 1
1434 1583 4135 4245 1
1326 1365 3051 1469 1
1136 1326 1469 1365 1
4091 1529 1528 1648 1
1136 1469 1326 4877 1
3760 1689 1594 1591 1
3760 3881 1591 1333 1
1349 4977 1197 4331 1
5074 3760 1333 3881 1
1326 1469 3157 4877 1
4246 1368 1301 4611 1
4246 1494 1368 4611 1
3051 1469 1543 1326 1
4390 1494 4780 1576 1
4977 1197 5189 1349 1
4331 1197 5123 4977 1
5497 908 5601 5104 1
4527 1500 1413 1481 1
2887 2933 436 455 1
4390 4780 4246 4271 1
776 436 2933 743 1
4285 3958 5105 4249 1
4095 1387 3674 2813 1
1567 1500 4527 1481 1
4527 1413 1596 1440 1
4095 5105 3794 5164 1
1143 1166 4575 1211 1
2049 2008 4096 1984 1
1143 1211 4575 5161 1
4096 2029 2049 3786 1
3158 4097 3400 1446 1
3733 4097 3158 4421 1
3329 3400 4097 1446 1
4805 4575 1211 5161 1
3580 4164 3329 4097 1
3329 1446 4097 4164 1
4285 5105 4095 5164 1
4164 3733 4421 4097 1
4256 649 4252 4681 1
4306 648 623 626 1
3786 1769 1929 4088 1
3786 1730 1769 4088 1
270 525 472 2887 1
270 455 525 2887 1
2251 4253 3310 2264 1
4218 2744 1592 5557 1
2253 3310 2211 3641 1
4218 5557 1705 2744 1
4216 876 4254 750 1
866 750 839 4254 1
4101 4435 5492 5486 1
1820 1897 3987 4543 1
1332 4735 5026 4784 1
3697 4913 3809 5609 1
866 4254 4403 750 1
1626 2902 3009 2932 1
1729 4255 1656 1623 1
2820 3000 2852 3492 1
1470 5026 1332 4735 1
604 980 3372 2902 1
5025 4258 1244 5246 1
940 4258 1019 4546 1
2902 2641 3317 3372 1
5586 1820 4543 1897 1
4653 4467 4644 3912 1
4685 4079 2837 3048 1
4840 1200 5603 5277 1
4840 5603 5241 5277 1
2259 2242 3855 2228 1
2282 2307 3855 3970 1
4054 2457 4601 2473 1
2197 2960 2308 2861 1
2308 2257 2197 2861 1
4677 4180 4459 973 1
4677 973 1042 4180 1
4487 1042 3854 4180 1
5572 531 5024 605 1
3385 4754 4454 491 1
4353 4156 791 4418 1
4353 4418 791 4795 1
1032 3559 4261 1020 1
3559 1032 4261 3484 1
1484 4392 3489 4262 1
4262 2739 1325 3489 1
3813 3920 5423 5394 1
4262 2739 1623 1325 1
4262 1325 1623 1587 1
261 244 263 284 1
3399 4386 3952 4082 1
261 284 263 4112 1
4262 4392 3489 1325 1
4156 4101 791 4418 1
791 4795 4418 4474 1
4606 3952 4386 3564 1
993 5086 5204 3553 1
926 1013 3553 5086 1
3553 926 1140 1013 1
5340 5082 1527 1640 1
2262 2195 2246 2252 1
477 515 386 4133 1
2260 2252 2262 2310 1
5400 1640 5340 1527 1
5269 1848 5067 5580 1
3337 5112 5573 5067 1
5067 5112 4026 3337 1
4265 4904 530 4700 1
3691 169 189 218 1
2816 4279 3834 4529 1
193 233 217 171 1
3691 193 189 171 1
3691 189 193 218 1
193 217 233 218 1
3805 4067 1594 3898 1
4279 2816 3834 4978 1
4279 5589 4529 2816 1
4067 5143 3805 1594 1
4265 4904 3799 530 1
4793 3934 1502 1223 1
1391 4793 1502 1223 1
897 2895 1113 1124 1
4477 1502 1391 4793 1
1849 4230 1763 3402 1
4477 1502 4793 3934 1
3402 3127 1849 4230 1
4046 5577 3027 1362 1
2009 1980 1983 3858 1
4595 4311 2009 1980 1
2244 2220 2238 2237 1
2009 1942 1994 1980 1
2009 1980 3858 1942 1
639 675 4269 601 1
592 601 639 4269 1
592 581 603 4269 1
2009 1994 4595 1980 1
1362 4046 5577 5498 1
1333 1293 1323 3282 1
455 743 2933 436 1
3389 5249 5265 4092 1
5249 3389 3891 4092 1
4325 4185 3508 1942 1
4444 33 4260 38 1
5249 3389 1139 3891 1
3282 1323 1333 3151 1
2624 2868 2834 290 1
1333 3151 5456 3282 1
4325 4185 5457 3508 1
3698 3750 3479 2910 1
5532 3381 1660 3776 1
1921 1967 4270 4966 1
1967 1993 4270 4576 1
4270 5147 1864 5479 1
4270 5256 1921 4966 1
4272 3198 1629 5138 1
1629 4485 3148 3798 1
1784 3614 3505 1708 1
1784 1950 3614 1708 1
1244 1047 1003 5025 1
2841 3529 2946 2898 1
2701 874 983 1045 1
1244 1003 1328 5223 1
1328 1217 1003 1365 1
1244 1328 1003 1365 1
3625 43 98 44 1
44 98 3625 4063 1
4582 44 4084 98 1
4084 98 44 4063 1
4582 43 44 98 1
3365 3287 3429 4545 1
4377 3365 1395 4545 1
61 3861 336 27 1
2686 3861 27 336 1
61 3861 27 2936 1
2936 3861 27 2686 1
2686 2939 27 2936 1
2885 2686 2939 27 1
1435 1462 3718 1543 1
5098 1750 3187 3159 1
3577 3924 1466 4274 1
3663 5471 3352 4289 1
3187 3924 5098 3159 1
2691 3344 2658 2799 1
2857 3581 3433 3528 1
5471 3534 1451 4223 1
3433 2658 2781 3319 1
3433 3374 3581 2857 1
4481 4275 1084 4213 1
3065 3179 3710 3403 1
3403 3065 4467 3710 1
5187 4275 1084 4481 1
3587 4817 5149 3575 1
1426 3575 4346 2770 1
3587 5149 4817 3746 1
3675 892 949 899 1
4007 782 4479 899 1
4007 3675 782 899 1
1426 4108 2770 4346 1
4304 813 1044 4763 1
4763 4304 1225 1044 1
4565 5006 1318 2817 1
2649 2007 2096 2142 1
2708 2920 5058 4656 1
4656 4797 1598 2920 1
5058 4656 2920 4797 1
3362 1986 4219 3363 1
3362 1986 5234 4219 1
4688 4836 911 3401 1
1586 4423 4671 1321 1
5376 1957 1910 4276 1
4276 1957 1910 1896 1
1586 4423 1441 1495 1
4423 1441 1495 1274 1
4245 1418 1583 1429 1
4135 4278 4245 1583 1
4245 4278 1407 1429 1
2360 4174 2307 3970 1
2286 3970 2259 2307 1
2353 3970 2295 2286 1
2295 3970 2259 2286 1
3865 4529 1430 3604 1
3630 3808 4282 1455 1
3923 3032 1455 4282 1
3865 3604 5265 3834 1
3630 1455 4282 4031 1
1455 4282 4031 3923 1
4726 5542 1719 2920 1
4101 5486 4418 4156 1
468 4286 4935 458 1
2347 2332 3855 3970 1
3970 2332 2405 2347 1
3769 1719 4726 5542 1
2078 2061 2030 3620 1
2078 2110 2061 3620 1
4947 5131 3435 4287 1
4947 2708 3435 5131 1
2665 515 497 4133 1
3417 2665 4133 386 1
4288 1814 1911 3795 1
1563 1435 3718 1543 1
4315 4096 1836 3904 1
4096 3786 1984 1889 1
5234 4212 1911 5054 1
4101 5486 4156 4456 1
3155 4128 823 4136 1
1722 1797 1794 1697 1
4408 4825 5456 1333 1
4408 1095 1104 4825 1
4408 4095 4825 5128 1
1853 1797 1794 1722 1
1263 1299 1038 3572 1
633 600 4137 597 1
1853 1812 1797 1722 1
1299 4625 3572 1263 1
4168 1494 4420 1317 1
1980 5319 4437 1967 1
4437 5319 1980 4595 1
4437 1967 1983 1980 1
5419 4190 880 3474 1
1447 1244 1328 3150 1
3474 880 4706 4190 1
4437 4311 4595 1980 1
1332 5058 1477 1204 1
5419 4803 4190 3474 1
1084 5351 901 3573 1
648 740 690 4895 1
36 33 3626 4444 1
29 4260 84 3626 1
5042 4332 4290 4208 1
3710 3179 3065 3379 1
3179 3379 3710 3522 1
4725 5018 1821 4448 1
684 4895 798 740 1
1449 1372 1081 1307 1
1372 1081 1307 1342 1
4142 4191 4013 3541 1
4142 3273 3438 3541 1
4142 3541 3438 3453 1
4142 3635 4191 4001 1
1372 1141 1081 1342 1
3453 3583 3541 3705 1
3453 4142 3541 3583 1
4142 4191 3583 4001 1
1091 1243 4382 1212 1
4034 3173 1777 3686 1
1138 1354 3471 1182 1
1354 3471 1436 1138 1
4674 883 939 955 1
3914 1436 1354 3471 1
4460 4590 3678 991 1
2880 883 802 4637 1
29 16 38 33 1
1091 1249 1164 1243 1
5001 2349 2409 2387 1
1301 4246 4611 4634 1
3304 4611 3947 1368 1
3304 4611 1230 1109 1
1483 4246 1301 4634 1
1091 1249 1243 1212 1
1792 1844 4728 4093 1
4425 550 579 561 1
5351 1180 1084 5187 1
5509 1792 4923 4728 1
3975 1189 1084 1180 1
4923 1792 1844 4728 1
1180 4275 1189 1084 1
1098 5060 3790 4292 1
1098 5060 4292 4160 1
5089 1205 1066 3191 1
3191 4566 1087 1066 1
3620 1841 1966 1975 1
5351 3975 1084 1180 1
4458 1066 3191 5089 1
1066 1205 1087 3191 1
3191 4458 5353 1066 1
1180 4275 1084 5187 1
4149 4433 905 735 1
3139 4862 1935 5551 1
1935 5551 4862 5215 1
1377 4686 4057 1535 1
1935 5215 4862 5214 1
3496 5326 3424 4340 1
1803 5596 4484 4640 1
1069 5444 5251 4300 1
5012 4300 1069 5251 1
5086 4300 5251 951 1
1288 1372 1394 3222 1
1372 1141 1471 1288 1
5086 951 3948 4300 1
3948 4907 1078 4300 1
4578 1362 5208 3971 1
2189 2242 4085 2213 1
1971 1992 2054 2011 1
2189 4228 2213 4085 1
2052 3736 2054 1992 1
4085 2277 2213 2265 1
4349 4790 4551 4301 1
2017 1992 2054 1971 1
2052 2072 2017 2060 1
3738 144 145 194 1
4360 4177 3920 5632 1
144 199 2798 5055 1
144 194 2798 199 1
144 5206 2798 83 1
694 678 4790 4301 1
1358 3320 1174 1418 1
1022 4570 4503 966 1
2909 543 4302 563 1
4302 4515 2909 630 1
4302 630 4405 4515 1
543 563 599 4302 1
997 4994 923 1036 1
997 923 990 898 1
543 4302 599 628 1
997 990 1057 898 1
997 3351 1036 923 1
3817 3316 400 404 1
400 404 401 3817 1
3621 4807 1987 1977 1
3621 1977 1987 4886 1
735 2982 663 631 1
401 400 441 439 1
4132 4807 1987 3621 1
4149 631 3565 3771 1
4149 3771 4433 2982 1
4068 397 398 4157 1
401 400 362 441 1
1572 2850 1348 4350 1
1765 4428 1571 1743 1
4112 284 3316 320 1
1765 1571 4428 4470 1
1335 1348 1131 1195 1
5045 1743 1765 1571 1
4379 1765 1571 5045 1
320 4809 4112 284 1
648 565 589 4505 1
589 4158 629 4505 1
4470 1765 1571 4379 1
3733 759 3994 3921 1
3250 1627 5381 4574 1
1336 3760 1591 1333 1
891 4100 953 833 1
3865 3834 5265 3977 1
4092 3977 5265 3834 1
5074 1336 1333 3760 1
4203 529 3998 4438 1
2975 4625 4533 1585 1
2975 1299 4625 1585 1
3977 5294 3865 3834 1
3977 5294 5257 3865 1
83 144 5206 89 1
92 89 4603 5206 1
4217 2183 2174 4305 1
3865 5265 5257 3977 1
5206 89 112 92 1
1831 1863 4366 1895 1
4307 1743 4528 5231 1
2295 3855 2259 3970 1
2347 3855 2295 3970 1
1207 3733 4164 4440 1
1207 1313 4440 4164 1
4603 89 83 5206 1
4307 5231 3925 1743 1
4307 5231 1645 3814 1
144 112 5206 89 1
3141 1863 4366 1817 1
3141 4366 5468 4078 1
1895 1831 1902 5598 1
771 4309 794 721 1
3467 3453 3521 4609 1
1895 1831 5622 1902 1
1996 5403 4922 5338 1
3402 3453 3248 4609 1
3747 4596 5356 1424 1
3747 1311 5103 1310 1
2842 1274 3747 1156 1
4506 4309 3557 794 1
1956 2008 3957 2019 1
1156 4100 2908 1085 1
4596 1424 3747 2842 1
3699 3557 4506 4309 1
1156 4100 891 2908 1
258 5474 3415 4291 1
258 5203 4291 224 1
595 663 655 631 1
595 622 663 631 1
1895 5622 5613 1902 1
225 4055 249 242 1
4781 5581 768 5121 1
423 412 4165 3919 1
1830 1890 1915 1707 1
1830 1707 1761 1642 1
3919 4165 423 370 1
4055 266 242 225 1
4808 4167 4880 1008 1
4055 242 266 3443 1
2849 4573 1049 4986 1
5538 4713 1383 3883 1
4578 5498 5391 1362 1
1032 1020 1059 4652 1
4943 665 711 709 1
510 4170 4463 3917 1
520 4463 549 4170 1
4466 511 4170 3917 1
520 475 511 4170 1
3559 1032 1006 934 1
5329 4943 711 709 1
84 5508 4313 4352 1
3032 3220 3421 4282 1
4717 1456 1631 2894 1
4174 2359 3970 2466 1
2315 2359 2286 3970 1
2466 2359 3970 2427 1
4174 2359 2315 3970 1
4233 1125 3370 3265 1
4065 215 148 256 1
4065 75 148 98 1
150 98 4084 148 1
150 215 148 4084 1
4233 1125 978 1014 1
5527 4111 5379 1619 1
1156 1096 4175 891 1
1032 975 860 4652 1
5515 4111 5527 1619 1
3496 5298 5326 4299 1
3496 5298 3646 5207 1
4893 1192 1020 1121 1
5298 498 5326 4299 1
5298 5207 3496 5326 1
5298 498 5207 5326 1
4606 3952 2767 4386 1
1122 4102 1215 1094 1
4127 4102 1215 1122 1
3851 2698 4893 4143 1
4143 3851 3559 4893 1
3832 294 283 4178 1
3290 4455 4178 283 1
232 225 181 4178 1
1122 1215 4127 1076 1
4212 4315 1986 4469 1
4315 4469 3740 1986 1
4910 1374 3040 4482 1
1016 1180 5351 5187 1
3671 4910 4482 1374 1
1059 987 975 4652 1
1032 1059 975 4652 1
1389 4022 4825 1291 1
4598 4910 3671 1374 1
4910 3766 3040 1374 1
4190 832 5544 5130 1
5130 4190 832 5053 1
4318 4970 3989 4481 1
4318 1030 4194 3989 1
4318 1164 4827 4481 1
1031 4827 4318 1164 1
844 4631 3775 4774 1
4226 4774 844 3775 1
1006 4319 889 934 1
3952 1756 4386 3399 1
1755 1782 1682 4695 1
1524 1682 3482 1540 1
3336 934 4319 1006 1
3722 934 3336 1006 1
2067 3957 2073 4096 1
1682 1575 1524 3482 1
393 346 325 332 1
393 332 325 384 1
4196 3365 1263 4200 1
393 431 477 386 1
1263 2975 4200 3365 1
4196 1072 1263 3365 1
768 4936 5318 4710 1
2942 2702 4188 801 1
2942 801 4188 906 1
247 251 289 328 1
247 289 251 184 1
237 247 251 184 1
4323 1840 1773 2835 1
4439 770 4683 4926 1
5492 4435 4926 770 1
4926 770 4683 5492 1
4926 4435 4559 770 1
4559 770 4439 4926 1
1494 4708 4780 1576 1
3847 5587 4173 275 1
3847 275 4173 4354 1
186 175 151 182 1
4088 5236 4023 3498 1
3320 3330 1057 1418 1
3320 1057 3330 1009 1
4914 5410 4615 5352 1
4142 3541 3583 4191 1
3891 2752 4978 2816 1
5268 2816 4978 2752 1
4096 5057 1836 1889 1
4324 350 5288 3761 1
4586 402 5156 410 1
1836 3786 4096 1889 1
3904 4096 1836 3786 1
308 3757 350 285 1
4324 3757 350 3761 1
350 345 4513 4324 1
4885 3839 3694 4259 1
5427 5496 5390 5622 1
350 285 3757 4324 1
3550 4885 3694 4259 1
3910 5405 3713 473 1
1902 1831 5622 5386 1
3694 4363 3495 3591 1
1332 4735 4348 1470 1
2368 4522 2387 4174 1
4348 4735 4175 1470 1
2482 5001 2387 2349 1
4301 5561 770 4326 1
4522 2466 2482 4174 1
4301 4551 4326 5199 1
561 637 5096 627 1
4767 5096 627 561 1
5061 561 5518 3900 1
1155 3205 1877 2646 1
4328 3747 1085 1156 1
5061 5518 561 637 1
1155 618 1110 3205 1
1156 4328 4100 1085 1
4767 561 4561 5518 1
3900 561 5518 4561 1
3694 3495 3550 3591 1
4588 3709 4840 3082 1
3566 3981 3082 4090 1
1377 4950 4686 1535 1
4241 3753 5333 2194 1
2204 2194 4599 3753 1
1155 3327 3205 2646 1
4599 3753 5333 3978 1
3978 4241 5232 3753 1
1078 4202 1062 4329 1
5333 2194 3753 4599 1
1078 1062 4565 4329 1
2811 3845 1204 1322 1
3236 2081 2130 2146 1
4829 4932 2534 4921 1
4221 4932 4829 4921 1
2534 4932 5020 4921 1
4221 2514 4932 4921 1
1061 916 5202 4332 1
1061 914 4131 4332 1
4921 4932 5020 2514 1
4921 4221 4933 4829 1
4833 4895 690 4937 1
1009 1061 4332 916 1
1061 4131 898 4332 1
2242 2228 2189 4085 1
2242 2228 4085 3855 1
1061 898 1009 4332 1
1791 1919 4333 1865 1
1997 3946 4334 1993 1
3784 5604 4335 4506 1
4540 5272 4506 3851 1
1377 4950 5228 4686 1
5389 4540 4335 4948 1
2698 4540 4893 1093 1
4329 4202 1062 1318 1
4375 1603 4202 1443 1
3994 3152 4440 4336 1
3304 5428 1230 1010 1
783 4204 4585 658 1
3304 1230 5470 1010 1
1230 1010 5428 5470 1
3472 2144 2166 3494 1
4280 3802 3494 3167 1
1557 1461 1414 1371 1
1371 1414 1557 1468 1
1468 1618 1414 1557 1
1414 1461 1557 1553 1
3646 5207 521 4580 1
1414 1553 1557 1618 1
545 4206 579 566 1
3646 5207 4206 3424 1
1887 4542 3356 1937 1
4542 1980 3356 1937 1
1777 1817 4121 4034 1
4207 4665 672 661 1
4576 3946 2041 5079 1
511 3801 554 4339 1
4339 4628 476 468 1
4339 468 3801 2775 1
4721 4339 511 554 1
4339 2775 4628 468 1
4576 4437 3946 5079 1
5049 4607 4399 334 1
4454 4340 3693 3338 1
5040 4299 4340 398 1
4607 334 3966 4399 1
5406 4044 3869 4828 1
4607 4857 4033 347 1
4857 4607 5049 347 1
3966 3731 334 4607 1
5158 3866 4830 1768 1
4442 4211 4273 4060 1
2262 2193 3978 2195 1
3978 3753 4144 2262 1
4174 2387 4526 2349 1
1244 3463 1294 4258 1
1244 1294 3150 1447 1
4174 2482 2387 2349 1
5524 5158 5493 4690 1
2296 5015 4056 2316 1
5524 5158 1768 5493 1
2281 5015 2357 3719 1
5015 3719 4056 2316 1
463 4342 462 5216 1
2281 3719 2237 4056 1
5557 1768 3866 5158 1
5493 1768 5557 5158 1
5281 5530 1562 4574 1
4345 1384 3343 1368 1
4345 1384 1355 1190 1
5228 4168 3059 4420 1
3101 3097 2942 1287 1
3101 2942 3097 4188 1
1156 4942 4596 2842 1
3936 4782 1895 5613 1
1921 3936 5468 5613 1
1939 4782 3246 3936 1
1921 1939 3246 3936 1
4057 5228 3059 4420 1
3783 3935 2419 2507 1
5061 5518 639 3900 1
5188 561 637 5061 1
4740 2708 4947 5131 1
4947 4985 3435 2708 1
4647 561 5061 3900 1
4740 5131 4947 4287 1
5106 4947 3435 4287 1
5406 5379 4507 3880 1
4222 3273 3171 3438 1
4222 3618 3517 3171 1
4222 3635 3171 3273 1
5406 4138 4507 5379 1
5482 1200 1127 5211 1
4222 3635 3618 3171 1
5106 4985 3435 4947 1
1154 1106 4176 4593 1
4796 1500 1413 4527 1
1283 4176 1106 1352 1
854 957 4521 4510 1
1567 1500 5209 4527 1
806 854 4521 4510 1
1567 5442 1659 4527 1
5211 3278 5482 5078 1
3340 1127 5211 5220 1
3909 3915 3828 4447 1
4349 600 606 4790 1
4349 677 4220 736 1
4349 736 779 677 1
2337 2364 3935 2361 1
4349 606 4551 4790 1
601 4351 675 603 1
2900 3236 3026 2135 1
3236 2088 2146 2135 1
3059 5113 5228 4057 1
1887 4542 1937 3991 1
4542 1980 1937 3991 1
4168 3059 5113 5228 1
4352 80 4313 4729 1
3535 2206 3642 4217 1
5204 830 926 5086 1
5204 5086 926 3553 1
182 237 2717 4354 1
4354 3283 311 2717 1
182 4354 175 237 1
182 3283 3847 4354 1
3847 4354 175 182 1
5502 2232 5418 4355 1
3116 3785 2221 2231 1
4051 87 31 57 1
4051 65 37 91 1
4051 37 65 57 1
3116 2231 4355 3785 1
3785 4355 2232 5502 1
1129 4549 3605 1015 1
1129 4549 1015 1175 1
3060 2105 2149 2129 1
3697 985 4201 4913 1
3642 2149 2129 3060 1
1202 1121 5170 4624 1
1202 4624 1192 1121 1
1202 4624 5116 1192 1
3429 4231 1174 3287 1
4356 4818 1579 1457 1
4361 1682 3482 1486 1
340 413 343 348 1
343 276 340 348 1
302 340 276 348 1
4554 3860 425 3723 1
5161 5170 4624 1202 1
1536 4089 5578 3597 1
4234 3783 5063 4297 1
4297 2462 4234 2441 1
2441 4234 2506 2462 1
4297 3992 4832 4234 1
3482 1682 4361 1540 1
1540 3482 1359 1388 1
4022 3554 4825 1161 1
4630 3597 4089 1536 1
1001 4719 1168 2930 1
2930 1001 4719 4233 1
4455 4178 283 183 1
2312 4357 3228 2303 1
4008 2312 3228 3882 1
2303 2312 4357 2276 1
2312 4008 4357 2276 1
2312 3228 4357 4008 1
5284 3394 3551 5402 1
3188 4230 4359 3867 1
5411 4005 4230 4359 1
5411 4230 3867 4359 1
1405 1520 1356 4865 1
4916 4342 5405 4130 1
4466 418 4130 5216 1
4130 4342 5216 418 1
1918 1846 1920 2848 1
1918 5623 1920 1846 1
4642 1437 5327 5038 1
5313 4911 1682 1486 1
1388 4361 3482 1486 1
3482 4361 1388 1540 1
4642 4883 5038 5327 1
1304 4642 1437 5327 1
3365 1072 1263 3287 1
4587 5040 4620 397 1
151 2716 182 132 1
1638 1696 1785 4636 1
1072 1008 4538 3287 1
3287 1072 1263 4538 1
4836 4784 1096 4735 1
4735 1096 4596 4784 1
4738 4784 1096 4836 1
4636 1696 4946 5154 1
3999 4365 2148 3677 1
3729 3642 3060 4626 1
3999 2148 4365 3603 1
4946 1785 1696 4636 1
4357 3228 4746 4008 1
5230 1878 4715 1894 1
5230 1894 4715 4247 1
4260 2719 127 84 1
4367 5021 1502 4211 1
598 644 4250 540 1
541 540 598 4250 1
412 4165 3316 3892 1
296 4165 4251 284 1
3892 4251 284 292 1
3892 284 4251 4165 1
296 292 284 4251 1
2716 151 186 199 1
5537 3607 1843 1716 1
1171 986 1061 916 1
986 916 880 5202 1
5505 4436 3198 5138 1
5202 986 916 1061 1
4595 3759 2024 5319 1
4437 5319 4595 2024 1
4256 4252 4101 4681 1
4349 4912 779 4326 1
3645 4189 4257 3582 1
269 288 303 5570 1
4369 684 801 798 1
269 288 337 303 1
4257 4189 4079 3582 1
269 288 311 337 1
4349 779 5567 677 1
4146 642 684 4369 1
2078 3586 3620 2030 1
3586 2056 2030 2078 1
801 4146 684 4369 1
2836 2716 287 211 1
2836 162 2716 211 1
4912 4349 779 5567 1
1542 4370 1672 1730 1
2029 1929 3786 1912 1
4354 182 3283 2717 1
2029 4766 3786 1929 1
186 3823 2716 269 1
3995 5063 4829 4932 1
186 182 2716 3823 1
2716 186 269 199 1
246 211 287 2716 1
2836 287 2716 2717 1
986 880 5083 4706 1
2717 3823 311 287 1
2717 3823 287 2716 1
1391 1502 4242 5378 1
4242 1502 4367 5378 1
287 3823 246 2716 1
1391 1502 5378 1352 1
1352 5021 1502 5378 1
4367 5378 1502 5021 1
360 4518 384 325 1
2717 317 351 330 1
360 384 4518 4988 1
2734 5464 1680 3827 1
2701 4372 837 910 1
1396 3827 1305 1401 1
4444 4260 173 4063 1
44 5141 4444 4063 1
140 266 206 4455 1
206 266 2807 4455 1
4455 5322 2807 206 1
4779 4430 4592 746 1
718 3939 4373 4722 1
4297 4933 4832 3992 1
4624 1020 5170 1211 1
4624 1211 1192 1020 1
5066 5464 3827 1680 1
734 4374 5425 4419 1
4624 1211 5116 1192 1
5161 5170 1211 4624 1
3283 269 311 3823 1
4375 1443 1318 1588 1
4375 1588 1318 1573 1
4375 1573 4202 1603 1
1318 4375 4202 1443 1
1125 1081 1307 1335 1
2764 4379 4470 1358 1
1131 1335 1108 1125 1
3575 4387 4094 4138 1
4695 1524 1755 4379 1
2764 4379 1524 4695 1
5465 3939 4722 4393 1
5458 5465 4722 4393 1
3777 2441 2395 2420 1
2471 2441 3777 2420 1
5458 718 4722 5465 1
4149 631 3771 2982 1
2744 4989 5337 1705 1
4101 4256 5426 4252 1
4156 4101 5426 4252 1
1230 5435 4500 5558 1
4390 4780 4271 4575 1
4973 4989 1705 5337 1
4973 4989 5337 4189 1
3614 3450 1804 1607 1
1334 4381 1242 5281 1
1041 4273 1119 1232 1
4273 1312 1406 1232 1
4382 5186 1031 1091 1
3856 5439 4896 1165 1
2716 269 246 199 1
4186 4148 1409 4383 1
4889 3924 3577 4383 1
1409 4383 5193 4186 1
2331 2382 2377 4384 1
3407 2331 4384 2290 1
3407 4384 3719 3288 1
3288 4384 3719 2377 1
311 3283 288 269 1
2334 4384 2382 2331 1
2334 2290 4384 2331 1
182 2717 2716 3823 1
4477 1502 3934 1537 1
2130 2067 4687 3957 1
4477 1537 3934 1554 1
2716 182 2836 2717 1
3835 1831 2912 4366 1
4366 3835 1831 5598 1
2716 182 186 151 1
1367 1531 1504 4656 1
2708 1504 4656 1367 1
2708 4656 5058 1367 1
1367 4797 1531 4656 1
5058 1367 4656 4797 1
1895 1831 5598 4366 1
3714 1625 3295 4447 1
344 430 3338 3510 1
4274 1610 3159 3773 1
3868 815 4969 3377 1
2804 706 4744 4969 1
2804 3726 4969 815 1
3649 1098 5060 4756 1
3649 3272 1098 4756 1
299 354 345 321 1
4742 3272 4756 1098 1
4174 2349 2315 2359 1
5288 354 410 4586 1
4742 1098 4756 5060 1
134 60 62 55 1
147 171 116 58 1
1586 4671 4171 1321 1
124 116 55 58 1
1586 4171 4671 4448 1
124 58 147 116 1
124 134 116 193 1
147 116 171 193 1
1395 1613 1429 4284 1
1395 1429 1299 4284 1
1586 5143 1378 4171 1
1586 5143 4171 4448 1
5309 3554 1634 4285 1
5615 1392 1276 1417 1
4667 4125 4126 1602 1
4667 4140 4125 1602 1
4282 3923 3032 3220 1
1271 1336 1349 1248 1
3840 3782 4486 976 1
1276 1336 1349 1461 1
1276 1336 1461 1323 1
1276 1248 1336 1323 1
3840 4486 834 976 1
1349 1410 1460 1336 1
1349 1336 1460 1461 1
4667 4282 1602 4126 1
1616 5450 1491 1666 1
1276 1349 1336 1248 1
1658 1593 1666 1491 1
4740 1666 1491 5450 1
1666 1593 4740 1491 1
247 4317 355 382 1
247 4317 382 312 1
247 4317 263 355 1
1649 1281 4638 1573 1
1649 3907 4638 1281 1
4262 1587 1484 4392 1
4416 4642 5173 4491 1
3928 3828 4457 3909 1
4416 4642 5229 5173 1
5545 4642 5173 1304 1
4642 5173 1304 5229 1
5545 4642 1304 4883 1
4642 5545 4491 4883 1
3643 5498 4457 4578 1
2110 2083 2061 2098 1
2110 2078 2061 2102 1
2110 2102 2061 2083 1
1977 5443 5363 4414 1
2110 2061 3107 2098 1
1977 5443 3724 5363 1
2110 2105 3044 2072 1
1134 5118 1168 4388 1
1134 5417 4388 3829 1
1134 5417 5118 4388 1
1313 4812 3047 1523 1
4159 4366 3945 2823 1
1129 956 1071 4293 1
761 804 4391 828 1
444 4165 3892 369 1
412 4165 444 423 1
3892 4251 369 4165 1
423 444 369 4165 1
444 3892 4165 412 1
1565 1673 1613 1648 1
44 34 43 4582 1
1648 1839 1673 1613 1
1673 1648 1565 1490 1
4582 43 95 34 1
1673 2688 1565 1613 1
98 43 95 4582 1
1673 1490 1565 2688 1
3249 4978 1148 5268 1
4298 1646 1580 1421 1
4298 4834 1580 1646 1
3509 1227 4392 5012 1
3778 1547 4177 5505 1
4860 1547 4360 4177 1
3983 3778 4177 5505 1
1102 3598 1229 954 1
1102 4187 1229 3598 1
3672 3443 266 242 1
3920 4360 5632 1400 1
4259 1400 4360 3920 1
1471 1288 1141 1198 1
4300 1145 4395 982 1
1069 4514 4395 1014 1
1069 4395 5444 4300 1
2950 4670 4277 2957 1
2973 4670 4799 3121 1
4396 283 294 299 1
3711 1013 4304 3948 1
4396 283 4033 294 1
2955 4670 4308 3890 1
4123 4304 4380 3856 1
5149 3667 1385 3352 1
4980 1530 4179 4184 1
4889 5149 3352 3667 1
1471 1288 3222 1372 1
3188 4398 3981 2837 1
4398 3571 3981 2837 1
5276 1530 1568 4980 1
4209 4398 2837 3571 1
4889 5149 3667 5193 1
4979 5516 5184 1968 1
3474 5436 4800 4682 1
4234 2553 5063 3783 1
2462 3992 4297 4234 1
4726 3435 1651 5097 1
5436 4800 4682 4826 1
1651 1477 4726 4975 1
4726 1651 3435 1477 1
5193 3667 3493 5149 1
4484 4770 4082 4640 1
1471 1372 1342 1141 1
4640 1760 3835 4770 1
5541 5550 1689 5110 1
4990 4036 4026 5541 1
4785 5363 3113 1977 1
2558 2487 2531 2528 1
2558 2525 2487 2528 1
2558 2487 2525 2516 1
2558 2531 2487 2516 1
709 711 4961 4405 1
620 630 4405 4302 1
661 628 4405 711 1
4302 620 599 4405 1
3113 1977 1908 5484 1
4344 4753 705 4290 1
3867 5180 4257 3824 1
1844 1849 3965 4728 1
847 765 2988 5347 1
705 4208 4290 4753 1
847 866 765 5347 1
4728 1844 1849 4152 1
5286 5070 1845 1884 1
2036 4311 4437 1983 1
4312 234 226 176 1
4312 173 234 176 1
226 4084 4312 176 1
4312 4084 173 176 1
4786 428 444 369 1
4049 399 369 444 1
1065 1041 984 1119 1
425 369 4786 4049 1
1049 2849 4986 3749 1
551 474 4320 479 1
984 1232 1240 1065 1
1073 1240 984 1130 1
551 4320 474 562 1
984 1232 1119 1024 1
225 140 181 4178 1
4093 4410 4062 1752 1
984 1232 1253 1240 1
5306 1735 5191 4062 1
4129 1253 1024 1232 1
5169 4905 1213 4986 1
140 4178 183 181 1
5191 5306 4062 4410 1
5372 4706 5053 895 1
4241 3753 3978 5333 1
3753 2246 3447 2241 1
2165 2143 2161 2176 1
5372 895 986 4706 1
986 880 4706 895 1
3874 2107 3034 2104 1
4706 3474 5053 895 1
2104 2089 3034 2143 1
4987 1149 993 3553 1
1487 1655 1526 4412 1
1487 1406 1253 4412 1
4096 2029 3786 3904 1
5012 993 4987 1149 1
3874 3034 2143 2104 1
1602 3923 4413 4152 1
5468 4078 4366 1895 1
1895 4078 4366 5598 1
5443 1996 5448 5403 1
3986 2209 2176 2211 1
4637 841 772 871 1
4637 718 802 5036 1
541 4250 598 4316 1
541 598 647 4316 1
3289 1358 3596 1490 1
4989 4853 4644 3404 1
2241 2296 3753 2246 1
2241 2296 3862 3753 1
4455 3966 3653 3731 1
4112 4317 5238 306 1
263 247 243 4317 1
4249 4732 4036 5541 1
1736 1782 4415 4835 1
1852 3987 4415 1736 1
5067 4732 4026 4036 1
4377 1346 3365 4545 1
4249 4732 5067 4036 1
1093 4893 4147 4540 1
4036 4732 4026 5541 1
3289 1490 3596 1346 1
3596 1346 1490 1565 1
1093 1135 1202 1121 1
1886 4465 1904 4760 1
4420 4708 1494 1576 1
5403 1886 4760 4465 1
1886 1904 4465 5330 1
4320 562 448 495 1
870 4422 5237 1101 1
1135 1202 1317 5228 1
1092 4510 5421 957 1
3912 4337 4653 4467 1
4018 1129 4293 5073 1
2448 2419 3935 2507 1
1129 956 4293 5073 1
4772 687 5266 5553 1
1134 1168 4719 2930 1
988 2891 3933 1188 1
497 550 519 4425 1
4929 4206 4425 579 1
4719 4820 1168 1134 1
4929 550 579 4425 1
3933 2891 1032 1188 1
5148 1875 1881 5076 1
1477 5058 2920 4797 1
1881 5148 5076 4026 1
1881 4026 5076 3337 1
3435 2920 1477 5058 1
1924 1945 5134 2759 1
4726 1477 2920 4975 1
4975 1477 2920 4797 1
322 3417 3757 3437 1
3437 3417 3757 3761 1
3998 3761 3417 3437 1
2920 4726 3435 1477 1
4703 1511 1432 3027 1
4330 2171 2206 2871 1
4703 1432 5514 3027 1
3437 386 322 3417 1
1241 4058 4844 3734 1
2920 3435 4726 5542 1
4428 5231 1571 1743 1
5186 893 3741 4226 1
1618 3938 5489 5584 1
5186 893 871 3741 1
3925 5290 5231 3814 1
3925 4428 1743 5231 1
1241 3449 3734 5441 1
317 385 351 330 1
317 368 385 330 1
5317 3080 5157 5028 1
249 4105 4055 232 1
340 416 392 355 1
1728 5317 5157 5028 1
232 4105 4055 3832 1
1574 4246 4390 1494 1
4496 2823 3945 4078 1
4078 1884 4496 5363 1
2908 819 1085 4100 1
4190 4706 3474 5053 1
5209 1627 4796 1439 1
1439 4796 1363 1627 1
1627 5348 1439 5209 1
2908 763 790 928 1
1627 5348 2680 1439 1
928 1085 1100 2908 1
5135 832 3164 870 1
2908 1025 763 928 1
806 5135 3164 870 1
2908 790 872 928 1
806 4510 5135 870 1
4999 1771 1770 1816 1
5372 4706 5237 5053 1
5130 4706 4190 5053 1
5237 5130 5053 4706 1
928 1100 1085 1025 1
4838 1687 1771 1759 1
1654 2975 3634 1585 1
4533 2975 1585 3634 1
4527 1413 1440 1481 1
5386 3607 1813 1859 1
1794 4232 3508 5002 1
678 694 4790 4071 1
5167 3938 5002 1794 1
4071 600 572 4137 1
5273 5386 5440 3110 1
5386 5440 1813 5273 1
4905 1507 5278 5004 1
706 4969 3726 3377 1
3377 3726 706 3901 1
221 199 4341 269 1
269 246 199 4341 1
706 3726 673 3901 1
3868 3377 4969 706 1
4905 5278 1452 4501 1
2804 706 4969 3726 1
2804 706 3726 673 1
4009 5338 1963 1968 1
1049 4855 2849 3749 1
3899 1622 5308 4815 1
4343 911 833 4409 1
4009 5338 1968 5212 1
2849 1183 4573 5169 1
4344 680 751 4691 1
4344 859 4753 4290 1
1352 1191 1391 1223 1
4344 3763 4753 859 1
3906 3080 1688 1548 1
1967 2005 5215 5319 1
3991 5215 5319 1967 1
5319 2005 4802 2024 1
1225 1044 2785 1218 1
3906 1812 1887 1701 1
3906 2711 1812 1701 1
4382 893 5499 4896 1
3906 5157 3080 1832 1
3906 1832 1887 5157 1
3906 5157 1887 1812 1
3778 4436 3198 5505 1
893 4123 4382 5499 1
1225 1044 3711 2785 1
1044 3711 4304 1225 1
467 5080 512 531 1
5266 4800 687 4772 1
3681 4849 3716 3822 1
4443 5226 3894 4717 1
2768 4338 4456 943 1
2742 3894 4443 5242 1
4347 2413 3683 2366 1
5487 5466 4464 4347 1
967 1109 3304 5428 1
3304 1109 967 5305 1
5051 2768 996 1018 1
988 1234 2891 1188 1
1234 5341 2891 1188 1
3591 4363 3495 3669 1
3908 1865 4229 1791 1
4489 515 4561 5607 1
1254 1255 1162 5173 1
515 5607 4489 4721 1
4919 566 611 567 1
4919 545 566 5302 1
1789 1807 3686 4966 1
2065 2076 4687 4801 1
4919 566 567 5302 1
5302 521 566 567 1
4919 611 545 570 1
1454 1354 3914 1546 1
515 4723 5607 4721 1
3686 1789 4966 1860 1
3914 1354 1454 1331 1
3914 1507 1546 1436 1
3914 5169 1507 1436 1
5586 4568 1852 1897 1
3914 1546 1354 1436 1
1820 5586 1852 1897 1
3443 249 4055 242 1
3453 3127 3705 3811 1
4105 249 4055 3443 1
1091 1249 4699 5258 1
335 401 5007 3817 1
5271 335 5007 3817 1
4227 1603 3029 1662 1
4794 1456 1601 1330 1
1671 5342 2739 3489 1
4802 5079 2024 2005 1
5406 4828 3869 3414 1
3869 5406 3880 5257 1
4350 2850 1348 1168 1
4350 2850 1168 1433 1
3880 5265 3869 5257 1
1456 2739 1330 4794 1
2133 3236 2175 3962 1
5342 2894 2740 2739 1
3236 3962 2146 2175 1
2107 2133 2145 3962 1
4057 4420 3059 1758 1
3304 1109 3947 4611 1
4452 1293 4408 3441 1
4130 4342 5405 463 1
4466 4130 463 5216 1
4063 5141 4313 3973 1
463 4342 5216 4130 1
2988 781 5009 731 1
3957 3740 4096 1956 1
4313 3973 5141 50 1
4096 3740 3077 4315 1
731 5084 761 781 1
800 5009 5071 5179 1
5071 5009 3896 5179 1
765 5009 731 2988 1
765 5009 3896 731 1
814 643 758 737 1
4714 5010 5158 4690 1
4313 50 5141 4352 1
4352 4729 4313 50 1
3680 1596 4023 4527 1
4888 3995 2406 3269 1
4796 1413 1596 4527 1
4888 3269 2406 3142 1
3880 4507 1426 3865 1
4138 4622 4507 2769 1
2390 3301 5001 2409 1
5011 1215 2809 5113 1
5001 3301 2390 2528 1
4597 4507 2769 1545 1
5228 1320 5011 1215 1
4088 1924 5462 5236 1
4971 4458 4749 966 1
5089 1205 3191 4503 1
1290 1322 1187 1275 1
2809 5011 1320 1215 1
1322 2811 3845 1187 1
5113 5011 1215 5228 1
1290 1187 3845 1210 1
4503 4458 3191 5089 1
1290 1275 1187 1262 1
783 4590 4637 4460 1
1290 1367 1322 1439 1
3927 4578 5208 3971 1
3927 3427 4578 3971 1
3928 3629 3927 3926 1
991 3678 4460 3775 1
783 4460 3631 3741 1
3678 3741 4460 3775 1
3926 4061 3915 3909 1
783 4590 4460 991 1
783 4637 3631 4460 1
4845 4522 2438 2375 1
4695 4461 1682 1540 1
5313 4461 1682 4911 1
226 215 4065 4791 1
4961 5329 711 709 1
4646 873 868 958 1
4742 3330 1118 5109 1
1006 1147 4462 3647 1
5024 5572 2737 512 1
1777 1866 1786 1797 1
1006 1331 4462 1147 1
5024 5572 512 531 1
4462 4076 1147 1331 1
4462 4076 3993 1147 1
3686 1807 1786 1866 1
1786 1866 1807 4906 1
3647 3993 1147 4462 1
4279 3844 4978 3834 1
3903 25 4362 29 1
5387 4978 4279 3844 1
497 3917 510 4463 1
3938 4757 5002 1794 1
4446 4103 1700 1869 1
2077 2087 2073 2120 1
2077 2120 2073 2059 1
5578 3866 4223 3807 1
2077 2059 2073 2029 1
212 282 202 2836 1
4757 5269 5002 1794 1
4837 4223 5578 3866 1
4444 4260 33 3626 1
4466 5216 463 475 1
1828 4930 5243 5573 1
4098 640 4136 4149 1
4170 463 475 4466 1
3694 4363 4885 3495 1
3694 4885 3550 3495 1
1607 3614 1641 1549 1
1607 1488 3614 1549 1
3505 3972 4025 3614 1
3746 5149 4817 1282 1
1865 4469 3859 5057 1
4867 4709 5214 4449 1
748 863 3005 4371 1
4867 4449 4576 2041 1
863 3019 3005 4371 1
5559 5057 4469 1865 1
4080 3569 3780 3661 1
5057 3859 3740 4469 1
5214 4449 4576 4867 1
1391 1223 1502 1352 1
4239 3923 1455 1621 1
1282 3235 5149 4817 1
4518 4872 360 5534 1
1358 4470 1556 1571 1
702 4120 756 634 1
702 4471 756 4120 1
4227 1662 5242 1664 1
756 797 4471 702 1
5571 1019 5609 5246 1
1602 4282 1514 4126 1
3764 2485 2540 2519 1
2543 3764 2540 2519 1
5571 1047 5246 5609 1
5571 5246 1047 3096 1
4126 4282 3119 4670 1
1901 1994 4472 1942 1
3474 5053 3878 832 1
4803 832 4190 3474 1
3474 5053 832 4190 1
487 5298 481 5197 1
4803 4800 4772 3474 1
4436 5505 3778 4902 1
3878 3474 4772 4800 1
3983 3778 5505 4902 1
3008 4473 4445 3451 1
3727 764 2991 3451 1
764 3727 4473 3451 1
3807 3038 4321 5362 1
5578 3665 4321 3807 1
1836 3908 1730 1865 1
4380 4565 5006 1318 1
4123 5006 4565 4774 1
4063 98 3973 4065 1
5486 4474 894 4248 1
4795 992 5624 5051 1
4690 1891 4524 5019 1
661 3818 4585 783 1
4714 3468 4690 5019 1
4690 4524 4714 5019 1
783 3818 4590 991 1
4585 3818 4590 783 1
1836 1865 5559 3908 1
3488 5146 942 5075 1
5075 5146 942 1052 1
1848 4915 4472 1901 1
1848 4915 5634 4472 1
5634 1848 5573 4915 1
2074 2046 4476 2075 1
1249 4480 1497 1393 1
5397 5250 3200 1778 1
1249 1548 1497 4480 1
3200 5070 5250 5397 1
4713 4272 3883 1353 1
4161 5201 1473 4314 1
5070 4666 4232 5397 1
2536 3935 2518 2481 1
4314 4814 1473 4245 1
4941 1353 5201 4814 1
4314 3790 4814 4245 1
4581 2177 3046 5432 1
755 664 763 725 1
755 763 664 651 1
5518 637 5096 561 1
755 664 696 651 1
4767 5096 561 5518 1
3697 3809 4913 4201 1
755 664 725 712 1
3809 1003 856 3423 1
5374 4264 4487 4677 1
5096 627 637 5043 1
5374 2778 1239 1285 1
4180 5129 4487 4677 1
2237 3719 2244 4056 1
1741 4733 1740 1691 1
2503 2524 4037 2447 1
4487 5374 2778 1239 1
4487 2778 5129 3854 1
4054 2503 4037 2447 1
2399 4054 4037 2447 1
4733 1661 1691 1741 1
5304 5029 5311 1851 1
4733 5291 1691 1661 1
3625 43 44 4490 1
4338 2768 5624 1018 1
3625 44 4063 5141 1
44 5141 3625 4490 1
1344 4494 1379 5434 1
5533 1577 4730 5445 1
148 98 4084 4065 1
226 215 150 4084 1
226 190 4312 4084 1
1344 1379 5533 1457 1
226 150 190 4084 1
148 215 4065 4084 1
3453 3541 3521 3705 1
3453 3541 3271 3521 1
5194 1457 1344 5533 1
4959 1379 1344 1457 1
5533 1379 4730 1457 1
4959 1457 1344 5194 1
3690 1451 3352 3667 1
3690 3352 1451 4108 1
3604 3834 3865 4529 1
673 4899 4534 4048 1
3604 3796 4529 1430 1
1750 5284 5196 5491 1
1750 5491 5196 5304 1
5463 5453 1265 5545 1
4771 4511 2970 3104 1
2891 1188 5341 1166 1
2891 1166 1032 1188 1
1317 4686 1202 4708 1
1188 1166 1032 3484 1
4708 5161 4624 1202 1
1202 1317 4708 5161 1
4693 1897 1852 4568 1
3686 1807 1866 4966 1
4414 5142 2848 1958 1
4218 5158 3825 4089 1
1958 5142 4760 4414 1
4440 3152 3994 4012 1
4218 5557 3825 5158 1
5082 1527 4879 1437 1
5038 5082 4879 1437 1
1604 5082 4879 5038 1
1604 1640 4879 5082 1
5557 5158 3866 3825 1
1935 5214 4709 1949 1
4585 4204 4043 620 1
4585 4204 599 658 1
5594 4682 786 5274 1
582 563 4393 546 1
4449 4709 5214 1949 1
1218 4394 1281 1401 1
1281 2785 4394 1218 1
1935 5628 5214 1949 1
5424 1405 5038 5477 1
1172 4501 4035 5004 1
5424 2734 5038 1405 1
4449 5214 5628 1949 1
2734 5612 5038 1405 1
647 4316 598 707 1
598 3893 4316 4250 1
707 3893 4316 598 1
407 450 442 466 1
5221 448 450 377 1
4385 2880 4674 955 1
4385 955 879 2880 1
407 377 450 357 1
5313 4911 1486 3368 1
4050 2555 2579 4400 1
4921 2555 2534 4400 1
3992 4400 2511 4832 1
3992 4400 4050 2559 1
4933 2511 4832 3992 1
5401 3368 1486 4911 1
966 3756 4570 4503 1
3855 2242 2259 2307 1
4217 2174 3535 4504 1
3802 4504 3535 2174 1
3970 2307 3855 2259 1
1660 4757 5446 3938 1
3938 5446 4249 4757 1
3237 4403 4254 750 1
1643 5269 4249 4757 1
4272 1629 3883 1353 1
4295 3931 3976 4938 1
5233 1480 4610 4272 1
5100 5202 895 880 1
5543 5202 914 895 1
4404 2368 2387 4526 1
2344 4517 2368 4404 1
5543 5202 895 5100 1
4506 824 4309 3851 1
4506 3557 4335 794 1
4335 4506 794 3851 1
3402 3811 1849 3127 1
4257 5180 5384 4001 1
4508 1840 1929 1873 1
1873 4508 3841 1929 1
4873 402 4038 5041 1
4745 415 5041 5481 1
4408 3025 4482 1173 1
1333 3881 4762 4917 1
1333 3881 5128 4762 1
4408 1173 1293 1104 1
4408 1333 5456 1293 1
3881 1389 5309 4762 1
3881 1389 4762 4917 1
4343 4409 833 704 1
4267 4830 3773 3807 1
4830 3773 3807 5362 1
5516 1968 4666 4185 1
5516 4979 4666 1968 1
4223 4267 3773 3807 1
4296 3803 4509 2702 1
2770 4108 3352 4346 1
816 4866 4301 4909 1
4084 98 4063 4065 1
1135 1093 1012 1021 1
4002 3984 4509 3803 1
2880 810 4590 4585 1
4301 816 5561 4866 1
4045 4314 3833 1407 1
4045 4314 1407 4245 1
1012 1203 1093 1135 1
5580 5002 1794 3508 1
5167 5002 4232 1794 1
3575 4172 4346 2770 1
1429 1407 4245 4045 1
3218 2830 3622 4417 1
3425 4417 2830 3218 1
4417 4079 2830 3481 1
3425 4079 2830 4417 1
3343 4345 1088 1190 1
4345 1384 1190 3343 1
839 4600 4216 5179 1
2604 2903 3213 2595 1
2604 2593 2903 2838 1
1069 5444 4395 4514 1
1848 1828 4915 1901 1
4419 705 2669 680 1
4216 4600 3313 5179 1
839 962 4600 5332 1
839 5332 4600 5179 1
536 628 4515 543 1
2909 4515 543 536 1
4421 4097 3158 1446 1
4164 4421 1446 4097 1
3600 4513 374 4324 1
4516 1805 4431 1811 1
4004 3787 4811 4878 1
4081 3804 3251 3849 1
3600 4324 374 5288 1
4123 5093 4380 4304 1
3618 2099 3635 4424 1
3635 2099 4013 4424 1
3618 2099 4424 4081 1
4320 4632 448 506 1
4632 448 506 454 1
476 468 449 437 1
476 511 468 437 1
4632 4320 448 3723 1
4632 448 454 394 1
2821 1908 4557 4496 1
554 4721 2737 5572 1
4721 2737 4339 554 1
1908 4557 1903 2821 1
5363 4557 4496 4078 1
3681 3104 4849 4125 1
5363 4557 4078 1909 1
1206 3996 5538 1353 1
3710 3179 3522 3780 1
1353 5244 1296 5394 1
4161 1473 5201 5301 1
4244 4531 4518 325 1
5560 754 784 834 1
2163 2234 2191 2851 1
2163 2208 2234 2851 1
5567 754 784 5560 1
3595 3966 2807 4531 1
5635 1390 1400 5556 1
4651 356 4399 4536 1
1390 5556 5635 4982 1
2514 4655 4221 2467 1
3662 806 4521 5544 1
4523 2290 2298 2251 1
4523 2244 2290 2251 1
3978 3163 3023 4144 1
3390 5482 5211 1200 1
3753 3862 5232 4144 1
4523 2244 2251 2220 1
2503 2542 4037 2524 1
4037 3318 2549 3992 1
2542 2524 2564 4037 1
3993 4855 1175 1172 1
3647 3993 4462 1183 1
5482 5255 1200 3390 1
3390 3980 1226 5255 1
3390 1226 3980 3886 1
905 3730 4433 4149 1
768 4936 5371 5318 1
3730 801 4149 4188 1
1780 4524 5491 1768 1
176 226 4065 3963 1
5304 4524 5384 1891 1
4084 226 4065 176 1
4101 4681 5492 4435 1
4101 4435 4256 645 1
334 3443 347 4055 1
1619 4214 1560 5294 1
3792 5506 5294 5300 1
5164 4249 4036 4285 1
5112 4249 4036 5164 1
718 5465 700 3939 1
718 5465 3939 4722 1
5006 1314 4380 1318 1
3697 3982 1003 932 1
5300 5506 5294 3728 1
3982 1003 1047 3697 1
2817 4774 5006 1111 1
1098 3790 4314 4292 1
1098 3940 4314 3790 1
4034 2912 4121 5047 1
785 3258 4180 3240 1
2761 4314 3940 3833 1
3258 890 3942 4180 1
4292 4045 4314 1098 1
2761 4314 3833 4045 1
4785 4614 5363 1977 1
2830 3065 4467 3177 1
3921 4336 3994 4440 1
4785 1987 4807 1977 1
4614 4785 4807 1977 1
4012 3542 3152 3889 1
3834 4279 5300 3728 1
4057 4686 1706 1535 1
4279 1451 5300 3728 1
5387 1451 5300 4279 1
4912 834 5560 4556 1
4694 4900 1910 4307 1
4912 834 4556 4944 1
3849 2099 3171 3251 1
4081 3251 2099 3849 1
4057 1706 1758 1764 1
4694 4528 4900 4307 1
577 4673 4393 546 1
2842 5519 1424 1616 1
610 546 4673 577 1
1377 1251 4950 1535 1
257 4441 292 244 1
257 292 4441 295 1
4273 1537 4442 1526 1
1578 1537 1526 4042 1
4042 1526 1655 4442 1
4733 1817 4583 4121 1
1424 2842 1616 1533 1
1569 1712 3898 1594 1
1712 3898 1594 4074 1
1712 1758 3898 4074 1
5213 4378 3253 3391 1
4531 2807 266 3966 1
4444 94 60 4750 1
2807 260 4531 266 1
94 44 4444 4084 1
360 4518 4244 4872 1
4244 4531 260 266 1
4444 4084 44 4063 1
5141 4260 4444 4063 1
4531 3966 266 4518 1
3135 4378 3391 4450 1
1678 2693 2711 5324 1
245 205 280 4532 1
5112 5269 5067 4249 1
5203 4532 245 280 1
1666 4947 5106 4287 1
4512 1710 5469 1666 1
5106 1666 5469 1710 1
1674 1695 1465 1745 1
1476 1465 1695 1745 1
1465 1745 1476 1581 1
5106 5629 1666 1710 1
1129 956 5073 1075 1
4120 673 706 4534 1
2804 706 673 4534 1
905 3730 4149 4188 1
1129 4293 1071 1015 1
4739 1270 1097 4974 1
4196 1234 1263 1038 1
4174 2307 3970 2315 1
800 5071 5009 781 1
731 5009 3896 5071 1
1129 4018 4549 1175 1
2315 2286 2307 3970 1
1097 1270 1324 4974 1
4196 1270 1263 1234 1
5084 5071 3896 5085 1
1097 4974 1324 1188 1
800 5071 5084 789 1
4778 1236 1192 1291 1
4171 1620 4671 4448 1
1169 1251 1291 1236 1
1236 1169 1192 1291 1
1788 4386 3616 5537 1
4550 4890 44 34 1
4750 4707 94 86 1
86 4750 4707 4550 1
4750 4707 44 94 1
4450 4378 3391 4213 1
3989 4970 4450 4481 1
4020 933 4403 952 1
1343 4539 1387 1622 1
887 3818 4451 991 1
887 3818 762 4451 1
2813 1387 1343 4539 1
2547 2563 2564 2578 1
2547 2563 2543 2564 1
3851 5272 945 4893 1
237 328 318 251 1
1076 5389 4641 4948 1
108 160 130 183 1
4641 5389 4335 4948 1
108 130 160 79 1
108 130 79 65 1
108 130 65 183 1
65 130 91 183 1
1326 1469 1543 3157 1
1362 3971 4578 3427 1
3157 1543 1326 1555 1
1326 1543 3051 1555 1
5290 1561 1464 5108 1
1561 5563 4765 5108 1
5108 5290 1561 5563 1
3733 3994 4440 3921 1
5149 4889 3352 3949 1
4346 3352 3949 5149 1
5577 5498 3630 3342 1
206 4455 5322 208 1
140 183 4455 208 1
225 140 4178 4455 1
140 4178 4455 183 1
5440 5386 5622 3110 1
4889 3352 3949 3663 1
4860 4177 4360 3983 1
3650 4525 5205 3669 1
3385 4157 3846 4754 1
4346 5149 3587 3746 1
3693 4340 4454 4754 1
4157 3693 3846 4754 1
4172 4239 5149 3949 1
874 856 837 4546 1
940 4258 4546 2701 1
2751 4773 1205 1221 1
3808 4773 3105 1205 1
1205 3808 4773 2751 1
1087 1219 4773 1205 1
1087 4773 1221 1205 1
4470 1571 4428 1556 1
4334 3946 2041 4576 1
1556 4470 1673 3410 1
1937 5227 1887 3991 1
3517 3618 3645 3584 1
4958 599 596 466 1
643 575 4958 3499 1
1937 1980 3800 5227 1
4771 5603 4588 4840 1
4432 4549 1175 1015 1
327 295 4199 329 1
4049 4199 329 327 1
4049 4199 327 3860 1
4124 1074 5078 4971 1
960 5078 935 4971 1
3749 1177 1015 1172 1
4971 1074 5078 4458 1
4685 3177 2830 4467 1
3710 3065 4467 2830 1
3749 1172 4501 1177 1
4971 5078 5353 4458 1
2770 2769 4138 4094 1
1545 2770 4289 2769 1
4971 5078 935 5353 1
1911 4212 1836 4288 1
1911 1836 4212 5559 1
4387 4874 4817 4239 1
1591 5385 5128 3958 1
5105 5128 5385 3958 1
4817 4874 4844 4239 1
4283 4700 530 3998 1
5441 4874 3734 4817 1
5076 1881 4368 1875 1
1353 1629 5590 4814 1
1353 1629 4814 5138 1
2770 2769 3551 4289 1
4267 5471 4223 3773 1
4161 1353 5201 4941 1
4977 5189 3805 5143 1
1353 5590 5201 4814 1
4941 4814 5201 4314 1
1857 1795 4963 1717 1
4555 5580 3355 1848 1
4804 4963 1857 1795 1
4941 1353 4814 5467 1
1353 5138 4814 5467 1
4134 4769 615 684 1
4134 589 684 615 1
3424 2665 4133 3417 1
530 3998 4700 3646 1
3646 3424 4133 3417 1
1450 4819 5276 5523 1
5078 1066 5353 4458 1
1272 4894 1454 1331 1
3484 1331 4894 3347 1
1883 4475 1896 1910 1
4475 1957 5376 1892 1
3565 631 584 655 1
4061 3909 3643 4447 1
4061 3915 3909 4447 1
4098 640 4149 4558 1
292 4199 295 329 1
4098 4558 4149 735 1
4558 631 594 640 1
490 466 4478 460 1
1820 1782 3987 1736 1
3971 1261 3927 3427 1
3987 1782 4415 1736 1
1591 5128 1333 3881 1
1426 4597 2770 4108 1
899 4479 4083 3840 1
2770 4597 4622 2769 1
1369 1413 5463 1596 1
4622 4507 2769 4597 1
1426 4108 1430 4597 1
1426 3865 4597 1430 1
783 4204 658 737 1
5056 4155 3671 4598 1
4155 4910 3671 4598 1
737 3897 4204 658 1
72 101 2719 84 1
3391 4450 4213 4481 1
72 4053 101 84 1
4336 2949 4225 5511 1
4042 1554 1537 4560 1
3475 5022 424 5405 1
4155 5056 3671 3441 1
4480 1548 1497 3080 1
1663 3080 4480 4483 1
5022 424 5405 473 1
5112 5269 4249 1643 1
4560 1537 4477 1554 1
3191 4458 4749 5353 1
1746 1808 1778 5451 1
1746 5451 1822 1808 1
5451 1808 1778 5380 1
1562 1627 4574 5495 1
3435 4287 4939 5469 1
3435 4939 5097 5469 1
3491 4486 834 3840 1
5451 5380 1822 1808 1
4767 5518 4561 3902 1
4767 4114 5096 5518 1
3902 4114 4767 5518 1
5167 5250 5397 1778 1
5397 5167 4232 5250 1
2148 2166 3167 4563 1
2148 2166 4563 3472 1
268 288 245 5203 1
245 5570 288 3847 1
4176 1106 4273 1119 1
1041 4273 1106 1119 1
5203 288 245 5570 1
4564 2220 3310 4567 1
3310 4564 4253 2251 1
4484 4640 4082 1803 1
5596 4640 5598 4484 1
2161 2165 3023 5432 1
5081 1562 1627 3518 1
1671 1587 1484 4262 1
4110 5527 3867 4359 1
4492 2020 2015 2082 1
4492 2082 2086 2020 1
463 4493 520 502 1
520 4170 549 4493 1
1484 1656 1671 3857 1
520 549 574 4493 1
4780 3304 5470 1055 1
574 502 520 4493 1
1484 1551 1656 3857 1
3084 1721 1612 3857 1
520 463 4170 4493 1
4054 2542 2503 2531 1
1149 5012 993 5086 1
3304 4780 5470 1230 1
1671 5226 3857 1729 1
4618 1627 5081 1562 1
4054 2503 2542 4037 1
5081 3518 1366 1562 1
4987 993 5012 5437 1
4880 4014 4734 1072 1
2441 3783 2419 2506 1
2419 3783 4876 2506 1
3829 2850 4392 1484 1
3783 2553 2506 4234 1
2441 3783 2506 4234 1
3783 2553 4876 2506 1
2872 981 882 1039 1
1039 4566 1083 981 1
3191 882 1087 4566 1
4003 4651 5049 4536 1
4154 2209 3310 4567 1
300 3653 4513 285 1
300 208 5322 3653 1
345 3653 285 4513 1
345 4513 285 350 1
4564 4567 3310 2209 1
5152 5192 1683 4654 1
5152 4654 1683 3574 1
1676 4980 5240 3180 1
1676 4908 4980 3180 1
3200 5070 5397 1886 1
5371 4433 5285 4497 1
4692 905 4497 1026 1
1937 3991 1980 5227 1
5227 3991 1980 1967 1
1327 4629 1177 4501 1
1327 4629 4501 1452 1
5074 1535 4863 1377 1
2759 1916 4731 5427 1
4786 4499 507 428 1
4786 4547 361 4499 1
5218 4821 4403 803 1
1569 1377 1535 5074 1
3881 1535 5074 1569 1
5427 1916 5134 2759 1
777 5436 5274 705 1
5436 2669 4419 705 1
4419 705 4826 5436 1
2669 777 705 5436 1
2368 4174 2360 4522 1
5436 4826 5274 705 1
4845 2438 4522 2360 1
1778 1618 5584 1725 1
1778 3200 1754 5250 1
1778 5250 1725 5584 1
1778 5250 1754 1725 1
300 285 4513 322 1
350 285 4324 4513 1
3223 1818 4502 1694 1
1567 3680 5442 4527 1
483 570 4572 514 1
4640 3835 5598 4484 1
3385 4454 4572 5512 1
881 803 820 901 1
881 3573 803 901 1
623 565 4505 523 1
589 4158 4505 565 1
3631 737 3741 3797 1
3741 737 844 3797 1
4465 5403 5397 4666 1
5070 5448 4666 5403 1
1279 4168 4102 4758 1
5343 3631 3797 742 1
3797 804 737 844 1
5275 1075 1072 5073 1
5397 5403 5070 4666 1
5397 5403 4465 1886 1
4780 1230 4271 5435 1
3679 4609 3467 3540 1
3679 4609 3248 3467 1
2770 1426 4138 4622 1
4138 1426 4507 4622 1
2770 4597 1426 4622 1
1426 4507 4622 4597 1
4580 5207 4206 3646 1
4512 1710 5097 5469 1
1666 5625 1759 4512 1
4576 1993 4270 1932 1
4437 1993 1967 4576 1
1125 1131 1037 1108 1
1125 978 1081 1037 1
4577 5389 4948 4540 1
731 5071 3896 5084 1
5071 731 5009 781 1
3896 3418 731 5084 1
722 3418 5084 731 1
3600 4861 4513 408 1
731 761 5084 722 1
5442 3680 4925 3498 1
800 5071 781 5084 1
4925 4023 4619 5462 1
3034 5333 2161 3962 1
2835 1916 1813 4323 1
3348 3418 5085 789 1
2161 2162 3962 3978 1
3799 4580 521 567 1
3272 920 1098 4742 1
909 4742 920 817 1
909 920 4742 1112 1
5084 5071 5085 789 1
4899 865 3726 2804 1
4048 4456 4899 4435 1
4435 4256 4048 4456 1
4256 5426 4116 4456 1
567 566 4580 521 1
566 4206 4580 5207 1
4323 1916 1813 5496 1
5085 3418 5084 789 1
5179 3348 5085 789 1
5071 5179 5085 789 1
5496 4925 1916 1813 1
1120 4292 1098 4045 1
2835 4925 1813 1916 1
1120 4160 1098 4292 1
4222 3635 3273 4142 1
4222 3273 3438 4142 1
4517 2279 2315 2300 1
3938 4249 5002 4757 1
4517 4526 2368 4404 1
4249 5269 5002 4757 1
5269 5580 5002 1794 1
734 4803 5419 3474 1
3522 3622 2830 4417 1
3710 3522 2830 4417 1
4803 4800 3474 734 1
734 3474 5419 5100 1
4293 4018 988 3605 1
4396 4536 345 374 1
4513 4651 374 4536 1
734 3474 5100 5436 1
734 4800 3474 5436 1
4018 4293 988 5073 1
1860 1789 4966 5472 1
2807 325 260 230 1
1789 4934 4619 5472 1
593 572 3477 645 1
4016 5083 4570 1022 1
2807 277 230 5322 1
2807 325 230 277 1
5372 5083 4016 1022 1
2144 3879 4591 2101 1
5083 966 4570 1022 1
1022 966 5130 5083 1
5372 5130 5083 1022 1
4249 3938 5002 5455 1
4593 1119 1024 1017 1
4593 1017 1106 1119 1
4959 5434 1178 4657 1
1203 1012 1215 5626 1
2300 2349 2315 4526 1
4174 4526 2315 2349 1
4593 1106 4176 1119 1
5194 4593 4060 4657 1
1766 1727 1779 1669 1
5626 1203 4086 1215 1
1203 5626 4086 1135 1
1012 1203 1135 5626 1
4646 1042 868 3854 1
5350 1728 1595 1650 1
4065 74 75 3973 1
1470 4942 4735 4175 1
1424 4942 4596 5026 1
5400 5263 1713 1640 1
5239 4953 1485 1479 1
1413 1402 1515 1440 1
3895 4953 1485 4166 1
1249 5258 4953 3895 1
1669 1766 1727 4322 1
4214 5294 3531 3792 1
5294 4214 1560 3792 1
3852 1669 4322 1766 1
4712 4960 894 4474 1
2050 3074 2017 1966 1
3074 3620 3044 2017 1
4382 1031 5186 4898 1
1413 5463 1265 1369 1
3955 1493 4533 3634 1
4382 5186 893 4898 1
4712 4474 4795 4960 1
4839 1560 3792 5506 1
3200 5250 3937 1809 1
3200 1754 5250 1809 1
1621 4410 4152 3923 1
4410 1621 4152 4093 1
2399 2376 2433 3619 1
1621 4410 5191 4093 1
1596 1515 1413 5463 1
112 151 132 162 1
3653 3731 3966 4536 1
3772 3552 1144 3162 1
5366 634 4551 606 1
843 742 5059 761 1
606 4551 4790 645 1
734 5136 4374 3762 1
4057 1706 4686 4420 1
1377 1320 5228 4950 1
844 869 4537 804 1
4774 4650 2817 4565 1
5006 2817 4565 4774 1
4123 4537 804 844 1
1524 1755 4379 5045 1
734 5419 5136 3762 1
734 5419 5447 5136 1
742 5343 5367 843 1
843 742 5343 5059 1
319 4608 352 297 1
843 781 2988 742 1
843 781 742 761 1
4697 4608 4620 352 1
742 5367 2988 843 1
1327 4905 4986 4882 1
4449 2005 4576 5079 1
1397 1480 5248 4610 1
5214 2005 4576 4449 1
3304 4780 1230 4611 1
36 60 28 4541 1
60 4541 36 4444 1
36 33 4444 4541 1
36 20 33 4541 1
1374 3297 4598 3766 1
3304 1494 5344 4780 1
1374 3766 4598 4910 1
5622 5440 5427 5496 1
4246 4634 1483 4271 1
3575 4817 5149 4239 1
4246 1494 4611 4780 1
5441 4817 3734 1282 1
4325 5457 1848 3508 1
4325 1848 4472 1942 1
3180 4649 4901 4543 1
1848 5634 4325 4472 1
982 4613 5037 4907 1
3412 830 4613 951 1
4522 4544 2438 2375 1
2440 4544 2387 2375 1
5573 5067 1848 1881 1
3687 830 4613 3412 1
869 844 4631 814 1
5067 1848 1881 5457 1
5070 5397 4232 5250 1
5167 4732 5397 5002 1
4614 3936 3246 4807 1
4738 1204 953 904 1
3936 4614 5363 4785 1
3399 3952 1847 3216 1
3621 4807 4614 3246 1
3621 4614 1977 3724 1
4086 1215 1203 5228 1
1203 4086 5228 1135 1
4917 3881 4863 5074 1
4297 2454 4933 3992 1
2454 3992 2511 4933 1
3446 5629 1710 5064 1
296 4547 361 369 1
4499 456 428 4547 1
4786 428 369 4547 1
5524 4690 4524 4714 1
4714 5362 4524 5524 1
4616 1829 3067 1793 1
1299 3555 1429 1174 1
4616 1731 1829 1793 1
1299 3555 1174 4231 1
1309 4879 3827 5412 1
4537 917 1062 1078 1
844 869 4774 4537 1
4537 869 4650 1062 1
869 844 4774 4631 1
1389 4863 1251 1208 1
4038 3988 402 4873 1
4588 3082 5241 4617 1
60 4541 4750 4550 1
86 4750 4550 60 1
3566 3082 4617 3331 1
4917 3881 1389 4863 1
4617 3566 3331 3488 1
4617 3488 3331 5592 1
5625 5064 1710 5629 1
394 443 4554 378 1
443 3704 479 4632 1
4863 5074 2809 1208 1
4301 4790 4551 4759 1
1131 2930 2850 1125 1
1208 4863 1251 2809 1
3753 2194 2851 2204 1
4599 2194 2204 3093 1
2930 1005 978 1037 1
2930 1131 1005 1037 1
5481 4038 402 5041 1
415 5481 402 5041 1
3378 4183 3642 3729 1
3378 3060 3729 3642 1
3743 3548 3582 3780 1
4080 3548 3743 3780 1
599 4585 658 661 1
599 628 4405 661 1
4347 2413 2363 3683 1
1131 1335 1125 2850 1
4347 2363 5466 3683 1
1225 4380 1305 1281 1
5635 5556 3920 5480 1
4980 4179 1568 3180 1
5635 4984 5556 5480 1
5538 1383 4951 3883 1
5590 5538 4951 3883 1
3559 3851 889 945 1
3539 771 889 3851 1
4980 1530 1568 4179 1
5556 4984 5635 4982 1
4556 779 4866 5560 1
3399 1874 1859 1882 1
818 834 4912 4944 1
1847 1874 5064 4073 1
4448 1698 4671 1586 1
3399 1859 1874 5537 1
1874 1843 5537 1859 1
5180 3583 5315 4001 1
1750 5196 4923 1851 1
4129 1406 1232 4273 1
1487 4412 1526 1406 1
5513 4352 4729 80 1
4729 50 4352 5320 1
4129 1512 1406 4920 1
1750 4923 5509 1851 1
1406 1512 4129 5046 1
4129 3640 5046 1512 1
887 810 4207 3818 1
1253 1406 1487 1312 1
1253 1232 1406 1312 1
4207 810 661 3818 1
435 418 4916 4130 1
418 4342 4916 4130 1
4893 1192 3559 1020 1
1618 1591 5489 3938 1
3938 1693 1660 1794 1
1618 1660 3938 1693 1
3852 1476 1747 4322 1
1668 3852 1476 4520 1
4217 2174 5151 4626 1
4626 2158 2871 2149 1
2850 1433 1484 3829 1
4217 2871 4626 5151 1
1733 1614 3395 1665 1
1614 1555 1543 3395 1
1733 3395 1614 1543 1
3772 3552 1161 3138 1
4325 1952 4185 4472 1
4734 1072 3695 3365 1
511 3801 468 505 1
3906 3080 3285 1832 1
468 4339 511 476 1
695 642 4134 4146 1
511 4339 468 3801 1
1952 4472 4325 5634 1
1952 4325 1881 5634 1
4363 3650 5205 3669 1
3848 5205 4363 3650 1
1076 1163 1146 1271 1
4565 4537 1062 1078 1
4329 1062 4565 1318 1
4380 4329 4565 1318 1
4123 4380 5093 4565 1
4537 4650 4565 1062 1
4123 4565 5093 4537 1
3887 2224 2242 2200 1
4004 3108 3787 3994 1
4004 3152 3108 3994 1
3994 3152 4336 4004 1
4517 2315 4526 2300 1
4517 2300 4526 4404 1
4417 2830 3710 3481 1
3912 3404 3710 3481 1
4467 3710 2830 3481 1
2816 3796 3604 3533 1
2816 3533 3789 3636 1
3805 4102 5113 5189 1
3848 3043 5205 3536 1
4168 1279 4102 3805 1
1662 3029 4643 3894 1
870 5135 4422 4510 1
773 3930 741 3788 1
851 3788 773 741 1
2669 714 842 3762 1
1852 3468 5019 4693 1
5019 4524 1852 5029 1
4659 2042 5212 4009 1
4568 1785 5586 1852 1
4009 5212 4427 2042 1
5586 1785 1820 1852 1
1820 1785 4718 1852 1
1785 4568 4714 1852 1
1785 4718 1852 4714 1
1230 4271 5558 4634 1
2155 4918 4967 4072 1
4634 1230 4611 1109 1
3948 5086 1228 1013 1
5188 561 4647 5159 1
5159 561 5500 5188 1
4121 5047 2912 4583 1
1663 3080 4483 5066 1
415 402 4873 5041 1
5066 1663 3707 4483 1
5066 3707 1663 3827 1
5266 4803 4800 4772 1
354 374 299 345 1
374 345 4396 299 1
4658 1607 3972 1804 1
1607 3972 1804 3614 1
5266 4803 734 4800 1
3101 3155 970 1176 1
4583 2912 3483 5047 1
5128 4408 4095 5105 1
4663 1478 4032 5091 1
2419 3783 2507 4876 1
4663 1478 4061 4032 1
4234 3783 4297 2441 1
2880 4590 4674 883 1
4638 1281 1558 1573 1
4638 3907 1558 1281 1
1006 4462 4639 3647 1
1006 1331 3875 4462 1
4575 4780 4271 5435 1
5357 1059 1185 1166 1
5381 4583 3483 5047 1
1006 3875 1331 1182 1
1006 4639 1182 1000 1
1006 4639 1000 3647 1
643 575 577 4958 1
1826 1805 1811 3853 1
1893 1826 1805 1959 1
643 4958 577 599 1
1805 1826 1811 1959 1
466 490 4958 599 1
5222 1091 4226 4382 1
4721 554 568 4741 1
5222 991 1111 3775 1
4741 554 568 605 1
4741 605 4972 554 1
1091 4226 4382 5186 1
4721 4741 4972 554 1
185 162 211 4579 1
141 162 185 4579 1
1359 1300 4847 1380 1
5228 1317 1135 4086 1
1317 4168 4086 5228 1
5194 4959 4176 4593 1
4959 1457 5194 4176 1
3425 2837 3303 2830 1
4079 3425 2830 2837 1
3668 3303 2837 2830 1
411 473 4064 5022 1
3177 2830 2837 4685 1
343 416 355 409 1
3177 3668 2837 2830 1
343 416 409 413 1
3554 2813 4095 4117 1
5164 4095 3554 2813 1
5022 4957 4064 411 1
4420 4027 4686 4708 1
94 150 95 4582 1
94 44 4084 4582 1
4084 4582 150 94 1
4368 1881 1952 1875 1
1939 4782 3936 5613 1
3985 999 4416 4584 1
4162 2076 2091 2087 1
4162 2118 2076 2087 1
4162 2125 2118 2087 1
4162 2091 2125 2087 1
4162 2076 2118 2095 1
4162 2091 2076 2095 1
1921 1939 3936 5613 1
4584 1030 999 4450 1
5337 4389 4685 4644 1
2394 3777 2462 2424 1
1952 1881 5516 1875 1
3481 4079 4467 4644 1
4405 4585 661 711 1
1875 1952 4806 5516 1
661 810 711 4585 1
1431 1542 4645 1672 1
2746 5329 4385 2880 1
1569 1689 3760 3881 1
1689 5550 3881 1535 1
1591 3958 3881 1689 1
1569 3881 1535 1689 1
5550 3881 3958 1689 1
4272 4610 3543 1685 1
3777 2462 2424 2441 1
3758 3543 4610 1685 1
4713 4610 3543 4272 1
4181 5278 1507 1636 1
4646 868 1042 958 1
4646 904 873 2811 1
4181 1636 1507 1436 1
4433 735 663 4497 1
1593 2855 4740 1403 1
4108 1385 3352 4346 1
4483 4548 4481 5412 1
4648 1150 3470 1261 1
1150 4850 1261 4648 1
1834 1743 1755 4649 1
4660 4704 1571 4819 1
4972 605 4351 531 1
3444 4892 1755 5045 1
4086 1317 1135 5344 1
3180 4649 5045 1743 1
2300 2349 4526 4404 1
3180 1743 4901 4649 1
1317 4168 5344 4086 1
5600 2472 3969 2511 1
4151 3842 5441 3414 1
2472 3969 4655 5600 1
4632 425 4320 3723 1
5568 5460 1481 4024 1
425 4049 495 4320 1
425 3723 4049 4320 1
5572 605 4972 531 1
4972 4612 512 531 1
1333 4762 4825 1208 1
4928 5261 1178 4657 1
4593 4176 4060 1119 1
4657 4060 4129 1119 1
4972 4351 4612 531 1
4657 4593 4060 1119 1
2039 4659 1996 4922 1
3881 1333 5074 4917 1
3978 3962 5333 4599 1
4599 3962 2222 3978 1
5572 4972 512 531 1
3546 1074 3174 4854 1
4842 5535 4600 962 1
839 4600 1030 3985 1
1082 5535 4842 962 1
5179 888 4600 850 1
5004 4035 1338 4153 1
4172 3551 4094 4104 1
2409 2457 2402 4601 1
2409 2402 2404 4601 1
2309 2372 2332 4602 1
2309 2332 2287 4602 1
4182 1311 2855 1403 1
4803 4190 832 5544 1
4598 4266 4155 4910 1
491 498 4964 5120 1
491 5120 4964 4754 1
5120 498 5326 491 1
2708 2855 1504 4182 1
5544 832 4803 3164 1
4910 4266 4155 4571 1
4803 4190 5544 4562 1
5544 4803 4562 3164 1
3892 4605 292 399 1
292 4605 4199 329 1
3892 4605 4251 292 1
296 4199 292 4605 1
4740 1666 2855 1593 1
296 292 4251 4605 1
329 4605 399 292 1
5087 4661 4944 5597 1
4386 5537 3399 1756 1
4661 770 5199 4435 1
4661 5199 4551 3956 1
4661 770 4435 4248 1
5601 908 5087 4248 1
4661 4326 4912 4551 1
4661 4912 4326 4944 1
4754 5120 5326 491 1
1339 1338 4662 1454 1
1560 1619 4267 3866 1
1560 3866 4223 4837 1
3467 4609 3521 3540 1
3248 4609 3453 3467 1
4232 1794 1739 5167 1
5002 4732 5397 4666 1
5596 2821 2823 4672 1
3585 2497 2485 2433 1
2543 2540 3585 2497 1
3585 2540 2485 2497 1
4282 3105 3715 3032 1
2821 4159 2823 4672 1
2409 3301 5001 2457 1
2740 4717 1631 2894 1
2742 1631 2740 4717 1
1454 4662 1546 1338 1
2769 5402 3551 4289 1
2036 1983 3621 4311 1
332 277 2807 5322 1
332 346 277 300 1
4441 292 4199 295 1
5322 277 300 332 1
332 325 2807 277 1
332 346 325 277 1
546 4673 4393 4488 1
610 4488 4673 546 1
577 610 3286 4673 1
577 4393 4673 4204 1
3336 3647 5575 3722 1
2708 1504 1367 4182 1
1006 1064 3722 934 1
2189 2156 2213 4228 1
4228 2221 2213 3308 1
4085 2213 3308 4228 1
1865 4229 1919 3859 1
4376 4584 999 5485 1
4498 4416 4376 4584 1
1650 5340 4619 5475 1
1717 4619 4023 5462 1
5595 3680 4619 5440 1
4619 3680 4023 4925 1
1591 1689 5455 4249 1
1591 4249 3958 1689 1
5550 3958 4249 1689 1
4587 4038 4697 4620 1
4608 326 4620 352 1
5455 4249 1689 5541 1
4182 1367 2708 4621 1
4249 5541 5550 1689 1
3484 4894 4792 1166 1
4261 4894 3484 1166 1
4894 4261 1211 1166 1
3856 4896 5090 1067 1
4896 3856 1165 1067 1
4182 2708 2855 1311 1
3856 5090 4896 5499 1
2065 4623 2015 4875 1
4687 2065 4875 4623 1
1995 2019 4623 4029 1
4060 4211 5152 4442 1
4737 5298 4299 481 1
4737 481 4299 5039 1
4737 5040 4587 397 1
4474 908 4248 5087 1
1234 1263 4200 1270 1
4200 1234 4533 4625 1
4474 5087 4248 4868 1
1230 5435 5558 4271 1
2737 2775 4628 4339 1
2855 2708 4985 4740 1
3533 1385 3746 1282 1
1282 3493 4931 3533 1
3493 4931 5193 1282 1
3746 1385 5149 1282 1
1282 5193 3493 5149 1
3635 4013 3273 4142 1
4203 592 4647 590 1
4142 3635 4013 4191 1
4677 1239 1042 1033 1
4858 2940 1170 4434 1
4677 4434 4858 1303 1
4203 529 530 3998 1
4786 4499 428 4547 1
4203 529 590 530 1
2130 2127 2081 2067 1
2130 2120 2127 2067 1
2130 2185 2127 2120 1
5281 1633 1538 1468 1
2127 2081 2124 2130 1
1660 4757 1643 5446 1
4381 5281 1538 1468 1
1434 1506 5505 4848 1
5446 1643 4249 4757 1
3503 1338 1580 3745 1
5480 1506 5632 5505 1
1528 1654 2975 1544 1
1339 1338 4974 4662 1
3474 4800 786 4682 1
4545 4377 3596 1395 1
1528 4377 1585 1565 1
1654 1529 1528 4091 1
891 790 819 704 1
891 704 819 833 1
4257 3645 4684 4973 1
4409 833 704 891 1
4632 443 394 454 1
1156 4175 4596 4942 1
4632 4554 425 3723 1
443 4554 4632 394 1
4682 786 3474 5594 1
3991 5319 1980 1967 1
1041 4273 1223 1106 1
3275 4273 1537 3934 1
4685 4653 3177 4467 1
4006 3177 2837 4685 1
4685 4653 4467 4644 1
1287 1054 1132 1151 1
1287 1132 1273 1416 1
3093 4599 4967 2204 1
3962 2133 2145 4599 1
5227 1980 3800 1967 1
1980 4542 5319 3991 1
4633 3329 3248 3542 1
4633 3580 3329 3542 1
1671 2739 4262 3489 1
870 832 4422 5135 1
4422 832 5130 5135 1
5130 5135 832 5544 1
1886 1808 1856 5330 1
4065 155 4198 154 1
408 4438 431 3998 1
5330 1808 5380 5397 1
4635 475 4864 2797 1
4635 458 475 462 1
523 2797 4635 4864 1
186 154 4198 155 1
186 154 245 4198 1
394 399 448 377 1
5330 1808 5397 1886 1
3723 3860 425 4049 1
329 301 399 377 1
4049 369 399 4605 1
2245 2240 2206 4330 1
4714 5158 5524 4690 1
2245 2206 2272 3296 1
2245 2272 2206 2240 1
2669 4691 4991 751 1
2206 2871 4217 4330 1
783 4637 4204 3631 1
4460 4637 3631 871 1
783 4204 4637 4585 1
4217 4330 4776 4453 1
4217 4776 2871 5151 1
4217 2174 2183 5151 1
4585 810 4590 3818 1
2880 4590 4637 4585 1
4376 4584 4416 999 1
44 4707 4582 94 1
94 4582 95 4707 1
4691 4344 4290 751 1
4873 4038 4697 5041 1
4376 4416 3549 999 1
3677 4365 2144 2101 1
4365 3603 3254 2101 1
5041 4038 4697 4587 1
4658 3972 1917 1804 1
5292 1805 1775 1917 1
5292 1775 4516 5540 1
1758 1764 1569 4057 1
1805 5292 3972 1917 1
1569 1764 1758 1712 1
1265 5453 5463 1337 1
2101 4365 3999 3677 1
1569 1764 1712 1731 1
4004 4588 4336 5316 1
1569 1535 1731 1689 1
2101 3999 4365 3603 1
4057 1535 1764 1569 1
1076 4948 4641 1012 1
4641 1012 2698 943 1
5463 1337 1402 1265 1
1265 5374 1337 1402 1
1265 5374 5453 1337 1
1706 3853 1714 1826 1
1828 5573 4915 4930 1
4481 1164 4827 5187 1
4915 1848 5573 1828 1
1377 1251 1535 4863 1
1333 4917 4762 1208 1
4694 1743 4528 4307 1
1743 1883 1896 4694 1
4694 3925 1896 1743 1
4694 4307 3925 1743 1
1714 1706 1826 1758 1
4917 1389 4762 1208 1
1208 4917 4863 5074 1
1208 4917 1389 4863 1
1743 1883 4694 4528 1
2046 2079 2035 4476 1
2074 2035 4476 2046 1
4917 1333 5074 1208 1
5266 4374 734 5136 1
5228 1236 4950 1203 1
5581 768 4710 4936 1
2693 1479 3297 4698 1
991 1091 4699 4674 1
991 1116 1035 4699 1
4676 607 590 4647 1
530 3998 3646 4203 1
4203 4133 3646 4647 1
530 4203 3646 4647 1
4203 4647 530 590 1
991 4699 1035 4674 1
3580 4164 4097 4440 1
5392 2759 1916 1964 1
4496 3937 1907 5070 1
2759 5392 5325 1964 1
2975 1299 1585 1395 1
5392 5050 5325 1964 1
487 4745 4737 440 1
4737 4745 4587 440 1
4652 931 987 4010 1
4652 987 975 4010 1
3404 4327 3710 3548 1
1709 3403 3912 3710 1
5363 5070 5286 1884 1
1709 4327 3710 3912 1
4653 3098 4389 3109 1
4223 4274 3665 3807 1
2397 2447 2371 2453 1
2397 3619 2399 2404 1
5583 1584 4654 5200 1
4949 5409 5152 4654 1
4274 3291 4223 3665 1
5195 2850 4392 3829 1
2850 1433 3829 1134 1
4701 990 1120 929 1
5060 1057 990 929 1
4160 990 1120 4701 1
4160 1057 990 5060 1
1607 1574 4099 4658 1
1574 1607 3972 4658 1
5292 4658 1917 1775 1
3067 1963 4465 4979 1
2237 3862 3961 2218 1
2206 4330 4217 2245 1
4217 2245 4330 4453 1
4443 2740 4717 2742 1
718 4430 802 5036 1
4999 5429 1770 1771 1
1770 5429 1687 1771 1
5609 1019 940 5025 1
940 4258 5025 1019 1
261 296 284 4169 1
3796 1385 3604 3533 1
296 4169 4165 284 1
3533 1385 3604 3746 1
2758 5115 4705 511 1
628 665 4665 635 1
671 672 4665 635 1
628 4665 661 635 1
4665 665 671 635 1
3533 3493 4931 3796 1
694 4349 4326 4301 1
694 4790 4349 4301 1
5578 4837 3866 4839 1
1816 1882 3216 5596 1
5596 4999 1770 1816 1
4668 817 751 859 1
4214 4839 1560 3792 1
1009 5430 4668 916 1
3575 4387 4817 4239 1
916 4991 4668 842 1
1009 1057 4756 859 1
1544 4669 1654 1493 1
1544 1351 4669 1493 1
1544 1421 1654 4669 1
1544 1351 1421 4669 1
1098 4742 3940 3790 1
1098 5060 4742 3790 1
4331 1222 1349 1378 1
1349 1376 1410 1378 1
1349 1378 1222 1274 1
1349 1274 1376 1378 1
4929 545 4206 579 1
1349 1410 5189 1378 1
4790 645 4551 4759 1
1349 4977 4331 1378 1
511 520 4705 2758 1
5222 1091 4699 991 1
5222 1111 991 4699 1
991 1116 4699 1111 1
5372 3442 1259 4016 1
434 483 3512 486 1
396 483 4454 3512 1
497 526 534 515 1
4157 397 398 4299 1
1560 4214 3866 4839 1
3385 4157 4754 4964 1
396 4454 3338 3512 1
5120 4299 4964 4754 1
1382 5395 1405 5038 1
5127 5327 5395 1382 1
1886 5397 3200 1808 1
3604 1385 1426 3746 1
1426 1385 4346 3746 1
4934 5472 1789 1860 1
4934 3173 1789 4619 1
647 4479 702 723 1
850 800 828 789 1
3578 1919 3859 1956 1
1426 1385 4108 4346 1
3578 4675 3859 1919 1
850 789 5179 800 1
5468 1983 1866 1845 1
3415 256 4532 280 1
4532 256 3415 4291 1
5407 3488 5146 942 1
3399 4484 1882 1859 1
5596 1882 4484 5598 1
5274 705 4208 777 1
5027 5146 1052 942 1
4734 4014 1036 5166 1
5260 4678 4813 5554 1
1154 1283 1086 4678 1
1086 1329 4678 1283 1
3079 4336 3921 4440 1
5240 4980 1568 3180 1
4980 5240 1568 5276 1
1036 5166 4014 965 1
4880 1036 4734 4014 1
3733 3921 4440 1207 1
4880 965 1036 4014 1
1820 4718 1736 1852 1
3943 4718 1736 1820 1
4274 4017 3665 3038 1
5188 637 5043 5061 1
5188 5035 4535 638 1
590 592 5095 581 1
590 638 5095 5035 1
1507 4153 1338 1546 1
4153 3706 1546 1507 1
5275 4014 1072 1075 1
678 5488 4683 770 1
5275 3968 4014 1075 1
4720 1731 1829 4616 1
1072 1075 4014 3695 1
4720 1738 5541 1829 1
4720 1738 5110 5541 1
5110 1634 4990 4036 1
4710 3460 3820 4936 1
4057 4686 5228 4420 1
4420 4686 1317 4708 1
4036 5354 1634 4990 1
4775 4687 2082 2088 1
4775 4687 4623 2082 1
3820 5581 4710 4936 1
2019 4687 1995 4623 1
5272 852 4445 4119 1
5161 1317 1135 1202 1
4711 15 4689 23 1
36 15 23 4689 1
28 4689 15 36 1
4165 4547 369 423 1
296 4165 4547 369 1
4547 428 369 423 1
4165 4547 423 370 1
4165 4169 4547 370 1
4860 3778 4902 3744 1
166 101 178 2719 1
166 72 101 2719 1
3468 1852 4714 4568 1
4940 5023 792 4615 1
534 515 526 4723 1
2926 166 178 2719 1
2406 2400 3269 3995 1
4914 5023 4615 792 1
3165 905 4497 4692 1
4223 3291 5578 3665 1
178 166 2926 209 1
2553 2579 3100 2571 1
4274 4017 3291 3665 1
20 4070 16 33 1
4416 3985 4642 4491 1
4541 4890 4852 44 1
4554 3860 394 378 1
1215 5626 1012 1094 1
1215 4102 5626 1094 1
5130 5027 4521 5336 1
5336 5027 4521 5296 1
4695 1782 1682 4461 1
1442 1419 1578 1416 1
1442 1419 1467 1578 1
5336 4521 5130 5544 1
1442 1419 1287 1284 1
4724 927 5129 1162 1
1442 1419 1416 1287 1
3824 3618 3517 4222 1
3824 3635 3618 4222 1
1419 1467 1284 1442 1
5336 5296 4521 5544 1
742 699 747 5465 1
1442 1467 1554 1578 1
5260 4696 5420 4813 1
1086 4468 1154 4696 1
5458 747 5465 742 1
4552 3931 836 4295 1
386 2755 2665 331 1
4725 1586 1692 1698 1
4725 1586 5247 1692 1
2755 331 386 322 1
5247 5143 4067 1594 1
1586 1698 4725 4448 1
4636 4946 4179 1530 1
742 699 5465 676 1
5458 5465 676 742 1
4179 4184 1530 4946 1
4144 2211 2193 2262 1
4089 1638 5578 3597 1
3656 4054 3764 2543 1
3656 4054 2543 4037 1
426 386 331 346 1
323 2755 322 331 1
3665 3291 5578 1638 1
5578 3665 1638 4321 1
831 5014 4210 4869 1
5201 1383 5301 4951 1
4700 4283 4745 415 1
3557 721 757 794 1
3557 757 4397 794 1
594 640 616 3231 1
573 3231 594 616 1
4089 4321 5578 1638 1
323 387 331 316 1
2755 323 387 331 1
331 322 297 274 1
331 323 316 297 1
3012 1763 4728 5284 1
4728 1763 3012 4152 1
386 331 346 322 1
4728 5196 5284 1763 1
3843 1412 4017 1466 1
4641 4397 3557 757 1
4438 3659 529 3998 1
3998 3659 529 4283 1
3291 4017 3843 5154 1
649 673 624 4048 1
757 3557 5321 721 1
306 5238 4112 5569 1
2424 2395 2441 2400 1
2424 2395 3777 2441 1
2424 2462 4297 2441 1
2980 4881 1486 1690 1
1412 3843 4017 5154 1
2424 2400 2441 4297 1
2462 2424 4297 3992 1
3924 1690 2980 1682 1
2821 3937 4496 3700 1
4481 4483 1516 4548 1
5210 1516 5317 4483 1
5028 5317 3080 4483 1
3937 1845 3700 1740 1
1682 1524 1755 4695 1
2764 4695 1524 1540 1
5266 734 4374 687 1
3384 2758 4705 520 1
3384 2758 4769 3954 1
3924 1690 1682 1736 1
5566 4770 1788 5273 1
1909 3936 5363 4785 1
4463 520 549 4705 1
4482 5459 5385 3441 1
734 4374 687 5425 1
5308 5243 4815 4555 1
4707 44 34 4550 1
1828 5243 5308 4555 1
5268 4279 5387 4978 1
1426 3865 4507 4597 1
2398 2384 5254 2446 1
4440 3733 4164 4097 1
5254 2361 2398 2448 1
2448 3935 5254 2361 1
4440 1313 3580 4164 1
5268 4978 1148 2752 1
4605 4049 4199 329 1
329 4049 399 4605 1
5309 4022 1535 1634 1
3937 4232 5250 5070 1
3554 1634 4022 5309 1
408 322 386 2754 1
4324 4513 322 408 1
5243 1828 5308 4743 1
1828 4930 4743 5243 1
2100 2762 2649 2199 1
2762 2142 2007 2649 1
4227 1601 1631 1456 1
4862 1932 3139 4709 1
2701 4372 4258 4546 1
4227 1456 1631 4643 1
4258 1157 2701 5223 1
2649 2100 2007 2762 1
3985 4584 4416 4642 1
4221 2514 5413 4932 1
4363 4860 1547 4360 1
3989 1030 4584 4450 1
19 23 17 4711 1
3732 4711 4689 23 1
4221 4932 5413 3995 1
4363 3694 4885 3839 1
4674 4385 4943 2880 1
2880 4590 4943 4674 1
834 886 4736 818 1
4944 818 834 4736 1
3732 23 19 4711 1
985 1047 5571 3697 1
1788 4082 4386 3399 1
4739 4018 1175 1097 1
1829 5380 1738 5541 1
4739 1338 1175 3503 1
4018 3503 4739 1175 1
3697 5571 985 4913 1
5356 5450 1491 1424 1
5541 1738 5365 5380 1
1311 4740 2708 2855 1
3283 311 288 5587 1
3847 3283 288 5587 1
648 684 740 4895 1
4306 648 684 740 1
4306 684 648 626 1
4306 740 684 4927 1
3660 311 5587 288 1
4060 4176 4273 1119 1
4060 4273 4129 1119 1
3660 5587 268 288 1
5356 5450 1424 5026 1
1406 4273 3511 1526 1
5070 4414 1886 3200 1
4414 5070 1886 5403 1
5403 1886 4414 4760 1
4310 974 865 924 1
5536 1241 1219 3340 1
4898 893 4896 843 1
5499 843 4896 893 1
5090 843 4896 5499 1
5088 4891 805 736 1
644 652 769 4891 1
5536 1219 3692 1127 1
5407 5296 942 5146 1
5296 5027 942 5146 1
1475 3326 3291 4755 1
4867 4576 4334 2041 1
4334 4576 4867 1993 1
3326 1475 1451 4755 1
3265 4719 5195 4233 1
1488 1368 3505 1384 1
3614 1488 4025 3505 1
1277 4836 911 4688 1
4836 4348 3401 4688 1
3500 4168 3343 3568 1
5506 4755 1451 5300 1
865 818 4310 886 1
3500 3343 1384 3505 1
582 563 4722 4393 1
2769 1545 1619 4267 1
4310 5104 894 908 1
1545 2769 4289 4267 1
1545 4267 4289 5471 1
4905 1452 1327 4501 1
1389 1208 4825 4762 1
4764 1770 3216 5596 1
5596 1882 3216 1803 1
320 4169 342 4809 1
4764 1770 3952 3216 1
320 342 5569 4809 1
5239 1479 4275 4481 1
4953 4481 1497 1479 1
3110 4770 1760 5273 1
3288 4746 5198 2363 1
2323 4357 3228 4746 1
3288 4746 4008 5198 1
5466 3683 2363 4746 1
5569 342 5271 4809 1
4357 4746 2323 5198 1
3730 801 3771 4149 1
4552 4940 5352 3460 1
5566 1760 4770 5273 1
1075 4727 1129 1123 1
1396 1297 1408 1386 1
4747 697 681 5016 1
1396 1386 1408 5310 1
3635 4424 4013 4191 1
2996 4748 941 972 1
2996 941 4748 1221 1
4838 1771 1871 1759 1
4748 981 941 972 1
4054 2399 2404 2397 1
2433 2399 2404 4054 1
2447 2399 4054 2397 1
1221 4748 981 941 1
2433 2399 4054 4037 1
2742 4643 4717 3894 1
1759 1816 1871 1847 1
1759 1771 1871 1816 1
3937 3200 5070 5250 1
3937 5070 3200 1907 1
4414 5070 1907 3200 1
5200 4752 4235 1584 1
4678 1579 4752 4976 1
403 480 469 467 1
1154 4176 1283 4752 1
393 431 421 477 1
1154 4678 4752 1283 1
4110 5493 5557 1705 1
398 4299 4340 4754 1
1705 5493 5557 5158 1
1008 4734 1072 4880 1
5368 1432 5577 2751 1
4734 1072 3287 1008 1
426 403 386 346 1
4734 3287 1072 3365 1
1939 2759 4731 5427 1
1349 1222 4331 1181 1
5496 1916 5427 4731 1
1349 1184 1276 1260 1
4304 3134 4380 1281 1
1349 1222 1298 1274 1
4202 3134 1078 1227 1
1078 3134 4304 3948 1
1349 1298 1222 1260 1
4065 155 224 4198 1
4331 1197 1163 1089 1
1778 5167 5455 4732 1
5167 3938 5455 5002 1
4532 4198 256 4291 1
1349 1276 1184 1194 1
1378 4977 5123 1321 1
4594 4887 4065 224 1
4065 155 4594 224 1
5574 1018 1094 4758 1
1088 4758 3343 1190 1
4758 4168 1088 3343 1
4758 4168 4102 4086 1
4301 4759 4551 5199 1
4759 645 4551 5199 1
4301 678 4759 770 1
2334 2363 2382 4384 1
5487 2363 4871 5466 1
2334 4871 2363 4384 1
4459 3918 4491 1152 1
890 4180 3258 3240 1
3792 1560 5294 5506 1
4414 5142 4760 1886 1
1996 4922 5399 2039 1
1996 5403 5443 4760 1
5366 4589 4551 3956 1
1762 4761 1792 5504 1
4737 4587 5040 440 1
560 270 2887 405 1
1762 4835 1792 4761 1
4461 1782 1682 4911 1
4361 5313 1682 1486 1
2330 2249 2311 2286 1
2330 2295 2249 2286 1
2330 2286 2358 2353 1
2330 2295 2286 2353 1
4474 4960 894 908 1
1228 3948 5012 5086 1
3509 3489 1484 4392 1
4522 2482 2387 4174 1
3598 5244 1206 1112 1
1531 1567 1504 4656 1
2708 1504 2856 4656 1
3598 1112 1206 954 1
3598 909 1112 954 1
5608 1504 1567 4656 1
4721 4723 4741 568 1
3798 3883 1629 4951 1
4569 4059 4577 3037 1
4951 3883 1629 5590 1
4742 817 4668 4756 1
4742 4756 4668 1009 1
4766 1978 5050 5062 1
1978 4766 2032 5062 1
2856 5608 4656 1504 1
4805 5161 4624 4708 1
4766 1978 3786 5050 1
4708 1317 4780 5161 1
2359 2411 2390 2318 1
4780 5470 1230 5435 1
3337 4026 5076 5354 1
2359 2411 2436 2390 1
1789 1786 1744 1742 1
2390 2418 2369 2318 1
2390 2436 2456 2411 1
1789 1744 1650 1742 1
4650 4774 2817 4631 1
1638 4718 1785 4714 1
4639 1006 3875 4462 1
4639 3875 1006 1182 1
3875 4076 4462 1331 1
3914 4076 3875 1331 1
1182 1331 1354 3471 1
3914 3471 1354 1331 1
2698 794 4397 4456 1
1780 5515 5491 5245 1
4043 4956 5329 4961 1
1188 1339 4792 3484 1
1763 4728 1849 4152 1
1789 1777 1742 3173 1
1777 1786 1789 1742 1
1789 3173 1650 4619 1
3686 1807 1789 1786 1
5622 5496 5390 5386 1
5386 5440 5622 5496 1
3064 4773 4670 3105 1
1087 4773 1219 1083 1
3404 3950 4644 3912 1
1598 1567 4656 2920 1
3404 3950 4853 4644 1
2708 4656 2856 2920 1
5608 4656 1567 2920 1
2856 5608 2920 4656 1
1295 1164 4318 4481 1
3505 1714 4431 3972 1
3505 1714 3972 1893 1
3876 3592 1551 3509 1
4777 1104 1173 1053 1
4274 1610 3773 5471 1
4052 1281 4394 1649 1
4181 4429 5278 1636 1
1636 5278 5101 4429 1
1856 1904 1886 5330 1
4052 1228 2785 1281 1
3580 4633 3670 1523 1
4633 3329 3580 3670 1
4541 20 33 4852 1
4750 44 4541 4444 1
4444 94 4750 44 1
1272 1192 1144 4778 1
1272 5116 1192 4778 1
1272 3864 4778 1144 1
1886 1904 1856 5142 1
1464 5108 5219 1645 1
1645 5290 1464 5108 1
489 358 2619 3725 1
4340 3693 3106 4945 1
398 4068 3693 4945 1
3846 4454 3385 4754 1
1645 1464 5290 4704 1
4704 1464 5219 1645 1
4814 4485 1629 1675 1
4135 1434 1605 1583 1
3137 5483 1772 1728 1
3137 1842 5483 1728 1
3137 1728 1772 1787 1
3137 1842 1728 2664 1
3137 1815 1772 5611 1
3137 1842 1815 5611 1
4814 4135 4848 1675 1
1434 1605 4848 4135 1
1850 1918 1907 2848 1
3649 4756 929 859 1
3649 817 4756 859 1
4668 817 859 4756 1
4668 4756 859 1009 1
3803 4002 3984 4692 1
1114 1391 1223 4793 1
1191 1114 1391 1223 1
5138 4485 4814 4848 1
3916 5595 5381 4934 1
4669 4298 1580 1421 1
4669 1639 1580 4298 1
1907 2848 3200 1850 1
4279 3834 4529 3728 1
2200 2196 2228 3887 1
595 4781 655 663 1
3887 2228 2200 2242 1
3556 3246 1939 4782 1
5090 1067 888 4763 1
3998 3417 3646 4133 1
334 3443 5534 347 1
4679 4197 2550 5020 1
4673 4393 5458 4204 1
737 3837 4204 3897 1
5026 4596 1424 5356 1
3286 3837 737 3897 1
1311 2708 4740 4784 1
334 3443 4872 5534 1
1384 3742 1357 1550 1
4314 1473 5301 1407 1
4314 4161 3833 5301 1
4314 5301 3833 1407 1
4314 4161 5301 1473 1
1896 1839 4768 1765 1
4924 1974 1896 4768 1
4303 5075 3144 3488 1
3488 3144 5592 5075 1
621 5478 5501 5016 1
479 4320 3704 474 1
443 446 3704 4554 1
479 474 3704 446 1
479 4632 3704 4320 1
443 4554 3704 4632 1
5095 592 4787 581 1
5061 590 5095 5035 1
3164 832 4803 4772 1
592 581 4269 4787 1
2156 4047 2154 2168 1
2169 3504 2154 3791 1
2169 3504 4364 2154 1
1266 4799 3121 3241 1
2154 2189 2169 3791 1
1893 1826 1714 1805 1
1826 1714 1805 3853 1
2169 2189 2154 2196 1
3775 4631 1111 4774 1
2169 2154 2150 2196 1
869 4650 4774 4537 1
718 2847 772 5588 1
2156 2168 2154 2189 1
4650 869 4774 4631 1
5155 1117 1128 1173 1
5588 802 718 4430 1
772 802 718 5588 1
718 5588 4430 2847 1
2978 3890 4799 2954 1
4799 4670 1266 3121 1
5584 5167 5489 1778 1
1660 5446 4452 1521 1
1660 4757 1794 1722 1
491 5585 4964 535 1
2019 4775 4623 2020 1
2019 2088 4775 2020 1
2019 4687 4775 2088 1
2019 4687 4623 4775 1
4452 5385 4408 1591 1
2871 2171 2158 4776 1
2995 1128 3035 1173 1
2995 3035 1128 3004 1
4464 5165 5077 3997 1
2871 2171 4776 4330 1
1318 3134 4329 4202 1
3890 4670 2978 4799 1
2995 1128 4020 3004 1
4304 3134 5093 4380 1
1090 4738 5103 4328 1
4328 4100 4738 1096 1
4738 953 1096 4100 1
5473 4535 627 4205 1
5395 5127 1628 5082 1
1640 1527 5263 4879 1
637 5473 4535 627 1
5127 5340 1628 5082 1
1076 1133 1208 1169 1
1133 1169 1251 1208 1
5431 2693 3911 1516 1
1890 1915 1838 2001 1
1940 1838 1915 2001 1
1940 1981 1838 2001 1
1890 1838 1981 2001 1
2774 219 223 201 1
2774 219 279 223 1
1091 5222 1212 4382 1
4226 4774 3775 1111 1
627 637 5043 4535 1
3991 5551 1887 1935 1
3991 1935 5628 5215 1
3799 4580 4676 530 1
5628 1935 3991 4542 1
4801 4075 1995 4875 1
1995 4875 4075 2015 1
5295 4075 4801 4955 1
3991 1887 4542 1935 1
5215 5551 3991 1935 1
880 4011 946 838 1
838 4011 946 925 1
880 838 4995 4011 1
3762 880 4995 4011 1
4712 5624 894 4960 1
1369 1413 1596 4796 1
875 5033 797 4783 1
1997 3246 1939 3556 1
3680 1596 4527 4796 1
4783 5033 976 875 1
5475 5340 4619 4796 1
3783 3995 4297 2400 1
2948 2968 5511 4511 1
4297 3783 2400 2441 1
1165 1225 3856 1305 1
1225 3856 1067 1165 1
2968 5511 4511 3638 1
1939 2759 5427 1945 1
2990 2961 3003 2976 1
1225 4763 1067 3856 1
3856 4123 4304 4763 1
991 3929 783 4451 1
1640 1527 4879 5082 1
783 991 3775 3929 1
3929 991 3775 1111 1
1902 5622 5390 5386 1
5427 2759 5134 1945 1
4786 361 369 425 1
419 4786 425 361 1
507 4786 508 425 1
3601 4525 3650 3669 1
425 4786 508 495 1
3601 4436 3198 3744 1
734 687 4800 4826 1
3198 3778 3591 3744 1
3604 3796 2816 4529 1
3662 809 4789 5449 1
5034 4802 1935 1949 1
3993 1175 4432 1147 1
4722 4779 582 4373 1
476 497 511 437 1
5628 4449 4802 2005 1
4722 582 4779 5175 1
606 572 4790 600 1
606 4551 677 4349 1
5361 5066 3707 4483 1
5464 3707 5066 3827 1
3827 4548 5299 3707 1
3707 5299 4483 4548 1
5299 4548 5210 4483 1
1237 5514 1256 3806 1
3685 2220 3310 2244 1
5266 4800 734 687 1
3963 4791 271 226 1
734 5419 4803 4562 1
3963 226 4065 4791 1
271 226 4791 215 1
5266 4562 734 4803 1
4979 4806 3067 1963 1
1114 4793 1223 1345 1
1904 1963 4465 3067 1
5578 4839 3866 1592 1
1592 1536 4089 5578 1
3825 3922 5578 4089 1
1304 1265 5545 5463 1
5578 3866 3922 3825 1
5578 1536 4839 1592 1
4140 4413 3402 1749 1
1749 1819 3402 4609 1
845 5624 4795 992 1
3248 4633 3402 4609 1
2307 4517 2279 2315 1
4633 1749 3402 4609 1
1795 1857 4804 1864 1
4782 4785 4807 3936 1
5264 4807 4782 1987 1
1829 5382 3067 4979 1
1875 5148 4806 5382 1
4782 1987 4807 4785 1
709 4405 630 4515 1
4614 3936 4807 4785 1
3621 1977 4614 4807 1
923 4808 965 1036 1
4961 630 709 4405 1
2210 4280 2221 3494 1
923 4167 965 4808 1
2210 2231 2221 4280 1
4491 3985 4642 4842 1
4156 4101 4252 791 1
4467 3065 4337 3177 1
4643 5242 3894 2742 1
1432 4703 5514 5253 1
5125 5253 5306 4703 1
3866 4830 3807 5158 1
4830 3807 5158 5362 1
3866 3807 5578 3922 1
4922 4465 4760 1963 1
3614 1488 3505 1549 1
5052 3505 1384 1549 1
4760 5403 4465 4922 1
3790 1434 4814 4245 1
4839 1560 5506 4837 1
1434 4245 4135 4814 1
4485 4848 1675 4814 1
1434 4135 4848 4814 1
4837 1560 3866 4839 1
4816 3404 4189 3582 1
283 4396 345 299 1
2821 1908 4496 1907 1
283 4033 4536 4396 1
283 4536 345 4396 1
3937 4496 1907 2821 1
4678 5554 1457 4818 1
4730 1379 4818 1457 1
4780 4575 5161 1143 1
4930 5573 4915 3337 1
4805 4780 5161 4708 1
4822 1686 5312 4539 1
3794 1387 4822 3899 1
4095 3794 1387 4822 1
3899 1622 1387 4822 1
4539 1686 2813 4822 1
4095 2813 5164 4822 1
4900 5376 4307 4965 1
320 4809 5569 4112 1
3174 4039 4069 1139 1
4402 2624 290 2868 1
4402 2624 2868 608 1
1896 4475 1883 4823 1
19 3903 29 3732 1
290 305 2789 165 1
290 2878 2789 376 1
19 4711 9 3732 1
19 29 23 3732 1
4768 4823 1896 1883 1
4971 4124 1074 3405 1
987 1107 4500 5428 1
4240 473 513 510 1
4240 513 473 430 1
510 3810 4240 473 1
987 1059 4500 1107 1
3089 1449 1394 1081 1
1154 4678 1086 4813 1
1154 4696 4813 1086 1
4825 4095 1095 3554 1
5470 1107 4500 5357 1
1643 3899 5269 4815 1
1643 3794 3899 4815 1
5470 5428 4500 1107 1
4408 4095 1095 4825 1
5357 1107 4500 1059 1
2997 2955 2956 4841 1
50 32 4729 48 1
4910 3766 4598 4266 1
1030 1084 4827 2730 1
2730 4827 962 1031 1
4318 4827 4970 4481 1
750 712 4821 5303 1
5218 750 866 4403 1
4821 712 750 4403 1
5218 750 4403 4821 1
1031 962 4318 4827 1
1011 1383 4161 1206 1
4481 4827 4970 1084 1
32 5032 5320 4729 1
4828 3709 4044 3869 1
32 50 4729 5320 1
2368 4174 3737 2307 1
3709 4828 4840 3869 1
2307 4174 2360 2368 1
3474 895 4706 880 1
4517 3737 2368 4526 1
2368 4526 3737 4174 1
4829 5063 3995 4297 1
1292 3262 1077 1394 1
895 3474 5053 786 1
2307 4517 3737 2368 1
995 1394 3089 1077 1
4660 4819 1571 5523 1
4234 4297 5063 4829 1
5417 1126 5118 4388 1
4719 5599 4820 5195 1
4829 4297 4832 4234 1
3262 968 1292 1077 1
4829 4933 4832 4297 1
4285 5309 3554 4095 1
33 29 4689 23 1
23 36 4689 33 1
3732 16 29 20 1
1074 5089 5078 4458 1
5100 895 3474 880 1
895 5543 3474 786 1
5543 895 3474 5100 1
1265 1162 1255 5173 1
5078 5089 1066 4458 1
899 5033 875 976 1
5545 5129 1265 5173 1
5366 756 702 4479 1
1265 5173 1255 1304 1
3279 1529 4727 1421 1
1351 1421 1123 4727 1
5136 4995 4374 3762 1
4727 1351 1129 1123 1
72 4237 3626 71 1
899 5033 4083 875 1
5545 5173 1265 1304 1
4832 4400 2534 4050 1
4832 4400 4921 2534 1
4933 4921 4829 4832 1
4829 4832 4050 4234 1
1265 5173 5129 1162 1
899 4083 4479 4007 1
4829 4921 2534 4832 1
754 677 647 5366 1
4374 4995 714 3762 1
4298 1639 1580 4834 1
5470 5435 4500 1230 1
4575 5470 4780 5435 1
5260 4176 4752 1457 1
2974 2998 2997 4841 1
4841 2974 4511 2979 1
1243 1031 4382 1295 1
5516 1881 5148 1875 1
5148 1875 4806 5516 1
4484 4770 1788 4082 1
3549 876 979 999 1
4376 979 999 3549 1
3110 5386 4484 1788 1
399 329 394 4049 1
448 399 394 4049 1
3110 5386 1788 5273 1
4770 3110 1788 5273 1
5186 893 4226 4382 1
893 4226 4382 4123 1
245 288 268 5587 1
4054 4601 2404 2473 1
448 399 4049 495 1
4320 4049 495 448 1
4320 3723 4049 448 1
245 3847 288 5587 1
3110 1760 4770 3835 1
268 5587 239 245 1
931 1121 1021 2698 1
1658 1732 1698 4838 1
239 3847 245 5587 1
4426 931 1021 2698 1
4530 5314 1870 5018 1
5018 1732 4838 1698 1
4478 490 460 500 1
4478 546 4958 500 1
1055 1010 931 4426 1
4478 546 575 4958 1
1690 1782 4835 1762 1
4685 4389 4653 4644 1
4190 5083 5130 966 1
2004 4288 3795 4968 1
911 1204 953 4836 1
4836 4738 953 1096 1
4738 953 1204 4836 1
2004 4968 3904 4288 1
2004 4315 4288 3904 1
3414 5441 4840 3842 1
4090 4840 5369 3869 1
3709 4840 4090 3869 1
4828 5441 4840 3414 1
1076 4577 1169 3037 1
4426 931 1055 1021 1
4422 5130 5237 1101 1
4641 4335 2698 4948 1
4422 5135 5130 4521 1
5300 1451 5506 3728 1
671 672 4207 4665 1
4716 665 671 4665 1
671 4716 4665 4207 1
695 642 4146 5023 1
4914 5023 5352 4615 1
4247 4276 3814 1894 1
3734 1282 4844 5220 1
1219 1241 4844 5220 1
1010 967 931 4426 1
4878 4811 5562 935 1
1029 1010 931 1055 1
3777 2506 2462 2441 1
2506 3777 2471 2441 1
1082 4842 4194 962 1
2253 3310 4144 2211 1
1082 4194 4842 1165 1
3310 3266 4144 2211 1
2253 2211 4144 2262 1
1121 1055 931 1021 1
4578 3643 3630 3629 1
3928 4578 3629 3643 1
5546 4961 620 630 1
4426 1021 1048 919 1
5432 2177 4241 3092 1
5563 5108 4843 4765 1
3357 3503 1580 1351 1
4669 3503 1580 3745 1
4669 1639 3745 1580 1
5432 3092 4581 2177 1
4847 1061 3320 1009 1
4847 1061 1009 1171 1
967 815 919 924 1
4847 3320 3330 1009 1
2344 4845 2360 2372 1
2344 2360 4845 2368 1
2368 2344 2375 4845 1
5457 3508 5580 1848 1
4732 4979 4465 4666 1
5457 4979 4732 4666 1
4232 1794 1767 1739 1
4232 1739 1767 5614 1
1794 5153 3508 1853 1
1907 5126 1977 4414 1
1908 1977 1907 5484 1
4442 5152 1577 1655 1
5192 1683 4654 4356 1
1907 5126 5484 1977 1
4943 4716 711 665 1
1506 1434 1605 4848 1
4843 4276 3814 4247 1
4851 4751 2979 4511 1
4837 1560 5506 4223 1
4717 5342 3084 5122 1
5122 5226 3084 4717 1
4123 5006 4380 4565 1
5438 1511 3027 4046 1
620 5175 5546 630 1
718 4430 5036 4373 1
3027 5438 4046 5339 1
4046 5438 5248 5339 1
4290 4332 859 4753 1
5036 718 4373 4722 1
4332 4753 898 859 1
1236 1093 1251 1203 1
1203 1238 1251 1320 1
3702 4109 4303 3488 1
3787 3566 4617 3488 1
1236 4950 1203 1251 1
1093 1251 1203 1238 1
4648 4850 1261 1247 1
1320 1251 1203 4950 1
5260 4678 1457 4752 1
5260 5554 1457 4678 1
4481 4548 3391 3989 1
3391 3989 4450 4481 1
2387 4544 2482 4522 1
5001 4544 2482 2387 1
5001 2440 4544 2387 1
3928 3909 4457 3643 1
3928 3643 4457 4578 1
1628 1596 1515 4023 1
3093 4954 2116 2145 1
2116 4954 2107 2145 1
2163 3093 4954 2116 1
2107 2116 2104 4954 1
1602 4633 1597 1749 1
4534 4899 3956 4048 1
634 4048 4534 3956 1
487 5298 4737 481 1
4663 1478 3915 4061 1
4852 4070 33 38 1
4444 33 38 4852 1
4541 33 4444 4852 1
4541 4890 20 4852 1
20 4890 4070 4852 1
487 4737 5298 440 1
990 4994 997 1174 1
1788 3399 5537 1859 1
997 990 923 4994 1
1788 3399 4386 5537 1
1788 3399 1859 4484 1
1074 4503 1022 4854 1
1070 872 4856 4981 1
1006 934 1032 1064 1
1188 4974 1324 1339 1
5207 4580 566 521 1
545 4206 566 5207 1
3003 2961 2950 5620 1
5607 4723 4741 4721 1
4723 515 526 4721 1
4570 4186 1237 4148 1
4839 5506 5300 4755 1
4839 5506 4755 4837 1
4837 5506 4755 4223 1
4912 779 4556 5560 1
534 4561 4767 561 1
4216 876 999 4254 1
866 933 4403 4254 1
5352 4940 4552 4615 1
5352 5410 4615 4552 1
4058 3104 4874 4828 1
4256 649 4681 645 1
4101 645 4256 4681 1
4101 645 4681 4435 1
4439 4926 4683 4681 1
4940 5023 801 4859 1
5023 4369 801 4859 1
4464 5165 3997 2303 1
4464 2323 5165 2303 1
4464 5165 2323 5077 1
3997 2298 4788 5077 1
5496 1916 4731 4323 1
2507 2545 2518 2515 1
2518 2515 2545 2529 1
2507 2515 2518 2489 1
2518 2515 2529 2489 1
857 964 1118 925 1
3954 580 3384 549 1
812 825 857 925 1
991 3678 3775 5222 1
991 4460 783 3775 1
1654 3664 4669 4298 1
1654 3664 1493 4669 1
1654 1493 3664 3634 1
1594 1712 4074 5451 1
4875 1995 4801 4687 1
4801 2045 4075 4875 1
4875 4623 2015 1995 1
4687 4875 1995 4623 1
4075 4875 2045 2015 1
2506 2553 4876 2521 1
4074 1827 1822 1712 1
4876 2471 2506 2521 1
4074 1712 1822 5451 1
1927 1993 1997 4867 1
4867 1932 1927 1993 1
4867 5576 1932 4709 1
1689 3881 1591 3760 1
1394 1081 1449 1372 1
1591 3958 5128 3881 1
4070 16 33 38 1
4416 4584 4498 5229 1
4883 4459 4491 1152 1
1472 1474 5229 4870 1
564 540 597 4137 1
3407 4384 4871 2290 1
1394 3089 1081 995 1
5198 3407 4871 5077 1
4464 5466 5077 2323 1
2334 2290 4871 4384 1
4137 597 600 598 1
463 470 462 4342 1
175 251 237 4173 1
4809 284 4169 261 1
4354 4173 175 237 1
3732 9 16 20 1
3847 239 175 4173 1
3847 4173 175 4354 1
2631 2788 2914 3439 1
321 350 319 4873 1
5169 1213 4905 4181 1
5169 1183 4573 1213 1
4387 4874 4239 4115 1
4115 4874 4828 4387 1
5377 186 239 175 1
5377 154 123 239 1
155 74 138 123 1
155 5377 151 186 1
151 92 138 5055 1
4167 3968 965 4880 1
4808 4880 965 1036 1
4808 4167 965 4880 1
4880 965 4014 3968 1
5253 4881 1621 1690 1
1432 4881 5013 1455 1
1205 5013 4186 1455 1
4186 4383 5013 4148 1
4383 1621 4881 1690 1
306 4317 5238 4897 1
136 4065 4594 5224 1
176 4887 3383 3963 1
3963 4065 176 4887 1
4594 176 4065 4887 1
4594 221 176 4887 1
2036 3246 1997 3556 1
2314 2361 2312 2325 1
1213 4905 4181 4882 1
2271 2325 2314 2312 1
2314 2337 2312 2361 1
2314 2271 2312 2303 1
2314 2303 2312 2337 1
670 731 676 699 1
4541 4750 4550 44 1
4550 4541 44 4890 1
4541 20 4890 4550 1
2254 4107 4788 4523 1
2698 4335 3851 4540 1
1696 1785 4884 4568 1
4944 5497 4736 5597 1
1050 876 979 3549 1
1987 4886 1977 5126 1
1550 1357 1620 3742 1
5193 1409 4889 4383 1
920 1011 3940 1112 1
4894 3347 4261 3484 1
920 1112 3940 4742 1
4689 9 3732 20 1
4689 36 20 33 1
20 16 29 33 1
1171 1359 1380 3482 1
3482 1359 1380 1524 1
1540 3482 1524 1359 1
4897 243 289 312 1
306 312 4317 4897 1
306 5238 5271 4897 1
601 4561 3902 4741 1
4152 4093 1844 1752 1
5006 1314 1318 2817 1
1883 4900 1910 4694 1
1883 4475 1910 4900 1
1755 4543 1820 1782 1
4901 1743 1883 1834 1
4901 4649 1834 4543 1
3093 4918 2133 2116 1
2133 2155 4918 4967 1
4522 2482 2438 4544 1
1927 4963 1857 4804 1
723 647 4479 782 1
2368 4522 2375 2387 1
4522 4544 2375 2387 1
4694 1896 3814 4276 1
4694 3814 4307 4276 1
5631 3814 4446 4307 1
4265 4283 4745 4700 1
4904 521 3646 5298 1
3444 1755 4892 1575 1
5045 4892 1755 4649 1
3180 4892 1568 5240 1
4179 4892 3943 1575 1
3180 4179 1568 4892 1
3867 3127 3824 3371 1
4988 356 4399 4651 1
3199 3776 4815 5532 1
4416 1050 4376 3549 1
4930 4952 4743 5243 1
4743 4952 5312 3899 1
5272 4147 945 4893 1
3339 3165 5371 3964 1
5371 3165 4497 4692 1
2376 2371 2399 2447 1
2376 2407 2371 2447 1
2371 2376 2399 3619 1
3043 5401 1486 4911 1
1822 1829 5380 1738 1
4912 779 4326 4556 1
5365 1778 4732 5380 1
3641 3310 2209 4253 1
3310 4564 2209 4253 1
1050 979 4376 3549 1
33 23 3626 29 1
2804 4534 4899 818 1
4899 5486 5104 4435 1
818 865 4899 2804 1
4661 4899 5104 4435 1
1775 4516 1805 5292 1
1775 1805 4516 1811 1
613 4790 572 4071 1
4790 600 572 4071 1
645 613 4790 572 1
2166 3913 2174 2132 1
2174 3802 3167 2166 1
3913 2174 3167 2166 1
4468 1024 1017 4593 1
3763 898 4753 859 1
969 910 4128 4903 1
4122 4128 4903 969 1
4530 1692 1783 1732 1
4905 5278 1507 4181 1
1783 1870 2848 1837 1
1783 1870 1837 1821 1
1724 1837 1746 1821 1
1172 1177 3516 4501 1
1172 3516 4035 4501 1
1783 2848 1870 1846 1
734 4419 5425 4826 1
3749 4501 1327 1177 1
2064 2076 3770 2116 1
3960 2760 1924 1991 1
1927 1924 1991 3960 1
3412 4613 4907 951 1
5037 982 4907 5621 1
4300 5621 4907 982 1
2809 1271 3151 1336 1
3948 951 4907 4300 1
3929 3775 4631 1111 1
991 1111 3929 1116 1
4980 4908 4184 3180 1
902 4254 876 750 1
3724 2009 5345 4659 1
3724 4311 2009 4659 1
4446 4965 5631 4307 1
4835 4923 1792 4761 1
4923 4728 1844 3965 1
490 466 4958 4478 1
643 4958 596 3499 1
694 720 4041 4909 1
4792 1339 4894 3484 1
1839 4924 1896 4768 1
1896 4924 1839 1878 1
3019 3055 3005 4371 1
2036 3246 4132 3621 1
4671 3610 1620 4171 1
2036 3621 1983 3246 1
4023 4963 1748 1628 1
1717 1596 1628 4023 1
4023 1748 4963 4088 1
5167 5397 4732 1778 1
5167 5397 4232 5002 1
5457 4732 5002 4666 1
5168 856 3809 940 1
4913 856 3423 3809 1
419 425 4786 507 1
419 4499 507 4786 1
419 4786 361 4499 1
2419 2400 2441 2395 1
2395 2419 2400 2370 1
695 642 4914 656 1
2420 2419 2441 2395 1
4834 4153 3706 1639 1
901 1084 2730 5351 1
910 823 4869 897 1
366 4916 435 395 1
458 468 449 4628 1
2775 468 505 458 1
366 4916 3475 424 1
2775 458 4628 468 1
424 435 366 4916 1
910 855 4869 823 1
468 449 4286 458 1
458 475 4935 468 1
458 4935 475 462 1
855 773 793 913 1
855 708 793 773 1
5412 4879 3827 4548 1
370 423 456 4547 1
433 423 456 370 1
4547 456 428 423 1
4454 3846 483 396 1
3730 3771 4936 4433 1
468 4935 4286 435 1
395 4286 418 435 1
4750 4550 44 4707 1
44 34 4582 4707 1
4707 4582 95 34 1
4060 4442 1577 3511 1
5453 5374 4858 1337 1
1382 4883 5477 1337 1
4858 4677 5453 4459 1
535 4919 545 570 1
1487 1526 1578 1442 1
1487 1312 1526 1442 1
4412 1526 3511 1655 1
1487 1578 1526 1655 1
4938 5099 4002 3976 1
4064 4957 3510 379 1
5580 5457 5002 3508 1
1500 1439 1322 1367 1
1412 4017 4636 5154 1
1500 1367 1322 1531 1
1500 1531 1322 1489 1
1500 1489 5568 1481 1
2255 3114 2653 2480 1
1412 1568 4636 1575 1
2255 2202 2653 2328 1
1794 5580 3508 5153 1
5002 4666 3508 5457 1
36 4541 28 20 1
2871 4330 4776 4217 1
4519 5033 976 4783 1
2107 3962 2145 3034 1
3034 3962 2145 5333 1
2161 3978 3962 5333 1
4774 4650 4565 4537 1
4123 4565 4537 4774 1
4129 4920 4060 1344 1
5533 1577 4920 4060 1
4129 1512 4920 4928 1
1334 5281 3473 4381 1
5052 1510 1355 3742 1
3969 2514 4221 4921 1
4832 4400 2511 4921 1
4326 4944 4556 5561 1
2258 2224 2256 2242 1
4722 3939 4702 4393 1
4722 3939 4373 4702 1
4338 4456 894 2768 1
5427 1916 4925 5134 1
4934 5440 4619 5472 1
5472 4619 4925 5440 1
5222 4382 1111 1212 1
4741 4561 3902 5607 1
534 3902 4767 4561 1
5631 1700 4965 4446 1
1554 3934 4477 1345 1
4477 3934 4793 1345 1
626 4927 684 701 1
5026 4740 4287 5131 1
4306 4927 684 626 1
4129 5261 3640 4928 1
4129 4657 4928 1344 1
1163 4331 1271 1197 1
4331 1349 1271 1197 1
519 550 4929 4425 1
4425 3424 4206 4929 1
519 4929 550 570 1
519 545 4929 570 1
1087 981 4773 1083 1
4951 1629 5174 5590 1
4951 5591 5301 1473 1
5389 4119 4577 4059 1
4577 4119 5389 4540 1
4843 1824 4247 3815 1
4680 3815 4247 1824 1
4843 4103 1824 3815 1
1801 3815 4680 1824 1
4929 570 545 611 1
4929 550 570 611 1
5524 5158 4714 5362 1
4075 2045 4801 4955 1
4801 1995 4075 5295 1
5234 4955 5526 1986 1
1016 1180 1068 5351 1
4590 939 4674 883 1
998 939 1091 1016 1
3868 815 4010 5183 1
2454 4933 2511 5600 1
2244 3685 3862 3310 1
5595 4619 4934 5440 1
5273 5440 5630 3110 1
3730 905 4433 3165 1
4935 5216 475 462 1
599 500 490 4958 1
643 596 4958 599 1
4478 4958 490 500 1
4043 2746 4592 802 1
4474 908 894 4248 1
4362 4053 4237 84 1
2702 801 4859 4940 1
4940 801 5023 3771 1
4940 801 3771 3730 1
127 5224 176 4263 1
4594 221 4887 224 1
5055 151 4594 155 1
1907 1918 1958 2848 1
4941 1434 4814 3790 1
4941 3330 1434 3790 1
4941 3330 5109 1434 1
4941 5467 4814 1434 1
5109 5467 4941 1434 1
2425 2460 3935 2481 1
2425 2393 2460 2437 1
2425 2381 2460 2393 1
4385 5329 4943 2880 1
2425 2437 2460 2481 1
3106 3338 333 3693 1
4945 326 375 333 1
4106 333 326 4945 1
2064 2065 2076 2107 1
4945 3693 3106 333 1
4945 375 3693 333 1
3362 3363 2076 4801 1
4636 4946 5280 5154 1
3898 4067 4074 3168 1
3898 4067 1594 4074 1
140 122 206 266 1
140 118 122 87 1
118 51 122 87 1
140 122 118 206 1
5055 136 4594 133 1
5055 136 138 155 1
136 5055 4594 155 1
652 644 3893 598 1
652 769 3893 644 1
4382 4898 893 4896 1
3856 4382 5499 4896 1
4948 4540 2698 1093 1
1076 1093 4948 1012 1
4948 4335 2698 4540 1
4948 2698 1012 1093 1
4211 4949 3574 1670 1
1670 4367 4211 4949 1
1377 1251 1320 4950 1
1770 5625 1847 1759 1
1687 4606 5625 1666 1
3730 4149 3771 4433 1
1865 1919 4333 1956 1
4333 1956 1889 1865 1
3799 3590 4580 567 1
567 5416 3590 4580 1
611 5416 3590 567 1
3832 4105 4055 3731 1
3966 3290 4055 3731 1
1164 4481 4953 5187 1
1164 4953 1249 5258 1
5239 4481 4953 1479 1
3874 2107 2104 4954 1
3874 2104 4581 4954 1
4269 675 603 601 1
5238 4112 4809 261 1
261 4112 263 243 1
4721 526 568 511 1
4723 4721 526 568 1
601 4741 3902 5072 1
5546 4956 4592 620 1
366 3475 4957 424 1
424 366 3510 4957 1
3510 4957 366 379 1
5420 1379 5434 4959 1
5554 1379 4959 1457 1
4959 1154 4176 4593 1
5260 1457 4959 4176 1
3990 1183 4962 1000 1
4200 4625 4533 2975 1
1748 4963 1653 1628 1
1802 1924 4963 1748 1
1802 1748 4963 1653 1
5309 4022 1389 1535 1
4157 4299 4964 5373 1
4963 1748 1924 4088 1
4023 4963 5462 4088 1
1270 1493 4533 3955 1
4900 4965 4307 4528 1
4872 266 334 4518 1
334 3443 266 4872 1
4872 3443 266 3672 1
4872 266 4244 3672 1
4872 4518 4244 266 1
4244 266 4518 4531 1
4700 3417 3870 3646 1
4700 3998 3417 3646 1
4966 1967 4270 1842 1
5479 1842 1815 1825 1
3878 5053 5237 832 1
1764 1827 1793 3830 1
4968 3795 1912 4288 1
4968 1912 3904 4288 1
4968 2029 3904 1912 1
913 4128 4122 948 1
1167 948 913 4122 1
855 4128 4122 913 1
4318 1030 3989 4970 1
3989 1030 4450 4970 1
4318 4827 1030 4970 1
4970 4827 1030 1084 1
5411 1780 3867 5245 1
4482 3025 1128 1173 1
554 5572 4972 4721 1
3366 2832 4888 2414 1
4888 2832 2455 2414 1
4849 3580 3542 4440 1
4633 3580 3542 4849 1
1339 4974 1324 3955 1
3955 1493 4974 1270 1
1324 3955 4974 1270 1
1279 1550 3805 3500 1
1279 4171 3805 1550 1
1550 4448 3805 3168 1
1550 3168 3805 3500 1
4171 3805 1550 4448 1
1270 4974 4739 3503 1
1147 4739 1097 4974 1
1270 4974 3503 1493 1
4974 1493 3955 4662 1
4975 4797 2920 1598 1
4975 1477 1492 4066 1
3077 1986 3957 3363 1
4005 4044 4359 5406 1
4235 1599 1329 4976 1
4678 1329 4976 1283 1
5123 4977 3644 1321 1
1279 4977 3805 4171 1
1279 5189 3805 4977 1
912 867 1054 2896 1
912 1054 1073 2896 1
3424 4929 519 545 1
519 497 4425 3424 1
519 3424 4425 4929 1
5407 5146 960 5181 1
854 4521 942 5296 1
4215 5021 5378 1599 1
4215 1599 1329 4235 1
4215 5021 1599 4235 1
3504 3951 3642 4183 1
2129 3504 3642 3378 1
1242 1371 5281 4381 1
928 872 4981 845 1
845 989 4981 928 1
4981 992 1018 845 1
4981 4856 992 845 1
4981 872 4856 845 1
1171 5065 4982 1237 1
1171 4148 4982 3482 1
3482 4148 4982 1486 1
5185 1237 3806 5065 1
1590 4983 1469 1543 1
3052 5092 4983 1469 1
1171 1118 4984 5065 1
5394 4984 1434 5109 1
1233 5065 4984 1118 1
3330 4984 5109 1434 1
2761 1098 4314 4045 1
3806 5514 1390 4982 1
4982 1486 1390 5556 1
4740 4985 4947 2708 1
1102 4992 2692 4139 1
4724 4416 5173 4491 1
3549 3985 4416 4491 1
2692 4992 1102 1221 1
2692 4992 1221 1256 1
3369 1387 1189 1343 1
5271 5007 342 3817 1
5042 2669 4991 842 1
4290 859 4991 751 1
751 4991 4668 859 1
4691 2669 4991 5042 1
4691 4290 4991 751 1
4991 751 4668 842 1
4017 3326 1466 4274 1
3187 4017 3924 4274 1
2744 4030 4389 4853 1
972 4748 981 2872 1
3470 4748 972 2872 1
3470 1150 972 4748 1
2996 4748 972 1150 1
3435 4939 1651 5097 1
4070 4490 5032 38 1
4490 34 5144 43 1
5144 4070 34 4490 1
997 1036 3289 4994 1
4994 4808 1036 4734 1
1036 4994 4734 4545 1
1036 3289 4994 4545 1
4432 4855 1015 1175 1
2849 1172 3749 4855 1
98 107 43 75 1
98 95 43 107 1
987 1107 5428 1010 1
1230 5470 5428 4500 1
1440 1515 4023 1542 1
4705 2758 3384 3954 1
1112 5244 1353 5178 1
4993 1233 4187 1118 1
4187 1118 5244 3598 1
3598 1118 5244 1112 1
5266 5136 734 5447 1
4995 3762 4011 714 1
4339 2737 4721 476 1
511 4339 4721 476 1
4721 476 2737 512 1
547 2797 3384 502 1
3831 4679 2550 5020 1
4932 2514 5413 4998 1
2372 2332 2345 2405 1
4602 2372 2332 2345 1
4602 2332 2287 2345 1
2282 2309 2307 2360 1
2372 2360 2332 2405 1
4157 4299 398 4754 1
3846 4454 4754 3693 1
5029 5003 5349 1852 1
1980 4542 3356 3759 1
5004 1507 1338 4076 1
5005 3805 5189 5143 1
5005 5143 1594 3805 1
1336 1349 5005 1197 1
5005 1336 1594 1410 1
1112 1353 4161 4941 1
5178 1353 1112 4941 1
694 4866 4301 4326 1
694 4909 678 4301 1
5074 1569 5113 5005 1
3852 1476 4520 1747 1
1669 3852 4520 1766 1
2817 5006 1314 1111 1
1668 1669 3852 4520 1
5006 4382 1243 1212 1
3852 4520 1766 1747 1
2739 1727 1669 2740 1
1009 916 4332 5430 1
1009 4332 898 859 1
5008 1995 4029 1923 1
1995 5008 4075 1923 1
3995 4221 4933 2467 1
4221 5413 2467 3995 1
1036 1196 5166 965 1
3852 2739 4322 1669 1
3013 1128 4238 3004 1
4761 4062 1792 5504 1
2740 1552 1669 2739 1
5172 5504 1735 4062 1
1076 2809 1215 4127 1
3384 547 502 574 1
695 3565 4146 4134 1
4134 547 3384 574 1
4645 1542 4370 1672 1
4134 615 3384 547 1
4134 547 589 615 1
1527 1381 5127 5340 1
1596 5340 1369 4796 1
5012 3509 3829 4392 1
5417 1134 5195 3829 1
5012 1069 5520 5251 1
5417 4820 5195 1134 1
2751 1256 1205 5013 1
4186 1237 4148 5013 1
1432 5514 1256 5013 1
5013 4881 1237 4148 1
695 3565 4134 584 1
4993 4139 4992 1102 1
4993 4187 4139 1102 1
801 4146 4369 5023 1
3384 580 4134 574 1
4134 580 642 574 1
1156 4175 1096 4596 1
3510 430 4064 379 1
424 366 435 3510 1
4328 1096 4738 4784 1
5260 4959 5420 4696 1
4696 4468 1154 4593 1
5261 4696 4593 4468 1
5554 1379 5420 4959 1
5261 4593 4696 4959 1
694 4041 678 4909 1
1091 4699 4674 998 1
411 473 430 4064 1
4064 4240 430 3510 1
2903 3147 2596 2838 1
430 473 4240 4064 1
4064 4957 379 411 1
2591 1624 2568 2903 1
4365 2166 3677 2144 1
3472 2144 3677 2166 1
4140 1749 3402 4633 1
4115 3402 4140 4413 1
4152 1749 1752 1819 1
1813 3680 1773 5273 1
2534 4998 5020 4932 1
2474 2495 4679 4197 1
2474 4197 4679 4998 1
1070 5123 1122 5162 1
1197 1070 5123 1122 1
1352 5021 5378 4215 1
3631 3837 4204 737 1
3837 713 737 3797 1
3837 737 3631 3797 1
4302 543 2909 4515 1
4302 4515 628 543 1
3565 695 4146 5023 1
5352 5023 695 3820 1
2775 5267 5080 4243 1
5080 5267 2775 2737 1
5024 554 2737 5572 1
5025 1047 1003 5609 1
1470 1332 5026 4287 1
4784 5131 5026 1332 1
5027 942 4521 5296 1
252 70 336 383 1
1099 5421 4422 5027 1
61 70 27 336 1
957 5027 1052 942 1
5066 5028 4483 5361 1
5028 1796 5619 5177 1
1335 1539 3089 1449 1
1195 1539 1438 3089 1
1195 1335 1539 3089 1
1195 1108 1335 3089 1
1195 1438 1108 3089 1
5028 1796 5177 5066 1
694 4866 779 805 1
5088 4891 720 805 1
5088 805 720 694 1
1307 1572 1623 1587 1
1307 1572 1508 1623 1
4070 5030 4490 38 1
5030 4070 4852 38 1
4444 4852 38 5030 1
5030 5141 4444 44 1
5030 5141 44 4490 1
3288 4384 2363 5198 1
5198 2363 4871 4384 1
5466 5198 2363 4871 1
1929 5050 4088 5236 1
5392 1929 5050 1964 1
1493 1270 4533 4200 1
4650 1231 4631 2817 1
4650 1062 1231 4565 1
5032 3932 25 38 1
25 4070 5032 38 1
856 1003 3264 3423 1
4536 3731 4033 283 1
4519 840 5033 4783 1
2747 840 4083 5033 1
4083 797 5033 840 1
1887 1935 1832 5034 1
1887 4542 1935 5034 1
5061 5035 5188 590 1
4204 620 4722 5036 1
1025 928 2908 1085 1
1025 1085 2908 763 1
5036 4592 802 4043 1
620 5036 4779 4722 1
620 5036 4592 4779 1
993 5204 5582 5044 1
5037 4613 830 951 1
2908 872 1100 928 1
1045 5617 897 1113 1
1113 1103 1045 5617 1
910 5617 897 1045 1
969 1103 1113 5617 1
2708 4163 5058 5131 1
5269 4815 4555 1722 1
2708 4621 1367 4163 1
3508 4232 1845 5286 1
44 4890 4852 5030 1
4070 4890 34 5030 1
29 3732 20 4689 1
4157 397 4299 5039 1
5040 4299 3496 4340 1
4769 580 3384 3954 1
5273 3680 5209 5595 1
1567 3680 1773 5442 1
5236 1924 5031 4088 1
5031 2759 5134 1916 1
1916 5134 5031 5236 1
4190 5130 5336 966 1
4769 642 701 684 1
777 4691 4290 5042 1
4769 701 626 615 1
3384 549 520 4705 1
5044 5037 5621 982 1
5044 5444 5251 5520 1
4134 4769 3384 615 1
5240 1743 5045 1571 1
681 5501 4558 4747 1
666 681 4558 4747 1
1406 5046 4129 1253 1
4129 3640 1253 5046 1
4052 1551 1612 1649 1
4412 1406 1253 5046 1
4052 1281 2785 4394 1
4553 5050 1929 1964 1
1929 4088 5050 3786 1
4766 5050 1929 4553 1
4766 5050 3786 1929 1
4960 5051 894 908 1
1314 1243 1249 1212 1
1314 1408 1243 1297 1
5372 3458 5053 5237 1
2804 4969 5183 815 1
756 4471 797 2804 1
2880 4637 802 4043 1
4204 5036 4637 4043 1
3831 2534 3100 2553 1
2337 2364 2361 2341 1
2425 3882 2460 2381 1
2337 2364 2341 2352 1
4594 133 199 5055 1
3882 3935 2425 2460 1
1865 1956 1889 5057 1
4272 5423 3198 5138 1
3740 3859 5057 1956 1
3148 1685 1715 5235 1
5057 1865 5559 1836 1
5057 1865 1836 1889 1
5059 804 3797 4000 1
5059 761 742 3797 1
5059 4391 843 761 1
804 4000 5059 4391 1
4043 5329 711 4961 1
4794 1601 1631 2740 1
2740 4794 2894 1631 1
4794 1631 1456 2894 1
4258 2701 940 5025 1
5247 1586 1441 2685 1
2894 4794 2740 2739 1
1456 2739 4794 2894 1
4725 1586 5143 5247 1
4798 1982 2038 1947 1
4516 1576 4431 4390 1
1982 1947 4798 1917 1
3853 4431 1811 1576 1
1982 1917 4798 1950 1
1982 1950 4798 1999 1
4801 3362 2045 2076 1
4516 4431 1576 1811 1
929 5060 1057 4756 1
3649 5060 929 4756 1
5060 990 4701 929 1
4160 990 4701 5060 1
5060 1418 3790 4292 1
5060 1418 4292 4160 1
4955 2045 4801 3362 1
4742 5060 4756 3330 1
5060 3330 4742 3790 1
4269 5061 703 5408 1
4801 4955 3362 1986 1
4875 2065 2045 2015 1
2643 1922 1962 3617 1
4288 3795 1912 1814 1
5062 5325 2760 1978 1
5063 2534 3831 2553 1
3901 673 721 794 1
5063 3831 4998 4679 1
4234 2553 4050 5063 1
4234 5063 4050 4829 1
3901 673 624 721 1
3901 815 3726 794 1
5063 4998 2534 4932 1
3151 1076 1271 2809 1
1279 4102 3805 5189 1
5113 3059 4168 3805 1
1377 5228 5113 4057 1
5113 4168 4102 3805 1
964 5065 1118 925 1
1336 1197 1271 1349 1
4993 1118 964 5065 1
4993 1233 1118 5065 1
1197 1279 4102 1122 1
1401 1663 3827 5066 1
4314 3790 4245 4292 1
5457 5067 4732 4026 1
5266 4562 739 5068 1
5336 4789 809 5068 1
3164 4803 5266 4772 1
3567 1752 5433 5017 1
2809 1320 1238 1215 1
1154 4678 4813 5260 1
1154 4696 5260 4813 1
1154 4959 5260 4696 1
1320 2809 1251 1377 1
1154 4696 4593 4959 1
5069 666 681 735 1
4098 3627 4136 5454 1
2809 1320 1251 1238 1
681 5069 3652 666 1
2279 3887 2259 2266 1
681 3652 5069 3627 1
4098 735 5069 681 1
5069 681 3627 4098 1
2259 2228 3887 2242 1
3887 2279 2259 2307 1
4087 3058 3794 1387 1
873 868 780 785 1
873 958 780 868 1
4972 605 5072 4351 1
4972 4741 5072 605 1
1078 4304 3412 4907 1
722 761 4824 713 1
4196 1072 5073 1038 1
5093 4537 4304 4123 1
4727 1075 5073 1072 1
4380 1225 4304 1281 1
1336 5005 5074 2809 1
5074 1336 2809 3151 1
3760 1569 5074 5005 1
5210 4483 5317 5028 1
4637 883 841 871 1
2880 4590 883 4637 1
5299 4483 5210 5028 1
853 887 810 4207 1
887 4207 672 3818 1
957 942 1052 5075 1
5075 942 4109 957 1
4300 1145 982 1078 1
1227 4300 1078 1145 1
4300 4907 1078 982 1
3685 2237 2198 2220 1
4831 133 117 5508 1
4831 117 133 2798 1
4831 83 117 2798 1
4831 5206 133 5055 1
4831 4603 5206 92 1
4831 5206 83 2798 1
4831 133 5206 2798 1
2220 3685 4154 2198 1
4210 823 4869 689 1
4833 719 787 5014 1
1580 4834 4153 3682 1
690 648 629 623 1
4833 629 690 3570 1
690 4833 3570 4895 1
3679 1749 4609 3540 1
4609 1749 1819 3540 1
648 623 690 4306 1
690 740 648 4306 1
775 461 494 2622 1
679 708 689 5145 1
640 621 5145 3231 1
173 189 157 116 1
173 207 189 169 1
173 191 157 189 1
173 207 191 189 1
2846 2932 1626 3009 1
4107 4788 4523 5077 1
4107 3407 5077 2290 1
4464 2298 5077 5487 1
5077 3407 4871 2290 1
4464 5466 5487 5077 1
4659 4009 1996 4922 1
1996 5338 4922 4009 1
4659 5345 5212 2009 1
1155 907 738 3327 1
1155 3205 1110 1877 1
1155 3327 2646 907 1
1155 907 2646 1933 1
5518 5096 637 5043 1
5518 5043 4114 5096 1
3897 3837 4204 4673 1
3286 3837 3897 4673 1
5080 5024 5335 4243 1
467 2737 512 5080 1
2199 3085 2346 2484 1
4470 4379 1571 1358 1
3975 1180 1068 4166 1
5082 1437 5327 5127 1
5127 5463 1382 1515 1
1527 5340 5127 5082 1
5083 880 946 966 1
5083 946 4570 966 1
4858 1170 2940 947 1
5106 4287 3435 5469 1
4226 4382 5006 1111 1
1356 1515 1337 1402 1
1356 4865 4858 5477 1
3600 3998 3761 410 1
3600 3659 4438 3998 1
4038 352 4873 4697 1
440 4038 5481 4587 1
1356 1170 4858 4865 1
4858 1218 1170 1153 1
1337 4858 5477 1356 1
1218 4865 4858 1170 1
1152 1218 1153 1044 1
5533 4730 1379 4494 1
1152 1044 1153 947 1
5626 4102 5574 1094 1
4086 5626 1215 4102 1
4758 4102 1094 5574 1
5086 5251 993 5582 1
1152 1218 1044 5163 1
5087 816 770 4868 1
816 770 4944 5087 1
1074 5089 4458 4503 1
5163 1218 1225 5424 1
4391 5090 888 4763 1
5090 4763 4391 5499 1
3848 4401 3839 5205 1
212 2836 168 182 1
3926 5091 3630 3427 1
212 202 282 2794 1
212 282 237 3212 1
212 2794 282 3212 1
5093 4329 4380 3134 1
5093 4380 4329 4565 1
4864 520 475 505 1
5093 4565 1078 4537 1
1078 4537 4304 5093 1
4864 2758 520 505 1
4864 552 2758 505 1
4864 565 520 2758 1
4864 552 565 2758 1
523 4635 2797 462 1
777 5436 5594 5274 1
5123 1279 3644 4977 1
4977 1321 4171 3644 1
553 581 590 5095 1
590 5095 592 5061 1
5061 5095 592 4787 1
787 867 4869 831 1
831 719 4210 5014 1
3964 5371 4692 3165 1
2699 2653 2806 2725 1
5436 5594 5100 777 1
2653 2255 2699 2202 1
1507 1636 5278 3682 1
3188 4044 4359 4230 1
4005 4044 4230 4359 1
3898 4074 3354 3168 1
1569 1377 5113 4057 1
5074 5113 1569 1377 1
852 4445 824 5272 1
1085 5103 1298 1310 1
1090 5103 1298 1085 1
1090 5103 1085 4328 1
3747 5103 1085 1310 1
3747 5103 4328 1085 1
5033 840 797 4783 1
2747 5033 976 4519 1
3969 2555 2514 4921 1
4921 2534 2555 5020 1
3246 4807 4782 5264 1
4132 4807 3246 5264 1
879 2746 2880 802 1
2746 4385 879 2880 1
4310 818 865 5104 1
2746 802 879 5588 1
4310 5497 5104 908 1
818 865 5104 4899 1
4679 3995 3366 2474 1
4888 3366 3995 2474 1
4888 5114 3269 2445 1
4888 2455 4195 2445 1
3995 4998 2474 4679 1
2474 5114 4195 5413 1
1594 5451 4074 5107 1
5107 1724 1594 1746 1
4888 3142 2406 2414 1
4888 2455 3142 2414 1
5107 4725 5247 1692 1
1594 5451 5107 1746 1
4067 5107 1594 4074 1
5107 5247 4067 1594 1
1628 1653 5510 4963 1
1802 4963 4804 1653 1
1795 5510 4963 1717 1
5001 2482 2509 2528 1
4804 4963 1795 5510 1
1728 5210 5317 5028 1
3040 4910 4213 3766 1
3040 4275 4213 1084 1
1084 4275 1189 3040 1
5178 1112 4742 4941 1
1233 4984 5109 1118 1
3330 4984 1118 5109 1
2798 5055 133 5206 1
144 5055 2798 5206 1
5550 1689 5110 1535 1
1731 5110 4720 1738 1
5111 1683 1577 5445 1
4412 1406 1512 4193 1
5573 5269 1848 5067 1
4332 914 4131 4208 1
5460 1402 1542 1431 1
5460 1402 1440 1542 1
4645 1542 1431 5460 1
4219 1986 5234 5503 1
4083 5033 797 875 1
4083 797 4479 4007 1
4035 4501 4141 5004 1
4898 893 843 5367 1
3856 4763 5090 5499 1
4035 4629 4141 4501 1
1377 5011 2809 5113 1
5074 5113 2809 5005 1
1836 1769 3786 1730 1
1836 1769 1912 3786 1
5527 5557 3531 4110 1
5114 3995 3269 2467 1
5114 2467 3269 2445 1
5114 2445 4195 5413 1
5115 568 3419 511 1
2758 568 5115 511 1
1202 1236 1192 5116 1
4898 871 950 5186 1
513 473 537 522 1
1919 4229 4675 3859 1
4469 1865 3859 4229 1
4469 4229 1911 5559 1
4801 5295 5117 1995 1
1995 5117 4687 2019 1
5117 4801 1995 4687 1
3559 3851 3539 889 1
1087 981 1221 4773 1
981 1261 1221 4773 1
1221 1261 981 4748 1
3162 1182 1354 1138 1
3042 5191 1621 5253 1
345 4536 3653 4513 1
345 4513 374 4536 1
4513 4861 5539 408 1
5195 5437 4820 5417 1
4820 5437 4987 5417 1
1807 3137 2664 1842 1
1786 1787 1797 4906 1
3548 3404 4816 3582 1
3180 1855 4901 5119 1
1855 4908 5119 3180 1
4188 4940 3730 801 1
4940 4188 2702 801 1
695 5121 656 4914 1
4829 4832 2534 4050 1
4050 2553 2534 5063 1
4050 5063 2534 4829 1
3600 4324 5288 3761 1
3600 374 4513 4861 1
3029 1721 1612 5122 1
3894 1721 5122 5226 1
4717 5122 5226 3894 1
5594 5436 4682 5274 1
4380 4304 1225 3856 1
1225 4380 3856 1305 1
3856 4304 1225 4763 1
1197 1089 5123 1070 1
1122 1197 1279 5123 1
5143 4067 3805 4448 1
5143 3805 4171 4448 1
1038 5275 5073 988 1
4196 1038 5073 988 1
3662 5124 5307 5407 1
3888 854 3488 5124 1
5124 5407 3488 960 1
5358 5587 275 4173 1
1511 5368 5125 1432 1
1511 5125 5368 4031 1
1511 5125 4031 4410 1
1511 5125 4703 1432 1
1596 1515 5127 1628 1
1369 1596 5463 5127 1
5127 1596 5463 1515 1
1333 4762 5128 4825 1
3998 4700 3417 3761 1
5372 5130 5237 4706 1
5130 4521 5135 5544 1
5130 5372 5237 1101 1
4661 5199 4326 4551 1
4661 4326 770 4944 1
5026 5131 4287 1332 1
5131 4163 5058 1332 1
2669 4691 680 705 1
4344 680 4691 705 1
3539 4652 3559 1032 1
4652 1032 1020 3559 1
860 4652 3539 1032 1
4925 5134 5236 5462 1
5236 1924 5462 5134 1
3458 5237 870 3878 1
870 4422 832 5237 1
4422 5130 832 5237 1
1211 1192 3347 1272 1
3347 4261 3559 1192 1
3347 1211 4261 1192 1
2174 4504 4305 3802 1
4217 4305 2174 4504 1
5514 1486 4881 5253 1
5125 4881 1621 5253 1
4508 4553 3841 1929 1
3405 1074 4971 3056 1
3174 1099 4854 3056 1
3174 1074 3056 4854 1
4113 1136 3826 1257 1
1453 1517 4877 5414 1
3660 288 337 311 1
5467 5138 4814 1434 1
1434 4848 5138 4814 1
2849 5169 4076 1183 1
3914 1183 4076 5169 1
3914 1183 5169 1436 1
5224 176 4263 4065 1
4263 3973 4063 4313 1
4063 4263 4313 127 1
4263 4065 4063 3973 1
3180 4908 5139 1676 1
1743 1676 5139 4528 1
3180 5139 1743 1676 1
5397 5330 1886 4465 1
4732 5330 4465 4979 1
5457 5148 4732 4979 1
5141 4352 38 84 1
4260 84 5141 38 1
38 4260 4444 5141 1
5030 38 4444 5141 1
5030 38 5141 4490 1
1886 1856 2848 5142 1
5155 4376 999 5485 1
4376 5485 4498 4584 1
5240 1743 3180 5045 1
5240 4892 3444 5045 1
1568 3444 4892 1575 1
4301 4866 5561 4326 1
5561 4326 4866 4556 1
4326 779 4866 4556 1
1042 4180 4487 4677 1
4487 2778 3854 1042 1
4935 435 4466 418 1
4935 5216 4466 475 1
4935 418 4286 435 1
1586 1441 1378 5143 1
1586 4725 5143 4448 1
5534 4518 4988 360 1
2188 2165 3023 3986 1
5351 881 955 901 1
3975 5351 955 1068 1
3573 881 3975 5351 1
5032 4070 5144 4490 1
5454 3930 741 679 1
725 698 3237 712 1
3237 4403 750 712 1
4843 4276 4247 1824 1
5125 4881 1455 1621 1
2306 3513 2391 2324 1
3924 4383 1690 3030 1
4590 939 1091 4674 1
2356 3513 2745 2475 1
3142 2389 2352 2414 1
3142 2455 2389 2414 1
2054 2052 2060 2090 1
4281 288 5203 303 1
303 4281 288 3660 1
2054 2060 2017 1971 1
2060 2017 2052 2054 1
2060 2052 2072 2090 1
4230 1867 1763 5245 1
4005 5245 4230 1763 1
1609 5245 4005 1763 1
4910 3441 4482 3666 1
4120 4534 706 4471 1
2804 706 4534 4471 1
5147 4270 1932 5479 1
3139 5176 1932 5479 1
1574 4516 4431 4390 1
5128 4095 4825 5309 1
1389 4762 4825 5309 1
5148 1829 4732 4979 1
4346 1385 5149 3746 1
1282 5193 5149 3235 1
5243 4952 5112 3337 1
601 603 4612 4351 1
4653 3098 5140 4389 1
5152 3574 1683 1655 1
5152 1683 1577 1655 1
5151 4776 2158 2183 1
5151 2174 2158 4626 1
5151 2871 4626 2158 1
5151 4776 2871 2158 1
5151 2174 2183 2158 1
4235 1599 4976 5200 1
1283 4235 1329 4976 1
4215 4235 1329 1283 1
4215 1352 4235 1283 1
3677 2101 4591 3999 1
4396 4033 4536 4003 1
5409 1584 5192 4654 1
4442 5152 4060 1577 1
3355 5580 5153 1848 1
1812 1937 4627 5153 1
1318 1386 4380 1573 1
760 647 3491 784 1
933 1173 979 5155 1
999 5155 933 979 1
979 4376 999 5155 1
321 350 4873 5156 1
4586 350 5156 402 1
1058 5344 1048 1088 1
1088 5344 1048 3304 1
1058 5344 1088 4086 1
5344 4168 1088 4086 1
1728 5157 5317 2711 1
3906 2711 5157 1812 1
5196 1763 1867 5245 1
5605 5281 1562 1366 1
2133 2140 2155 4967 1
5042 916 4332 5202 1
5042 916 5430 4332 1
4521 942 5027 957 1
4089 3922 5578 4321 1
5500 637 5188 561 1
4647 561 4206 5159 1
4206 579 5159 561 1
5160 4945 4068 398 1
1055 5161 5170 1143 1
5162 1279 1122 4758 1
4315 3077 3904 2004 1
2004 5503 4288 4315 1
1783 3589 1776 5429 1
1387 2813 4095 4822 1
4822 4539 1622 1387 1
1387 4539 2813 4822 1
5532 3776 4815 3112 1
5149 4817 3235 4239 1
3105 4844 1455 1205 1
4844 3032 3715 3105 1
1218 1405 5424 5477 1
1225 1067 1044 5163 1
5163 4842 1067 1152 1
5424 5038 4883 5477 1
1044 1218 1225 5163 1
4728 4152 1621 4093 1
186 245 5570 224 1
3283 186 5570 269 1
245 186 5570 3847 1
186 3283 5570 3847 1
269 5570 224 186 1
4285 5164 1634 4036 1
5164 1686 5579 4952 1
5165 4077 3997 2303 1
4023 1717 4963 1628 1
5326 5207 3424 545 1
5326 5302 545 5512 1
3496 5207 3424 5326 1
4299 498 5326 5120 1
5409 4949 5583 4654 1
5409 5583 1584 4654 1
4367 1599 5378 5021 1
4949 5583 5021 5409 1
1732 1687 5429 1771 1
3412 917 4907 4613 1
1036 4545 4734 5166 1
1036 5166 1196 3289 1
1036 3289 4545 5166 1
5489 5584 3938 5167 1
1778 5250 5584 5167 1
3589 1783 1692 1732 1
4873 352 319 4697 1
3589 1692 3061 1732 1
940 856 4546 5168 1
3809 5168 4913 856 1
1573 4846 1588 1679 1
4846 1443 4375 1588 1
4846 1588 4375 1573 1
1818 5172 4062 4761 1
4062 3755 1752 3223 1
4899 865 894 4456 1
4310 5104 865 894 1
894 865 2768 4456 1
996 865 894 4310 1
5104 865 894 4899 1
996 2768 894 865 1
4340 3424 4454 5326 1
4454 3424 4340 3338 1
4454 3424 514 5512 1
4454 3424 3338 514 1
4718 1736 1852 5349 1
1736 4017 3187 4718 1
3138 5272 4445 4119 1
3851 945 3559 4893 1
945 1192 3559 4893 1
735 631 622 4558 1
622 631 594 4558 1
783 3929 762 4451 1
3818 991 783 4451 1
4992 1221 964 1102 1
1233 1118 5244 4187 1
4993 964 1118 4187 1
1256 1237 964 1087 1
5548 5065 964 1237 1
5548 5185 5065 1237 1
1256 1087 964 1221 1
4904 5298 440 487 1
964 5065 5548 4993 1
4993 5548 5185 5065 1
5548 4992 964 4993 1
4993 5548 4992 5185 1
3441 4452 5385 4408 1
444 409 413 343 1
444 413 399 343 1
409 3316 3892 412 1
3662 809 5296 4789 1
807 973 785 780 1
5181 4789 809 5336 1
807 780 785 685 1
807 685 785 733 1
780 785 868 973 1
4996 393 421 5539 1
4246 4780 4611 1230 1
4646 1042 3854 2778 1
4996 431 421 393 1
1122 1279 5162 5123 1
1943 1948 1959 1999 1
1943 1959 1948 1893 1
1943 1959 4798 1999 1
1947 1917 1943 4798 1
1947 1943 1959 4798 1
1947 1959 1943 4997 1
4997 1947 1959 1805 1
5001 2440 2509 4544 1
2440 2387 5001 5000 1
5001 2409 5000 2387 1
4553 5062 5050 1964 1
2440 2457 5000 5001 1
5000 2409 5001 2457 1
5001 2509 2532 2528 1
5000 2387 2409 2354 1
5000 2440 2387 2354 1
5000 2402 2440 2354 1
5000 2409 2402 2354 1
2482 5001 3974 2528 1
2482 3974 5001 2349 1
1135 1202 1121 5170 1
5170 1135 1055 1121 1
1055 5161 1135 5170 1
5170 5161 1135 1202 1
4679 3366 5171 2474 1
2832 5190 5171 3366 1
2474 2455 5190 2495 1
5190 5171 2495 2832 1
5171 2474 2495 4679 1
4600 4491 3313 3918 1
4491 3918 3942 3313 1
4459 3918 890 3942 1
2804 4471 4534 756 1
4589 4661 4912 4551 1
3457 1685 3524 4525 1
818 4912 4661 4944 1
5229 4498 4870 1474 1
4498 1254 4416 5229 1
1660 1643 5385 5446 1
4912 4944 4556 4326 1
4814 1675 5174 1473 1
5201 5174 1473 4814 1
1675 5174 1473 4951 1
4814 1629 5174 1675 1
4951 5174 1473 5201 1
5018 4725 1692 1698 1
4530 1732 5018 1692 1
4448 3238 1698 5018 1
4725 1698 5018 4448 1
4722 5175 620 563 1
620 4722 4779 5175 1
5176 1936 1932 5147 1
5176 1932 5576 4709 1
4763 813 1044 828 1
4527 3680 5442 3498 1
1314 4380 1318 1386 1
718 4430 4373 700 1
5066 5361 5464 1680 1
4304 3134 1078 5093 1
5093 1078 4329 3134 1
5093 4329 1078 4565 1
5355 1713 1795 5531 1
1389 5309 4825 4022 1
5128 5309 4825 4762 1
1112 5244 5178 1118 1
5244 5178 1118 1233 1
1118 1112 4742 5178 1
5015 2316 2296 2343 1
1233 1118 5109 5178 1
4742 5178 4941 5109 1
5127 1381 1369 5340 1
5127 1369 1596 5340 1
4216 5179 3313 3348 1
5332 888 4600 5179 1
1342 1307 1427 1159 1
4825 3151 5456 1333 1
5181 5336 4749 4789 1
4257 5180 3867 5384 1
4645 3905 5460 4024 1
4476 2071 5182 2101 1
5182 2035 2071 4476 1
3293 3488 3787 935 1
3293 3787 3872 935 1
4878 3787 4811 935 1
935 3488 4617 5592 1
4878 3872 3787 935 1
3837 676 742 5458 1
3837 676 5458 4673 1
737 643 758 667 1
5383 1403 1491 4740 1
4740 2855 1311 1403 1
737 783 814 729 1
737 804 814 844 1
5116 1236 1192 4778 1
737 814 783 844 1
865 815 5183 924 1
2804 5183 865 815 1
2473 4601 2408 2465 1
2457 2402 2465 2440 1
2457 2409 2402 5000 1
2457 2402 2440 5000 1
4868 5087 4248 770 1
770 4661 4944 5087 1
4661 5087 770 4248 1
4755 3534 3291 4223 1
4274 4017 3924 1466 1
5413 2467 2514 4221 1
5114 5413 3995 2467 1
5114 5413 2467 2445 1
3993 5004 1172 1175 1
1096 4596 4328 1156 1
4596 4784 1096 4328 1
890 733 846 752 1
2940 890 846 752 1
2940 947 846 890 1
890 947 846 850 1
828 846 947 850 1
4129 5261 1119 1024 1
5261 4593 1119 1024 1
4129 1119 5261 4657 1
5261 1119 4593 4657 1
5261 4468 4593 1024 1
4057 1706 4420 1758 1
5185 1256 4992 4139 1
4993 5185 4992 4139 1
757 4456 845 4397 1
5336 5296 5544 809 1
1533 1589 1495 1586 1
1533 1698 1589 1586 1
5296 5336 5181 809 1
4898 1031 5186 950 1
3345 113 102 2994 1
1412 3924 4017 1466 1
1254 4724 1162 1050 1
5173 1254 4724 1162 1
262 3361 111 45 1
262 45 111 170 1
927 1050 1162 4724 1
901 2730 1016 5351 1
4827 1084 5187 2730 1
4481 5187 4827 1084 1
5231 5404 1645 5290 1
393 325 346 427 1
4470 1556 4428 3410 1
590 607 638 5188 1
4647 5188 5159 607 1
4647 561 5188 5061 1
590 5035 5188 638 1
3678 5186 3741 4226 1
2809 5189 1197 5005 1
1279 1197 5189 4977 1
1279 4102 5189 1197 1
3805 4067 3898 3168 1
3805 3168 3898 3500 1
4448 4067 3805 3168 1
2276 2271 4077 2303 1
4935 418 4466 5216 1
4029 4675 1995 3578 1
3366 5190 2474 4888 1
2474 5190 2455 4888 1
5190 2474 5171 3366 1
2474 5171 2495 5190 1
440 4587 5040 4038 1
1056 1224 5048 983 1
1151 1224 1308 1160 1
1151 1224 1360 1411 1
1151 1224 1179 1360 1
1151 1308 1224 1411 1
1151 1160 1308 1073 1
3165 4692 4296 3803 1
4296 3803 4002 4509 1
4296 4692 4002 3803 1
1224 1151 1056 5048 1
5125 5253 5191 5306 1
3042 5191 1792 1621 1
3042 5191 5253 5306 1
1151 1224 1056 1179 1
4093 5191 1792 4062 1
5125 5191 1621 4410 1
4093 5191 4062 4410 1
4889 3057 3949 3235 1
5194 4810 5533 1577 1
1344 5194 4060 4657 1
4060 5194 5533 1577 1
1344 4959 5194 4657 1
5239 1485 4166 1189 1
1384 1355 5052 1549 1
5239 4953 4166 1485 1
3895 4953 4166 1180 1
5195 4233 3370 3265 1
5052 1708 3742 1550 1
5195 1069 3579 5520 1
3370 4392 5195 3265 1
5052 1355 1510 1549 1
5012 5195 1069 4392 1
5012 5195 4392 3829 1
5012 5520 1069 5195 1
4302 4405 628 4515 1
5284 1763 5196 5245 1
874 1045 910 983 1
5298 521 498 5197 1
5298 498 481 5197 1
1690 1792 4835 5098 1
1736 1682 1782 1690 1
1736 1782 4835 1690 1
5166 1315 3695 4014 1
5198 4746 5466 2363 1
5198 4746 4008 4357 1
4700 410 402 3761 1
4301 5199 4326 770 1
4661 4435 5199 3956 1
4301 4759 5199 770 1
4661 770 4326 5199 1
4087 1387 2964 1189 1
2964 3794 1387 4087 1
893 4226 4000 3741 1
4774 4537 4123 844 1
1879 1824 4103 1801 1
1801 4103 3815 1824 1
1584 5583 4235 5200 1
5200 4976 4752 1579 1
5200 1584 4654 1579 1
4161 5201 5538 1383 1
4951 5174 5201 5590 1
986 5202 880 895 1
914 895 5202 986 1
5394 5635 5480 4984 1
4574 1661 5530 5291 1
5291 4121 4583 5381 1
398 4340 3693 4754 1
4157 398 3693 4754 1
5215 1858 5479 1967 1
5479 1858 1842 1967 1
3139 5479 4862 5551 1
3139 5479 1858 1842 1
806 4510 4521 5135 1
5135 4521 4422 4510 1
4305 2174 3167 3913 1
5055 80 138 136 1
5203 4532 280 5474 1
5203 288 5570 303 1
5204 951 830 5086 1
5204 830 951 5037 1
4363 5205 4885 3495 1
4363 5205 3848 3839 1
5206 112 5055 92 1
1295 4194 4318 5439 1
5302 5207 566 521 1
545 5207 566 5302 1
5326 5302 5207 545 1
1150 2996 5208 1245 1
1150 1261 5208 2996 1
809 4190 5068 4562 1
2174 3802 4305 3167 1
1124 1103 969 3323 1
1103 3323 4122 969 1
2665 476 449 437 1
1567 1716 1773 5209 1
1567 3680 4527 5209 1
1567 1504 5209 1500 1
1773 3680 1567 5209 1
1567 1716 5209 5608 1
5350 5210 5375 1728 1
5210 5483 1728 5350 1
5210 1728 5324 5375 1
1728 5210 5324 5317 1
5483 5210 1728 5028 1
5150 393 477 386 1
601 3900 4612 592 1
5211 5482 4069 5078 1
4956 2746 4592 4043 1
5036 4592 4043 620 1
4204 5036 4043 620 1
386 2665 426 331 1
3304 1494 4780 4611 1
5212 1994 4427 2042 1
4666 5338 5448 5212 1
4666 1968 5212 4185 1
5173 5229 4416 1254 1
1472 5229 1254 4870 1
1254 4498 4870 5229 1
5173 5229 1254 1472 1
1993 4437 3946 4576 1
1935 5214 4862 4709 1
5215 1967 5479 5214 1
4576 4270 1967 5214 1
5628 5215 5214 2005 1
5215 2005 5628 5319 1
3991 5628 5319 5215 1
4862 5551 5479 5215 1
4862 5215 5479 5214 1
2074 5182 3879 2075 1
5182 2101 3879 2075 1
2075 3879 2074 2112 1
5146 3405 960 5181 1
4590 4943 810 2880 1
5303 765 5218 750 1
5303 750 5218 4821 1
5218 2847 5359 803 1
1369 1439 1413 4796 1
5492 4248 4435 770 1
5492 4868 4248 770 1
5492 4435 4681 4926 1
4683 4868 5492 770 1
4681 4926 4683 5492 1
4660 4704 5219 5404 1
2229 2222 2185 2248 1
2229 2185 2222 2175 1
2229 2185 2175 4072 1
2229 4072 2175 2204 1
4072 4967 2175 2204 1
4072 4918 4967 2204 1
5088 597 659 652 1
5088 736 805 694 1
769 652 736 4891 1
644 659 652 4891 1
3859 1956 3740 5117 1
4469 1986 5117 3740 1
5220 1066 5089 1205 1
5220 1282 4844 4186 1
1219 5220 4844 1205 1
1219 1066 5220 1205 1
5220 5089 1282 4186 1
2768 919 4456 865 1
1657 5094 5593 1553 1
3481 3912 4467 3710 1
5234 5503 4212 5054 1
5054 4288 1911 3795 1
1657 2696 1681 1776 1
4510 957 4521 5027 1
1572 2850 4350 1433 1
1348 1131 2850 1335 1
1348 2850 1572 1335 1
4651 4513 5539 356 1
5243 5112 4952 3899 1
4038 4620 5040 4106 1
5040 3496 4038 4106 1
1020 931 1107 4652 1
4652 931 4143 3559 1
332 356 384 5539 1
2754 5539 3595 332 1
4246 1230 4611 4634 1
4246 1230 4271 4780 1
4246 4634 4271 1230 1
1254 4416 4724 1050 1
5173 1254 4416 4724 1
4636 5280 1412 5154 1
1719 4975 2920 1598 1
127 133 5224 136 1
4594 136 5224 133 1
4152 4728 1844 4093 1
4272 1480 4610 1685 1
3758 4610 1480 1685 1
1000 1183 5225 3647 1
4319 3647 3336 1006 1
5225 1183 1000 4962 1
3948 4300 5012 5086 1
1812 1858 5227 1853 1
1858 5227 1887 1812 1
5227 1858 1887 3991 1
3597 3291 3843 5154 1
1853 5227 1967 1858 1
1967 1858 5227 3991 1
1126 1140 1149 3553 1
1126 1140 3592 1149 1
4905 2849 5169 5004 1
694 720 4909 4866 1
694 720 4866 805 1
3710 3403 3912 4467 1
5492 4418 5486 4474 1
4101 5486 5492 4418 1
791 4474 4418 5492 1
4418 4795 4712 4474 1
4335 3557 4397 794 1
4641 4397 4335 3557 1
5228 4686 1317 4420 1
4576 1932 4867 1993 1
1932 4576 4867 5214 1
5214 4867 1932 4709 1
5317 3080 1688 5157 1
3906 1688 3080 5157 1
1667 5219 5404 4660 1
5108 5290 5563 1645 1
1265 1162 2778 1267 1
2891 1234 988 1038 1
988 1234 4196 1038 1
3549 4416 4724 4491 1
4528 1676 1667 5231 1
5231 1676 1667 4660 1
4307 5231 1667 1645 1
4307 3814 3925 5231 1
4428 5290 5404 5231 1
3925 4428 5231 5290 1
467 2737 5080 4628 1
3978 5232 3163 4144 1
5232 3862 5279 4144 1
1030 4827 4318 962 1
4318 4194 1030 962 1
4241 2177 3163 5232 1
1296 1353 5233 3996 1
1353 5233 4713 4272 1
4495 3811 3521 4406 1
4715 1561 4247 3815 1
3902 675 639 601 1
601 3902 675 5072 1
5129 4459 5453 4677 1
927 1050 4724 3549 1
4473 4059 4445 3451 1
2835 5236 5392 1929 1
1929 5050 5236 5392 1
5237 3458 5053 3878 1
5237 5130 832 5053 1
243 4112 5238 261 1
1180 5239 1189 4275 1
5187 5239 4275 4481 1
5187 4481 4953 5239 1
1180 5239 4166 1189 1
1180 4953 4166 5239 1
5276 4660 1676 5240 1
4980 5240 5276 1676 1
4892 3444 1568 5240 1
5523 5240 5045 1571 1
5213 1501 1538 1474 1
4498 4584 5213 1474 1
4498 5213 1538 1474 1
4498 4870 1474 1538 1
3583 1867 3705 3127 1
3127 1867 3705 1849 1
5369 5255 5241 3331 1
4090 5241 3331 5369 1
5241 4090 3331 3082 1
5241 3082 3331 4617 1
4227 5242 1601 1664 1
5269 5243 4555 4815 1
5073 4727 1129 1075 1
1265 2778 5129 4487 1
4645 1630 3905 4024 1
1630 4370 4645 3905 1
1229 5244 3598 4187 1
1353 1206 1296 5244 1
1206 1353 1112 5244 1
5245 1609 5284 1763 1
4905 1452 4429 1327 1
5278 1452 4429 4905 1
4882 4905 4181 4429 1
770 4944 4326 5561 1
5025 4258 5246 1019 1
4725 5143 4067 5247 1
5107 5247 1594 1724 1
5107 4725 4067 5247 1
5442 3680 1773 4925 1
4619 3680 4925 5440 1
5442 4925 1773 2835 1
1968 1952 4427 4185 1
5212 4185 1968 4427 1
5339 1480 5248 1397 1
5133 5522 5429 5132 1
1776 1754 5429 5133 1
2809 5113 5189 5005 1
5113 4102 4127 5189 1
5249 4092 3891 3406 1
3937 1740 3202 5614 1
993 5044 5582 5251 1
1657 5133 5593 5094 1
5251 982 5621 4300 1
5044 982 5621 5251 1
5133 2696 1776 1754 1
5253 5191 1621 5125 1
1809 5429 4999 1771 1
5522 5429 1754 5133 1
4789 739 809 5068 1
408 4324 3600 3761 1
3600 408 4513 4324 1
3600 3998 408 3761 1
408 3600 4438 3998 1
1836 4096 4315 5057 1
4315 1836 4288 3904 1
1836 4315 4212 5057 1
4288 4212 1836 4315 1
5094 5133 1725 1657 1
5133 1725 2696 1754 1
981 882 1087 964 1
981 941 882 964 1
3948 951 5086 1013 1
989 943 4641 845 1
5386 1859 5606 1902 1
5386 5496 5390 5606 1
1859 5496 5606 4731 1
727 731 3896 683 1
3896 765 731 727 1
3811 3127 3705 1849 1
3811 3705 3521 4406 1
4084 215 4065 226 1
1368 1483 4099 1574 1
1483 1368 4099 1301 1
150 215 164 148 1
2276 2303 4077 5165 1
2276 2254 4107 5165 1
4107 2254 4788 5165 1
5441 1200 1241 4840 1
1241 1200 5603 4840 1
5472 1945 5256 1921 1
4270 5256 1993 1921 1
5256 1945 1993 1921 1
4359 4044 3188 4398 1
4044 3869 4398 5257 1
4209 5257 4398 3869 1
4209 5257 3869 5265 1
4359 5406 4044 5257 1
1494 1576 4390 4431 1
1016 998 1068 5258 1
1164 1091 1016 5258 1
1164 5258 1016 1180 1
1091 5258 4699 998 1
1244 4258 1294 5246 1
1154 4176 4752 5260 1
1154 4678 5260 4752 1
1154 5260 4959 4176 1
4405 628 709 711 1
4405 709 628 4515 1
1334 1286 2680 1366 1
5081 2680 1366 3518 1
4292 4045 4245 4314 1
5554 1379 1457 4818 1
5260 4959 1457 5554 1
1494 1317 4780 4708 1
4420 1317 1494 4708 1
4129 5261 1024 3640 1
4938 3931 3976 5262 1
1453 1435 1462 3718 1
1453 1563 1435 3718 1
386 467 480 403 1
4988 384 4518 356 1
384 4518 356 332 1
5394 1434 5423 5467 1
825 964 857 925 1
825 964 882 941 1
4879 1527 5263 4548 1
4548 5263 5210 1527 1
473 555 522 532 1
473 465 555 532 1
5386 1859 5496 5606 1
1859 5496 1813 5386 1
5150 346 393 386 1
1939 5390 4731 5606 1
1859 5496 4731 1843 1
5150 403 346 386 1
1843 5496 1813 1859 1
5150 346 427 393 1
427 346 5150 403 1
4132 4807 5264 1987 1
576 554 5267 5024 1
4243 3801 4268 505 1
4243 576 4268 5267 1
5150 480 403 386 1
5150 477 480 386 1
469 518 477 3563 1
427 5150 477 469 1
427 403 5150 469 1
1722 1794 5269 4757 1
4265 487 3799 4904 1
4904 3799 521 5197 1
480 477 5150 469 1
5150 469 403 480 1
4176 5021 1502 1352 1
681 5501 5016 5454 1
3930 621 5454 5016 1
621 5145 3930 679 1
3930 679 5454 621 1
3936 1983 1884 4614 1
4614 1884 5286 1983 1
1921 1983 1866 5468 1
1884 1983 5468 1845 1
1921 1983 5468 3936 1
646 5303 727 700 1
700 727 765 5303 1
700 765 5218 5303 1
700 5303 5218 4821 1
306 4897 5271 335 1
2193 2205 2176 2164 1
5629 5106 4985 5542 1
3446 5629 5542 5106 1
5097 3446 4726 5106 1
2193 2176 2161 2143 1
2193 2176 2226 2211 1
2193 2176 2205 2226 1
5595 3680 5440 5273 1
1586 1533 4671 4423 1
1208 3151 4825 1333 1
874 856 4546 940 1
874 864 837 856 1
874 2701 837 910 1
874 4546 2701 940 1
874 2701 910 1045 1
4167 956 3968 5275 1
322 408 4513 2754 1
1038 1072 5073 5275 1
3653 285 300 208 1
4313 4352 5141 84 1
4313 84 4260 127 1
4260 84 4313 5141 1
5276 1568 1530 1450 1
4513 2754 408 5539 1
3903 25 29 16 1
5277 1127 5482 1200 1
5562 1127 5482 5277 1
1127 1200 5277 5603 1
5004 4501 4141 5278 1
4141 5278 1452 5101 1
4905 5278 4501 5004 1
3961 3454 5279 3685 1
3961 5279 3623 3862 1
223 238 196 250 1
4035 3516 1580 5552 1
1580 1646 5552 3516 1
4035 5552 1580 4141 1
1580 4141 5552 3682 1
1580 3682 5552 1646 1
1178 4657 5261 4959 1
4959 4593 5194 4657 1
4636 4946 1530 5280 1
4301 678 4790 4759 1
4636 1530 1412 5280 1
5113 3059 3898 4057 1
1102 941 3183 2996 1
3027 5438 5339 1480 1
4604 5388 1694 5415 1
4046 5438 5415 5248 1
5339 5438 5248 1480 1
2835 4323 1813 1773 1
5496 4323 4731 1843 1
1843 4323 1813 5496 1
530 521 3646 4904 1
530 3799 521 4904 1
530 4580 521 3799 1
530 521 4580 3646 1
579 5416 4205 611 1
607 4535 5473 4205 1
637 5473 627 5500 1
4805 4780 4575 5161 1
5282 5591 4951 1473 1
4245 5282 1473 1407 1
4245 5282 1407 4278 1
5283 992 1018 4981 1
1773 3680 1813 4925 1
5491 5284 5196 5245 1
5515 5402 5491 5245 1
4679 3366 2481 5171 1
4679 2481 3366 2536 1
2481 5171 2495 4679 1
5612 1604 5038 5395 1
5327 5082 5038 1437 1
1604 5082 5038 5395 1
1006 3647 1000 4319 1
1000 3647 5225 4319 1
32 5032 5144 4490 1
4781 5285 655 663 1
5285 4433 663 4497 1
4356 4730 4818 1457 1
3906 1701 1548 1688 1
4666 5448 5070 5286 1
4324 345 374 5288 1
345 5288 354 374 1
3769 1719 5542 3413 1
1672 1582 1730 1774 1
1263 4538 1072 1038 1
1263 4538 3429 3287 1
2849 4573 4986 5169 1
5559 1865 4229 3908 1
4469 4229 5559 1865 1
5289 5531 1815 1842 1
5289 5355 1815 5531 1
4247 3410 1556 5230 1
1556 5290 3410 4247 1
5290 4247 1556 1561 1
4428 1556 5290 3410 1
1464 1556 1561 5290 1
5291 5530 1691 1661 1
5224 127 117 133 1
1574 4516 5292 4431 1
4516 1805 5292 4431 1
81 137 101 5293 1
1311 1403 4182 1366 1
4784 2708 4740 5131 1
5319 5628 3991 4542 1
5319 2005 5628 4802 1
1386 1573 1588 1558 1
1281 1558 1573 1386 1
1318 1573 1588 1386 1
5300 3728 5294 3834 1
1986 4469 5295 5526 1
4469 1986 5295 5117 1
4955 1986 5295 5526 1
4801 5295 4955 1986 1
4801 1986 5117 5295 1
3662 5544 5296 809 1
4789 5296 5181 809 1
4647 5159 4206 607 1
4206 579 607 5159 1
5416 4206 607 4580 1
5416 579 607 4206 1
3937 4232 5614 5250 1
1643 3794 5112 3899 1
5105 1643 3794 5112 1
5269 1643 5112 3899 1
1058 5344 1135 1048 1
1055 5344 3304 1048 1
1055 1135 5344 1048 1
3936 5363 4078 1909 1
4737 5040 5298 440 1
4352 80 5513 5508 1
5508 80 4313 4352 1
4528 4965 4307 1667 1
1401 5066 3827 1680 1
4879 5464 3827 5299 1
3827 5299 5464 3707 1
3707 5361 4483 5299 1
5361 5299 5028 4483 1
4212 4315 4469 5057 1
4315 5057 3740 4469 1
3792 3048 3844 5294 1
5301 4161 1011 1383 1
5326 498 5302 491 1
5326 498 5207 5302 1
613 678 4790 4071 1
4439 645 4681 613 1
4759 613 678 4790 1
940 1019 5609 5168 1
5609 5168 3809 940 1
5491 4524 1780 5304 1
1750 5304 5196 1851 1
3304 5305 967 974 1
3304 5305 974 3947 1
1257 1136 4877 4113 1
1388 5313 4361 1486 1
1388 1540 4361 5313 1
1388 1540 5313 1506 1
1388 5313 1486 1506 1
1367 1322 1531 1492 1
1204 1492 1322 1367 1
1204 1492 1367 5058 1
4973 5337 1705 4110 1
4110 4973 5493 1705 1
4110 4257 5493 4973 1
5307 935 960 5124 1
5307 5181 5564 4789 1
5307 960 935 5181 1
4743 5308 3899 5312 1
5308 3899 4815 5243 1
4939 1332 1477 1370 1
1651 1477 1370 4939 1
1477 1332 4939 3435 1
5309 4762 5128 3881 1
4614 5286 3724 1983 1
3631 3797 3741 5343 1
3741 871 3631 5367 1
3631 871 4637 5458 1
1386 5310 1396 1558 1
1408 5310 1314 4015 1
1408 1386 1314 5310 1
1851 5311 5196 4923 1
5212 5345 5286 2009 1
5286 1983 3858 2009 1
5212 3858 5286 3508 1
4822 5312 1622 4539 1
4642 1304 1437 5229 1
1304 1437 5229 1472 1
601 4489 4612 3900 1
601 4489 3900 4561 1
601 4489 4561 4741 1
4489 4741 4972 4721 1
4612 4721 4489 4972 1
1540 4461 1682 5313 1
4361 1540 1682 5313 1
5549 5314 1846 1920 1
4530 1870 5314 1846 1
5180 5384 5315 1867 1
4703 5514 4224 3027 1
4336 5316 4225 1039 1
4225 5620 5452 3692 1
4878 1127 5316 5452 1
4004 5316 4336 1039 1
4609 4495 3811 3521 1
4609 4495 3521 3540 1
1401 1680 2734 1448 1
3827 2734 1401 1680 1
5027 3405 4971 3056 1
1516 5317 1688 2693 1
2693 2711 5317 1688 1
1728 5157 2711 1812 1
3460 3730 5318 3078 1
4710 3460 4936 5318 1
4107 5198 2323 5077 1
2323 5198 5466 5077 1
4060 5152 4176 5194 1
4060 5152 5194 1577 1
4176 1457 5194 5192 1
5192 4810 5194 1577 1
5152 5192 4176 5194 1
5550 1634 5309 1535 1
4285 1634 5550 4036 1
4036 1634 5550 5110 1
1634 5309 4285 5550 1
1634 5550 5110 1535 1
5457 4185 4666 3508 1
4666 4185 5212 3508 1
5212 1994 4185 4427 1
3496 4299 5326 4340 1
4754 4299 5326 5120 1
5229 1437 1474 1472 1
4490 5320 5032 38 1
5032 5320 3932 38 1
3932 5320 4352 38 1
5141 5320 38 4352 1
4490 38 5141 5320 1
1381 1304 1255 5173 1
5188 5473 4535 637 1
5188 5043 637 4535 1
5035 5043 5188 4535 1
3924 5098 3577 3030 1
4887 4291 258 3963 1
4291 3963 3415 258 1
3963 4065 4887 4291 1
929 5323 5060 3649 1
5323 949 892 1120 1
5323 4701 1120 929 1
5323 5060 4701 929 1
3649 949 892 5323 1
1516 5324 5317 2693 1
1254 1381 1255 5173 1
1516 2693 1501 5324 1
5324 5210 1516 5317 1
4783 840 797 5183 1
5326 545 3424 5512 1
4754 5326 4454 491 1
4454 5326 3424 5512 1
1304 1472 5173 1381 1
5463 4883 5327 1382 1
5395 5082 5038 5327 1
4734 4014 5166 3695 1
1500 4796 1413 1439 1
1439 5209 1504 1500 1
5209 4527 1500 4796 1
5617 1103 1045 5328 1
2701 5328 4372 910 1
910 2701 5328 1045 1
3287 4808 4734 1008 1
1008 4880 1072 5275 1
1521 1591 4452 1293 1
1822 1829 5330 5380 1
1829 5330 3067 1822 1
4732 5330 1829 5380 1
4732 1829 5330 4979 1
1679 1588 1573 1558 1
4638 1679 1573 1558 1
4381 1334 1472 3473 1
3473 1472 1538 1606 1
4381 1472 4870 1538 1
4381 1472 1254 4870 1
5287 5009 5332 839 1
5292 3972 1917 4658 1
4109 5075 4303 3488 1
1852 5003 4415 3987 1
4241 5333 3092 2194 1
5432 4241 5333 3092 1
5333 3962 2145 4599 1
1472 1474 4870 1538 1
4266 4571 3253 3911 1
5431 4266 3911 4571 1
5196 5334 1867 5311 1
5334 5196 1867 5245 1
3631 742 5458 3837 1
5080 5024 531 5335 1
809 5544 5336 4190 1
5336 5068 809 4190 1
5336 4749 4789 5068 1
1146 1053 1104 4777 1
1146 3151 5456 1104 1
4777 5456 1104 1146 1
4189 4257 4110 4973 1
4973 4189 5337 4110 1
5161 1143 1211 5170 1
673 4048 649 4116 1
4048 4116 673 4456 1
4666 5338 1968 4465 1
4465 1968 1963 5338 1
4666 1968 5338 5212 1
1259 1380 1450 1575 1
1412 1259 1450 1575 1
1412 1450 1259 1209 1
1369 1381 1363 4796 1
1369 4796 1363 1439 1
4796 5340 1369 1381 1
5298 498 521 5207 1
2318 2390 2418 2411 1
2717 287 272 2836 1
1717 1628 1596 5340 1
4966 5472 5256 1921 1
1825 1864 4270 4966 1
2717 311 3823 3283 1
1070 5162 1122 5283 1
5283 1094 4758 1122 1
5162 4758 1122 5283 1
4933 2511 4921 4832 1
1743 1896 1883 1765 1
1743 5139 1883 4528 1
4694 1883 4900 4528 1
1896 4768 1883 1765 1
1743 1883 1834 1765 1
3266 2209 2211 3310 1
3023 2165 2176 3986 1
3266 2209 3310 4154 1
3986 3023 2188 3266 1
3266 3986 2209 4154 1
914 986 5202 1061 1
1061 5202 914 4332 1
5042 4332 4208 914 1
4482 5105 5459 3794 1
2775 505 4243 503 1
5342 1456 4717 2894 1
5342 3489 3084 1456 1
5342 1456 3084 5122 1
5342 5122 4717 1456 1
5342 1456 2739 3489 1
1456 2894 5342 2739 1
350 402 4873 5156 1
3761 4586 410 402 1
5486 894 4712 4456 1
4430 5588 4592 5476 1
5367 3631 3741 5343 1
5343 5059 742 3797 1
3915 4447 3567 3828 1
3515 3915 4447 3567 1
4453 4504 2232 2230 1
4453 4305 4504 2230 1
5218 803 866 847 1
1317 5344 4780 5161 1
5212 1996 5448 5345 1
3724 5345 1996 4659 1
4659 1996 5212 5345 1
5448 3724 5363 5286 1
847 2847 5218 803 1
1569 3760 5074 3881 1
4280 5346 2221 3494 1
3951 5346 2221 4228 1
4280 2231 2221 5346 1
2231 5346 5502 3785 1
2221 3308 5346 3785 1
2221 4228 5346 3308 1
5221 391 394 377 1
5221 407 391 377 1
5221 442 391 407 1
4542 4802 1935 5034 1
3545 507 485 544 1
3545 485 507 456 1
3545 485 456 499 1
2916 918 5287 5347 1
2916 839 866 5347 1
2988 5287 918 5347 1
5287 839 962 2916 1
2916 5287 839 5347 1
2988 839 5287 5347 1
5222 1249 1091 1212 1
5608 5209 5348 4618 1
4226 1111 5222 4382 1
4972 512 4612 4721 1
5222 1111 4699 1249 1
5222 1111 1249 1212 1
1212 1249 1314 1111 1
4410 5306 4062 1694 1
1179 1157 1045 1103 1
3488 5592 960 5146 1
5223 3150 1179 1328 1
5123 1197 1279 4977 1
1851 1736 1750 5349 1
5362 3187 4718 5349 1
1750 5349 5491 5304 1
1750 5304 1851 5349 1
1171 5065 4984 4982 1
1233 5635 4984 5065 1
1595 5375 1538 1501 1
1606 5350 1595 1650 1
1527 5210 1474 5350 1
5210 5263 5350 1527 1
3896 3418 5084 5085 1
733 660 3418 789 1
722 789 3418 660 1
722 3418 789 5084 1
1594 1738 1712 5451 1
1712 5451 1738 1822 1
1778 1594 5451 5365 1
2734 4879 1640 5464 1
4879 1640 5464 5263 1
5263 5464 4879 5299 1
3906 1688 2711 1701 1
3906 1688 5157 2711 1
5317 5157 1688 2711 1
1829 5148 5382 4979 1
5330 4979 1829 3067 1
4190 838 5447 5419 1
5136 5419 4995 3762 1
5419 838 5447 4995 1
734 5266 5447 4562 1
4562 5419 5447 734 1
354 350 5288 345 1
579 4929 545 611 1
579 550 4929 611 1
4324 350 345 5288 1
4513 4324 345 374 1
497 519 550 510 1
4288 1836 1912 3904 1
3904 1836 1912 3786 1
5187 2730 1084 5351 1
1016 5351 955 901 1
3573 3975 1084 5351 1
5352 3460 3820 4710 1
4840 4090 5241 3082 1
4840 3709 4090 3082 1
1896 5230 1894 1878 1
4247 3410 5230 3814 1
3410 5290 3814 4247 1
1878 1894 1896 1974 1
1896 1974 4924 1878 1
2669 3762 5042 5100 1
4768 1974 1896 4823 1
5258 1180 3895 1068 1
5199 770 4559 4435 1
4681 4435 4559 4926 1
3956 4435 5199 645 1
4759 4559 5199 770 1
4559 4926 4439 4681 1
5230 1878 1896 1839 1
5458 871 772 5367 1
5367 742 3631 5343 1
1839 3748 1896 5230 1
1839 1648 1673 5230 1
1076 1093 1133 1169 1
4641 2698 1012 4948 1
5245 5491 1780 5304 1
5491 5245 5196 5304 1
5562 1066 5353 5078 1
5143 5189 1410 1378 1
4977 1378 5143 4171 1
4977 5189 5143 1378 1
5234 3362 4955 1986 1
3385 4964 4754 491 1
5624 5051 894 4960 1
476 2665 426 386 1
2775 4243 505 3801 1
476 515 497 2665 1
5137 4252 791 4156 1
476 386 467 480 1
1680 1713 5355 5177 1
5510 1713 1795 5355 1
2242 2307 2282 2258 1
1864 1927 4270 5256 1
4412 1406 5046 1512 1
1864 5147 4270 1927 1
5331 1312 1240 1253 1
1496 1637 1522 5331 1
1522 1482 5331 1637 1
5383 1491 1310 5356 1
3747 1311 1310 5356 1
5383 4740 1491 5356 1
1311 4740 5356 4784 1
3914 1338 1331 1454 1
3914 1546 1338 1454 1
3879 2071 4591 2101 1
3914 1507 1338 1546 1
5182 2071 3879 2101 1
4904 440 4745 487 1
4401 1486 1390 5514 1
4703 5253 5306 4401 1
5357 1059 4500 1185 1
5357 5435 4500 5470 1
4575 5357 5470 5435 1
4575 1166 5357 1185 1
5358 311 5587 3660 1
3688 3064 5091 3520 1
3520 3064 5091 3119 1
4771 3449 4840 4828 1
5441 1200 4840 3980 1
700 4821 5218 5359 1
4258 2701 5025 5223 1
5281 4574 3250 1661 1
3473 3250 5281 4574 1
5281 1661 5530 4574 1
4574 5281 3473 3518 1
4858 5477 4883 1337 1
1405 1218 4865 5477 1
578 3570 629 5360 1
4833 719 5360 3570 1
3570 5360 616 719 1
1153 1218 1152 4858 1
5361 1713 5464 1680 1
1713 5299 5028 5361 1
491 4964 498 535 1
4273 1223 1502 3934 1
4273 1502 4176 4211 1
1739 5584 1693 5461 1
1693 5167 5584 1739 1
5584 5250 1739 5167 1
5250 5584 1739 5461 1
3534 4755 1451 4223 1
4839 4837 4755 5578 1
5506 4223 1451 4755 1
4858 1153 1170 947 1
4513 356 4651 4536 1
5539 4651 4861 4513 1
4695 1699 2764 1765 1
4695 1834 1699 1765 1
4695 1755 1834 1765 1
3936 4614 1884 5363 1
5363 1884 5286 4614 1
4848 5505 1434 5138 1
1893 1714 1826 1758 1
1893 1827 1826 1948 1
3943 1785 4718 1820 1
1893 1948 1826 1959 1
1893 1826 1827 1758 1
2364 2419 5254 2384 1
5254 2446 2384 2419 1
4736 886 4310 818 1
2341 2364 5254 2384 1
620 4956 4592 4043 1
2384 2370 2364 2419 1
2384 2364 2370 2341 1
5254 2364 2341 2361 1
3293 3888 3488 5124 1
5254 2384 2398 2336 1
5254 2341 2384 2336 1
5254 2336 2398 2361 1
5254 2341 2336 2361 1
1591 1689 5365 5455 1
1829 4732 5380 5541 1
633 600 4071 4137 1
5365 1689 1594 1738 1
5365 1689 1591 1594 1
5365 5455 5541 4732 1
4835 5509 1792 4923 1
4835 5098 1792 5509 1
5259 1172 3357 1175 1
1332 4163 5058 1204 1
1071 1129 1351 1123 1
1071 1351 1421 1123 1
5259 1306 1351 3357 1
1071 1351 1306 1421 1
1071 1351 5259 1306 1
4966 1860 5472 1921 1
5259 1306 3357 3015 1
5106 3435 5097 5469 1
3808 1455 5368 2751 1
3630 5368 1455 4031 1
3630 5368 3808 1455 1
5368 1455 5125 1432 1
5368 5125 1455 4031 1
4280 3802 5346 3494 1
5259 3357 1172 3015 1
3494 3802 5346 3535 1
5031 2759 1916 5392 1
4116 4256 649 5426 1
5426 649 4252 4256 1
4252 732 649 5426 1
5369 3331 4090 3571 1
5292 1775 5540 4658 1
1574 3972 5292 4658 1
1563 3718 1453 1465 1
3093 2208 2163 2851 1
3093 2204 2208 2851 1
2537 2451 2503 2531 1
2537 2516 2451 2531 1
5180 4001 5315 5384 1
4684 4001 4257 5384 1
4802 4449 5079 2005 1
592 5061 3900 4647 1
1602 1749 1752 4152 1
4413 4152 1819 1749 1
592 5061 4647 590 1
1671 5226 3084 3857 1
4203 4438 518 529 1
4936 4433 5285 5371 1
4068 398 3693 4157 1
5373 5039 4299 481 1
5373 4299 4964 481 1
1671 2739 1623 4262 1
1671 4262 1623 1587 1
1671 3489 4262 1484 1
1671 3084 3489 1484 1
1369 1304 5127 5463 1
1369 1304 1381 5127 1
5450 1424 5519 1616 1
5375 1474 1538 1501 1
5350 1538 1595 5375 1
5375 1501 5324 1474 1
5350 5210 1474 5375 1
5210 5375 5324 1474 1
5376 1957 1869 1892 1
1869 1957 5376 4276 1
4215 1352 1391 5378 1
3662 854 5296 4521 1
809 5449 5544 739 1
4562 4803 5266 3164 1
4092 5249 4209 3406 1
4092 5249 5265 4209 1
1101 1099 5372 4016 1
5066 5028 5361 5177 1
1796 5531 5289 1842 1
5355 1795 1815 5531 1
5619 1796 5531 5289 1
5028 1713 5177 5619 1
1683 4356 4810 4730 1
550 611 579 627 1
550 561 627 579 1
550 627 561 4767 1
1050 1210 2864 1090 1
3867 5411 4359 5527 1
4359 5411 5379 5527 1
4111 2769 5379 1619 1
5270 927 827 876 1
5270 1050 927 876 1
5451 5380 1778 5365 1
1210 1050 3821 1090 1
5451 1738 1822 5380 1
1210 1050 2864 1162 1
4652 931 4010 815 1
1606 3173 3250 5475 1
3250 4574 5381 1661 1
3250 5475 3173 5381 1
5595 3173 5381 4934 1
3916 4934 5381 5047 1
5381 1661 4574 5291 1
3524 1685 5388 1694 1
4885 3495 3125 4604 1
5415 5388 1694 1615 1
1875 5148 5382 4616 1
533 2627 3327 432 1
533 363 2627 432 1
533 2627 363 618 1
5383 1310 1403 1311 1
1311 1403 5383 4740 1
1155 738 533 3327 1
1311 5383 1310 5356 1
1311 4740 5383 5356 1
117 194 133 2798 1
117 194 2798 3738 1
5104 4661 4435 4248 1
5104 908 5601 4248 1
4186 4844 5220 1205 1
5005 5143 5189 1410 1
5005 1410 1594 5143 1
2880 810 711 4943 1
2880 4585 4043 711 1
2880 810 4585 711 1
2880 4943 711 5329 1
2880 4043 5329 711 1
4331 1222 5123 1089 1
4331 1197 1089 5123 1
5257 5379 3865 5294 1
4946 1785 5217 4884 1
3316 320 284 4165 1
320 404 342 3919 1
3919 412 4165 3316 1
320 4809 284 4169 1
4169 320 4165 284 1
4169 4165 3919 370 1
1122 4758 4102 1094 1
1058 4086 1135 5344 1
4761 4923 1792 1844 1
4482 5385 5459 5105 1
3441 1660 5459 5385 1
5105 5385 1643 5446 1
4452 1660 5385 5446 1
3441 4452 1660 5385 1
666 4558 594 4747 1
4941 4814 4314 3790 1
4691 4991 4290 5042 1
3951 5346 4228 3535 1
3868 860 815 771 1
860 815 4010 3868 1
4652 4010 860 815 1
1292 968 1136 3982 1
1292 1365 1302 3982 1
1292 1136 1365 3982 1
4739 1338 1147 1175 1
1147 1175 1097 4739 1
1365 1292 1302 1519 1
1365 1302 3426 1519 1
800 843 761 781 1
5258 1180 4953 3895 1
1164 4953 5258 1180 1
5438 1480 5388 5248 1
5388 3758 1480 1685 1
5248 1480 5388 3758 1
5388 1685 4604 1694 1
5225 3647 3993 5575 1
786 895 914 3143 1
3995 5063 4998 4679 1
5389 4335 3784 5604 1
5389 3784 4335 4540 1
5105 5446 1643 4249 1
1643 4249 5112 5105 1
4528 1667 4307 5231 1
5231 1667 1645 5404 1
2041 4576 5079 4449 1
935 3488 5592 960 1
4422 4521 5130 5027 1
5391 3828 3230 4457 1
1939 5427 4731 5390 1
5613 1860 1939 5390 1
1847 5064 1759 5625 1
4512 5064 1710 5625 1
1055 1143 1107 5470 1
5470 1143 1107 5357 1
4780 5161 1055 1143 1
4575 1143 5470 5357 1
4780 1143 5470 4575 1
5498 5391 5555 3230 1
5340 1717 1650 4619 1
1717 1628 5340 1640 1
1779 1729 4443 2740 1
4443 2740 1729 5226 1
4717 1671 2740 5226 1
4443 2740 5226 4717 1
2835 5236 1916 5392 1
2376 2433 2424 2399 1
5392 5031 5236 1916 1
2376 2424 2394 2447 1
5393 992 5283 4981 1
5393 4856 992 4981 1
2392 2454 5297 2421 1
2424 2454 5297 2392 1
3081 1628 1520 1515 1
3081 1515 1748 1628 1
5635 5480 3920 5394 1
1233 4984 5394 5109 1
1233 5635 5394 4984 1
5244 5178 5394 1353 1
4581 2191 2177 3092 1
1382 1520 1405 5395 1
1382 1515 1520 5395 1
1382 5127 1515 5395 1
1382 5395 5038 5327 1
5234 5396 1911 4469 1
4469 5396 1911 4229 1
520 502 574 3384 1
5387 4150 5268 3396 1
5380 1808 1778 5397 1
5337 4644 4079 3481 1
5367 843 4898 5398 1
2988 5398 843 5367 1
601 4561 639 3902 1
1996 4760 5443 5399 1
101 4053 81 5293 1
5400 5350 5263 1527 1
1650 1728 1772 5400 1
1795 5400 1789 1772 1
1795 5510 1717 5400 1
1650 5350 1728 5400 1
1650 1527 5400 5340 1
511 4170 475 4466 1
5401 1486 1506 5616 1
511 4466 475 468 1
4106 5160 326 4620 1
4106 326 5160 4945 1
5160 326 375 4945 1
4493 522 3713 3959 1
1377 4686 5228 4057 1
4134 642 4769 684 1
549 574 3384 520 1
1904 4465 1963 4760 1
3384 580 4769 4134 1
4853 4389 5337 4644 1
4428 1571 5404 1556 1
5404 4704 1571 4660 1
4428 5404 1571 5231 1
5231 4660 5404 1571 1
435 4916 424 5405 1
4916 3475 424 5405 1
3475 3910 5022 5405 1
435 3959 5405 3810 1
5405 473 3810 3959 1
3910 5022 5405 473 1
4990 4720 5110 5541 1
4359 5379 5406 5257 1
5406 5379 3880 5257 1
1246 1247 3470 2872 1
1246 4648 3470 1247 1
4648 4850 1247 1246 1
5179 3348 3896 5085 1
5071 5179 3896 5085 1
5061 5035 5095 4787 1
831 4869 787 5014 1
3662 5407 5296 854 1
854 3488 5407 942 1
3662 5124 5407 854 1
5124 854 3488 5407 1
1690 5098 4835 1736 1
4835 1851 5098 5509 1
5509 1750 1851 5098 1
639 5408 675 4114 1
639 675 5408 4269 1
375 396 3846 3693 1
756 2804 797 840 1
5021 1599 4235 5583 1
5352 4710 5410 4552 1
5581 4710 5410 5352 1
2835 5236 4925 1916 1
4925 1916 5236 5134 1
1609 5411 4005 5245 1
5515 1780 5411 5245 1
320 4165 3919 4169 1
3919 370 342 4169 1
1614 1702 1665 1733 1
3853 1714 1805 4431 1
1706 4420 1714 3853 1
1295 3989 1309 5412 1
3052 5092 1614 4983 1
4481 5412 3989 1295 1
1295 1393 5412 1309 1
1393 5412 4481 1295 1
3449 4874 3734 5441 1
3590 607 5416 4205 1
579 607 5473 4205 1
607 4205 579 5416 1
1233 5185 5635 5065 1
4993 1233 5065 5185 1
5172 4062 1694 1818 1
5414 1517 4877 3157 1
5414 4877 4113 1257 1
1625 3230 1694 1615 1
5415 5555 3230 1694 1
4455 3290 3966 3731 1
4046 5438 1511 5415 1
1511 5438 1694 5415 1
3995 4932 4829 4221 1
4932 4998 5413 3995 1
2309 2332 2282 2287 1
2309 2332 2372 2360 1
4101 4156 5426 4456 1
4101 5486 4456 4435 1
4435 4256 4456 4101 1
4156 5486 4712 4456 1
4256 5426 4456 4101 1
4194 5163 4642 4842 1
4879 4548 5412 3989 1
567 566 5416 4580 1
566 4206 5416 4580 1
566 579 5416 4206 1
5118 1134 4820 5417 1
5417 3876 4388 3829 1
4015 5310 1314 1341 1
4280 5422 5528 5418 1
5418 2232 2230 4355 1
4854 1099 3174 3527 1
4931 1099 4854 3527 1
4490 5320 32 5032 1
3969 2555 4921 4400 1
5273 3680 5440 1813 1
5440 3680 4925 1813 1
1881 4026 5457 5148 1
1881 5067 5457 4026 1
5331 1487 1312 1253 1
4943 4590 853 4674 1
1240 1522 1130 1308 1
4590 4943 853 810 1
1253 1240 1496 1130 1
1496 1240 1522 1130 1
1265 5463 1304 1369 1
1413 1515 1402 5463 1
1253 5331 1496 1240 1
1413 5463 1402 1265 1
1240 1482 5331 1522 1
1496 1240 5331 1522 1
666 778 622 735 1
4908 5119 3180 5139 1
778 666 5069 735 1
3652 5069 778 666 1
734 3762 5100 5419 1
5136 5419 5447 4995 1
5260 5420 5554 4813 1
5290 3925 3410 3814 1
3925 3410 4428 5290 1
5421 4510 5027 957 1
3180 4901 1743 5139 1
1295 5439 3856 1165 1
5422 2232 5346 3802 1
5119 5139 1883 4901 1
5422 2232 5418 5502 1
5422 2232 3802 2230 1
5422 5502 5346 2232 1
5422 2232 2230 5418 1
3269 4933 2454 2467 1
4933 3995 2467 3269 1
1629 4485 3798 1675 1
5138 4485 1629 4814 1
4272 5138 1629 1353 1
4272 1353 5423 5138 1
5138 5467 5423 1434 1
5233 5394 5423 1353 1
4272 5233 5423 1353 1
1225 5424 1309 5163 1
3827 1309 1401 5424 1
1225 1309 5424 1401 1
1309 3827 4879 5424 1
4642 5424 4883 5163 1
4449 5214 2005 5628 1
5372 1209 1101 1259 1
1093 4893 1192 4147 1
5372 5370 895 3458 1
5098 3924 3577 3159 1
5372 3458 895 5053 1
5372 1101 3458 5237 1
5370 1209 3458 5372 1
1209 5372 1101 3458 1
1370 4836 1277 4688 1
140 183 208 108 1
4051 91 183 65 1
140 206 208 4455 1
734 5425 687 4826 1
4726 3435 5106 5542 1
4778 1192 1144 3497 1
4778 1291 1192 3497 1
1291 1169 1192 3497 1
5051 992 5624 1018 1
5624 2768 5051 1018 1
5426 757 4116 4456 1
1848 5243 5269 5573 1
4930 3337 5243 5573 1
5573 5243 5112 3337 1
1860 5427 5472 1939 1
5472 5427 5134 1945 1
1860 5427 5440 5472 1
5472 4925 5427 5440 1
1860 5427 1939 5390 1
5156 402 415 410 1
967 5428 1010 987 1
5044 5204 951 5037 1
3512 483 514 486 1
4454 483 514 3512 1
4454 514 3338 3512 1
786 895 3143 3458 1
786 895 3458 5053 1
3458 895 3143 5370 1
895 914 5543 786 1
4290 859 5430 4991 1
4991 5430 4668 859 1
1009 859 4668 5430 1
1009 5430 4332 859 1
4290 5430 859 4332 1
1827 1712 1764 1793 1
4993 5185 4139 1233 1
1827 1764 1712 1758 1
1061 898 936 997 1
1061 1009 898 997 1
3297 2693 5431 1516 1
3766 4266 1516 5431 1
4598 4266 5431 4155 1
5275 4880 4014 3968 1
2165 2176 2161 3023 1
3851 4335 4506 4540 1
647 782 723 760 1
647 795 782 760 1
4479 702 797 756 1
1555 1462 3157 1543 1
4061 5433 3688 4032 1
4577 3037 4059 3138 1
2252 2260 2262 2205 1
2252 2262 2310 2246 1
4725 4067 5143 4448 1
4129 4657 5261 4928 1
1344 4928 5434 4657 1
4696 1178 4959 5420 1
5357 1185 4500 5435 1
4575 5357 5435 1185 1
1681 1746 1594 1724 1
2685 5247 1724 1681 1
5247 1724 1681 1594 1
1432 5514 5013 4881 1
1432 5514 4881 5253 1
50 5320 5141 4352 1
4490 5141 50 5320 1
2881 677 736 707 1
647 707 677 2881 1
707 2881 769 736 1
3062 5433 1752 1602 1
4900 4475 1910 5376 1
5376 4276 1910 4307 1
3908 1791 1730 1865 1
3908 1791 1672 1730 1
844 4226 4123 4774 1
5436 734 4800 4826 1
4422 4510 4521 5027 1
5437 5520 3579 993 1
5437 5195 5599 3579 1
4820 5417 4987 1126 1
5195 5599 4820 5437 1
5012 993 5520 5437 1
5012 1149 4987 5417 1
5417 4987 5012 5437 1
5137 732 4252 5426 1
1997 1993 4334 4867 1
3180 4901 5139 5119 1
3940 1011 3833 4161 1
3940 4161 3833 4314 1
5038 5477 1405 1382 1
1429 4045 4245 4292 1
1152 4858 5477 4883 1
5477 1218 4858 1152 1
1218 5477 4858 4865 1
5515 4111 5402 5245 1
3233 1099 3056 5027 1
4885 3027 1480 5438 1
5438 4885 3125 4604 1
5438 1480 4604 5388 1
4318 1031 5439 962 1
4318 5439 4194 962 1
4382 1031 4896 5439 1
1295 1031 4382 5439 1
5386 1813 5440 5496 1
5440 4925 5427 5496 1
5441 4874 4828 3449 1
1598 1659 1567 5442 1
1632 1659 1598 5442 1
1840 1798 1632 5442 1
1798 1840 2835 5442 1
5363 5448 5070 4414 1
5443 2039 5399 4886 1
4886 3724 5443 2039 1
1977 5126 5443 4414 1
1808 1778 3200 1776 1
957 4358 5075 1052 1
1693 1794 5167 1739 1
1808 1837 1776 3200 1
1808 1776 1837 1746 1
3048 5294 3977 3844 1
3200 1810 1783 1809 1
1783 1810 3200 2848 1
3579 4514 5444 1069 1
5044 3579 5444 5520 1
5461 3202 5614 5250 1
4920 4494 1512 5445 1
4920 5445 4193 1577 1
5400 1527 5263 1640 1
1039 5452 1083 4566 1
5446 1591 4452 1521 1
1591 4249 3938 5446 1
1591 5446 3958 4249 1
1660 5446 1521 1618 1
1591 5446 5385 3958 1
4452 5446 5385 1591 1
5448 5443 5363 3724 1
5448 1996 5338 5403 1
5403 5443 4414 5448 1
5448 5338 1996 5212 1
3724 5448 5345 5286 1
3180 4892 5045 4649 1
4892 3180 5045 5240 1
4380 1305 1386 1297 1
4380 1297 1386 1314 1
4380 1297 1314 5006 1
818 4661 3956 4899 1
4534 4899 818 3956 1
4661 4899 818 5104 1
1165 1305 3856 1295 1
5246 1019 5609 5025 1
5246 1047 5025 5609 1
4952 5312 1686 4743 1
966 4458 4749 3191 1
3756 4503 966 3191 1
3191 4503 966 4458 1
4891 736 769 805 1
5088 4891 736 652 1
5364 4679 2535 2536 1
5364 2437 2495 2481 1
5366 702 634 606 1
1616 1424 1491 5450 1
5450 1424 5026 5519 1
4740 5450 1491 5356 1
4740 5450 5356 5026 1
5366 634 702 756 1
5366 4589 754 4551 1
5366 4551 754 677 1
3662 5307 5296 5407 1
4479 754 647 5366 1
702 5366 4479 647 1
854 5296 942 5407 1
5307 5124 960 5407 1
5366 4479 754 756 1
4225 5452 1039 5316 1
4883 5453 5545 4459 1
5374 1265 5453 4677 1
5453 5129 5545 4459 1
640 679 5454 4136 1
621 5454 640 679 1
4136 741 679 5454 1
1591 5455 3938 4249 1
5002 4249 5455 4732 1
2988 772 742 747 1
4408 4825 1104 5456 1
4408 5456 1104 1293 1
4825 3151 1104 5456 1
843 5343 893 5059 1
3899 1622 4822 5312 1
5308 5312 1622 3899 1
5105 5385 5446 3958 1
5105 3958 5446 4249 1
477 431 421 4438 1
4438 431 421 408 1
1586 1321 4171 1378 1
2702 3307 5262 4509 1
4938 5262 3976 4509 1
1022 5372 5130 1099 1
4509 4938 4002 3976 1
5458 5036 4722 718 1
5458 718 4637 5036 1
986 5370 895 5372 1
3943 4718 1785 1638 1
1638 3943 4636 1785 1
1638 4017 4636 3943 1
4017 4718 3943 1638 1
4218 5158 1705 5557 1
5158 5493 4690 1705 1
1101 4016 5372 1259 1
4261 1020 1166 1032 1
1101 4016 1259 1409 1
1211 1020 1166 4261 1
3484 1166 1032 4261 1
1460 1681 1600 5247 1
1410 5247 1600 1594 1
1101 5372 1099 5130 1
5370 986 914 1061 1
5370 1209 1259 1061 1
5247 5143 1594 1410 1
1964 5062 5050 5325 1
4766 5062 5050 4553 1
5062 4766 2032 4553 1
2431 2340 2416 2355 1
4217 4453 2183 4305 1
4217 4776 2183 4453 1
2479 2416 2489 2448 1
2431 2448 2416 2479 1
2416 2355 2448 2431 1
5374 1347 1440 1340 1
5374 1303 1347 1239 1
5374 1239 1347 1340 1
1239 5374 4264 4487 1
5374 4677 1303 1239 1
1340 5374 1285 1413 1
5377 186 154 239 1
1697 1794 1767 1797 1
5377 154 186 155 1
5377 123 154 155 1
4815 1643 3794 3776 1
5377 138 123 155 1
5377 151 138 155 1
5459 5105 1643 3794 1
5459 5385 1643 5105 1
841 901 883 881 1
5459 1660 1643 5385 1
841 802 5588 879 1
5196 4728 4923 3965 1
957 1052 5027 5421 1
1440 1402 5460 1303 1
1226 3980 5441 3842 1
4151 3842 1226 5441 1
5544 3164 4562 739 1
4562 809 739 5068 1
809 5544 4562 739 1
1783 1837 1724 1821 1
1821 1724 5107 1746 1
1832 5157 3080 1796 1
1832 5157 1796 1858 1
1070 1100 928 1089 1
1236 1192 1169 1093 1
3975 5351 881 955 1
4973 3404 4989 4189 1
4989 3404 3481 4189 1
1265 1267 1255 1162 1
5129 2778 1265 1162 1
5542 4985 2856 2920 1
1265 1267 1285 1369 1
2855 2856 2767 4985 1
1267 1285 2778 1265 1
3143 895 914 5370 1
1595 1678 5375 1501 1
2693 5324 1678 1501 1
1678 1501 5324 5375 1
1392 5615 1428 1417 1
1392 1260 1349 1276 1
1600 1553 1414 1591 1
1778 1657 2696 1681 1
1657 1591 1618 1553 1
1778 1725 1657 1618 1
5261 4657 4593 4959 1
5462 1857 4963 1717 1
5462 4963 1857 1924 1
5462 1924 1857 5134 1
3827 5412 3707 1393 1
1393 3707 4483 5412 1
1309 5412 3827 1393 1
4483 5412 4481 1393 1
3283 311 5587 275 1
3847 3283 5587 275 1
5358 311 275 5587 1
5026 4735 4596 4784 1
5250 5461 1725 5584 1
4175 4596 4942 4735 1
1332 4348 4836 1370 1
1164 5187 4953 1180 1
1180 5239 4275 5187 1
1180 5187 4953 5239 1
5027 4971 5181 5336 1
1304 4883 5327 5463 1
1777 1797 1741 1845 1
4471 4744 797 2804 1
2734 1713 1680 5464 1
5361 5028 1713 5177 1
5177 5361 5066 1680 1
5464 5299 1713 5361 1
5464 1640 1713 5263 1
5263 1713 5464 5299 1
5465 676 699 670 1
5510 1680 1653 1713 1
1680 1713 5510 5355 1
5086 5012 993 5251 1
5458 718 5465 747 1
3851 5272 4893 4540 1
5272 4540 4147 4893 1
5488 816 4868 770 1
886 865 840 924 1
840 924 4519 886 1
4310 865 886 924 1
4464 4347 5466 2323 1
2323 3683 5466 4746 1
5198 4746 2323 5466 1
5394 1353 5467 5423 1
5178 1353 4941 5467 1
5178 5467 5394 1353 1
5138 1353 5423 5467 1
4349 4551 4326 4301 1
4349 5567 4551 677 1
4912 4349 5567 4551 1
4805 5161 1211 4624 1
5468 1895 3936 4078 1
5468 1983 1884 3936 1
535 5302 567 498 1
498 521 5302 567 1
498 5207 5302 521 1
5233 1480 1397 4610 1
1296 5252 1397 5233 1
1029 5470 1107 1010 1
1055 5470 1107 1029 1
800 888 828 4391 1
800 761 4391 828 1
4391 828 4763 888 1
4734 1072 4014 3695 1
3856 4380 4123 5006 1
3688 4282 5433 3062 1
4282 5433 3062 1602 1
1789 4966 5472 1857 1
1789 5472 4619 1857 1
5472 4925 4619 5462 1
5472 5134 1857 1945 1
5472 5134 5462 1857 1
579 5473 607 5159 1
5188 5473 5159 607 1
579 627 5473 5500 1
5473 4205 627 579 1
5188 607 4535 5473 1
4843 5563 5631 5108 1
1561 5290 4247 5563 1
960 4069 5482 5078 1
960 5482 935 5078 1
4437 2005 5319 2024 1
4437 4576 1967 2005 1
4437 5079 2005 2024 1
5203 4291 5474 258 1
4796 5475 1381 1627 1
3473 1627 5475 3250 1
4796 5475 5340 1381 1
5475 4796 4619 5595 1
5475 3173 5381 5595 1
3250 1627 5475 5381 1
5198 4008 2276 4357 1
5040 4299 398 397 1
5395 1515 1520 1628 1
5395 5127 1515 1628 1
4634 4611 1301 1109 1
4430 5476 4592 746 1
1356 4865 5477 1405 1
1382 5477 1405 1356 1
5193 4889 5149 3235 1
3231 640 5478 594 1
4558 640 594 5478 1
1055 1010 5470 1029 1
681 5016 697 3930 1
3627 741 4136 5454 1
681 3652 3627 697 1
681 5454 5016 3930 1
1825 4270 1842 4966 1
1967 4270 1842 5479 1
4270 5479 1864 1825 1
5480 5632 1506 5556 1
5423 4177 5480 3920 1
5192 1579 1584 1457 1
5192 1579 1457 4356 1
1683 4356 5192 4810 1
5481 4038 3870 402 1
5481 3870 4700 402 1
4700 415 5481 402 1
1139 4039 4069 5482 1
4194 5439 1082 962 1
4107 4788 5077 5165 1
3997 4788 5165 5077 1
4340 4299 5326 4754 1
4340 5326 4454 4754 1
5531 1842 1796 5483 1
5400 5483 1772 5611 1
5400 5263 5483 1713 1
3137 5611 1772 5483 1
3137 1842 5611 5483 1
5483 5028 1796 5619 1
5299 1713 5483 5263 1
1713 5299 5483 5028 1
144 5055 5206 112 1
5236 5134 5031 1924 1
5485 4584 999 4450 1
5104 4248 5486 894 1
4456 894 4899 5486 1
4712 894 5486 4474 1
4899 894 5104 5486 1
3390 5482 4069 5211 1
2298 2290 5487 2334 1
2334 2363 5487 4347 1
2363 4871 2334 5487 1
4871 2290 2334 5487 1
3575 4094 4239 4172 1
3575 4239 5149 4172 1
1574 1483 5540 4516 1
1574 5540 5292 4516 1
1574 5292 5540 4658 1
3995 4221 4829 4933 1
5063 4998 4932 3995 1
4301 5488 678 770 1
4301 4909 678 5488 1
1591 5455 5489 3938 1
1660 5446 1618 3938 1
1591 5489 1594 1600 1
5489 1618 1657 1591 1
5489 1591 1657 1600 1
5489 5365 1591 1594 1
772 742 747 5458 1
5458 871 5367 3631 1
5490 5623 1918 1816 1
5070 5397 1886 5403 1
3859 4469 5117 3740 1
5526 4469 5295 3859 1
3859 4469 5295 5117 1
5538 1383 5201 4951 1
3924 3030 3577 4383 1
4904 4745 4700 4265 1
5402 3773 4830 5491 1
5491 4830 5362 3773 1
4101 5492 791 4418 1
4988 4399 356 4518 1
5049 4399 4651 4988 1
1771 4838 5314 1732 1
694 4909 4301 4866 1
4642 5229 1437 1474 1
4879 1437 1474 4642 1
4642 4584 4416 5229 1
1645 5290 5404 4704 1
5404 1556 1571 4704 1
4313 136 80 5508 1
5499 4123 3856 4763 1
893 4123 4000 4226 1
4123 4391 4763 5499 1
4226 5006 4123 4774 1
3122 2912 1760 5494 1
601 4972 5072 4351 1
601 4741 5072 4972 1
4731 5606 5390 5496 1
1789 1825 1807 4966 1
1317 4686 5228 1202 1
5220 5211 1282 5089 1
5105 5112 3794 5164 1
670 3939 676 4488 1
670 3939 5465 676 1
5352 5023 4940 4615 1
4940 5023 5352 3460 1
5157 1832 1887 1858 1
5157 1858 1887 1812 1
4736 4310 5497 818 1
4661 818 4944 5497 1
818 5497 4661 5104 1
4944 818 4736 5497 1
4310 818 5104 5497 1
1136 2777 1292 1469 1
4877 1469 1517 1453 1
1857 4966 5256 1864 1
4270 1864 5256 4966 1
4966 5472 1857 5256 1
4457 5498 5391 4578 1
4578 5498 3630 3643 1
1362 5391 4046 5498 1
1058 1135 1012 1021 1
866 4403 952 803 1
847 803 3573 901 1
3637 4109 3702 3091 1
893 4000 4123 4391 1
4391 843 5499 893 1
4382 4123 3856 5499 1
4123 4391 5499 893 1
4536 4857 4033 4607 1
4857 4536 5049 4607 1
4112 4317 243 5238 1
5238 4317 243 4897 1
579 627 5500 561 1
579 5500 5473 5159 1
579 5500 5159 561 1
640 5454 4098 4136 1
621 5501 640 5454 1
4098 640 4558 5501 1
5501 640 5454 4098 1
5501 640 5478 621 1
2221 5346 2231 3785 1
2231 5502 5418 4355 1
3785 4355 5502 2231 1
5422 5502 5418 2231 1
5422 2231 5346 5502 1
5234 1986 4212 5503 1
5503 1986 4212 4315 1
5503 4212 4288 4315 1
1996 4760 5399 4922 1
1705 5557 4110 3531 1
5337 4110 3531 1705 1
4572 570 5512 514 1
5512 570 545 514 1
3385 4572 5585 5512 1
5130 5083 4190 4706 1
5372 5130 4706 5083 1
4524 5029 5349 1852 1
5050 5031 4088 5236 1
5050 5031 5236 5392 1
5419 4190 4803 4562 1
4562 4190 5447 5419 1
5269 4555 1848 5580 1
5269 5243 1848 4555 1
3932 4352 5320 4729 1
4420 4027 4708 1576 1
3853 1706 4420 4027 1
4932 4998 5020 2514 1
2514 4921 2555 5020 1
1722 1794 5580 5269 1
4555 1722 3355 5580 1
3355 1722 5153 5580 1
5153 1794 5580 1722 1
5269 4555 5580 1722 1
3042 1735 1762 5504 1
3042 1735 5504 5191 1
5191 1735 5504 4062 1
4761 4062 5504 5172 1
5042 5202 4332 914 1
1304 4642 5327 4883 1
491 535 5302 5512 1
5326 5302 5512 491 1
5255 5277 5482 1200 1
4161 1112 3940 1011 1
5301 4161 3833 1011 1
5526 3859 5295 1923 1
4955 5526 5295 1923 1
1857 1945 5256 5472 1
3621 3724 1977 4886 1
5443 4886 5399 5126 1
1977 3724 5443 4886 1
1434 1506 5480 5505 1
5423 5505 1434 5480 1
5138 5423 5505 1434 1
5578 4837 4755 4223 1
5424 1448 2734 1405 1
5125 5306 5191 4410 1
5533 4494 5445 4730 1
5507 1935 4709 1949 1
5507 5521 1935 1949 1
4855 4432 3993 1175 1
3993 5575 3647 4432 1
714 4374 2669 4419 1
2669 714 3762 4374 1
5458 4637 718 772 1
772 747 718 5458 1
718 4637 802 772 1
4782 3936 1909 4785 1
5503 4288 5054 2004 1
5503 5054 2022 2004 1
3363 5503 2022 2004 1
4784 4596 5026 5356 1
5356 4740 5026 4784 1
4740 5131 5026 4784 1
582 2909 5175 563 1
582 5175 4722 563 1
5248 1480 3758 4610 1
5243 5269 5112 3899 1
4904 3799 5197 487 1
4904 521 5298 5197 1
3365 3695 4734 5166 1
4734 3287 3365 4545 1
4734 4545 3365 5166 1
5510 1717 1640 1628 1
1604 5510 1713 1640 1
5510 1628 4963 1717 1
4804 4963 5510 1653 1
4336 5511 4225 5316 1
4225 5620 3692 2976 1
4454 5326 5512 491 1
3385 5512 491 4454 1
4285 5309 5128 3958 1
5309 5128 4095 4285 1
4285 5128 5105 3958 1
5128 5105 4095 4285 1
3932 63 4352 5513 1
4352 5513 63 5508 1
5532 3776 1660 3199 1
1773 3680 5209 5273 1
1072 3695 3365 4727 1
5129 5453 1265 4677 1
4883 5453 5463 5545 1
5453 5129 1265 5545 1
1225 1165 1067 5163 1
1165 1067 5163 4842 1
5005 5189 1349 1410 1
4977 1349 5189 1378 1
1378 4331 5123 4977 1
3497 3772 1144 3090 1
3497 1144 3864 3090 1
5027 5336 5181 5296 1
5195 4719 5599 3579 1
5195 4719 3579 4233 1
5165 4077 4788 3997 1
4106 4945 5160 398 1
5541 5365 4732 5380 1
5365 1594 5451 1738 1
5451 5380 5365 1738 1
1717 4619 5462 1857 1
4619 5472 5462 1857 1
5472 4925 5462 5134 1
4939 1470 4287 1332 1
4287 1470 4939 5469 1
3435 1332 4939 4287 1
5523 4819 5276 4660 1
5413 4197 4998 2514 1
2474 4197 4998 5413 1
4888 2474 5114 4195 1
5413 2514 4195 4197 1
1870 1856 1821 5547 1
1870 3752 5547 1821 1
4111 5515 5411 5245 1
554 605 4972 5572 1
554 5572 5024 605 1
3662 806 854 4521 1
4291 4532 245 5203 1
5203 4532 5474 4291 1
1952 5516 1881 4325 1
4325 5516 5457 4185 1
1881 5148 5457 5516 1
5058 1477 3435 1332 1
4287 5131 3435 1332 1
2850 2930 1168 1134 1
1134 3265 2850 2930 1
2930 3265 4719 1134 1
4597 4108 1430 1545 1
3167 3802 5517 4280 1
4305 5517 3167 3802 1
742 3837 3631 3797 1
5061 5043 703 5408 1
1980 1942 3356 1937 1
3858 1937 1942 1980 1
777 5042 4290 4208 1
914 4208 5543 786 1
5340 5082 1640 1628 1
5400 1717 5340 1640 1
5086 4300 5012 5251 1
4781 4936 655 5285 1
2842 4942 1424 5519 1
5026 4942 1470 5519 1
5332 5179 839 5009 1
4176 5192 1584 1457 1
4752 1584 1457 4176 1
4235 1584 4752 4176 1
5021 1584 4235 4176 1
5409 1584 4176 5192 1
5409 5021 4176 1584 1
5054 4212 1911 4288 1
5503 4288 4212 5054 1
5384 1891 4524 5493 1
5019 1891 4524 5029 1
993 5044 5251 5520 1
993 3579 5044 5520 1
5012 5520 993 5251 1
5034 1935 1832 5521 1
5507 1832 1935 5521 1
1178 5420 5434 4959 1
4696 1178 5261 4959 1
5318 4433 4936 5371 1
836 3339 5318 4552 1
512 5024 5080 2737 1
5421 4510 4422 5027 1
815 771 860 4652 1
4700 415 4745 5481 1
415 410 402 4700 1
3996 4713 5538 1353 1
1586 1533 4423 1495 1
1533 4423 1495 1274 1
4885 4224 4259 5252 1
1568 3444 1450 5523 1
1568 5240 3444 5523 1
5276 5523 4660 5240 1
1450 5523 5276 1568 1
4910 4482 3040 3666 1
734 2669 4419 5436 1
4374 734 2669 4419 1
2669 4374 3762 734 1
2669 734 3762 5100 1
4419 5436 4826 734 1
2669 734 5100 5436 1
4833 4895 4937 787 1
5014 719 654 5360 1
1397 5252 1480 5233 1
5590 3883 1629 1353 1
1949 1935 5628 4802 1
1949 4449 4802 5628 1
5181 4971 4749 5336 1
1821 1827 5547 1822 1
1821 5547 1856 1822 1
1821 3752 5547 1827 1
5249 4209 3571 5369 1
5249 5369 5265 4209 1
4765 3815 4247 1561 1
4524 5384 5493 1768 1
5524 5491 4524 1768 1
1768 4830 5524 5491 1
5525 1256 2692 1221 1
2751 1432 5525 1256 1
2751 5525 1221 1256 1
4167 3968 4880 5275 1
4401 1486 5401 1390 1
5209 5566 4294 4618 1
4211 5021 5409 4949 1
4211 4949 5152 3574 1
4367 5021 4211 4949 1
4211 5409 5152 4949 1
4446 4843 3814 5631 1
5631 4843 1700 4446 1
1243 1314 1297 5006 1
1314 5006 1243 1212 1
3157 1469 1543 1517 1
3157 1469 1517 4877 1
4816 3404 4973 4189 1
4713 5233 1397 4610 1
1296 5233 1397 4713 1
1780 1768 5515 5527 1
1780 5411 5527 5515 1
5527 5411 5379 4111 1
620 5175 4779 5546 1
5528 5422 3802 2230 1
5517 3802 2230 5528 1
5528 5422 2230 5418 1
5153 3508 3858 5529 1
1901 5529 1942 1848 1
3355 1901 1848 5529 1
3355 5529 1848 5153 1
960 935 5181 4971 1
4141 3682 5101 4629 1
3682 5278 5101 1636 1
4141 5278 5101 3682 1
1556 1561 4715 1648 1
1556 4715 1561 4247 1
5503 1986 4315 3077 1
5040 5298 3496 4299 1
4737 4299 5298 5040 1
1611 5281 5530 5602 1
4010 924 967 4236 1
4036 5112 5164 4952 1
4036 5164 5579 4952 1
1842 5531 1815 5611 1
5177 5619 5355 5289 1
5177 1713 5355 5619 1
5619 5531 1796 5483 1
1842 5531 5611 5483 1
4928 4920 4494 1512 1
1344 5533 1379 4494 1
4494 5445 4920 5533 1
1344 5533 4920 4060 1
4060 5194 1344 5533 1
347 334 5049 5534 1
1500 5209 4796 1439 1
3680 4796 4527 5209 1
5064 3446 3769 5097 1
1794 3508 1845 1853 1
4232 1794 1845 1767 1
4232 3508 1845 1794 1
1845 1797 1767 1794 1
1845 1853 1797 1794 1
1722 1794 1660 1697 1
535 545 4919 5302 1
535 4919 567 5302 1
1344 4494 5434 4928 1
5492 4474 4248 4868 1
5152 5409 5192 4654 1
5152 5409 4176 5192 1
5332 5535 4600 888 1
5196 5304 5334 5311 1
5304 5196 5334 5245 1
5196 5304 5311 1851 1
5147 1864 5479 1815 1
1843 1716 3413 5537 1
3607 1813 1843 1773 1
4503 5089 1205 4186 1
1074 4503 4854 5089 1
4854 5089 4503 4186 1
4620 5160 397 398 1
5040 398 4620 397 1
4513 2754 5539 3595 1
5539 4513 3595 356 1
4734 4994 3287 4545 1
4512 1666 5469 1616 1
5478 4747 5501 5016 1
5501 621 5016 5454 1
4099 1483 5540 1574 1
269 5570 303 258 1
269 5570 258 224 1
5203 5570 224 258 1
5203 5570 258 303 1
5148 4732 1829 5541 1
4036 5550 5541 5110 1
4414 1958 5443 4760 1
5126 1958 5443 4414 1
5443 5399 1958 5126 1
5443 4760 1958 5399 1
4886 5443 1977 5126 1
5376 4965 4900 1892 1
5376 1892 1869 4446 1
1219 5452 4566 1083 1
2849 1183 5225 4573 1
4573 2849 1049 5225 1
3769 3446 3413 5542 1
2767 4985 2856 5542 1
5162 4758 5283 1018 1
1018 1094 4758 5283 1
5127 5327 5082 5395 1
1382 5127 5327 5463 1
5225 3647 5575 3336 1
4319 3647 5225 3336 1
5634 1848 1881 5573 1
5573 1881 5634 3337 1
1927 4270 1932 5147 1
1008 4808 4734 4880 1
4994 4808 4734 3287 1
777 5543 5594 5100 1
777 5042 5543 5100 1
777 5042 4208 5543 1
4562 4190 5544 809 1
5545 4459 4491 4883 1
5173 5545 4491 4642 1
1304 5463 5545 4883 1
4382 5439 4896 3856 1
1295 5439 4382 3856 1
5148 4720 1829 4616 1
5148 4720 5541 1829 1
5148 1829 5382 4616 1
5619 5355 5289 5531 1
4157 4299 4754 4964 1
3282 1293 4777 5456 1
1333 5456 1293 3282 1
4777 1293 1104 5456 1
964 1237 1256 5548 1
5548 1256 5185 1237 1
1256 4992 964 5548 1
5548 1256 4992 5185 1
2848 1846 5549 1870 1
1870 5314 1846 5549 1
1858 1832 1887 5551 1
3139 5551 1832 1858 1
3991 1858 1887 5551 1
3139 5479 5551 1858 1
5215 1858 3991 5551 1
5551 1858 5479 5215 1
4247 5563 4765 1561 1
4998 4197 4679 5020 1
4998 4197 5020 2514 1
3966 3731 4607 4536 1
5049 4536 4651 4399 1
4161 5301 5201 1383 1
4888 2474 3995 5114 1
3995 2474 4998 5413 1
5114 2474 3995 5413 1
5278 1452 5101 4429 1
4737 5040 397 4299 1
1309 4194 1165 5163 1
1055 1135 5161 5344 1
5161 5344 4780 1055 1
1208 3151 1333 5074 1
5074 3151 2809 1208 1
5260 5420 4959 5554 1
3475 3910 5405 4342 1
5602 5281 5530 1562 1
3794 4822 5164 3899 1
5112 3794 5164 3899 1
5429 1652 1687 1732 1
4883 5038 1382 5477 1
1511 1694 4410 5555 1
1511 4410 4031 5555 1
5498 5391 4046 5555 1
1511 5415 1694 5555 1
5391 5415 4046 5555 1
2948 4511 5511 3186 1
5627 5536 3638 4771 1
4110 1768 5527 5557 1
5152 1577 1683 5192 1
1577 1683 5192 4810 1
4257 4973 4684 5493 1
4257 4684 5384 5493 1
3709 4771 4588 4840 1
3709 4828 4771 4840 1
4828 3449 4840 5441 1
5487 4871 5077 5466 1
5466 5198 4871 5077 1
1230 4500 1109 5558 1
1230 5558 1109 4634 1
4964 498 481 4299 1
4964 481 498 535 1
5535 888 1067 4600 1
5233 4610 4713 4272 1
3200 2848 4414 1886 1
4469 1911 4212 5559 1
839 962 1030 4600 1
839 1030 962 2916 1
839 4600 3985 4216 1
4428 1556 5404 5290 1
4912 779 5560 5567 1
770 4944 5561 816 1
5309 4022 3554 4825 1
5012 5417 5195 3829 1
5012 5437 5195 5417 1
5218 847 765 772 1
5218 765 700 772 1
765 5218 866 847 1
1598 5442 1567 1773 1
5441 3980 4840 3842 1
1687 1658 1666 1759 1
1658 1666 1759 4512 1
5267 576 5024 4243 1
5267 5024 5080 4243 1
5080 5024 5267 2737 1
5290 1645 3814 5563 1
5563 5631 3814 4843 1
935 5564 5181 4749 1
5307 5181 935 5564 1
1980 4542 3759 5319 1
5628 4542 5319 4802 1
5314 1732 4838 5018 1
1771 1846 1732 5314 1
1233 5109 5394 5178 1
5394 5109 5467 5178 1
5109 5178 4941 5467 1
1598 1773 1567 2920 1
1719 2920 1773 1598 1
4068 3693 3846 4157 1
384 421 393 5539 1
393 427 421 384 1
5483 1842 1796 1728 1
1728 5028 1796 5483 1
754 784 677 5567 1
754 5567 677 4551 1
754 4912 5567 4551 1
931 4010 815 967 1
931 815 4426 967 1
1405 1448 1520 4865 1
5635 4982 4984 5065 1
5635 5185 3806 5065 1
332 325 384 4518 1
1871 1847 1816 5490 1
1658 1732 4838 1687 1
4838 1732 1771 1687 1
5404 4704 5219 1645 1
1645 5219 5404 1667 1
1353 4713 5538 3883 1
5485 4450 3071 1117 1
1347 5568 1481 1340 1
1347 5460 1481 5568 1
779 805 784 736 1
784 736 805 769 1
5560 779 805 784 1
955 998 1068 1016 1
1016 5351 1068 955 1
1771 1871 5314 4838 1
5463 1304 5127 5327 1
306 4112 3316 5569 1
5271 342 5569 3817 1
306 5569 3316 3817 1
5569 4809 5238 4112 1
4212 5057 4469 5559 1
1836 5057 4212 5559 1
1881 3337 5067 4026 1
5609 5571 3697 4913 1
5572 4721 2737 512 1
5572 512 4972 4721 1
1828 5573 5243 1848 1
5541 5110 4990 4036 1
1055 4780 1143 5470 1
4912 754 5560 834 1
4912 754 5567 5560 1
4101 4252 791 4681 1
4101 4681 791 5492 1
1058 5574 1088 5618 1
1058 4086 1088 5574 1
1088 1018 5574 4758 1
4086 4758 1088 5574 1
4758 4102 5574 4086 1
5595 4796 5209 1627 1
5273 5595 5209 4294 1
4866 779 805 5560 1
957 4303 5075 4358 1
5492 4474 5486 4248 1
5512 4454 4572 514 1
4454 483 4572 514 1
4842 4600 1030 962 1
4194 4842 1030 962 1
5298 498 4299 481 1
3473 1472 1606 5475 1
1472 3473 1381 5475 1
3473 5475 1627 1381 1
4576 4437 5079 2005 1
5567 779 5560 784 1
4840 5255 5241 5369 1
4090 5241 5369 4840 1
4290 5430 5042 4991 1
4290 5042 5430 4332 1
5491 4830 5524 5362 1
2734 1405 1448 5612 1
1520 5612 1448 1405 1
5068 4190 5447 4562 1
5253 4703 5514 4401 1
5415 5438 5388 5248 1
5523 3444 1571 5045 1
5240 5045 3444 5523 1
306 5238 5569 5271 1
2842 4942 4596 1424 1
621 679 640 5145 1
1388 1506 1486 5556 1
4982 1486 5556 1388 1
5105 4249 5164 4285 1
4867 1936 1932 5576 1
5176 1932 1936 5576 1
4771 1241 5603 4840 1
1241 5536 4771 5603 1
4624 1020 1121 5170 1
1055 5170 1121 1020 1
5394 5244 1296 1233 1
1233 5178 5394 5244 1
2751 5577 1362 5525 1
3940 4161 4314 4941 1
3940 4742 4941 3790 1
3940 4742 1112 4941 1
1907 1958 1918 5126 1
5243 5308 3899 4743 1
5266 3164 5553 739 1
5266 4772 5553 3164 1
1256 1237 1205 5013 1
1256 5514 1237 5013 1
5013 5514 1237 4881 1
1470 4287 5519 5469 1
5469 4287 5519 5450 1
4740 5450 5026 4287 1
4806 5184 4979 5516 1
5148 4806 4979 5516 1
4806 5148 4979 5382 1
5164 1686 5610 5579 1
4036 5164 1634 5579 1
4129 4928 4920 1344 1
1344 4920 4494 4928 1
1344 4494 4920 5533 1
5241 4617 5277 4811 1
5148 4979 5457 5516 1
924 967 815 4010 1
924 815 5183 4010 1
3820 5581 5352 4710 1
5581 5121 4914 5410 1
5058 5131 1332 3435 1
1295 1305 3856 1297 1
1295 3856 4382 1297 1
4382 1297 3856 5006 1
3856 1297 1305 4380 1
1828 5243 4555 1848 1
5210 5299 5483 5263 1
5299 5210 5483 5028 1
4036 5354 4990 4026 1
384 356 4988 4651 1
5539 4651 356 384 1
421 4651 5539 384 1
5582 951 5204 5086 1
5582 5204 951 5044 1
5086 5251 5582 951 1
5582 5044 951 5251 1
639 5408 4114 5518 1
1599 4235 5583 5200 1
4367 1599 5021 5583 1
1618 3938 5584 1693 1
5584 1693 3938 5167 1
5584 5461 1611 1693 1
319 4608 4697 352 1
747 5465 699 670 1
700 670 3939 5465 1
268 245 280 5203 1
245 268 280 267 1
5608 1459 5209 1504 1
1567 1504 5608 5209 1
5608 5348 5209 1459 1
5247 5143 1441 1586 1
1441 1410 1378 5143 1
843 5090 888 4391 1
5090 4391 843 5499 1
3878 3474 4800 786 1
5585 535 491 5512 1
5585 4572 535 5512 1
4543 5217 1820 5586 1
1855 4884 5217 5586 1
1855 5217 4543 5586 1
5367 5343 3741 893 1
3741 871 5367 893 1
3678 5186 871 3741 1
4898 893 5367 871 1
4898 5186 893 871 1
4592 802 2746 5588 1
4568 1785 4884 5586 1
4942 1470 4735 5026 1
5400 5263 5350 5483 1
5210 5483 5350 5263 1
1650 1527 5350 5400 1
1736 4415 1851 4835 1
4835 1736 5098 1851 1
5061 5518 5408 639 1
592 4269 639 5061 1
4269 5061 5408 639 1
1340 5568 1500 1322 1
5568 1340 1500 1481 1
1206 4161 1353 5538 1
1112 4161 1353 1206 1
4161 5201 1353 5538 1
1353 5538 5201 5590 1
5590 1629 5174 4814 1
5590 5174 5201 4814 1
2847 5218 700 772 1
2847 772 700 718 1
718 4430 700 2847 1
5218 2847 700 5359 1
4190 5130 5544 5336 1
5304 5029 1851 5349 1
4841 3161 2951 2955 1
5518 5408 4114 5043 1
2534 5020 4998 3831 1
5063 3831 2534 4998 1
3474 786 3878 5053 1
306 335 5271 3817 1
306 5271 5569 3817 1
5569 5271 5238 4809 1
5591 1407 5301 1473 1
5282 1407 5591 1473 1
1907 1958 4414 2848 1
1907 2848 4414 3200 1
1907 4414 1958 5126 1
4681 5492 4683 791 1
3932 4352 4729 5513 1
1580 4153 4141 3682 1
4141 1507 5278 3682 1
747 5465 670 700 1
5041 5481 4038 4587 1
4745 5041 4587 5481 1
3488 5592 5146 5075 1
4039 5592 5482 1139 1
5330 1904 4465 3067 1
5330 3067 4465 4979 1
3881 5550 5309 1535 1
3881 1535 5309 1389 1
3468 4693 1852 4568 1
3468 5010 4714 4690 1
1738 5541 5365 1689 1
5365 5455 1689 5541 1
5593 1557 5094 5132 1
2734 1604 4879 5038 1
4883 1382 5038 5327 1
5424 2734 4879 5038 1
5436 3474 5100 5594 1
5436 4682 3474 5594 1
5543 5594 3474 786 1
5594 5543 3474 5100 1
4957 3475 5022 424 1
4916 3475 5405 4342 1
5225 1183 2849 3993 1
2849 5575 3993 4855 1
4855 5575 3993 4432 1
3337 1881 4368 5076 1
5634 1881 4368 3337 1
5078 5482 935 5562 1
5039 4299 4737 397 1
4181 5278 4429 4905 1
4474 4868 5492 791 1
4683 4868 791 5492 1
4990 4720 5541 5148 1
4760 5142 1904 1886 1
5275 4880 1072 4014 1
1807 4966 1842 1866 1
1807 1842 4906 1866 1
1248 3282 4777 5456 1
3484 1166 4792 1188 1
5475 4796 5595 1627 1
5475 5595 5381 1627 1
806 5544 3164 5135 1
806 4521 5544 5135 1
5273 5209 5566 4294 1
4732 5330 5397 4465 1
4666 4732 5397 4465 1
5593 1557 5633 1553 1
1428 5633 5593 1557 1
5593 1652 5633 1444 1
5544 739 5449 3164 1
5449 809 4789 739 1
3847 239 4173 5587 1
5358 239 5587 4173 1
239 5587 268 5358 1
4596 4942 4735 5026 1
4469 4229 3859 5396 1
1652 2685 3589 5633 1
5593 1444 5633 1428 1
5596 3216 4764 1803 1
3122 5596 5494 4640 1
5598 5596 2823 3122 1
1353 3883 5538 5590 1
5601 5497 5597 908 1
5087 5601 5597 908 1
5597 5497 4736 908 1
5100 5042 5202 880 1
5543 5042 914 5202 1
5543 5042 5202 5100 1
5543 5042 4208 914 1
3835 3110 1831 5598 1
5598 3835 3110 4484 1
5437 5599 993 3579 1
5599 4987 4820 5437 1
5026 1424 4942 5519 1
4778 3864 3497 1144 1
2664 1728 1858 1842 1
1728 1858 5157 1812 1
2664 1812 1858 1728 1
1728 1842 1796 1858 1
1728 1796 5157 1858 1
966 838 880 946 1
966 3756 925 946 1
966 838 4190 880 1
966 838 5336 4190 1
966 4749 5336 838 1
5534 334 5049 4988 1
2472 5600 2467 2454 1
2467 2472 4655 5600 1
5600 4221 2467 4933 1
2454 4933 5600 2467 1
5600 4655 2467 4221 1
4221 4655 3969 5600 1
5497 5601 4661 5104 1
4661 5601 5087 4248 1
5104 5601 4661 4248 1
4661 5497 5597 5601 1
5087 4661 5597 5601 1
5358 5587 268 3660 1
3249 4978 5387 3844 1
5387 4279 5300 3844 1
5300 3844 3834 5294 1
3249 4978 3036 4006 1
3844 3977 3834 5294 1
1685 3550 3591 4272 1
3550 4885 4259 5252 1
5602 5281 1404 1557 1
5396 4229 3859 1923 1
5526 3859 5396 4469 1
5604 2971 5389 4641 1
5389 4335 5604 4641 1
4036 1634 5354 5579 1
5605 5281 1404 5602 1
1404 5281 5605 1366 1
1939 5390 5606 5613 1
5386 5390 1902 5606 1
5077 2298 4788 4523 1
5487 2298 5077 2290 1
5487 4871 2290 5077 1
4367 5583 5021 4949 1
4184 5217 1855 4884 1
4946 5217 4184 4884 1
5106 4287 5469 1666 1
1666 4740 4947 4287 1
3139 1842 5289 1815 1
3139 5479 1842 1815 1
3139 5147 5479 1815 1
5269 3899 5243 4815 1
1743 4660 5231 1571 1
5240 1571 4660 1743 1
5523 1571 4660 5240 1
5607 515 4561 534 1
515 534 5607 4723 1
5607 4561 3902 534 1
4884 1785 5217 5586 1
421 408 4861 3600 1
421 4438 408 3600 1
5609 5168 5571 4913 1
3809 5168 5609 4913 1
5025 5609 1003 940 1
5164 5610 1634 5579 1
777 705 4290 4691 1
705 4344 4290 4691 1
4307 3814 1645 5631 1
5563 1645 5631 5108 1
5563 1645 3814 5631 1
5471 3534 4223 4274 1
5309 3881 5128 3958 1
1795 1713 5400 5611 1
1795 5611 5531 1713 1
5400 5483 5611 1713 1
5550 5309 3958 3881 1
5225 1183 4962 4573 1
4430 4779 5036 4373 1
5036 4373 4779 4722 1
5036 4430 4592 4779 1
5395 1520 1405 5612 1
1405 5612 5038 5395 1
2734 5612 1604 5038 1
5463 5453 4883 1337 1
5613 1902 5622 5390 1
5613 5390 5606 1902 1
5611 5531 1815 1795 1
5611 5531 1713 5483 1
4276 3814 4307 4446 1
5609 3697 1003 3809 1
3697 1043 3982 932 1
932 1043 4201 3697 1
5461 1739 5614 1740 1
5461 5614 1739 5250 1
5250 5167 4232 1739 1
5614 1767 1740 1739 1
5361 3707 5066 5464 1
5464 5299 5361 3707 1
1276 5615 1461 1349 1
1349 1392 1276 5615 1
1500 1567 1489 1481 1
1481 1489 1659 1567 1
2680 5081 1627 3518 1
5209 1627 5348 4618 1
5081 1627 5348 2680 1
4618 1627 5348 5081 1
4844 2966 5627 1219 1
4844 5627 2966 4058 1
4058 5627 4771 1241 1
5061 637 5043 5518 1
5051 894 996 2768 1
4338 2768 894 5624 1
894 2768 5051 5624 1
4249 5002 5067 4732 1
5067 5002 5580 5457 1
4249 5269 5067 5002 1
5269 5580 5067 5002 1
5112 5269 5573 5067 1
5573 5243 5269 5112 1
5556 5616 1486 1390 1
5556 1400 5616 1390 1
5401 1486 5616 1390 1
4032 5433 3688 3520 1
5275 956 1075 5073 1
5472 1939 5427 1945 1
5472 5427 4925 5134 1
1857 1789 4966 1825 1
1842 1807 1825 4966 1
5084 761 789 722 1
5084 789 761 800 1
800 5179 5071 789 1
1891 4693 5029 5019 1
4693 5003 5029 1852 1
5019 4693 5029 1852 1
4877 3157 1326 1257 1
5414 3157 4877 1257 1
4465 5338 1963 4922 1
5448 5403 5338 4666 1
5209 5348 1439 1459 1
5094 5133 5593 5132 1
3589 5133 5593 1657 1
1732 5429 3589 1783 1
5133 3589 5429 1776 1
5133 5429 5593 5132 1
2511 4221 5600 4933 1
2511 3969 5600 4221 1
2511 3969 4221 4921 1
2511 4221 4933 4921 1
5599 993 4987 5437 1
969 910 4903 5617 1
897 1045 1113 983 1
910 5617 1045 5328 1
5510 1640 5400 1713 1
5400 5340 1717 1650 1
5510 1640 1717 5400 1
3589 5133 5429 5593 1
2768 5618 1018 943 1
5618 1094 5574 1018 1
5618 1018 1012 1094 1
943 1018 1012 5618 1
2768 1088 1018 5618 1
5618 5574 1088 1018 1
1320 1203 5228 4950 1
5228 1236 4686 4950 1
5067 1848 5457 5580 1
5483 5028 5619 1713 1
1713 5531 5619 5483 1
1219 2961 3692 5620 1
4225 3692 5316 5511 1
4907 4613 5037 951 1
5037 5621 4907 951 1
4300 951 4907 5621 1
5044 5037 951 5621 1
5251 5621 951 4300 1
5044 5621 951 5251 1
3110 5622 5630 1831 1
1895 1831 1860 5622 1
2912 1831 3110 5630 1
1895 1860 5613 5622 1
5622 1860 5440 5630 1
5622 5440 1860 5427 1
1860 5427 5390 5622 1
5078 5562 935 5353 1
5501 640 4558 5478 1
4747 5501 4558 5478 1
5106 5469 5097 1710 1
3435 5542 4985 5106 1
4726 3435 5097 5106 1
5338 5403 4922 4465 1
4922 5338 1963 4009 1
5524 5362 4524 5491 1
5220 1066 1219 1127 1
2685 1692 1724 5247 1
3446 4726 5106 5542 1
1891 5029 5304 4524 1
5304 1891 5311 5029 1
5437 5195 3579 5520 1
5012 5520 5195 5437 1
5441 1226 1282 3980 1
3249 4006 1148 4978 1
5623 1871 1771 1816 1
5490 1871 5623 1816 1
4401 3043 5205 3848 1
1780 1768 5384 4524 1
5349 4415 1851 1736 1
5349 1851 4415 5003 1
5029 5003 1851 5349 1
4524 5029 5304 5349 1
4863 3881 1535 5074 1
5231 1667 5404 4660 1
838 5068 5336 4190 1
838 4749 5336 5068 1
5274 4208 5543 777 1
1337 5477 1382 1356 1
2759 5392 5031 5325 1
5392 5050 5031 5325 1
1389 1535 1251 4863 1
4863 3881 1389 1535 1
1377 5074 2809 4863 1
4863 1377 1251 2809 1
4630 5154 1638 3597 1
4382 1295 1297 1243 1
1243 5006 1297 4382 1
3856 1297 4380 5006 1
4156 4252 5426 5137 1
5253 1486 4401 5514 1
5032 3932 5320 4729 1
4930 3337 4952 5243 1
1908 5484 1907 1918 1
1903 5484 1908 1918 1
1907 5126 1918 5484 1
4795 5624 4960 5051 1
4712 4960 4795 5624 1
5489 5455 5167 3938 1
5167 5002 5455 4732 1
5362 5491 5349 4524 1
5173 5129 4491 5545 1
5173 5129 4724 4491 1
5173 4724 5129 1162 1
5627 1241 1219 5536 1
1241 5536 5627 4771 1
1977 5363 3724 4614 1
5363 5070 5448 5286 1
5363 5286 3724 4614 1
1202 5228 1203 1236 1
5228 4686 1236 1202 1
5250 5461 1754 1725 1
4430 2847 5588 5476 1
4745 5481 4587 440 1
5436 4682 5274 4826 1
5543 5274 5594 786 1
5543 786 4208 5274 1
1847 5064 5625 3952 1
1964 4323 1916 2835 1
2835 1916 1964 5392 1
2759 1916 1964 4731 1
4323 1916 4731 1964 1
5107 1692 5247 1724 1
4923 5311 5196 3965 1
4395 1145 4300 1227 1
5444 982 5251 4300 1
5444 4395 982 4300 1
5444 982 4395 4514 1
5044 982 5251 5444 1
3789 1226 4151 3842 1
5539 408 4861 421 1
4155 4266 5431 4571 1
4755 3291 5578 4223 1
5592 5277 5482 5255 1
5482 5592 5255 1139 1
4831 5055 136 80 1
4811 5277 5241 5603 1
5626 1058 4086 1135 1
1012 5626 1135 1058 1
4536 3731 4607 4033 1
4033 4857 4536 4003 1
4536 5049 4003 4857 1
1135 1202 5228 1203 1
5469 5450 5519 1616 1
5450 5026 4287 5519 1
4287 5026 1470 5519 1
4714 3468 5019 1852 1
5019 4524 4714 1852 1
5281 4574 1562 3518 1
4618 5495 1627 1562 1
5386 4484 1859 5598 1
1568 5523 5276 5240 1
1376 1444 1392 5633 1
1376 1349 1460 5615 1
1349 5615 1376 1392 1
1444 5633 1376 1441 1
5633 1460 1376 1441 1
1731 5110 1738 1689 1
5613 1860 5468 1921 1
5622 1860 5613 5390 1
1658 1687 4838 1759 1
1389 1291 1535 4022 1
5357 1143 1107 1059 1
4026 4732 5148 5541 1
4307 1667 5631 1645 1
4965 1667 5631 4307 1
5108 1667 1645 5631 1
5330 1808 1856 1822 1
1460 1461 5615 1349 1
4979 5382 3067 4806 1
4952 5112 4026 4036 1
4036 5579 5354 4952 1
4952 5354 4036 4026 1
4249 5541 4036 5550 1
4414 5448 5070 5403 1
1058 5626 5574 5618 1
1058 5618 1012 5626 1
1058 4086 5574 5626 1
5590 5538 5201 4951 1
4659 5212 1996 4009 1
1996 5338 4009 5212 1
5304 4524 1780 5384 1
4414 4760 5443 5403 1
865 5183 840 924 1
840 5183 4783 924 1
924 840 4519 4783 1
5387 5589 1451 4279 1
3589 5429 1652 5593 1
5588 841 879 820 1
3662 4521 5296 5544 1
5357 1143 1059 1166 1
4575 1143 5357 1166 1
5027 3405 5146 5181 1
1809 1783 1776 5429 1
1809 5429 1754 5522 1
1783 1771 5429 1809 1
4086 4102 5574 5626 1
765 839 5009 2988 1
839 866 765 750 1
765 839 750 3896 1
765 839 3896 5009 1
5347 765 2988 839 1
5347 866 765 839 1
4789 5296 5307 5181 1
5296 5027 5146 5181 1
5307 5296 5407 5181 1
5076 4026 4990 5354 1
5363 5443 5448 4414 1
1935 5215 5214 5628 1
2767 1666 5625 4606 1
5625 1666 5629 1710 1
5625 2767 5629 1666 1
1860 1863 5630 1831 1
5630 5622 1860 1831 1
4934 5440 1860 5630 1
5273 5566 1760 3483 1
4835 1851 5509 4923 1
1772 1650 1789 1744 1
4110 1768 5557 5493 1
1776 1809 1754 3200 1
5250 1754 5461 1809 1
1776 1754 1809 5429 1
4430 4592 802 5036 1
5588 802 4430 4592 1
2804 4744 797 5183 1
80 4831 5508 136 1
5556 1400 5632 5616 1
3983 4177 4360 5632 1
5480 3920 5632 5556 1
5480 5632 3920 4177 1
5314 1871 1771 5623 1
5061 5035 5043 5188 1
2849 4905 4986 4501 1
5633 5615 1392 1376 1
5633 1460 5615 1376 1
5633 1553 1461 1460 1
3589 5633 1553 5593 1
1652 5633 3589 5593 1
5614 1845 1740 1767 1
5614 1845 1767 4232 1
5614 4232 1739 5250 1
1786 1744 1772 1789 1
5633 1428 1392 5615 1
5633 1460 1461 5615 1
594 4558 5478 4747 1
4636 5217 4179 4946 1
4636 3943 4179 5217 1
1803 3952 4764 3564 1
1770 4606 3952 5625 1
1770 3952 1847 5625 1
5563 4843 4247 4765 1
5082 1628 5395 1604 1
5491 5349 4524 5304 1
777 705 4208 4290 1
5203 5570 245 224 1
3983 4177 5632 5505 1
5480 5505 5632 4177 1
695 5121 4914 5581 1
4914 5581 5410 5352 1
5515 5491 5402 4830 1
5515 5411 5527 4111 1
1233 5394 5635 1296 1
2821 4496 2823 4159 1
4672 4159 2823 3122 1
5493 4690 4524 5524 1
1952 5184 4806 5516 1
1591 5365 5489 5455 1
5489 5365 1778 5455 1
1778 5455 5365 4732 1
4249 5067 5112 4036 1
5112 4249 5164 5105 1
5112 5067 4026 4036 1
3337 5067 5573 1881 1
5630 5440 5622 3110 1
5228 1320 1377 5011 1
5113 4127 2809 5189 1
2809 1377 1320 5011 1
5113 1377 5011 5228 1
4986 4905 1213 4882 1
888 800 828 850 1
888 850 5179 800 1

End
