MeshVersionFormatted 1
Dimension 3

Vertices
3899
-0.20466558635234833 -6.8403984187170863e-05 -0.0012310714228078723 1
-0.20011091232299805 0.0036174589768052101 0.011812004260718822 1
-0.19810156524181366 0.013894570060074329 -0.0018140877364203334 1
-0.19470124687597695 -0.006205693300485828 -0.010303783935613551 1
-0.19180069863796234 -0.0099713727831840515 0.0077708251774311066 1
-0.19060565531253815 -0.00088019348913803697 0.016293404623866081 1
-0.19060565531253815 0.016512636095285416 -0.0049644983373582363 1
-0.19060565531253815 0.016512636095285416 0.0066307210363447666 1
-0.18674057722091675 0.0069268699735403061 0.016216486692428589 1
-0.18393903222343605 0.0048200353876317534 -0.011991667142646288 1
-0.15282368659973145 0.0031257444061338902 -0.013718172907829285 1
-0.14808984100818634 -0.00088019348913803697 -0.014627181924879551 1
-0.14808984100818634 0.0068499529734253883 -0.014627181924879551 1
-0.14808984100818634 0.010715026408433914 -0.010762108489871025 1
-0.14734347346439386 -0.010633222590099063 0.0063766576114814835 1
-0.14485865831375122 -0.0083386730402708054 -0.0078231701627373695 1
-0.12966886701849947 -0.015660652281451075 0.0065755524238626335 1
-0.12876448035240173 -0.010542876087129116 -0.0049644983373582363 1
-0.12081520259380341 -0.010309899225831032 0.0072681400924921036 1
-0.0032772740814834833 -0.010446582920849323 0.0068754176609218121 1
0.0020447556177973594 -0.010529917708632005 -0.0084611302144837024 1
-0.00089276127982884645 -0.010425200685858727 0.010937772691249847 1
-0.0052396201135557485 -0.00035780112062534005 -0.014627181924879551 1
0.0035831076093018055 -0.0018551379907876253 0.016253558918833733 1
0.019651914015412331 -0.0027100220322608948 -0.014365142211318016 1
0.019848627976729212 -0.0058170408460579736 -0.011209265547643494 1
0.03536826325617954 -0.0107225024528762 0.0035576826179046358 1
0.041298739612102509 -0.0086103398352861404 -0.010762108489871025 1
0.040966691778418975 -0.0045955770121470776 -0.014618284815736009 1
0.045163813978433609 -0.0018345325952395797 -0.013672842644155025 1
0.043918063401269962 -0.010855892815748615 -0.0038664329706198965 1
0.084819336823452829 0.0070725454227193252 0.016272026849739826 1
0.097832687250693259 -0.010486786650715939 0.0085644150061362362 1
0.098821197716422907 -0.0099751548267943448 -0.0099482380019178234 1
0.09723481837003721 -0.0046355304323486158 -0.010871844919072384 1
0.099226166197584925 -0.00081110748296719416 -0.014626323542229322 1
0.099274836480617523 0.0068499529734253883 -0.014627181924879551 1
0.10019661141415577 0.016668692916625049 -0.0044115441105155541 1
0.098491709509061942 0.016512636095285416 0.0062852636112578162 1
0.10146008042135668 -0.014475371540840448 0.00097428446832558346 1
0.10313603281974792 0.0054709990508854389 0.0089120622724294662 1
0.104613296687603 -0.0068493424914777279 -0.0091252606362104416 1
0.10495237494976192 -0.0053074476673740829 -0.0004495171942916756 1
0.10586846854702486 0.022249620011673944 -0.0022008362701137164 1
0.10564889013767242 0.004278864711523056 0.0094904573634266853 1
0.10564955323934555 0.017676815390586853 -0.0010410081595182419 1
0.10535176401008467 0.011227723797043768 0.0012279902902181845 1
0.10566667872522779 -0.00077273208683949766 0.0046332720233250163 1
0.10541210226375304 0.011135827498005684 -0.0087120829181932119 1
0.10567904876507636 -0.00197512282975763 -0.00050556526988044766 1
0.10568238470809768 -0.0052274310198401879 0.00035002382797532901 1
0.10551233545871595 0.0081256202020402717 -0.011695681376070265 1
0.10569306463003159 0.0048507275059819221 -0.013970254920423031 1
0.10569855830693099 -0.0022431868959806129 -0.0098500622566057017 1
0.10579645841346623 -0.0060691953927794369 -0.013232230752984728 1
0.10580829068477597 -0.0068220330119286195 -0.0092382928085047965 1
0.10573508562360184 0.017475207382070243 0.0040056718485499618 1
0.10627418783125005 -0.011611028347676513 -0.0031625697463488808 1
0.10611843281660406 0.013629958888095137 0.010885911698449685 1
0.10672675495477141 -0.014167030374862203 -0.0012445187868834414 1
0.10687379742746259 -0.014989577765878408 0.00097092353915984313 1
0.10678989067673683 -0.012384530156850815 0.0084248567000031471 1
0.10734819395414084 0.015116388619088535 0.016547381481530295 1
0.10743742586880388 0.024665734674306623 0.0076270994492751275 1
0.10745235253512228 -0.0046023257439810773 0.016262393170292939 1
0.10744609447524105 -0.0070262634423234223 0.013200792882421396 1
0.1075204495022232 -0.0036701059844436459 0.019914492596044921 1
0.10756709426641464 -0.018783034756779671 -0.0063069765456020832 1
0.10765429061775163 -0.013665778212728066 0.011652866103021915 1
0.10759326849736517 0.014949749541565679 -0.011933847579132529 1
0.10784874111413956 -0.020255899056792259 0.0049433452077209949 1
0.1078526869641895 0.0071093846712720326 0.020804189156013501 1
0.10918925284868239 0.0025064380402523346 0.01021586891963586 1
0.10892936587333679 -0.0043865423649549484 0.0033928169868886471 1
0.1089592092784106 0.00071851734016122471 -0.0016353237771740913 1
0.1089596226811409 -0.012044204398989677 -0.0084130028262734413 1
0.10895985463811336 0.0077683524940377491 0.0038544302772098122 1
0.10896386951208115 0.014768836088478565 0.0084407106041908264 1
0.10896987468004227 -0.010329495184123516 -0.0049015437252819538 1
0.10898000001907349 0.012351412326097488 0.0013787469360977411 1
0.10898160189390182 0.0099940737709403038 -0.0010151575552299619 1
0.10898232807964681 0.011511637558533546 -1.2765131343326491e-05 1
0.10898275673389435 0.021225260570645332 0.007691417820751667 1
0.10898537310985007 0.017357886886970108 0.003769663129678422 1
0.10900382325053215 0.012363866437226534 -0.0059128156863152981 1
0.10901404917240143 -0.0066863182000815868 0.00026500300737097859 1
0.1090153381228447 0.010561768896877766 -0.01089523546397686 1
0.10904033482074738 0.0087136859074234962 -0.010170967318117619 1
0.10936845709021731 -0.0031161992262707583 -0.0022396769514378867 1
0.10909810301320726 -0.0071378308144674375 -0.0095507663834895253 1
0.10913699478001085 -0.0039014867417426482 -0.010288574530497101 1
0.10930093002654451 0.0023920701601380058 -0.012059874987133255 1
0.10963249206542969 0.022498538717627525 0.001247833133675158 1
0.10977631972170941 0.013509951760677954 0.014302218796933755 1
0.10998692363500595 0.018468925729393959 0.0016285411547869444 1
0.11002239584922791 -0.020858678966760635 -0.00054741837084293365 1
0.11009545374291367 -0.014928876914865788 -0.0011143758069707579 1
0.11022245400306599 0.010229752890515502 0.016158167407743344 1
0.11045138904934092 -0.015115313499092528 0.0033727154980525862 1
0.11083663080283207 0.0019927257543219997 0.016167597624410061 1
0.11065467447042465 0.0061098774895071983 0.018056126311421394 1
0.11078846073803822 -0.016575048598154219 0.0052821007169066951 1
0.11076674747246071 -0.013125882629413341 0.0085066356926528676 1
0.1109874684100416 -0.001485262445764925 -0.015779348877352276 1
0.11111181616348309 -0.0069762087076427675 0.015634292579950936 1
0.1109311152260756 -0.0056091030794104182 0.015147310495282373 1
0.1113957821850049 -0.018016541297557385 -0.0014196179635045279 1
0.11195264427336767 -0.0017834810448122481 0.016247333525991749 1
0.11149973218844837 -0.0048034438976449368 0.016205187122610484 1
0.11201333037453642 -0.012426811532510403 -0.012607500332525293 1
0.11270670591624973 -0.010630155551366687 0.01751382085240083 1
0.11226809769868851 0.010347478091716766 0.015957502648234367 1
0.11252746731042862 0.021109672263264656 -0.0079908985644578934 1
0.11358853606398657 0.025912977236554894 -0.0026235366038945378 1
0.11355088923924175 0.015569918406193674 0.018552517213380099 1
0.11340093528609285 -0.00013194059258464638 0.021354833734287714 1
0.11341672197903045 -0.0014060784569923338 0.018328676702924328 1
0.11450443454296784 0.0042566998643592813 -0.016198214360731718 1
0.11435692810038912 0.026327804361551025 0.0075317997999218263 1
0.11515597141097296 -0.017414958695202602 0.011711906177801394 1
0.11355979767680506 0.01173182063160334 -0.014324198555911466 1
0.11426492655505183 -0.0049006276381682182 0.016082132256913999 1
0.11752909703301452 -0.0098205813129000133 -0.01154811211768012 1
0.1143281609012172 -0.019457520145977507 -0.0077841140061047547 1
0.11515340687672879 0.020249102869272582 -0.0043967451649976775 1
0.11598854511976242 0.0012168860994279385 -0.013063894584774971 1
0.11607687175273895 0.00058110145619139075 -0.014696112833917141 1
0.11717470067943347 -0.0035688249732834668 -0.01667437088242224 1
0.11670511592522678 0.01218350828220351 0.017032296424663536 1
0.11704814434051514 -0.002048552967607975 -0.0039101345464587212 1
0.11709932237863541 -0.00016960302309598774 -0.0054449485614895821 1
0.11713149096611827 -0.005018699461246205 0.0053041115371673777 1
0.11764919012784958 0.0061282142996788025 0.0050474656745791435 1
0.11913854522522856 -0.021199701589427529 0.0055457283494315182 1
0.11794786584661414 -0.0017409307118781108 0.012143032912565766 1
0.1170926216645044 0.01293085469217887 -0.011278085911506553 1
0.11866453289985657 -0.016944089904427528 -0.0064462772570550442 1
0.11943535544464283 -0.011694415349825217 0.013888489585952138 1
0.11863873128428373 -0.00079876939369706622 -0.017821203714277714 1
0.11921983957290649 -0.0088827395811676979 0.0015570181421935558 1
0.11988247634473707 -0.0047144806542989059 -0.018048892001737885 1
0.1203147535429423 0.0048974893314254839 0.022859641753095149 1
0.12033837288618088 0.0031798395793884993 -0.0036528527271002531 1
0.12013498052351879 0.0046584245164145877 -0.0064089029567405489 1
0.12015487480636981 0.0071286743361754362 -0.0047803720941961003 1
0.1205892413854599 -0.0045623341575264931 0.0053942697122693062 1
0.12045174472122974 -0.013520103663492173 -0.014644520346242274 1
0.12185577361151512 -0.021430119264698493 -0.0060979276850034137 1
0.12199831269007674 -0.0066905220861624625 0.022176000416826189 1
0.12166322415585205 -0.0063288017741804968 0.0079190192337617871 1
0.12241874635219574 0.0053485077805817127 0.0060692066326737404 1
0.12287807152772616 -0.0013564174650451603 -0.0047432164586988816 1
0.12192236087392291 0.01328729929281549 -0.016408670660623036 1
0.12299976497888565 -0.0043772482313215733 0.0093954931944608688 1
0.12315883152165044 -0.0048378484982248933 -0.014663710724284235 1
0.12339819271949114 -0.0051971513144575231 -0.0013120018111987357 1
0.12430992292663295 -0.0074883038778545234 0.01841719712853896 1
0.12385926395654678 -0.015969470143318176 0.008185921236872673 1
0.12387175135440885 0.00099052803808118151 -0.016116585599782674 1
0.12445092147309282 0.010091148557562952 0.0013211842446500803 1
0.12437058612704277 -0.0084260287694633007 0.0010660116677172482 1
0.12305367146227959 0.023152623915325195 -0.0022428477471297774 1
0.12497080873562683 -0.0034389725225387026 -0.019549422500334888 1
0.12480122596025467 0.023171497508883476 -0.0077288141474127769 1
0.12454341044389397 0.0036581512222327397 -0.0059226600733910256 1
0.12573530059358334 0.0019506398371439589 0.020389109136486262 1
0.12494638101558472 -0.011565654952645721 0.019657879920650354 1
0.12415876250565598 -0.010696160971572085 -0.012968759286568791 1
0.12458217954484842 -0.009912051568521079 0.0046232564262211314 1
0.12561940116660139 -0.0078508123675228025 -8.950281365517794e-05 1
0.1259450233285451 -0.018751114862483646 0.0054911539885629437 1
0.1259470380273684 0.0060094154265744491 -0.0037474494045803245 1
0.12568226456642151 -0.010843440890312195 0.00283989985473454 1
0.1257503479719162 -0.011372396722435951 0.0032679405994713306 1
0.12314893387169026 0.016863339936456827 -0.0091293053076048434 1
0.1262376954391862 -0.0033778736818584668 0.0095975102469685672 1
0.12681288961009851 0.0097477005018374602 -0.019190333949257864 1
0.1268338253044797 -0.018533878306803482 0.013095304848479431 1
0.12476102133215772 0.0078630305076420968 0.0079198927132079003 1
0.12752880156040192 0.012003399431705475 -0.014256132766604424 1
0.12803722797864189 -0.016207512993077836 0.011089690897617074 1
0.12792930006980896 -0.013244587928056717 -0.017432071268558502 1
0.12952371516814118 -0.0034550617106868077 0.019412943382629812 1
0.12810041010379791 -0.021422043442726135 0.0077000781893730164 1
0.12834568523696227 -0.005685843567138269 -0.0061298231629381009 1
0.12826505303382874 -0.011191773228347301 0.0049420478753745556 1
0.12826831638813019 -0.021901929751038551 -0.0044458708725869656 1
0.12833157181739807 -0.019554724916815758 -0.010097560472786427 1
0.12842896580696106 0.0089545631781220436 0.025265980511903763 1
0.12849007546901703 0.0066326169762760401 0.0095380032435059547 1
0.12852698564529419 0.0080344211310148239 0.0089508406817913055 1
0.12871985137462616 -0.0027108599897474051 0.027667401358485222 1
0.12959689503307029 0.0028008547300980382 -0.024287200238317767 1
0.12937198196625579 -0.017280037134075873 0.019921042097098527 1
0.12899483740329742 -0.011296143755316734 -0.0019192500039935112 1
0.12944597005844116 0.02031383290886879 -0.01421513594686985 1
0.12890054569070467 -0.0036052852825591169 -0.02364971659083686 1
0.13002488563042652 0.0041299408631519261 -0.0063917849444171913 1
0.12967260181903839 0.026977479457855225 -0.0026332424022257328 1
0.12995520234107971 0.021688308566808701 0.014904569834470749 1
0.13007907228499566 0.019806460317528831 0.010103371759451231 1
0.12976738519382178 -0.018424209697258075 -0.0053883725361217084 1
0.13038631501088621 -0.020328562534310639 -0.0139847293899615 1
0.13017077744007111 0.017120528966188431 0.013345381245017052 1
0.13077783768323356 -0.01041381258342716 -0.017517037550201404 1
0.13018981947200539 0.01839951521819835 -0.0099484475023798591 1
0.13094259962577889 0.012630432407866902 -0.02335629474105242 1
0.12937848638533425 -0.0091818924683768899 -0.023179327813670055 1
0.13078130781650543 0.02670966275036335 0.0083769597113132477 1
0.13097899955886011 -0.0065082511741285948 0.023365519492310111 1
0.1308617889881134 -0.015665417537093163 -0.011864122934639454 1
0.13015464297744186 -0.0091497551319637341 0.027700957840042117 1
0.1309940367937088 0.013974000699818134 -0.016460388898849487 1
0.13113752348745619 0.016798862557442295 0.025072381257776187 1
0.13124108141604424 0.0057214431641846369 -0.020200219031989205 1
0.13111333549022675 0.023638900369405746 0.005513340700417757 1
0.13149318099021912 -0.0098687838762998581 -0.0072985547594726086 1
0.13155768811702728 0.0082637583836913109 0.024139557033777237 1
0.13064256248596259 -0.024385510487766986 0.012004584542152844 1
0.13211091600691269 -0.00076196148279417618 -0.0062638611193474008 1
0.13254037412704547 -0.019068390875816528 -0.021786591375017771 1
0.13222599029541016 0.02744578942656517 -0.0087562557309865952 1
0.13197912875275236 -0.026307535172072946 -0.00813998612237549 1
0.13196002344429761 0.02047440131230259 -0.019618270324774832 1
0.13270980135332508 0.024607485738889823 -0.0046884349685794961 1
0.13303964463387244 -0.018469231901357581 0.016989478619532303 1
0.13260114192962646 -0.0051685664802789688 -0.030244957655668259 1
0.13204694319551544 -0.02920452104740718 0.0027576087675868421 1
0.13272342228316336 0.0054756433191513691 0.032633250035079865 1
0.13211977853332854 0.0099875966524963292 -0.0048967130115282692 1
0.13431319088209415 0.016962660502193271 0.022710683198232134 1
0.13376551796089106 -0.022693813262368266 0.012289650471453129 1
0.1337427943944931 0.00017263813060708344 -0.018882732838392258 1
0.13491999824796047 -0.028999899629639569 0.018312112699844455 1
0.13362688443196905 0.0030646218516543929 0.009837899932018182 1
0.13389615714550018 0.012444152496755123 0.031891439110040665 1
0.13463585685393098 0.0048826444801850794 -0.032488918883191872 1
0.13292877134771761 -0.021142927807719168 -0.0090387690447473277 1
0.13425973057746887 0.0072489348240196705 -0.0038837180472910404 1
0.13426834344863892 0.0056497887708246708 0.02900519035756588 1
0.13428553912169361 -0.024941076029999936 -0.0046993737192185889 1
0.1343693882226944 -0.013413731008768082 -0.023078713566064835 1
0.1347408416842539 0.024940441214667364 0.010856896336427297 1
0.13454379706111241 0.0057534054510274052 -0.0092461162270079753 1
0.13473840222557951 -0.0042918278356320217 0.029890882353657545 1
0.13435902448947387 0.016537197023817299 -0.0078856784407514095 1
0.13457566499710083 -0.00085361447418108582 0.0103000458329916 1
0.13464550709106179 0.0116856144665335 -0.024469338036498946 1
0.13465288281440735 -0.0025415397249162197 -0.0095555661246180534 1
0.13466092944145203 -0.0034744725562632084 0.0069303005002439022 1
0.13453050531417202 -0.011712649811984022 -0.030570015366125098 1
0.13466448013622409 -0.0064331534635784782 -0.010127447833232328 1
0.13474669753490034 0.0094809769774852649 -0.0063906161330436716 1
0.13543512496592316 -0.011506501390524599 0.00092854055477040241 1
0.13478837907314301 0.0040286807343363762 -0.0069176536053419113 1
0.13513238138231309 -0.0077018152202808004 0.035089820729960433 1
0.13400050169938482 -0.019930831448702488 0.025673004347859275 1
0.13490490615367889 0.011585701256990433 -0.0043076989240944386 1
0.1349206417798996 0.0096348701044917107 -0.0044874786399304867 1
0.13494491577148438 -0.010261675342917442 -0.0077892155386507511 1
0.13494722545146942 0.006337315309792757 -0.0047913668677210808 1
0.13495472073554993 -0.0030059143900871277 -0.0063839247450232506 1
0.13426992743282379 -0.0048116313473304095 -0.025631386074769186 1
0.13501551747322083 -0.0063659748993813992 -0.0063302950002253056 1
0.13573310476596701 -0.012760118687929147 0.028468058030045804 1
0.13522562353452916 0.016427142111764787 -0.028307602844299073 1
0.13508294522762299 -0.0104935048148036 -0.0063424203544855118 1
0.13512711226940155 -0.015970610082149506 -0.0068471659906208515 1
0.13433124937882704 0.022252603494314283 0.016458152306646896 1
0.13583789334422502 -0.015728089973409239 0.032693124712380832 1
0.13540282845497131 0.024805745109915733 -0.013191079720854759 1
0.13527998265936805 -0.02935747698981309 -0.015931411705016642 1
0.13559706509113312 0.0087156984955072403 0.0060631553642451763 1
0.13505854865582073 0.030539702251884196 0.014371949739742582 1
0.13582985961022959 0.02937353974798395 -0.016029134035089068 1
0.13587106764316559 -0.034504611045122147 -0.005981943104416132 1
0.13568026159684829 0.033228330610356162 0.0047129257997755676 1
0.13590168952941895 -0.005918045062571764 0.010578983463346958 1
0.13512968196914332 0.0040761711807250148 -0.027281722130798519 1
0.13564506692385603 0.025986835868530716 0.022403560684964102 1
0.13632094860076904 -0.024728957563638687 -0.01485342625528574 1
0.13710316579555432 -0.024440572389385865 0.01969253548361986 1
0.13648060987029975 -0.034588881522925496 0.010314676043105589 1
0.13846346204175117 0.011615235165236255 0.031585525452756509 1
0.13689467926961724 -0.029756156220438413 0.0088351074161850934 1
0.13747449219226837 0.03031596913933754 0.0091885095462203026 1
0.13785215684513141 -0.028820540485996825 0.025122973930501422 1
0.13754584604563211 0.019302653990981064 -0.023030346989263834 1
0.1376354992389679 -0.0076931924559175968 0.0023429775610566139 1
0.13813438069902687 -0.023816356879402187 -0.027259799861319826 1
0.13804155632003801 0.029635481514876518 -0.021767360971627101 1
0.13789886236190796 0.011309009045362473 -0.035643015056848526 1
0.13801191747188568 0.029993601143360138 -0.010695273987948895 1
0.13748167138222503 0.034240276242547003 -0.010223232725559691 1
0.13841100267745873 -0.031434657107026434 -0.0088292785684812025 1
0.13806769205644237 -0.014712221423033406 0.011000677134640369 1
0.13836090370672149 0.027595029024292572 0.016824238535112949 1
0.13873574137687683 -0.0041991868056356907 -0.03774222731590271 1
0.13873930275440216 0.018355602398514748 0.007541924249380827 1
0.13874088227748871 0.0041108638979494572 0.013618940487504005 1
0.13948135645032428 -0.039577628005862127 0.0049336888348799216 1
0.13970042374305469 -0.017494454158289496 -0.028467749344560745 1
0.13862503239131463 0.022950018712305165 -0.027911173757580766 1
0.13764567324480853 0.03551127259658806 -0.0022795106269315564 1
0.13932928442955017 -0.013845106586813927 -0.035831484943628311 1
0.13949488325150755 -0.037993845591570229 -0.011588049578402029 1
0.13999366488411122 -0.03377036119044332 -0.02077541375696285 1
0.13961191475391388 0.017871266230940819 -0.0342438705265522 1
0.13986515241593608 0.026148296537863665 -0.020708681088740778 1
0.13968963921070099 0.0113935936242342 -0.032614331692457199 1
0.13969527184963226 0.0026535149663686752 0.012496898882091045 1
0.13977442681789398 0.018759243190288544 0.02914038859307766 1
0.13981807231903076 0.034610889852046967 0.00028568331617861986 1
0.13985247910022736 -0.0044240038841962814 -0.010829954408109188 1
0.13960226940071532 -0.035975566798015654 0.018417033137663571 1
0.14011484384536743 -0.0098599595949053764 -0.033434733748435974 1
0.14026816189289093 0.0027117601130157709 0.0087683564051985741 1
0.14086413034551726 -0.0068044198306175634 -0.00668748604125061 1
0.14040345868895754 0.0037257905125308854 -0.0073094680498999344 1
0.14012395807492453 0.0062461636078164073 -0.0097284168349155379 1
0.14028807915310029 0.0070613416050475577 0.0037264380525845776 1
0.14080509543418884 -0.036482196301221848 -0.002202669158577919 1
0.14090214669704437 0.0023545192088931799 -0.035751856863498688 1
0.14126777951576291 -0.020155919203003896 0.030289643688532569 1
0.14101868867874146 -0.0055862623266875744 0.011050041764974594 1
0.1410534679889679 -0.0053686704486608505 0.017811466008424759 1
0.14297681273771101 0.020569780119613617 0.036236959138679768 1
0.14183432065386628 0.0087659243927818813 -0.0028402005546977298 1
0.14219984823750273 0.030018579957999593 0.020904592448069866 1
0.14243241360293235 0.00040963345619934692 0.039317914135776823 1
0.14223539129984603 -0.036266751693109958 0.011985853963598515 1
0.14188177883625031 0.0074348282068967819 0.01949460431933403 1
0.14277595949796734 0.032708555003443281 0.026159109280086655 1
0.14094355546244491 -0.032443044052328389 -0.014704461866603739 1
0.14311984202453923 0.035464537142595155 -0.021780541750899645 1
0.14218349754810333 -0.011596719734370708 -0.0053501194342970848 1
0.14271038770675659 -0.043546419590711594 -0.00211484101600945 1
0.14281750931013096 0.019003692290947678 -0.031670271210675678 1
0.14320154205799626 -0.010976735953794744 0.0072816248538792438 1
0.14286080002784729 -0.03286178782582283 0.020758837461471558 1
0.14277792700397451 0.032106576516870197 -0.017780254862193732 1
0.14370316682925108 -0.025514403963689401 0.035313497149982408 1
0.14443325181324773 -0.036076018838982926 0.025729911956944077 1
0.14311260629600081 0.011825504818418471 0.0064848356298682604 1
0.14462372598376894 0.013693978717411417 -0.0055410495688417161 1
0.14427568637176907 -0.0066008724624103503 0.0077730857703384188 1
0.14418791328071076 0.0012484038658853384 -0.013433721265348326 1
0.14346565880080245 0.0074354738779158153 0.043520521318178788 1
0.14461041986942291 0.00050612259656190872 -0.044475656002759933 1
0.14439482712655718 -0.042826622676542789 0.016335263080016777 1
0.14630727061842899 0.025725870607748117 -0.036261632433445427 1
0.14505264163017273 -0.037520427256822586 -0.025045566260814667 1
0.14507101476192474 -0.0098479697480797768 0.0038880570791661739 1
0.14522752165794373 0.031570035964250565 -0.024362258613109589 1
0.14583392458587136 0.04391929328895354 -0.00093298454957924364 1
0.14585815370082855 -0.034852597862482071 -0.020776940509676933 1
0.14591197669506073 0.0078677674755454063 -0.0087593551725149155 1
0.14617139446569091 -0.039396068052237949 -0.014825395113360758 1
0.14569376740827691 -0.011130652049550604 0.039843777790412316 1
0.14588420841276814 -0.0072809008174968669 -0.013040053290271377 1
0.14664202715805066 -0.015021135529129051 0.0020284024095940096 1
0.14646592736244202 0.014116362668573856 0.043947163969278336 1
0.14602537591560749 0.025624841815115484 -0.030774719560243899 1
0.14644443364707532 -0.028711296433086606 -0.034748261169686642 1
0.14704830944538116 -0.047048483043909073 0.003056578803807497 1
0.14718451160928833 0.010943200592156744 0.0056202365285461867 1
0.14682960673444143 -0.010083785788536821 -0.04480900541902845 1
0.14749249815940857 0.042033720761537552 0.0016841508913785219 1
0.14653621250026205 0.0059728643697500245 0.015317332654329135 1
0.14727837284268766 -0.014308811084939929 -0.039491946887421324 1
0.14870825245194075 0.027739379003065157 0.031284163080248929 1
0.14737524591947981 -0.015405739421864406 -0.0072212211014194196 1
0.14787518978118896 -0.045795172452926636 -0.014321891590952873 1
0.14793826639652252 -0.023510336875915527 -0.035010933876037598 1
0.14833985518078621 0.0087416212055917136 0.042939924491641975 1
0.14808391034603119 0.035854607820510864 -0.028569968417286873 1
0.14821755886077881 -0.044473852962255478 -0.0015685295220464468 1
0.14853572699246942 -0.0098357276389530925 -0.0079090081527323879 1
0.14800456903322656 -0.041034414397337772 0.01568683577719546 1
0.14847275614738464 -0.038099329918622971 0.021782957017421722 1
0.14793296166386274 -0.01476589803742711 0.044710462812420013 1
0.14892473816871643 0.046191990375518799 -0.012496896088123322 1
0.14893555641174316 0.0065834256820380688 -0.015934348106384277 1
0.14823820850771049 0.0086781500529735621 -0.046306979231715298 1
0.1491948664188385 -0.0049375575035810471 -0.012747980654239655 1
0.14908041036246725 -0.0083936669206848905 0.048001244653513589 1
0.14999366810000514 0.046615425413623741 0.012716147012948717 1
0.1495041698217392 -0.016854455694556236 -0.045463386923074722 1
0.14970894504296056 0.042431480913904501 -0.0042082474842749535 1
0.14952078461647034 0.018209764733910561 0.0021909228526055813 1
0.14962787926197052 -0.0041687269695103168 0.013284774497151375 1
0.15069752428282232 0.0073775059168713786 0.012583983064921997 1
0.15075034714500407 0.014275983203673497 -0.0045813987139303996 1
0.15041892230510712 0.0051610809750854969 -0.013005600310862064 1
0.15051688253879547 -0.0067233983427286148 0.017431385815143585 1
0.15003600875373108 0.017437797382005692 0.040737982007406498 1
0.15068468451499939 -0.0041306773200631142 -0.045282464474439621 1
0.15126973549006995 0.022779201043159843 0.043554555897033838 1
0.15077054542436175 0.017598668587352397 -0.04547365533393307 1
0.15200355599128049 -0.015574380393483859 0.0031921629207326847 1
0.15129551291465759 0.013141732662916183 -0.04353196918964386 1
0.1500831478498233 -0.048428756136998735 0.0094839598918595829 1
0.15132020683186459 -0.0085434467478417032 0.045507626896606819 1
0.14976662042492175 -0.021979664690732564 0.038141944572402151 1
0.15200243127620192 0.015693292074862437 0.048027292588444272 1
0.15093298458598925 -0.04500547312420862 0.010195836878096646 1
0.15287546826999496 -0.0044273766471568613 -0.050646805155557389 1
0.15322975362326718 0.030825656283306226 -0.039327017919372154 1
0.15227685683212325 0.044895608426180234 0.004676475081713493 1
0.15216444432735443 0.04646402969956398 0.018700355663895607 1
0.15261417159005033 -0.043409303439609165 0.026451424327847833 1
0.1523732990026474 0.015950612723827362 0.0038873536977916956 1
0.15240463614463806 0.012589684687554836 -0.010503580793738365 1
0.15244093537330627 0.023398406803607941 -0.044241081923246384 1
0.15316126055878646 -0.048724157409538199 0.016678939226718974 1
0.15252472460269928 0.041025396436452866 -0.029706662520766258 1
0.1532032212555213 0.049408301019840929 -0.0075134164670934448 1
0.15278414546637281 9.0472939672892744e-05 0.051492482747193279 1
0.15273904800415039 -0.051431979984045029 0.00078549457248300314 1
0.15418096055381347 0.010023779912648328 0.051400741990337583 1
0.15411123544045816 -0.049511052757138761 -0.016551339520455614 1
0.15205490772284011 -0.0026364383274911527 -0.01940516139615206 1
0.15305817535026162 0.049882201371723778 0.0022425515745112153 1
0.15258505819799623 0.0044182174663650337 -0.046011120703978052 1
0.1534641832113266 0.042383480817079544 -0.027295244857668877 1
0.15279378363517176 0.044494591091678089 -0.011989743730049723 1
0.15285892840234552 0.022135667438243661 -0.0400411265065162 1
0.15370428562164307 -0.031999409198760986 -0.033825088292360306 1
0.15514078869091835 -0.011937833977844576 0.050839166285841904 1
0.15462017525474403 0.048370313189757895 -0.016945555536460412 1
0.15400053560733795 0.0040030325762927532 0.016624834388494492 1
0.15405847132205963 -0.011803618632256985 0.012651723809540272 1
0.15415932238101959 0.0053940205834805965 0.04810279980301857 1
0.15421810746192932 0.019940478727221489 0.0089403185993432999 1
0.15423516929149628 -0.04805229976773262 3.6907757021253929e-05 1
0.15424557030200958 -0.045998938381671906 -0.013937889598309994 1
0.15269934770502203 0.042783785871520263 0.015597104326880969 1
0.15526202492023541 -0.026168008336130082 -0.044863659666250263 1
0.15361489449272786 -0.04243313810187057 0.021325169143329738 1
0.15451233088970184 0.047116916626691818 0.019595244899392128 1
0.15410155439923964 -0.022918743525945594 0.046450266576729307 1
0.15721597397626202 0.047624363666236125 0.0090029158216545762 1
0.15482622385025024 0.047116916626691818 0.022405467927455902 1
0.15469522618278669 0.035538715976866628 0.036034029879133088 1
0.15509115159511566 -0.0070963120087981224 -0.0162027757614851 1
0.15420742281488092 -0.011548421754607909 -0.045994042425671441 1
0.15554094393055587 -0.019020244976510125 -0.044681734107294035 1
0.15546350735619377 0.0098045006849141816 -0.019525918816404413 1
0.15570944547653198 0.046817675232887268 -0.02320791594684124 1
0.15835534250407884 0.05194375550697812 0.013546357921788483 1
0.15722717030065342 0.014638874124334853 -0.051178716372376358 1
0.15566796028992549 -0.021795787072857557 -0.0084336911088783648 1
0.15518030137979955 -0.022673227566702019 0.00094734716628709376 1
0.15635108947753906 0.040139183402061462 0.026860609650611877 1
0.15664869290021802 0.014562233307981693 0.047261904948052748 1
0.15695854309344054 0.023879131774176089 -0.0047695193338222544 1
0.15665304660797119 -0.047225307673215866 -0.024923836812376976 1
0.15673793852329254 0.021770143881440163 -0.010138092562556267 1
0.1573268215954686 -0.031914502645481027 0.043225965637554646 1
0.15589049105974254 0.0045286227836050016 -0.052031540906593371 1
0.15627989355495209 0.043902263008793026 0.021801142061614823 1
0.15705803036689758 -0.04457748681306839 -0.023041129112243652 1
0.15712596476078033 -0.030130598694086075 0.039487466216087341 1
0.15627444020647552 0.022958530480460926 0.0051374781884358477 1
0.15679968688193821 0.048514983917866877 6.4688040986587633e-05 1
0.15584310865543366 -0.016934291457053736 0.045582513996833662 1
0.15712128740585421 -0.0069981376340122435 0.049502021202036783 1
0.15711332043222387 0.012424611249436987 0.019231525675653165 1
0.1577877551317215 0.045712690800428391 -0.0198365468531847 1
0.15790065212139467 -0.013499812253891788 -0.051895918549832575 1
0.15785787999629974 -0.0044465456157922745 0.019834375008940697 1
0.15956012118289184 -0.055026976436595425 -0.0028945222873298449 1
0.15803787112236023 0.0068439696915447712 -0.018638074398040771 1
0.15808908641338348 0.020641496405005455 -0.0051431558094918728 1
0.1603661079843926 -0.020850142717235284 -0.050838201229764388 1
0.15799580883800729 -0.03413910646479764 -0.04091200444510331 1
0.15747525767908591 0.01624130492035665 -0.046282115404337812 1
0.15817947685718536 -0.04905097559094429 0.02416294626891613 1
0.15905940080885148 -0.027777055696815479 -0.041950145705094317 1
0.16062884410657019 0.028735113728734302 0.046593309845065607 1
0.15866912575288539 -0.040377588064469637 0.03073682094375442 1
0.15888642299933897 -0.046769680028421787 0.020941826739574142 1
0.15764968618063246 0.014343546193720795 0.013394207621774554 1
0.1586719483187361 -0.020375716698074264 -0.0063661847118609031 1
0.15949566921767086 0.029198217606237201 0.041389387130832657 1
0.15971620988078236 -0.050919877354791733 -0.006746646156148256 1
0.15970572929541557 -0.024901536274073294 0.04469600949502113 1
0.15777535861284889 -0.022632798672493355 0.010343019609425616 1
0.15864741027574988 0.0012273503680058501 -0.023693142713366155 1
0.15919360518455505 -0.0045682955533266068 -0.050506591796875 1
0.15952840408352181 -0.021949828672346728 0.0024582313925212798 1
0.1602217005703169 0.054134718228722671 -0.007816800270253622 1
0.15970233162015104 -0.010676724423832834 -0.022460439206315228 1
0.15948949815585575 -0.0025329612400153342 0.055867792444594833 1
0.15960067510604858 -0.050331469625234604 0.010950728319585323 1
0.15968406200408936 -0.011047737672924995 0.022362664341926575 1
0.1597302109003067 0.006729519460350275 0.020062720403075218 1
0.16221213119237446 -0.053355260079096599 0.019204326086791006 1
0.15811282832090837 -0.043492228335862193 -0.032107782831173826 1
0.16156216139751212 -0.0046712161874306957 0.025736350537620294 1
0.16092870568395462 -0.018843469908277673 -0.012825233733531873 1
0.15858003767516216 0.024948042599960901 -0.047438328709132976 1
0.16106573617941483 0.0082885857791665137 0.056101999116712889 1
0.16222704347321906 0.026793064258454919 -0.044299667210112602 1
0.16142987074296375 0.048223690285744032 0.020187384082302522 1
0.1599341519916663 0.050368541527715784 0.021876487200398944 1
0.16129026419492562 0.022244838410206063 0.014531584777855992 1
0.16100231682458377 0.010793031117699647 0.05142571190404871 1
0.16083189845085144 0.0047912648878991604 0.025056302547454834 1
0.16006614163852828 -0.054538179441296311 0.011156214116450892 1
0.16088974475860596 0.027009749785065651 0.0018005528254434466 1
0.1622475557427086 0.050402155884395658 0.014009064502555414 1
0.16094063222408295 -0.049646433442831039 0.015879642218351364 1
0.16103211045265198 -0.0039183897897601128 -0.02148270420730114 1
0.16167651642448405 -0.020851879623321412 0.051773949290192967 1
0.16191356712774571 -0.0034237440232574804 0.052978995995907462 1
0.16086358041353649 -0.049492082722053778 -0.016302380352136228 1
0.16303244332744063 -0.052181649787750674 -0.0227010566941163 1
0.1614111065864563 0.021415753290057182 0.0082112429663538933 1
0.16151390969753265 0.051145918667316437 -0.0057475469075143337 1
0.16205924788550063 -0.011294595993281491 0.055241239806402193 1
0.16183860599994659 0.033001091331243515 -0.04013809934258461 1
0.16136536473615171 0.043596546127451341 -0.034163725680555153 1
0.16365846456763378 0.016514876717628836 0.022520116587604926 1
0.16202148795127869 0.024198895320296288 -0.0028448109515011311 1
0.16297882815641079 -0.028419075842643589 0.0044428119925339644 1
0.16109525028693666 0.0034247156861606821 0.053162589381501639 1
0.16382399002094339 -0.012199624013528223 0.020423502272517081 1
0.16383119372710914 -0.044131739920968166 -0.030494305133021232 1
0.16216534026124876 -0.052791870143066626 0.0016232845082714831 1
0.16363437429121713 0.043603059365730792 -0.030263789983483662 1
0.16255959868431091 -0.017416413873434067 -0.049710549414157867 1
0.16298164415601499 0.015854116865735422 -0.022163972977289212 1
0.16075487362450336 0.018239080514274163 -0.012831120568836953 1
0.16299255129916859 -0.027924981941742807 -0.0064476041638154196 1
0.1612502922883646 -0.013262629339097404 -0.017818605923746154 1
0.16268614302294926 0.050032128081228824 -0.014947291427773542 1
0.1628214375716896 0.0065942960084725633 -0.026324394882081492 1
0.1594978987935142 0.0079966470472775959 -0.049655158946949038 1
0.16357243061065674 0.013094814494252205 -0.019592767581343651 1
0.16362519562244415 -0.043323509395122528 0.038014277815818787 1
0.16323206928276837 0.02600975091506046 -0.012027768576885259 1
0.16375813197898811 -0.030615255437830655 -0.048216337959029416 1
0.16587006732137202 0.010890665636044563 0.027992370268167598 1
0.16422858283249714 0.027298725217316629 0.0088892763891683831 1
0.1629403540057929 0.055773446252058684 0.0041915829131615621 1
0.16279306149435804 0.051704040180203283 -0.022829560065163398 1
0.16322876222867533 -0.056299717559232104 -0.011527968752459905 1
0.16417421400547028 -0.057952608913183212 0.004992007277905941 1
0.16485655852335024 -0.053729762496315198 -0.0064034835599203104 1
0.16567580811336627 0.014087308059503549 -0.052150511674450097 1
0.16391713147575623 0.0078397716901679858 -0.055931579224938147 1
0.16767398303528136 -0.056197191528944791 -0.018637122177118371 1
0.16334295571823812 -0.024713614302520396 -0.047256219333990587 1
0.16570075259354655 0.01159569469089939 0.022332398000628459 1
0.16484135389328003 0.022905675694346428 -0.048156589269638062 1
0.16489668190479279 0.0053182081319391727 0.023824241012334824 1
0.16432432961912052 0.055499254857075894 -0.01334388506055526 1
0.16501323878765106 0.0076899123378098011 -0.023673314601182938 1
0.16592646181167861 0.018627032327601576 0.055613618182995032 1
0.16508720815181732 -0.0061894319951534271 0.023875785991549492 1
0.16695674189025406 -0.04816188272199199 -0.026515552908842128 1
0.16551147532870608 -0.018549847486129631 0.022487876097627202 1
0.16681198587551133 -0.0045051335398102188 -0.030271984549986544 1
0.16537697613239288 0.038484856486320496 -0.042347811162471771 1
0.16542090475559235 -0.0091050881892442703 -0.023708796128630638 1
0.16640226857216314 0.019084036380861039 0.016925407403194918 1
0.16511633639680123 0.040877803131905713 0.034703163010888223 1
0.16576343774795532 -0.01964334212243557 0.016544848680496216 1
0.16595947742462158 0.053655989468097687 0.0071982620283961296 1
0.16199109282526858 0.04669277186803393 0.030077275901209823 1
0.16597284731960263 -0.027216233363257344 0.047332364067923446 1
0.1668029356405642 0.054571525892281515 0.021597100190684781 1
0.1668100777244991 -0.050293948852237813 -0.030616794924868442 1
0.1661803275346756 0.04984717071056366 -0.023033212870359421 1
0.16577992374091882 -0.052844292975390818 -0.014743532409789315 1
0.16502084180878143 -0.032614406870937099 -0.042950692335863759 1
0.16635448685057222 0.025720025763520185 -0.051738536451807503 1
0.16689052709606353 -0.052625484667851719 0.026770876613747583 1
0.1655229907748694 0.0018703675726575698 0.059447595382310085 1
0.166233450374632 -0.030209949085603698 0.04982915205527573 1
0.16660913825035095 -0.047505117952823639 -0.035357225686311722 1
0.16641868760771641 -0.058885693886206292 -0.0045853685622577319 1
0.16615149472530341 -0.015423505320585146 0.052115062924037607 1
0.16511677557800819 -0.023432054138387136 -0.010266754772672779 1
0.16832448469102268 0.031527218204552954 -0.0060668953435426849 1
0.16705171763896942 -0.026597175747156143 -0.014864266850054264 1
0.16705657541751862 0.02618284709751606 0.0072743529453873634 1
0.16634686287022984 0.0046760651142873947 0.055854079282238359 1
0.16709978878498077 0.053718332201242447 -0.01029095146805048 1
0.16750631625661072 -0.008609396503468536 -0.05807151949496496 1
0.16742246575942391 -0.010047033778931947 0.028551045432519555 1
0.16854575791391277 -0.053271312959514552 -0.026971522355632736 1
0.16901713876913324 -0.018598194021043415 -0.025959058325703943 1
0.16831096849350097 -0.027467438522011077 -0.0039284257193216545 1
0.16830684713930774 0.058554682146218291 -0.0042834004471297756 1
0.16815118462356102 -0.016869803459873732 0.056750951110232747 1
0.16795070469379425 0.052072923630475998 0.019478075206279755 1
0.16845418302106871 -0.057546748497009859 0.01640779513558685 1
0.16782305348203702 -0.027634424555975475 0.015125411407434217 1
0.16815242171287537 -0.055395223200321198 -0.01042636577039957 1
0.16819489002227783 -0.030703630298376083 0.0071649691089987755 1
0.16940930408900318 -0.056055866384969261 0.0077330007879923626 1
0.16971729568058155 -0.0021998980438726217 -0.05621133860323406 1
0.16844490170478821 -0.026876986026763916 0.0091872280463576317 1
0.16848663985729218 -0.054733511060476303 -0.015512221492826939 1
0.16828192183627264 0.026614214212402423 0.049065080478461351 1
0.16845181893255806 -0.02381194736104332 0.054188234855245668 1
0.16793402107992675 -0.049714654537171339 0.025899494739270945 1
0.16880951821804047 -0.052669037133455276 -0.021373815834522247 1
0.16759148934204995 0.0071223465028712333 -0.054226521605198023 1
0.16839468291527535 0.057795090895900618 0.01269964531419936 1
0.16941142462671052 -0.0083126002920619925 0.059810007406859746 1
0.16931727824225862 0.0413979971469986 0.043029569354190576 1
0.16783162266467383 -0.026552960762972845 -0.052264919579581577 1
0.16791919828209578 -0.039436205069808015 -0.04440129204136932 1
0.16578402703836809 -0.035536152300143134 0.041234125567605355 1
0.16883563195594056 -0.048906225467994439 0.035172487087305269 1
0.17032660333866306 -0.0053971639331912248 0.05704493434845237 1
0.17339666734790507 0.025015918292026443 -0.051276697470560996 1
0.17052570316481774 0.033112898859224554 0.0067912336050703652 1
0.17060462952395961 0.016387429754421846 0.055198017251881115 1
0.1693817675113678 -0.017865847796201706 -0.057387690991163254 1
0.17042996775616842 0.050508067597968012 -0.032340946850945511 1
0.16957388818264008 0.017101313918828964 -0.056692130863666534 1
0.16998276677321128 -0.023206861551616751 -0.016477140473983371 1
0.17140851904280816 0.030964662593227773 0.014236796971632304 1
0.16960372195651255 -0.014433829298091557 0.029152337527851541 1
0.17008979132184648 -0.021449886429035378 -0.05232409144244108 1
0.16997222602367401 -0.04501611739397049 0.035490695387125015 1
0.16987487234820997 -0.055227127098399997 0.023427887288276758 1
0.17212318192211429 -0.026079423298646664 0.050906324490265525 1
0.17018367350101471 -0.055188652127981186 0.015602752566337585 1
0.16941615053125314 0.011060141814275032 0.059823910860649275 1
0.1704619824886322 0.02942366898059845 -0.0043414672836661339 1
0.16797556900180899 -0.03151248371511417 -0.0011173615907471516 1
0.17006066457162769 0.057029507971838193 -0.017866415483829605 1
0.17051987467141957 0.0038706385410170567 -0.033716165256223701 1
0.17076690939697442 -0.016301267522517999 0.023893098227914317 1
0.17327162787084935 0.030299194641197076 -0.018293588661834038 1
0.17037306748816491 0.037325582111065715 -0.042019777168304878 1
0.17127306336221387 0.022248730669271941 -0.018644190529091165 1
0.17270402054246198 -0.012700731035190347 -0.055882904540926794 1
0.17009799019319533 -0.041387880670479382 0.044674538599520697 1
0.17134763516287249 0.038043228109933588 -0.046715865988965093 1
0.17106539942422044 -0.045909562092940608 -0.039823006918347038 1
0.17221270501613617 0.028589246794581413 -0.011453991755843163 1
0.17296621598925505 0.00047480697575258521 -0.061258089639657676 1
0.17424603737797872 -0.012188574789304957 -0.034828936545166979 1
0.17190351996694384 0.042514947796233535 0.038374967538708504 1
0.17153116646396308 -0.045561204075782444 -0.035247207317034873 1
0.17171911965952527 0.0563636151719265 0.0093843922629664126 1
0.17244622111320496 0.00047817511949688196 -0.031997628509998322 1
0.1732002904840311 -0.032857345342720341 -0.0091056375280082515 1
0.17405731455560103 0.027050266816101842 0.023846478538402618 1
0.17202229389129303 -0.057690616252359016 -0.0022019565308417253 1
0.17284245789051056 0.057215381413698196 -0.0069625945761799812 1
0.17217020149198267 0.037277187011651253 0.04396640017708902 1
0.1728205079878935 0.052872175353883909 -0.022152526107748829 1
0.17264312322238515 -0.02777635180443996 -0.011347458381149209 1
0.17424197588810802 -0.016627392297709459 0.055689073426691306 1
0.17285098614391908 0.038721035575804058 0.048022559737020805 1
0.17487299880232732 0.032133509349682822 0.0080697643105545613 1
0.17267271083358773 0.011004303533386803 -0.060014028339196647 1
0.1735248863697052 0.061029635369777679 0.0017270809039473534 1
0.17356996238231659 0.0033209703397005796 0.063166752457618713 1
0.17522688467345623 -0.030524640925775236 -0.019070435560112207 1
0.17203360667578332 0.048310980416143193 0.03080835854972757 1
0.17387080192565918 -0.037921663373708725 0.049776513129472733 1
0.17288927363437806 -0.060080228923124999 -0.012935407696009643 1
0.17302940400276307 0.047272454325960417 0.038999597952507237 1
0.17312414504203208 0.018585565395390628 0.05999631072410247 1
0.17677104821654163 0.055911637473326198 -0.016739834142236291 1
0.17303929091022335 0.059610588950051058 -0.012479643801749173 1
0.175174409429003 -0.034530801153916581 0.011135881007155259 1
0.17530618559642863 -0.027857071583209304 -0.056061221643428999 1
0.17436060881091645 0.034911063281456607 -0.011054449210067541 1
0.17636179130215274 0.019167623978003111 -0.055709431754364165 1
0.17427564966483233 -0.036845247050810763 -0.045741160495640497 1
0.17485747465459353 -0.057610572253197337 -0.011157606497497891 1
0.17478124070852047 -0.0101515742516074 -0.031472589689347026 1
0.17463032901287079 0.028849067166447639 0.015570215880870819 1
0.17478880255184234 0.00064729208456369193 -0.037884005264334011 1
0.17621675247140645 0.028730064242342167 -0.055140388823280526 1
0.17466942965984344 0.048124883323907852 -0.032893914729356766 1
0.1746816486120224 -0.02550196461379528 0.019589457660913467 1
0.17424859254523151 0.0066658552608393849 0.059369985468123991 1
0.17291282587660453 0.051388694594094973 0.033064718653262416 1
0.17653305119772475 0.03837008326830707 -0.0039375002495210887 1
0.1755273196373176 -0.023174534013854067 0.058278654953519929 1
0.17513222992420197 -0.036360591650009155 0.0018400003900751472 1
0.17513394355773926 -0.062044130638241768 0.00069758507015649229 1
0.17217275911533056 0.013419390381637282 -0.03276484199235976 1
0.17626657374854152 -0.0060406325820529551 0.063573191554139333 1
0.17552874982357025 -0.032510232180356979 0.016874983906745911 1
0.17536842615852635 -0.053623057990182847 0.032520504069396286 1
0.1773048480597452 0.02460066933745135 -0.029295995176873233 1
0.17677156241998807 0.0087425515157513022 -0.058527812600172903 1
0.17519465708486801 -0.014828088986537464 0.02920460893183216 1
0.1758878082036972 0.0007173705380409956 0.040354162454605103 1
0.17657907521909971 -0.030731367784398306 0.055356418736224759 1
0.1747279491927296 -0.036099352319870805 0.04698964832693997 1
0.17626370156379911 -0.041099357422386872 -0.04765447737977703 1
0.1766017453662411 -0.024873328781586563 0.028125317120005443 1
0.17869281448471791 -0.0062772496313287882 -0.040862383348056301 1
0.17581774044416934 0.034583830737222598 0.04793243227389244 1
0.17551020570962883 -0.0059406093002095347 -0.05817898292948602 1
0.17771723842150813 0.035305944036523484 -0.0019422291202618892 1
0.17763558380878514 0.037088586854341098 -0.051159827342697542 1
0.17733186095434927 0.048166608105875836 -0.039929564046224116 1
0.17623606433750516 0.060636580614162654 0.014294721867593662 1
0.17629186207125136 -0.032873775379944542 0.0054027611181240547 1
0.17539247216512827 -0.05839246802882949 0.022194756793538443 1
0.17783144103057485 0.039144058342494646 0.0082794528069686582 1
0.17710830271244049 0.0095266113057732582 -0.034282732754945755 1
0.17813418019747587 -0.0099460103022078021 -0.062693431914274955 1
0.17738272918388615 0.023281795549884486 0.031458856444308736 1
0.17766526750048137 0.05559146442025463 0.029281355407809871 1
0.17744828760623932 0.059275045990943909 0.00071474432479590178 1
0.17918391533887423 -0.01608861406676047 0.038045156506753663 1
0.17651673447150254 0.061803034128977127 -0.0072067727952012479 1
0.1778982269061396 -0.05867697413763983 -0.02439179588411048 1
0.17769825854354712 -0.019037543997847316 -0.06022164768890749 1
0.17961192985829794 -0.047033395207423917 -0.038663068839767951 1
0.17866255059533734 -0.0547264045282434 0.025238384185454349 1
0.17788369953632355 -0.046952217817306519 0.04398839920759201 1
0.17936055968293801 0.058691407195418273 0.011523266612628149 1
0.17818291545028803 0.043438726706959377 -0.040166141394953253 1
0.17807723969132785 0.055169833450505835 0.022593994349389277 1
0.17843872308731079 -0.0054639070294797421 0.061222519725561142 1
0.17922853858845136 0.019200243972111154 -0.061110567838964965 1
0.17803427398983315 0.033695948652622168 0.054689896341146634 1
0.1788159095743419 -0.032287967492319478 0.013913956762337788 1
0.17672430418427323 0.058884167718737938 0.021841435300209031 1
0.17874687910079956 -0.034167561680078506 -0.0071088974364101887 1
0.1788017600774765 -0.0032181923743337393 -0.037102021276950836 1
0.17923856293698887 0.015041119229220298 0.06001472652126822 1
0.18022610416771767 0.025886658415138979 0.026915370578578932 1
0.1783798907092316 -0.011117216018823947 0.034779331434351406 1
0.17928028106689453 -0.018780093640089035 -0.030834067612886429 1
0.17928037047386169 0.024861611425876617 0.056772120296955109 1
0.17887680862915251 -0.036996299769842415 -0.052796275304475934 1
0.17874439942006082 0.015251977757068734 0.063287271640540349 1
0.17883042821142478 0.046642625481191399 0.03818701076558987 1
0.17817586428407253 0.020247483256770341 -0.028377807250675124 1
0.17949225018578593 0.050385211413890449 -0.032090982113828756 1
0.18030388049641893 0.040240378731027503 0.050513736205624181 1
0.18072714551825694 -0.026886471383124031 -0.030524039080730966 1
0.17970304191112518 0.0026639748830348253 0.066296964883804321 1
0.17870253145097301 0.012065425687217617 0.039653828687079042 1
0.17975501716136932 -0.059016551822423935 0.013572367839515209 1
0.18239012714167974 0.031071435703572795 0.031403194102863921 1
0.17935188877712158 -0.013928991497444461 0.063690516057819849 1
0.17962434662544333 -0.023751846148905006 -0.055869086126544433 1
0.1800454705953598 0.037092965096235275 0.04871557280421257 1
0.18090896530641115 -0.0056944222584458708 0.065276367265119359 1
0.18126949303048567 0.0051405521966049672 0.043659724886518793 1
0.17718686184076399 -0.054743960307645459 -0.031805540976455764 1
0.18040152624363109 -0.022065002625142716 0.061306639738862946 1
0.17929264739669049 -0.059900151601202115 0.003457523510430886 1
0.17847455771939544 0.036048631108712287 -0.047949808525851539 1
0.18155731141574322 -0.033837036135944708 -0.05216622369072102 1
0.18064573743024098 0.051904771929396055 0.03155069028554422 1
0.18087923526763916 -0.006626250222325325 -0.061322126537561417 1
0.18088562786579132 0.0042246179655194283 0.039555717259645462 1
0.18099121749401093 0.058988381177186966 -0.022947713732719421 1
0.18020400473134679 -0.050985861948304942 0.034324366043027514 1
0.17989298378363955 0.0077598130846619293 -0.06438190759491455 1
0.17970300599779929 0.052407352303922579 -0.03569544584373386 1
0.1812838613986969 -0.0054836021736264229 0.039400268346071243 1
0.18105626876205227 -0.060305316154358954 -0.0070773139753313495 1
0.18185586898038281 0.059620520910985332 -0.010171210196257541 1
0.18154437839984894 0.056257337331771851 -0.0310651995241642 1
0.18003549685707876 0.030074720713544875 0.0576081399149782 1
0.18075455091044704 0.050455103615264417 0.040444450001428024 1
0.18066644966603723 0.040012520571483662 -0.014602997783839739 1
0.18338172856214599 -0.060527700788524728 -0.015000853591182592 1
0.18174056708812714 -0.017236191779375076 0.059991773217916489 1
0.18009119019625547 -0.044051747393247874 0.043346113647645082 1
0.18006984097928741 0.016875089339104074 -0.038335312072806417 1
0.18255536019261367 0.034307136150290851 -0.026059266701743338 1
0.18069834871672782 0.0093416188837732589 -0.042269638038003744 1
0.1815370131720859 -0.040221727369671147 -0.010829556123179955 1
0.18189196288585663 -0.061236884444952011 0.021854490041732788 1
0.18191689252853394 0.063461609184741974 -0.0054160254076123238 1
0.18194544315338135 0.0025630446616560221 0.062848471105098724 1
0.18154554528608599 -0.031072632053952554 -0.019758179183672744 1
0.18277373374641556 -0.050137370994698074 -0.042672395212569526 1
0.18331542815925383 0.042986891684725664 0.0154559262646491 1
0.18149247896942677 -0.024781245880870009 0.027205342384912359 1
0.18123006271394362 0.035585230190904774 0.015599100618013338 1
0.18182233690434579 0.01112079029940879 0.038396769160387034 1
0.18199007432860642 -0.017380390851895359 0.03447485594068906 1
0.1821167740130315 0.054589237465071522 -0.026244489735523024 1
0.18250960111618042 0.063148930668830872 0.010703547857701778 1
0.18271569907665253 -0.063683047890663147 -0.01232460979372263 1
0.18282440408379272 0.034620768886797881 0.051824453878291446 1
0.18282113969326019 -0.063591018319129944 0.013703532516956329 1
0.18435666313542981 0.02329516085869883 -0.03982609441914061 1
0.18314820528030396 0.057217467576265335 -0.020540978759527206 1
0.1831556111574173 -0.057450450956821442 -0.023568810895085335 1
0.18247239194599094 0.017018435596646526 -0.059965286601867437 1
0.18381634926768434 0.061621345139436547 -0.0030402739513167389 1
0.18356385629711316 0.030429310720756018 -0.054643183488841424 1
0.18307083062674445 -0.0027693737747828632 -0.065919474683145796 1
0.18243297826651356 -0.052592017073142525 -0.032593120323454156 1
0.18387248010903032 -0.06247967346160159 -0.021744471035350325 1
0.1839547983767211 -0.036958233508374044 -0.023860788562846205 1
0.18153686359662666 -0.033411912244005838 0.024874359087343173 1
0.18366099894046783 0.009897070936858654 -0.062356889247894287 1
0.18520660724558644 0.015372816752944529 -0.06615178304543301 1
0.18507379929232648 0.030198373387908518 -0.060279851657213106 1
0.18345155115172762 -0.022122382879475488 0.038614842213988483 1
0.1851083393714858 0.038942868060946288 -0.055186042986767089 1
0.18354006002155412 -0.052727397097964417 0.040729773181580012 1
0.1838720440864563 0.040277048945426941 -0.009439440444111824 1
0.18439037056383784 -0.066078679628870693 -0.0012609822113042258 1
0.18413631618022919 -0.037882979959249496 0.050708524882793427 1
0.1855020435264686 -0.014186009422533275 -0.066288903433225105 1
0.18450853600286471 -0.03546366327667777 0.056523540762779469 1
0.18502648327241489 -0.046452198694818883 0.049313507199303483 1
0.18377731438555295 0.036447663225361582 -0.017453604650522085 1
0.18496184779889671 0.06555877901718668 -0.012895037329642527 1
0.18380810156554703 -0.029888653223549368 0.032512983396859478 1
0.18551645064440034 -0.062299061142000095 -0.0018703107275934593 1
0.18469731509685516 0.062824584543704987 0.019693639129400253 1
0.18486965634253411 0.028344803099886517 0.060336633524902941 1
0.18478676676750183 0.020292846485972404 -0.036372959613800049 1
0.18644154982442515 0.025474479421069927 -0.059165368473310602 1
0.18458311042230044 -0.057126803246049733 -0.034794818153378697 1
0.18487423658370972 0.012388302013278008 0.065636739134788513 1
0.18493714928627014 -0.00051449827151373029 0.066615231335163116 1
0.1849816138091406 -0.020736236915109105 0.062917752684500047 1
0.18399883287802582 -0.031885808086634694 0.0538216453288555 1
0.18427089552714188 -0.050546974439041006 -0.037089634565804969 1
0.18509283109132738 -0.027853364369579661 -0.029845499255671898 1
0.18403517008791528 -0.029488001583712495 -0.059836231999518041 1
0.18553026134523265 0.020926922545531468 0.063934291850995292 1
0.18503224849700928 0.037670031189918518 0.054845917969942093 1
0.1870451966528005 -0.047268593303263738 -0.044008422922658941 1
0.18512226641178131 0.060445941984653473 0.01279834657907486 1
0.18514290452003479 -0.010609298944473267 0.065235428512096405 1
0.18524876236915588 0.00015590665861964226 0.062293779104948044 1
0.18462929731076533 0.039527767868715452 0.024539499394199013 1
0.18611017920871337 -0.041229258931920795 0.006903590583639675 1
0.18568191528874095 0.043741541143593791 0.051350322498021662 1
0.1841866777811699 -0.058248839749332156 0.033067820696747886 1
0.18446246809795275 0.060317531567944026 0.027232579834957384 1
0.18552291393280029 -0.042619392275810242 0.017481788992881775 1
0.18362213530767374 -0.015264201295721709 -0.060728390517217401 1
0.18640563061885254 0.057628062516497582 0.034943862727787989 1
0.18559931049574968 -0.021941676546956994 -0.06382223012996395 1
0.18562492728233337 -0.022916410118341446 0.035876329988241196 1
0.18660210089510604 -0.0084315854433762473 -0.048506059384159972 1
0.18589805473749071 0.024446229351755572 0.035002475576079745 1
0.18562492728233337 0.042071439325809479 0.0092830955982208252 1
0.1857030838727951 -0.028860146179795265 0.060558892786502838 1
0.18622838856900537 0.034412279227334003 -0.024474221973483583 1
0.18595930232428673 0.043141357871959884 -0.019493639303611109 1
0.1858844092855072 -0.025642782039619984 -0.038918693444655837 1
0.18551130200707416 0.033866690247281263 0.025633634682417812 1
0.18606019020080566 -0.017654625698924065 -0.044004753232002258 1
0.18657099085302623 -0.062415109625326592 0.010196119583595965 1
0.18568149730624664 0.031399678885000587 -0.034902904384876372 1
0.18576620097688731 -0.058508967695251733 0.024589265834830953 1
0.18683883245399371 -0.054521033883189851 -0.034256317045667652 1
0.18592559700964437 -0.054767421401292274 -0.031285057296834499 1
0.18650814890861511 0.031048435717821121 0.054650869220495224 1
0.18560722767954077 0.026237929030406511 0.039504402496473079 1
0.18843129072089418 -0.028331041994340271 -0.059179997372922614 1
0.18529493671230174 0.014455686485463162 -0.039788583061210081 1
0.18663933741276476 0.048621563351620552 0.040447962681706646 1
0.18422908951949565 -0.033518165281900332 0.022565385959786327 1
0.187066450715065 0.010250547900795937 0.042440876364707947 1
0.18749013972113276 0.05494494935243513 0.032322179431479824 1
0.18720243871212006 0.059558354318141937 0.022576721385121346 1
0.18839970114990096 -0.018609223175697517 0.041148709678150271 1
0.18723990023692644 0.0089486344212500266 -0.068493799910556236 1
0.18766018919323951 -0.054676717170705692 0.033536138756570903 1
0.18698115447426605 -0.040314856847631954 -0.013678722307385533 1
0.18698253467059742 0.022485737183859461 0.058903009815256355 1
0.18757322244423508 -0.010780952077057707 0.07023429447397378 1
0.18845100925050662 -0.061767885384399167 -0.032449445292559873 1
0.18678744737882458 -0.039683428217777129 -0.0566698618361135 1
0.18773341888454032 0.011670326928820484 0.062718430575229217 1
0.18768896162509918 -0.015905432403087616 0.061587881296873093 1
0.18903711381689528 -0.062565718296848732 -0.020689958435153311 1
0.1879258687376639 0.0051599812425510557 0.070851297835408722 1
0.18779514926931098 -0.025745739606110898 0.057938653693337706 1
0.18685410512459771 0.021903027058386267 -0.065098251209879943 1
0.18825908088347648 0.032423404037645251 0.062733303822352232 1
0.18695519810151287 0.054483996628374907 -0.035013951777336856 1
0.18796566128730774 0.036857627332210541 0.054226994514465332 1
0.18798257410526276 0.018152346834540367 0.045880857855081558 1
0.18880047670236083 -0.039395863517989502 0.059259269503854094 1
0.18732243355645872 0.0002992143972935981 -0.065483887673903243 1
0.18826154714723548 -0.017894583115915415 0.069002161040052704 1
0.18829238812177862 -0.024241899532908319 0.067114562371205277 1
0.18877271539064033 0.050271698949860319 0.010429369824915945 1
0.18846353888511658 0.019567420706152916 0.069204516708850861 1
0.18804903896520017 -0.015042277722920477 -0.042323418250350194 1
0.18770780180739605 0.038320842049641188 0.030830671873199249 1
0.18762005998405995 0.015690480442144498 -0.047332882959444142 1
0.18847434634994403 -0.049843244920541617 0.041786471070749787 1
0.1885886937379837 0.0079376045614480972 -0.051137812435626984 1
0.18824073708778977 0.049293965964947027 -0.011051832829888628 1
0.18944076051177847 -0.041869357522384465 0.016579708455308231 1
0.18878647361453238 0.029521079687085082 -0.033997993071966964 1
0.18741691025941035 0.049905484224560835 0.0020427581313393018 1
0.18887585401535034 0.02092621847987175 -0.063084810972213745 1
0.18787473077339706 -0.047345226337409591 -0.0090425082254910992 1
0.18888936936855316 -0.014646890573203564 0.048782173544168472 1
0.18888936936855316 -0.0093090822920203209 0.050485752522945404 1
0.18892809748649597 -0.030867582187056541 0.06508270651102066 1
0.18943881105781224 0.049018862878040026 0.017183273151185841 1
0.18899138271808624 0.010186269879341125 0.050545122474431992 1
0.188445059929231 -0.02370668026918369 0.044156284438339924 1
0.18909163773059845 0.056440766900777817 0.043441612273454666 1
0.18919101357460022 0.066953815519809723 -0.023002978414297104 1
0.18730762413532323 0.039836529564296307 -0.051176749387792639 1
0.187352974621353 -0.038633729171489405 0.027688126015389825 1
0.18927080615488753 0.045061840366428296 -0.012111581019398833 1
0.18949423730373383 0.0084006050601601601 -0.065868362784385681 1
0.18949916958808899 0.060950659215450287 -0.027904324233531952 1
0.18889887955632947 0.027440579203770438 -0.04325622922618888 1
0.18857524227712702 -0.037621182793573925 -0.023694310705834287 1
0.18952912092208862 -0.041905894875526428 0.053757499903440475 1
0.18954293429851532 -0.0072308620437979698 0.067430652678012848 1
0.1889319763618319 0.041704635541460658 -0.027903522680922867 1
0.18940264347073604 -0.016699447052346092 -0.049573976190227249 1
0.1896221935749054 0.064582087099552155 0.01803864911198616 1
0.19053467351739561 -0.061569055134558646 -0.027132963296379736 1
0.18880552475800264 -0.02345718371074686 -0.044679050637651152 1
0.18967732787132263 -0.0066259321756660938 -0.047562044113874435 1
0.18920018693638493 -0.0023883916400437612 0.052087868145242751 1
0.18979616463184357 -0.063407391309738159 0.021527854725718498 1
0.19018138804295248 -0.069648485861348503 0.0047614417812003162 1
0.18995530903339386 0.048029478639364243 0.00072092714253813028 1
0.19088612502835481 -0.026918387079650948 0.038903700623239647 1
0.18929959779641778 -0.031114836540522491 -0.039405324067250419 1
0.19120162093219384 -0.007171685681969857 -0.055412579965620865 1
0.19007194042205811 -0.02658558264374733 0.062729045748710632 1
0.1900801956653595 0.068883799016475677 -0.017221199348568916 1
0.19012697041034698 -0.068944178521633148 0.016237504780292511 1
0.18856241276928934 -0.033051886862721404 0.036736896637816575 1
0.19001793488506327 0.069001458470700813 0.014935994820811984 1
0.19020663201808929 0.021639306098222733 0.065267704427242279 1
0.19040838860009426 0.06754968978805953 0.023265708126925942 1
0.19022946059703827 -0.0049008550122380257 0.072953179478645325 1
0.19034405286220593 -0.057528550538170548 0.044000031943684924 1
0.1906685982909409 0.021472475299397206 -0.049461021320719806 1
0.19034495194735818 0.061210204347718136 -0.036902297252416588 1
0.19157840568869108 -0.038764176671636758 0.027529714670762942 1
0.18995755703288525 0.051334793030783393 -0.043069193363182739 1
0.19042348861694336 -0.035695776343345642 0.05900881439447403 1
0.18966214812584126 -0.025564648461084728 -0.037959542485795417 1
0.1905023371301402 -0.065833421656931318 0.027894444185439248 1
0.19052158296108246 0.0075558940880000591 -0.048217926174402237 1
0.18995492206558165 0.017877401500981556 0.043503522969338904 1
0.19056007266044617 0.012328159995377064 0.067883379757404327 1
0.19086417207456619 -0.030629191424071125 -0.06483078243157582 1
0.1900779430880131 0.029617713460742788 0.042976600141598445 1
0.19068539142608643 -0.0016249291365966201 0.070043228566646576 1
0.18901555990790825 -0.045293770416007746 -0.020149610926439781 1
0.19164217201874803 -0.056873737012968641 -0.036606528233177692 1
0.19050807705796369 -0.045780890305416197 0.023320423268845078 1
0.19116679590487803 -0.070438904061901023 -0.0097538289818171961 1
0.19126323395065725 0.02963794824269483 -0.065331027008748238 1
0.19095359742641449 -0.04516277089715004 0.056998297572135925 1
0.19077158847258824 0.056709104918621633 -0.043695709453109015 1
0.19096285104751587 -0.06680433452129364 -0.025629576295614243 1
0.19071501962571782 0.048480803992989423 -0.022240922326103738 1
0.1910245269536972 -0.066018231213092804 -0.012561754323542118 1
0.19106565415859222 0.045249681919813156 -0.018034771084785461 1
0.19097776910017214 0.02085839719441503 0.049363973392913658 1
0.19117842614650726 0.066150136291980743 -0.016299745067954063 1
0.19094196455550505 0.064709742596208583 -0.030474798013481099 1
0.19169451833141918 0.015686384404700927 -0.054132830395147692 1
0.19081267067596439 0.03803763441667652 0.036659276507889339 1
0.19231464572673998 0.025134217033868839 0.043055092118705784 1
0.19119001070189906 0.032146750890821529 0.036787892279303527 1
0.19133368134498596 0.070600308477878571 -0.014708841219544411 1
0.19137435526704633 0.070978847422483032 0.0045659230079894055 1
0.1914212703704834 0.042247232049703598 0.058799143880605698 1
0.19123259879735668 -0.066872514360996088 -0.0017282438287431396 1
0.191494420170784 0.067347504198551178 0.009823470376431942 1
0.19147292185928125 0.021484090606868077 -0.044101835531306616 1
0.19152215123176575 0.060853034257888794 0.030697206035256386 1
0.19086437605238221 0.043631742221673417 0.021050551951384992 1
0.19148100982496677 0.071499580264822254 -0.0062674009885896557 1
0.19235980368764252 0.042283280480297052 -0.035152216121551776 1
0.19188598549738409 0.067637051659021646 -0.0034003474571669494 1
0.19068165459054953 -0.043222350289967688 -0.052206051055094557 1
0.19120421504885624 -0.065248691487109614 0.015831315744708661 1
0.1918585981257627 -0.018647604413433366 0.052730105012901686 1
0.19172804057598114 -0.0081056440249085426 -0.072214700281620026 1
0.19197634816097151 -0.010304384879930805 0.055654217260090628 1
0.19119373114814558 0.04796126227173881 0.010026974818034697 1
0.19174868383369406 0.036982986398688383 -0.0614961766463527 1
0.19143202986217972 0.0091496481676106578 0.054637365136580511 1
0.19054940792612957 0.041867802135982138 -0.022622729765309785 1
0.19183783233165741 0.006618971936404705 -0.072623223066329956 1
0.19029128501473305 -0.040438454053212849 -0.031341100007846567 1
0.19197936356067657 -0.013215985149145126 -0.067485108971595764 1
0.19247382961598841 -0.018094500110004776 -0.070616155788244359 1
0.19203926622867584 0.047346953302621841 0.027044899761676788 1
0.19209065605790934 -0.030410806693331082 -0.03778009690296754 1
0.19171252575364162 -0.040581194532808493 0.033982524690730972 1
0.19189421389520508 -0.025282462331084228 0.048712070586569227 1
0.19198128165789255 0.045180713604340908 -0.056245916057360554 1
0.19278348110360533 0.039916045496422373 0.030584260687505551 1
0.19231170541063322 0.0089871694495699608 -0.057109002054815464 1
0.19231089949607849 -0.057844378054141998 0.038385394960641861 1
0.19236785173416138 0.032817956060171127 0.060632597655057907 1
0.19219839540982453 -0.037477113420450105 -0.061789783531605261 1
0.19244762639993845 -0.070109218309744453 -0.017163327034483769 1
0.19205606257762711 -0.066562966097961876 0.0095218989762898797 1
0.19259744882583618 0.0064457850530743599 0.07305782288312912 1
0.19217882054223656 0.065420969701262072 0.030312663542931998 1
0.19271247808210776 0.015029799059946804 -0.071260962382331206 1
0.19266386330127716 0.0036217181477695704 0.050948180258274078 1
0.1917233948686686 -0.024455876054069813 -0.049729146011209854 1
0.19277642667293549 0.057014282792806625 0.038778837770223618 1
0.19237516647867009 -0.0063953601245048848 0.050409845894235111 1
0.1922471642285444 -0.013495355552570464 0.048590490595185283 1
0.19274665253775108 0.012142094096973307 -0.05015551636208658 1
0.19300837144167077 0.013202228945137224 0.049237298150247986 1
0.19291444141361005 0.013319395613160654 0.072095535887393106 1
0.19305151700973511 0.025927947834134102 -0.051454629749059677 1
0.19332231882495901 -0.020505470740524848 0.046964874735047672 1
0.19314733147621155 -0.05329393595457077 0.0084117557853460312 1
0.19317394495010376 -0.05373493954539299 0.0011602150043472648 1
0.1935645139104552 0.040505797128570956 -0.040375048283575056 1
0.19308538303307118 -0.03747260282730653 -0.031648094556866978 1
0.19314042739647574 0.062377032049008997 0.037083741732378189 1
0.19326005876064301 0.047113828361034393 0.050591349601745605 1
0.1932137496390845 -0.062929485198819052 0.036807122838598667 1
0.19332282245159149 0.019516730681061745 0.055653858929872513 1
0.19302965396437979 -0.04749617989557138 -0.013500768185563386 1
0.1937297734737867 -0.023689472774339821 0.055715932500168597 1
0.19304851424738617 -0.052701096096817501 -0.012694796423757173 1
0.19349276115299033 0.028192238636197142 0.050874888260546126 1
0.19345283508300781 0.016721457242965698 -0.067129001021385193 1
0.19249994189249148 -0.038400930583283428 -0.039140631308569214 1
0.1932210640412379 -0.01925836136957617 -0.056322883513481858 1
0.19352658577077828 0.021568503658845179 -0.05553491225188166 1
0.19355538487434387 -0.035732362419366837 0.042259719222784042 1
0.19381211898864273 0.046204185374397119 0.034626193151090973 1
0.19333901240278434 -0.040884292182904791 -0.05611870398286354 1
0.19391827032136755 -0.045814781441914178 0.01919096383991958 1
0.19383349620064549 0.018911301403429094 0.049034722165695654 1
0.1944690472481129 -0.028676746286950276 0.043032036312646259 1
0.19378255307674408 -0.054439898580312729 -0.048924945294857025 1
0.19373892840487977 -0.027854002226294035 -0.042693947411219894 1
0.19375682804802644 0.028288977737945295 -0.053981479739164846 1
0.19376610592272975 0.024279747788904772 -0.068659754429539255 1
0.19387085735797882 0.057239286601543427 -0.039400778710842133 1
0.19395335018634796 -0.049631644040346146 -0.047851510345935822 1
0.19434214630677993 0.043683782504590603 -0.027968027147031029 1
0.19408400356769562 -0.017417743802070618 0.068176135420799255 1
0.19409384248358394 -0.025520938516667108 -0.069377403004429739 1
0.19431967884220372 0.029576122424889807 0.066223712253009173 1
0.19460000652057893 0.036773503783203744 0.051210276045931154 1
0.19367580562723322 0.049295868467807688 -0.029287077745052563 1
0.19423778355121613 0.037586875259876251 -0.058221250772476196 1
0.19380338020245311 -0.0066721473905668651 -0.053680155380942014 1
0.19424975413339149 0.0069002364865273103 0.061567559523407041 1
0.19439810514450073 0.054841268807649612 -0.021264800801873207 1
0.19418543589816653 0.0084217749576952303 -0.061864961452827993 1
0.19443890452384949 0.058014217764139175 0.0025062523782253265 1
0.19368486746306954 -0.015364685703301918 -0.0509859963581238 1
0.19428160649636289 -0.046994149934833113 0.034456244655820797 1
0.19456765055656433 -0.016217274591326714 0.062095463275909424 1
0.19460302157091725 -0.051239015198570464 0.025561477197928142 1
0.19454635004700702 0.043328774525719274 -0.054371374946406932 1
0.19440096467813739 -0.009303533350429995 -0.061263856167114959 1
0.19487420522336038 0.01525820408223362 -0.060755507421551856 1
0.19440196994371356 -0.045207908616657244 -0.023313166286999143 1
0.19469751417636871 0.056655477732419968 0.012872503139078617 1
0.19488883742818416 0.017474237390686726 0.061783503520648951 1
0.19490387700968514 -0.031040751128574955 0.055900556231233071 1
0.19428076336896544 -0.028758865726907383 -0.052779862982016375 1
0.19445728435793419 0.054019047753043073 0.020067453514209941 1
0.19531469396599457 0.036253151063140837 -0.039135156790069431 1
0.19504451835260297 -0.041856691729278979 0.045728760943124239 1
0.19438930847694799 0.051201915940394867 -0.01254834497424509 1
0.19496273994445801 -0.053272444754838943 0.016052097082138062 1
0.19497980177402496 -0.035092119127511978 -0.060915283858776093 1
0.19495869944347799 0.027480529305969267 0.056362200387815635 1
0.19504301249980927 -0.052306987345218658 -0.022601816803216934 1
0.19467776080492707 -0.057594513733573299 -0.0038756052766338741 1
0.1950581967830658 0.058217599987983704 -0.010298433713614941 1
0.19509601593017578 0.064566515386104584 -0.026089418679475784 1
0.19520683071483472 0.034773365180460092 0.040355261930214326 1
0.19376663354565149 -0.049096297475745142 -0.00058622521476696908 1
0.19518859684467316 -0.0043761641718447208 0.06785089522600174 1
0.19585014373320328 -0.041781563723582535 -0.035231184924278763 1
0.19523687660694122 -0.047984417527914047 -0.032961413264274597 1
0.19484098177879433 0.019122675586730864 -0.052095429917502177 1
0.19536951184272766 -0.029433863237500191 -0.063766717910766602 1
0.19540560307952598 -0.057989392611391341 0.0094654152301140628 1
0.19520220470733834 -0.051091713519795724 0.036471241869611898 1
0.19434302446886406 -0.03459332409572214 0.037183429267426737 1
0.19545303463822586 0.0080737568376488232 0.055556120625283478 1
0.19541823863983154 0.040506652797885609 -0.046981093858689885 1
0.19559871041453528 0.046233615412954364 0.041146696396583186 1
0.19541823863983154 0.048912357538938522 -0.035098843276500702 1
0.19522706855588773 0.05295525828819745 0.030229088262162803 1
0.19528626226939169 0.054115292267145128 -0.031917166088308441 1
0.19541823863983154 0.060677993232273096 -9.3047846300356798e-05 1
0.19531703418218666 0.06179215378046235 0.01124365221618517 1
0.1955328966057967 0.06340540263418018 -0.0095691522547432569 1
0.19547638297080994 -0.066387653350830078 -0.022252827882766724 1
0.19550579786300659 0.0085850851610302925 0.069106005132198334 1
0.19551655650138855 -0.06226561963558197 0.032590646296739578 1
0.19564339687910928 -0.050164402046331782 -0.038558676826267423 1
0.19497954426294359 0.022014366629372107 0.06930868124817352 1
0.19559125602245331 -0.032046053558588028 0.061677746474742889 1
0.19566245735863905 -0.024169859579867822 0.064743509704948812 1
0.19582673628899264 -0.053371070730615464 0.044580493127390944 1
0.19586369531014466 0.045213158880655122 0.049659563972065286 1
0.19585809111595154 0.027111290022730827 0.063352078199386597 1
0.1956655084800035 -0.047539650920204422 0.044770811940046167 1
0.1961144590355017 0.026092151327207214 0.049901151928033259 1
0.19592304527759552 0.058913707733154297 0.027486907318234444 1
0.19598510948158532 -0.024542384298793032 -0.060702935003827174 1
0.19599787890911102 -0.050861041992902756 0.011093295179307461 1
0.19601695239543915 0.01888192817568779 0.066543109714984894 1
0.1954144321060701 -0.036493509044478296 0.063368540984216029 1
0.19604003429412842 0.058511354029178619 -0.022467421367764473 1
0.19608046114444733 0.038349509239196777 0.056765411049127579 1
0.19619729702872779 0.05011142503465478 -0.022956235140891994 1
0.1960984468460083 0.06569352000951767 0.023297710344195366 1
0.19611158519141123 -0.058775023704344363 0.023098791005742254 1
0.19626860940764257 -0.03276815980848518 -0.056790514571616692 1
0.19625873837215221 -0.026081382066888609 -0.049842321572858561 1
0.19627988338470459 -0.022224454209208488 -0.067293912172317505 1
0.19605527245153342 -0.014919055702817737 0.055006893646369584 1
0.19627947864478906 0.027724601736015347 -0.058595797392016605 1
0.19670249948702756 -0.059206593550943251 -0.044029355599936183 1
0.1958504246210106 -0.0054563588735852975 0.056669062347825386 1
0.19661806685956157 0.029722620567188759 -0.048708355969892786 1
0.19641187687703726 -0.025499640124198295 0.051380598159140055 1
0.19628241181178044 0.031743506385648428 0.060340405237043038 1
0.19631508521623225 -0.059356076266262096 -0.017331714946596712 1
0.19597338687967952 0.0094945088229153995 -0.056674981510793691 1
0.19645082950592041 -0.0054972679354250431 -0.070058412849903107 1
0.19651633501052856 -0.048217132687568665 -0.051545847207307816 1
0.19480109953468844 0.050771225277346878 0.015627818208729407 1
0.196536860604166 -0.056354341768913151 -0.026945684719238257 1
0.1966012567281723 0.033335953950881958 -0.062020819634199142 1
0.1967090368270874 0.052796278148889542 -0.045153450220823288 1
0.19679020977382053 0.015843085053763546 0.056501554594569084 1
0.19669418244779399 -0.067238492689237844 0.017541621806420316 1
0.19619144645406522 -0.011401737194453022 -0.057486255847034359 1
0.19686330854892731 0.051922105252742767 0.043985627591609955 1
0.19687387527481376 -0.036881029516627292 0.039897679518690311 1
0.19688108563423157 -0.068643160164356232 -0.0092401262372732162 1
0.19696003198623657 -0.064190402626991272 0.026323132216930389 1
0.19696307182312012 -0.06877397745847702 0.0076727871783077717 1
0.19693889111592769 0.0411777540233478 -0.0547506369037144 1
0.19700786471366882 -0.039740294218063354 -0.05839509516954422 1
0.19704404473304749 0.025089211761951447 -0.063894398510456085 1
0.19704405963420868 -0.063004359602928162 -0.031501650810241699 1
0.19682799678254401 -0.061495576939086936 0.005402830415100506 1
0.19705334774919156 -0.052039584683075998 -0.045041600972591148 1
0.19705045223236084 -0.04902074858546257 -0.041627716273069382 1
0.19704351333376299 -0.044817060653575082 0.037944192744053126 1
0.19668720816336421 -0.042881813738206612 0.031051897536415487 1
0.19700895976443683 -0.029609244573519999 0.053753196743738685 1
0.19702818020808374 0.043098505443968392 -0.046956839315334169 1
0.1970733106136322 0.059679634869098663 -0.033469706773757935 1
0.19757585683047635 0.034886084491249886 0.048886809481005981 1
0.19710497558116913 -0.01460354495793581 -0.065715409815311432 1
0.19712144136428833 0.067978508770465851 0.0057889190502464771 1
0.19713108241558075 -0.059351719915866852 -0.038231223821640015 1
0.19713328778743744 0.059693653136491776 0.03376411646604538 1
0.19711438169229614 -0.057554554276092053 0.037304962502289013 1
0.19700865614855781 -0.042218753210321175 0.055382590079951978 1
0.19728372991085052 0.065113425254821777 0.017617747187614441 1
0.19731937348842621 0.011338940821588039 -0.067584097385406494 1
0.19720722926002907 -0.020032516078828579 -0.056183842675649395 1
0.19737342000007629 0.066701941192150116 -0.0069731906987726688 1
0.1974189281463623 -0.04444802924990654 -0.060409821569919586 1
0.19743892550468445 -0.019540540874004364 0.070588678121566772 1
0.19747711718082428 0.066553331911563873 -0.015644120052456856 1
0.19765420726798433 -0.047432053559031268 -0.028434050255044734 1
0.19780223675186562 -0.025610770647783769 -0.055930148458158371 1
0.19768062233924866 0.050330482423305511 0.025844056159257889 1
0.19761851089228236 0.024550344235578479 -0.055810988929899046 1
0.19766610618808508 -0.073208701640525412 0.0071421762432551019 1
0.19747897855505578 0.052927174436082532 -0.049283988878644935 1
0.19781020283699036 -0.041781418025493622 0.060490913689136505 1
0.19812226365843533 -0.022429410034146308 0.059962779421257627 1
0.19764194644322283 0.047447872983992966 -0.032179020499640172 1
0.1979767209073004 -0.073074970020829133 -0.010459163535997336 1
0.1981203267432752 0.02342074320140252 0.059630478857500266 1
0.19806087333267702 -0.049681264893826543 0.029434185871908717 1
0.19798668599430394 -0.05147301799768271 0.021011340409514499 1
0.19772257062981571 -0.0080111063267698217 0.062120456611591136 1
0.19813991461396718 -0.051917548252942411 -0.019631944944160713 1
0.1981611746075245 0.044350083693896356 -0.038434600282881322 1
0.19805878540225175 0.048224674592450063 0.034773323141186807 1
0.19833063235358553 -0.054794324666622443 -0.0089130025439167863 1
0.19853801966140552 0.005774588179903577 -0.06341993714891131 1
0.19841096128728222 0.055989463009983344 -0.017065920726253608 1
0.19825090531967043 -0.012052076313541585 0.07213865830762925 1
0.19804341176127305 -0.043671112012763212 -0.041084147156872509 1
0.19836392478397971 -0.064576359407014949 -0.037163407590884802 1
0.19849672913551331 -0.048147547990083694 -0.035524938255548477 1
0.19851511850291431 -0.068166673643114212 -0.028685269729510517 1
0.19856125132474328 -0.055471107309594786 0.0094398076610378214 1
0.19856946170330048 -0.071078330278396606 0.015677211806178093 1
0.19855316467484652 0.057029253564250253 0.01427081556436121 1
0.19869303698738966 -0.045403288549112977 0.040452250298133409 1
0.19863484766723846 -0.03533909307970072 0.053343122678862952 1
0.1985395172691726 0.030052129177296237 -0.05625049683414271 1
0.19868268072605133 0.052176792174577713 -0.035098843276500702 1
0.19853574269501525 0.058177421065196987 -0.0060738978109309135 1
0.19835950955317644 0.0048750861158314701 0.066972543728353345 1
0.19860216804145003 0.05331070832106273 -0.02763681297596458 1
0.19882901437116188 -0.048382368233222624 0.042808094491039533 1
0.19904289149193574 0.070785463199149537 0.017002365539378072 1
0.19907861948013306 -0.013308812864124775 0.069667674601078033 1
0.19914726912975311 0.037325728684663773 0.062232248485088348 1
0.19920527016025535 -0.03598323402876466 -0.065352421703643887 1
0.19920319318771362 -0.049459502100944519 0.053602509200572968 1
0.19932531864915534 -0.029952804969874361 0.060998522516525405 1
0.19983617785106986 -0.062804110279643527 -0.016046511011386856 1
0.19895505558895774 0.018449542784795891 -0.060948902641024739 1
0.19923022045176758 0.033891820503122047 0.057061144778441375 1
0.19930523616589918 0.059826304148083362 0.023038045418736493 1
0.1994326031384305 0.063870454454237197 -0.005692727869444858 1
0.19950725138187408 -0.06846899539232254 0.02727806381881237 1
0.19938883025806309 -0.054139376303016865 0.032658808078788397 1
0.19971661446287489 -0.009506214179676729 -0.073246715834381831 1
0.19960185775299766 0.061863302927531866 -0.014402992714257925 1
0.19979014119054864 -0.030899725798006469 0.066263016674321967 1
0.19984245313045634 -0.018686979878138908 -0.071837664816670574 1
0.19993825578599442 -0.055259612265763709 -0.02986340375293867 1
0.19985007014756934 0.043837920370185711 0.057182820509797894 1
0.1999952644109726 -0.032445959746837616 -0.057397101074457169 1
0.199973003642341 -0.016396336412830968 -0.063828891593189802 1
0.20003359113985816 0.05963745391369063 -0.025258524539631861 1
0.20006786315909042 0.0093120593073940973 0.071709406209209903 1
0.20000526309013367 0.059297308325767517 0.041380409151315689 1
0.19974027163073599 0.048589347481054833 0.043082371135077888 1
0.20008982917518178 -0.065751938275202565 0.034005961729260042 1
0.20011139416796292 -0.060175209595468668 0.02047131889925248 1
0.2000742464726617 0.071696969861743939 0.0022463438687740835 1
0.20015256106853485 0.07051907479763031 -0.015840047970414162 1
0.1998614265255281 0.064770551227491938 -0.03238128180455016 1
0.20016011595726013 0.064321942627429962 0.0097288694232702255 1
0.20016691088676453 0.067219972610473633 0.026166444644331932 1
0.20018734037876129 0.034707110375165939 -0.064102262258529663 1
0.20022199613615851 -0.069337716690511433 -0.021359327778114449 1
0.20024187862873077 -0.022366119548678398 0.068681143224239349 1
0.2002529501914978 0.06802116334438324 -0.023818697780370712 1
0.20025396347045898 -0.024923304095864296 -0.0694575235247612 1
0.20026299545611451 0.025386035138844933 -0.067814357357919269 1
0.20026134224119471 -0.061265904608263005 0.041221236030842913 1
0.20027236791149139 0.040351629947792136 -0.059835301002453295 1
0.20027905985082159 -0.04511296080053772 0.050548922403280787 1
0.20030622184276581 -0.06542012095451355 -0.024027802050113678 1
0.20031489431858063 -0.068144910037517548 0.009433516301214695 1
0.20020473163183583 -0.048477491655554476 -0.040402575325944642 1
0.20029228318945594 0.029638883143917268 -0.059072386049662848 1
0.20031489431858063 0.054897155612707138 -0.032786533236503601 1
0.20037728738648602 0.028737673780685459 0.064450387966124831 1
0.20031132602864732 0.0060126009887809945 -0.071877090055412166 1
0.20060702096505112 -0.070558559893431724 -0.012956995886964641 1
0.20063657551084624 0.017275620584175061 -0.069642969500564547 1
0.20069746445325662 0.018778926023456606 0.068145336083435926 1
0.20081158779156819 -0.068829675045328831 0.020296726853107669 1
0.20098665909595481 -0.052319811090460994 -0.050374002848567363 1
0.20138607425613539 -0.055584243902082352 -0.044633826484964154 1
0.20172594487667084 -0.063897483050823212 -0.03172958642244339 1
0.20201774711695841 -0.070013581287906634 0.009169470878978795 1
0.20221596423472388 -0.045131634355052061 -0.056318928405580858 1
0.20228896526268911 -0.068525217520952933 -0.015744298438040236 1
-0.13473386192774378 0.0024357014315737691 0.0018858415041665686 1
-0.10015359001740158 0.0046639400060194151 0.0014528691424049397 1
-0.063913664438656009 0.0018579518941902722 0.00060137779478153979 1
0.032755587968058462 -0.0028255506055146545 0.0036975164142439487 1
0.063623665598240078 -0.001526986316802861 -0.0020239823298383594 1
0.16200013237701991 -0.028728778150433537 -0.029248664000777604 1
0.16175155229590168 -0.040179108688126172 -0.00018254163681226491 1
0.16483363441613724 -0.033909646210266736 0.02597467003338369 1
0.15758671322326484 -0.0010252687275507225 -0.036320074728583722 1
0.16014537575453039 -0.0010116432979310548 0.039847301017584276 1
0.16185888238816659 0.026028451524281931 -0.029432043025529209 1
0.15814407398113658 0.037856872433957009 -0.0010417323125683771 1
0.16253182004663527 0.026705035995961888 0.030601995050743829 1
0.20028580843115998 -0.040243601922543282 0.061018573382955306 1
0.12599223975159826 -0.0095395591444199668 -0.010062785132992066 1
0.19182113043629329 0.0011615000784426077 0.055134821721889028 1
0.19304803595392092 -0.0040226413317187622 0.059211472855653431 1
0.1439973147953845 -0.0017556684034244993 0.013150978139590916 1
0.10929068245065839 0.018380391197586401 0.00093587380127377307 1
0.119651418146109 0.012242005373670518 0.02072969206453432 1
0.13922460746239715 0.033036250696667442 0.019217612157083456 1
0.10495694206093273 0.00081158789935857796 0.00074152544908116574 1
0.17542538210672243 0.030968103224812259 0.050220561942856061 1
0.10667948742646043 0.0097673889181359285 0.015915068510723062 1
-0.10081023243469059 0.016233483936875161 -0.0052436505181898624 1
0.19487375348031052 -0.025388871188984401 0.060043083995372996 1
-0.10899336007378167 -0.0050731558504214964 -0.010434219134205702 1
-0.053633538117437707 0.0068889077488550029 0.016254449376766202 1
-0.17012497410311259 0.00060875687655650556 -0.00088994120826563217 1
-0.0462569710692467 0.016509055051152466 0.0066343020806502919 1
0.19218245179763183 0.02904783811151047 -0.040857066546940407 1
0.1139016715902664 -0.0072490992020912493 -0.0090153843186644763 1
0.18144330315299129 -0.040083299597308768 -0.047262132709533326 1
0.081880180123628743 0.0068499529734253883 -0.014627181924879551 1
0.12389591837998809 -0.0033931941390600304 0.018965558358272395 1
-0.17235241037740545 0.016512636095285416 0.0066307210679913912 1
0.19205518919538289 0.032641402516333254 -0.043193318191798877 1
0.081398902369046705 -0.00083283879650997237 -0.01431190963259147 1
-0.15280528992219602 0.016392380497354191 -0.005084753944948334 1
-0.13867853913552575 0.016512636095285416 -0.0045813871874947334 1
0.075402786007712247 0.016512636095285416 -0.0049644982946567421 1
0.032144656482087558 0.016357068566123737 -0.0051200658790150249 1
0.05599592061860581 0.016512636095285416 -0.0049644983373582363 1
0.11090272820413363 -0.0056472200167663102 -0.011079638650775912 1
-0.14332227148687118 0.0069606378676752966 0.016221981208330256 1
0.1210629040036591 0.008566956377586454 -0.0037415064298478287 1
0.12270884488037714 0.011882127779024143 -0.0017501957457175033 1
0.11526614716247588 -0.0096468463965981195 -0.0068031985457184 1
-0.031422994015081834 0.0069245617994019223 -0.014552573095307489 1
0.19718403929457823 -0.049873523416662659 -0.049170942927231641 1
0.11298816760609759 0.0084108302366496402 0.017697964606914557 1
0.13505038575541772 0.012566165163115296 0.013813417340081341 1
0.12981124588405193 -0.011804964688978407 0.016924117170443488 1
0.12752082924750444 0.016092180853087411 0.0052185686876804324 1
0.19181659778050619 -0.022598921189131586 0.065097728576863356 1
0.18025538736645719 -0.011940981410882123 0.06054536683264148 1
0.20029818194130644 0.057455577305515274 -0.042719809166924291 1
0.20010005211289536 0.04871382987578849 -0.053027379339495584 1
-0.10542421461019982 0.0071236210195386495 0.016019735938228204 1
-0.046697162262054108 0.0011385663252057921 0.00027302887673481222 1
-0.17598534721013778 0.013146790279364832 -0.0077763284442384211 1
-0.14705023802337991 -0.0012024527263461158 0.016285474989621067 1
0.015576113196869246 -0.010444959645850602 0.010513221599486734 1
-0.15365603839087122 0.016512636095285416 0.0063640575298676907 1
-0.13069151104000129 0.016512636095285416 0.0066307210363447666 1
-0.10377313981798374 0.016512636095285416 0.0066307210363447666 1
-0.024449837654595102 0.016512636383358609 0.0066307213244179751 1
0.00039522617735876509 0.016487174677942151 0.0066561824549150614 1
0.024425521519479267 0.016512636468096423 0.0066307214091557935 1
0.041713989955888417 0.016512636095285416 0.0064855268602592988 1
0.071830603423425426 0.016467893441134494 0.0066754636926519119 1
-0.07014183082359525 0.016512636095285416 0.0066307212451993279 1
0.049834868104978274 -0.011531834448634195 0.0036208858960401725 1
0.063825345313352627 -0.012352463338080153 0.0028296796562132503 1
-0.11622903322188242 -0.00088019348913803697 -0.014627181924879551 1
-0.083884140291294082 -0.00088019348913803697 -0.014627181924879551 1
-0.049833963528125594 -0.00080775195649733988 -0.014627181924879551 1
-0.035076469232251245 -0.00081691660627110179 -0.014627181924879551 1
-0.13345191365792455 0.0071397743068060361 -0.014337360577531915 1
0.01508865845320107 -0.0084606031649730479 0.012399620873369103 1
0.0027752574732597679 0.0068499529734253883 -0.014627181924879551 1
-0.099185485247837796 0.0069021939605768906 -0.014574940935210466 1
-0.065830531712531448 0.0068499531908076247 -0.014627181831820926 1
-0.048136513955555106 0.0068499531841458659 -0.014627181825159168 1
0.19115414805025177 -0.0300511912317501 0.043321996219572112 1
0.19413861777342314 -0.041433874704931692 0.039516859820423744 1
0.20122645661702271 -0.070319265273871723 -0.0032414870701336397 1
0.19562568605235647 0.063450264625537531 -0.0017287223509532736 1
0.15542580705675327 0.037023189667678452 -0.029200914852662036 1
0.051996172514155566 -0.010641355970608229 0.0064251564522099401 1
0.05851727393650006 -0.01062897750549183 0.0066736884203673925 1
0.070041991841234941 -0.01108231367709867 0.0061240864765386609 1
0.18804279107129823 0.042247024652501367 0.048731516785928131 1
0.11922285001421766 0.022288212763959651 0.0067472739305230811 1
0.16720339139816759 0.044689691415597081 0.0065146278994347284 1
0.19092863507577723 -0.020746961719023953 -0.063995761648157443 1
-0.014510863836877941 0.0068499529734253883 -0.014627181924879551 1
0.01818010923189875 0.0068499529734253883 -0.014627181924879551 1
0.043834561494560498 0.0068499529734253883 -0.014627181924879551 1
0.19979348983843753 -0.060858899301747524 0.010985376831493917 1
-0.081515894124500235 -0.010261238703168262 0.0072399893571260384 1
0.024245693143978092 -0.0085065587876329077 -0.010127453863435467 1
0.05797844319444944 -0.00070576581509389528 -0.014598215388090637 1
0.19866789930990977 0.043968173984502208 -0.043189432814582526 1
0.19868268072605133 0.033049633547282048 -0.054226003582828412 1
0.1430642405971197 -0.0010043016237965309 0.011102838014208345 1
-0.11572967604481577 -0.001256115984313912 0.016278040778198499 1
0.082219457506074595 -0.010384964086037261 0.0090738685021489567 1
0.20034921379567788 0.042868818675811632 -0.045349811978742251 1
0.1279701767680598 0.0059888265204608463 0.0048388568069623814 1
0.060937322849250776 0.0068584419399535246 0.016284915581420319 1
-0.1573908176316734 0.00062861356965866484 0.0046997073970604201 1
0.12762782314492616 -0.0081993489050527137 0.0016385915484972309 1
-0.10219830941499072 -0.00076386705040931702 -0.014627181924879551 1
0.17602347407717056 0.026011769183869719 0.052896362458671055 1
0.052999538853582211 -0.00085020582584120459 0.0062047565842713714 1
-0.017008598239144263 0.0031955164103606563 -0.00020301590396538838 1
0.018548953546600064 -0.010461748291717397 -0.0087387852651215313 1
0.077919215774796435 0.0040784671511091613 -0.0015667123400175801 1
-0.09464821240381055 -0.010542876087129118 -0.0058924609221737562 1
-0.054950342378052748 -0.010542876087129116 -0.006972243099294749 1
-0.047526720950491097 -0.010542876087129116 -0.0071741656231473763 1
-0.075781940199878384 -0.010542876087129116 -0.0064056235795481014 1
0.19350872131370234 0.032652977436663538 -0.048685798337335419 1
0.17905011796647216 -0.024142851447576989 0.054799121431626269 1
-0.022476427756976544 -0.010542876087129116 -0.0078555336689508856 1
0.038920961666538204 0.0068669309064816608 0.016276426538974556 1
-0.013843771779053004 -0.0017676445643661099 0.016257134750335488 1
0.19979409724903147 0.067324454660843649 -0.002010949011877863 1
0.19685996609536957 0.067398244873422608 -0.00042901311147290058 1
0.081909351439881234 -0.013203505226046533 0.0025499548695989945 1
0.087290099312858513 -0.0067368342857131681 0.0022268351466405959 1
-0.15953681404944625 -0.0029587874390723237 -0.0095891596044353645 1
0.16889874028217441 0.030367153019441952 0.051206121230130325 1
0.18453507306796033 -0.013159015806792185 0.040361856255946266 1
-0.16461832341225158 -0.0075510899630279885 -0.0087953569817895132 1
0.079798111339175207 0.0032081285919375625 -0.01451400296190913 1
-0.16451228134793575 0.0086885219512176544 -0.011066234923221136 1
0.11483126569502156 0.022524933535888497 0.0036044366125637952 1
-0.086482744756915572 0.00014750114632399621 0.0039951045634987513 1
-0.1321922594366933 -0.00088019348913803675 -0.014627181924879551 1
0.075896458045190601 -0.011085231627511353 -0.0055870350955879488 1
0.19854584623798585 -0.029678397795935708 0.057283858674251134 1
-0.1636547575982904 -0.0010300975298598233 0.016288016506373917 1
-0.13044571844846944 -0.0013748079228324082 0.016282933472868216 1
-0.097834669162108048 -0.0013459596925942908 0.016274368891344329 1
-0.055631299515723556 0.016512636095285416 -0.0049644984540018824 1
-0.051477012839726347 -0.0015787030370640141 0.016264856736922934 1
-0.035179795276250293 -0.0016605248810091905 0.016261512701387038 1
-0.15988948220403254 0.0069192120216472813 0.016224144737045244 1
-0.0921298126814869 0.0069511397624763202 0.016192217232768941 1
-0.11170634637810614 -0.010542876087129116 -0.0054284796297659962 1
-0.036327406310848749 0.0066128726086549395 0.01618133227278833 1
0.12357788540172429 0.015528868977254156 0.01903238748926776 1
-0.079711375131606657 0.0048134491286340505 -0.0040710254306860439 1
-0.074530945870539628 0.0071902543670197437 0.015953102701199824 1
0.14796524769097782 0.041607996623474149 0.019137669760800249 1
0.14861332279363446 0.041210249194633987 0.019834729528707067 1
0.047656426642652593 -0.0030011142591808344 0.016269358244787202 1
-0.086447154733410719 0.016512636095285416 0.0066307212169299176 1
-0.11655258892786817 0.0017143727055169945 0.0029996562641547981 1
0.12480547306296304 0.0030773453706045722 -0.011191217037479457 1
0.13019338136592168 0.0062713944702293377 -0.012355753447563666 1
0.12911578658703318 0.009508373041802496 -0.0096165413611908196 1
0.12714616674478438 0.010926733318485768 0.01863066323162765 1
0.18661247806726511 -0.032464327277044777 -0.033029311010431273 1
0.19122235007170524 0.036275951705642295 -0.030768093879460896 1
0.11544024980010978 0.00049123204238492779 0.016561700578286348 1
0.0021810914904414904 0.0045530153334536238 0.00037479355858269545 1
-0.16841420531272888 0.004166110185906291 -0.012893686071038246 1
0.17369888899475189 0.056251072097736873 -0.022998239986882489 1
0.18132843589077646 0.0033608227106220068 -0.044230335218732771 1
0.14215923231312028 0.027605067410151948 -0.029022641982729094 1
0.12097175480242127 -0.0053332893593967898 -0.013993570602574295 1
0.18072395061038657 0.019261189353109564 0.032785917354307435 1
-0.035137407981465016 0.00053789940390978083 -0.0049998381396172582 1
0.08377584371785754 -0.011446467810970721 0.0060441813552440087 1
0.0096099999977090917 0.0069998014601511177 0.016143555890309556 1
-0.052010833602924376 -0.010191729969883113 0.0072549038627575868 1
0.13252365186377163 -0.015030769006937336 -0.016728802536727764 1
-0.0054753321241033702 0.0011429562768186239 -0.0031098623914873075 1
-0.023313672027763584 -0.0020175790345194162 0.015963838969293088 1
0.0075222100941095549 0.011041227413248065 0.012102129982058694 1
-0.030864049288087503 -0.010414502532700553 0.0069675916984894811 1
-0.010004562620292696 -0.010405732926456909 0.0069340008204683001 1
0.003163156194230085 0.001738562652865177 0.012171012638180136 1
-0.0052230855080505813 -0.0018109255995501226 0.016255365866713375 1
-0.0086044947414944534 -0.0071607042707016177 0.010478633907173185 1
0.17971737708882404 0.061384937160931151 -0.013820538985305742 1
-0.0014560232923978224 0.0030547473118373459 -0.0030425282242284492 1
-0.017753207557951487 -0.006719497590573097 -0.0059305977374219405 1
-0.0016360853917376239 0.0023111899680107245 0.016260282399557482 1
-0.0051519332204801871 -0.0050502978622722688 0.012778626389002443 1
-0.16979821192504593 -0.01032464798887113 0.0070224714573232459 1
-0.014995052961652895 -0.0032518510034860735 0.0043024516672426367 1
-0.012828001375961963 0.010181016440791661 -0.00064480349561088328 1
0.0561528327197926 0.0078774752784800724 -0.0062751744139765862 1
-0.0019429148327696497 -0.00088730468179334628 0.010713624412882363 1
-0.011437574072660103 -0.0061359675597583473 0.006242758600901707 1
-0.012976019658328296 -0.0029942692294580532 -0.00062398270437830777 1
0.015145052269512314 -0.0058158170498016091 0.014018562362804668 1
0.044212685698231946 0.016329117737598514 -0.0051480167097852463 1
-0.0097825244139965115 -0.0052661345710891521 0.0022046101335510579 1
-0.0056109503357843968 -0.010537945199847137 -0.0083001350831520999 1
-0.0050951518226326478 -0.006009527960809705 0.0024033131389361311 1
0.13344287637422339 0.0064151122095346593 0.0046124006643714173 1
-0.0082251164327227511 -0.010470535339275826 0.0032158536170277547 1
0.015909653449346292 0.001699167113538102 0.0010393199069614772 1
-0.17759362120614716 0.0075864409731761532 0.0052220345320514701 1
0.19547780668938314 -0.041821612960411841 0.049594868336749483 1
-0.0097257335055170278 0.0068605879178237697 0.0053540409820562688 1
0.19117981358250966 -0.04551873889315073 0.040353547067645601 1
-0.001754985992839961 0.0060119459765047558 0.0080972883690657027 1
0.0035388713767068427 -0.0035558816480806893 0.0013528316261846194 1
0.056929883501847217 0.016512636095285416 0.0066307210363447666 1
0.051454837126266716 0.009893844106691951 -0.00017411611241023418 1
0.11964049733284246 -0.021245566595254693 -0.00040180732099405849 1
-0.11432361564862624 0.0068499532090651651 -0.014627181850078465 1
0.12330526813150168 -0.0091871901322118331 0.01394121924825035 1
-0.081994893024563045 0.0068499531968934709 -0.014627181837906773 1
0.17572540268022549 -0.038881867234939561 -0.021962527291233751 1
0.12731095522609231 -0.015386036618680678 0.0091583727202334403 1
0.19598142985016001 0.064402077045791872 0.0039693529506096377 1
-0.17976273356214767 -0.0069474622654215265 -0.0095404706189212429 1
0.12726094933318119 -0.0003570945761634187 -0.021897633490803588 1
-0.010396440486709823 0.00049740832292158191 -0.0021920886542187009 1
0.066543819082535982 0.016512636095285416 -0.0045939866745852891 1
-0.16547916367650384 0.0087497150420804987 0.00012882649912488906 1
-0.0056981425401122481 0.0027902466034470433 0.0017967822621287274 1
-0.018393010362682927 -0.00082203026977367699 -0.014627181924879551 1
-0.011492627647240653 0.00086878949071391527 0.0028096291242281474 1
-0.0010847937924961387 0.00075341428969521638 0.004802873222124371 1
-0.0061566122274993784 0.001010231115358279 0.012521816772650386 1
0.076804126465907591 -0.0031516725486216606 -0.012355702764640262 1
0.11316482491085925 0.012895953290121651 -0.0061990855600771808 1
0.1268779948549025 0.012241578311792569 0.0066727094282015668 1
0.13863432069884549 -0.0099728892931393483 -0.011610828990728584 1
0.11335011265092405 -0.014615653001952592 -0.0070468228874345454 1
0.0016427937964382862 -0.0060808635984484875 0.013636788810094707 1
0.016546934565110308 0.0092408174623913372 -0.002610188778992269 1
0.12175502628087997 0.026643462479114532 0.0025530816055834293 1
0.1146442321769318 -0.021048735619960665 0.0016483467157597427 1
0.019527646816096429 0.0060619864723112579 0.0051535225696124152 1
-0.0075468514332198483 -0.0015523186372276715 0.00074173267397417285 1
0.13595984123481877 0.019612969540914744 0.028495299893559763 1
-0.010252005991480313 0.0048976170056446678 -0.0011659913850368025 1
0.00012612999995609899 -0.0064077860010850864 -0.0037098154761860021 1
0.19485514460372128 0.004527345200613226 -0.063998487218243458 1
0.19369747018521108 0.00097667332398811493 -0.060059948565746341 1
-0.024647885810177957 0.004566794181227669 -0.0083498108683897898 1
-0.18750473563751902 0.0018237203635349064 0.0045725495023433167 1
-0.012996993477944229 0.0026484997355005644 -0.004862688114482986 1
0.048669742857187823 0.0048170577338044395 -0.0045689295747176686 1
0.17086334319924368 0.015042062278589974 0.042004758349745888 1
0.12758580268034433 -0.013263875804720689 -0.0030467238407271228 1
0.20089111272713994 -0.054386969543953938 -0.037826372727135571 1
0.12181131255656055 -0.010948022294639814 -0.0010632975164012997 1
0.0082010237871209118 -0.0013866430076418252 0.011886991191033763 1
-0.0072382702669060855 -0.010500294508214577 -0.0015249432021908014 1
0.12181982568450882 0.022994168009672567 0.01232589374395221 1
0.12784605224363998 -0.015953336708939926 0.0031529472212842523 1
0.13127150212713024 -0.01597022002012545 -0.0017031738126423281 1
0.14883249467299756 0.027996566753594299 0.036612786574338099 1
0.0093024548999743051 -0.0048258334020152864 0.0010367157190668741 1
0.091936415873923386 0.011416109592494022 -0.010061025085759991 1
0.13416401831532274 -0.0076020564114950371 0.016476569536951952 1
0.011099075077564378 -0.0052373521438798748 0.014142245920726786 1
0.20011340377059827 0.071108022329687132 -0.0067968520508200391 1
-0.17472849457940451 0.010637429594203626 -0.0018692730288924196 1
0.024938774287956374 0.0031566906755244959 -0.0052954707564875653 1
0.14145869165072453 0.0060972872822028911 -0.021565610187420408 1
0.11728101467602826 -0.015232298090629646 -0.001610993826892852 1
0.063972117958456337 0.006967328913358101 -0.0097929620124092322 1
0.13039512272145604 -0.0091566079315535016 0.020144818331376799 1
0.19119641966859807 -0.035144801295474579 0.038528454764295519 1
-0.0060046314562607322 -0.0060030979188364858 0.0069110516504469746 1
0.19624662150916874 -0.044420932059995623 0.050584365745741933 1
0.11924343008542672 0.018909571080906754 0.016056788763563114 1
0.15486767713569544 0.04211224736624148 0.028834375589488134 1
0.049719661588261646 0.010946584602197645 -0.010530550098683582 1
0.096460842239137229 0.008259236301797708 -0.0015318489356227155 1
0.12434131340819998 -0.014878407594488535 -0.0041396370380505209 1
0.12358437692609636 -0.018041761017441718 -0.010733349353887426 1
0.11825966173276832 0.015857581778401297 0.018513785768029648 1
0.19061705470085144 -0.051288340240716934 0.050574017688632011 1
0.1803563998221778 -0.04419634044397544 -0.021794677648984566 1
0.19495725500525976 -0.046872778518175472 0.039312394892816988 1
0.19706587254621191 -0.055564086156695947 -0.041809122315767458 1
0.10644241538380242 -0.01070741230408576 -0.010705784550531602 1
0.12754974535676158 -0.010723699121252796 -0.013171542635305247 1
0.0016948624536915742 -0.0013598922385600588 -0.0057196339362582845 1
0.20031469185403206 0.033457211785892123 -0.055419316231685507 1
0.20006742539528102 -0.0568285096235423 0.043128574765606047 1
0.15779202937620171 0.021971546190001984 0.036814010932759898 1
0.038457120541498441 0.011397762495417695 -0.010079372183720497 1
0.1920961316117899 -0.051448291381708033 -0.043813850599973503 1
0.13401444813864871 -0.023840028448576286 0.0053000997373018159 1
0.155256217334963 -0.051451857200112291 -0.009562147944608905 1
0.069028277218757941 0.010871989270554265 -0.010605145433921839 1
0.11858945251206481 -0.018125346926039714 0.0025170547416618902 1
0.10968199085374494 -0.015635362823931978 -0.0094012771627270952 1
0.19557511049170825 -0.057420568988854705 0.015535703653755492 1
0.060811308477114606 -0.011906889769797117 -0.0014567789063781667 1
0.16309561428965708 0.0044271142471721901 0.047892671397624056 1
0.13204087809793758 -0.0144398122360737 -0.0033913670664514704 1
0.14144235869647431 -0.026398829398907184 0.024680057831008507 1
0.090706927111912833 0.0067974092934429192 -0.014627181924879551 1
0.20008082366383836 -0.063145692274295145 0.038355440016468345 1
0.17288109441013771 -0.043708645347938412 -0.027779825417401496 1
0.18213263464645582 -0.021383206667482342 -0.03675352606956088 1
0.20027984151720868 -0.051574897188620614 0.050110776852012859 1
0.11777037856889984 -0.012523432439463468 -0.00076482040716442309 1
-0.022158058032894477 -0.0069874148116902783 -0.010476443208560697 1
0.12288562194039671 0.01515698872133993 0.0042586132497847594 1
0.10918487321774029 0.013840855790224418 -0.0075594773249237079 1
0.19557215399176872 0.022430720941152525 -0.059421926642360054 1
0.14488283499906571 -0.016750114641345879 0.036212340988796332 1
0.0092766702902329079 -0.0052250079614491419 0.010782480431011364 1
0.19720123838288198 0.017238759409614089 -0.066000961016598636 1
0.019198946096380169 -0.002507876594074125 0.016108229785554793 1
0.14255014796716015 0.035847563661950452 0.0065694516866290579 1
0.17612085090139873 0.044022951225592639 0.044115610534241852 1
-0.11737307236482428 0.016424852257671298 0.0067185048781893365 1
0.11502277185550935 -0.013932585039508946 -1.5981683342862311e-05 1
0.13835717737681283 -0.001361387798858112 0.024697806459104212 1
0.085197392132835101 -0.00397723896428332 0.016282815864122356 1
0.12705188151989238 0.0061902607643997271 -0.010426050788622685 1
0.19704288456602342 -0.061567075852077012 0.039925257180735217 1
0.031828494504000784 -0.002589562894172278 0.016263684275489843 1
0.14222744304747911 0.010409805133515788 -0.0072308747731626771 1
0.18427392907313409 -0.021669532018489087 0.051151167663701279 1
0.11071042299059852 -0.018369461078564832 0.008584655333534582 1
0.063484358781304401 -0.0034126656241893908 0.016275032214084564 1
0.1480164839589862 -0.02013315597881633 0.042375484127334349 1
0.099744031272226086 -0.0042578729708136016 0.016347741177228817 1
0.19135104758660534 0.036228790987948539 -0.048463886514432362 1
0.17424603271480596 -0.052946504372373464 -0.023675189815926929 1
0.19789246948441189 -0.057450634644616021 0.042585166144204128 1
0.13493296924357104 -0.011762170117800003 0.013344962107475348 1
0.12172126065776676 0.026399897184885657 0.0081616262931603119 1
0.10997893067458382 -0.014663746453417942 -0.0050559996745909962 1
0.11902371548675092 -0.017630626668705421 -0.0017955371571903266 1
0.11339793560308005 -0.007672899503310019 -0.014779730623129995 1
0.13520444224902897 -0.018093085519390026 0.022263528494081204 1
0.084560040560363869 0.016236626827453225 0.0069067303174783178 1
0.067521261472311758 0.0055196368330415538 -0.011449259798486768 1
-0.022966928925979888 0.0068872573864136553 -0.014589877510093521 1
0.18703377833770371 -0.055717521070240465 -0.0072507178583637094 1
0.16553024159598048 -0.038451173762116549 -0.037716405353402448 1
0.11448627045829436 -0.010373088551545765 0.00020708171268090286 1
0.11695766812648103 -0.012134343145569224 -0.014312091953878565 1
0.11292507314980821 -0.010285248026592407 -0.010158644617475938 1
0.17829860181398557 -0.057356365960283255 -0.017223913023557205 1
-0.00074483669141362028 -0.010495921808708944 0.00095510853653521868 1
0.15638519993234656 -0.010265358157488365 0.040373988581959827 1
0.008293719470905821 -0.010560487105527686 -0.0002765652389753806 1
0.1728276061351123 -0.055620455988878652 -0.025349516577660512 1
0.058135348202496745 0.0069248249660605297 -0.014470747002551198 1
0.19973515719175339 -0.055280426517128944 0.047536015510559082 1
-0.017054513777334687 -0.010430561505016865 0.0069214507256709018 1
-0.1298127586809866 -0.010525650499367616 0.0068405648706518158 1
0.1626408207169075 0.039637312706870209 0.039043067637193715 1
0.15185038307064389 -0.014254204946366648 0.036093513734578545 1
-0.16059983600857866 0.012929193189359933 -0.0085479415311041692 1
0.19639941566149335 -0.054873883787332399 -0.038171016322885082 1
0.14739494908913681 -0.002087616820156026 0.046747892932175315 1
-0.0081924861628729466 0.0036986089994726101 -0.0059397281530308562 1
0.13982378002526447 -0.0075406432256279491 0.0346633036485028 1
0.17887248040878675 0.021212428163307612 0.045389917525473347 1
0.05472674377488812 0.0050847809860676881 -0.010045765119281862 1
-0.065735380277691671 -0.010274860418447515 0.0071924330264509853 1
0.19505197934433707 -0.050499577838019061 0.051975946453447858 1
0.14090145929056638 0.0038285114168235736 -0.015993273819598572 1
0.19484648056693765 -0.044463833335558291 0.025447181525490806 1
0.045659807444879297 -0.010624014015545092 0.0067893674927056542 1
0.1912721726764052 0.054088293510765613 -0.0034186916452599442 1
0.13055280895423024 -0.013895740547312973 -0.0055439159583543628 1
0.13961576204381218 -0.019218021980431679 0.0033898415257180296 1
0.13347977313597711 0.011808265439778417 0.0022564221150848723 1
0.11538415305502886 -0.018068009694862178 3.8529672808038486e-05 1
0.11438781225626891 0.012852220364197928 -0.0032843133271196201 1
0.19160382279042421 0.041189512402207397 -0.058646905224244414 1
0.11330818366394951 -0.015320045627339237 0.0076446975776445492 1
0.12727447462663077 0.0028100604879343996 -0.017919061653208855 1
0.13181587688111765 -0.012432589271288411 -0.0052123318709087103 1
0.17936335228288972 0.028850573235325628 0.046386726349941607 1
0.16731797299424353 -0.015491194178717469 -0.021991218552734969 1
0.18515532548145514 -0.021277408572122628 -0.035093603331722831 1
0.14774671025460506 0.033139238831183401 0.031011537874703843 1
-0.02463063143453581 0.0068806360987045756 0.016262721127071011 1
-0.088660218892629761 0.011227335764175029 -0.0102497990222543 1
0.10912521788816609 -0.0088623016289733694 -0.013255369058345042 1
0.19434534030274173 0.038323887740473982 -0.054364427167324821 1
0.051023015403823729 -0.0019455478681075047 -0.004760907332502908 1
0.12363216675355819 -0.0029547676636990897 -0.014684772704435595 1
0.020531384526837421 0.016512636095285416 -0.0049644983373582354 1
0.11023026217903741 0.0045317343560034393 -0.015120943520302441 1
0.14942083428684777 0.012315006589095687 0.011839887193171628 1
0.18596550299542577 -0.053142322237523708 -0.018895799882033885 1
0.14097289698517293 -0.013370245688664472 0.033848817764879947 1
0.14031054079532623 0.012895215302705765 0.013518264284357429 1
0.11654244281484984 -0.013094348914915562 0.016158601957120204 1
0.14906543590832097 0.019639360972709151 -0.020313513698758123 1
0.13080048890337073 -0.0091580919481241974 -0.011273582336984358 1
-0.17713020645541427 -0.00095514550949893015 0.016290710565119999 1
0.089169976017579533 -0.013411876250125413 -0.00098288630400227266 1
0.061152085218438811 0.0036819413260147575 -0.0059464544617434832 1
0.15639501041158962 -0.0071134232805054121 0.031192061536655588 1
-0.17331502971247464 0.0069230409975937941 0.016220315714736915 1
0.15350251242824856 -0.023785568433054592 0.022325724950119166 1
0.12682660799006618 -0.013287062805110317 -0.012246825230683961 1
0.16341380972286854 -0.041328907475726887 -0.038599739765314174 1
0.19794739433994643 0.034265369250615019 -0.049200086287799483 1
0.11813399195671082 -0.0054656462743878365 -0.0011765582021325827 1
0.19942401453297873 -0.053986982274693021 0.037611303967303937 1
-0.016593131647153703 -0.0035690653078310889 -0.012616984473290996 1
0.18375748387163066 0.032455669831640839 0.039431769098247783 1
0.14511589754680265 -0.024903106138734969 0.020805167109337656 1
0.12009214095131354 0.015763331595367459 0.0082611919006225915 1
0.17111326597852414 -0.039253252129482635 -0.015435952652124907 1
0.0042206009163012074 0.0015730792563442789 -0.010225431377319114 1
0.11677943444089317 0.012477483169730389 0.013215926002671175 1
0.006989445277076782 -0.0050174116389843188 -0.0045876050181185759 1
0.10702162730149531 -0.014866374332895721 -0.0084403894591074859 1
0.20153898921342833 -0.059324545453869781 -0.03882793683510434 1
0.10775481809751647 -0.017176847633722261 0.0081173179395312815 1
0.1256112942568306 0.014024279613047719 0.012108059917279416 1
-0.19579152028144439 0.0031842781881753976 -0.0066194717888712982 1
0.19970437010769895 -0.059039998108056352 -0.022542565329969091 1
0.12560762231502673 0.012052399978009824 -0.0053811209703912731 1
-0.0059084752367257014 0.0067110149411041499 -0.014627181924879551 1
0.11497282609343529 -0.017480688169598579 -0.0039704700466245413 1
0.13221147676331607 0.014071721761863417 -0.0049187882375529672 1
0.19784172103630979 -0.014796805717911726 0.0605711077470086 1
0.10733112758542536 -0.014866051476154954 0.0073474300316030859 1
0.060577525007601773 0.0085562718610651713 0.00025506908141194654 1
0.10199152812087701 0.0048175296561155066 0.016177117995491836 1
0.13744466741683856 -0.011384953774977632 -0.0024534521225075792 1
0.18160257490133719 0.028533718522338852 -0.046340552470769271 1
0.055852071619932969 -0.00063637422552854819 -0.0069020228216136693 1
0.11357415116539742 0.016577091916795277 0.0055742773189384155 1
0.13032210437391142 -0.018460060022735356 0.0051261093516236098 1
0.11251033375631946 -0.013692851758057064 0.014436921923849577 1
0.12187379292910351 0.017983846388998269 0.00047355598301431455 1
0.17683582487972591 -0.037052961129692912 -0.037921806231861997 1
0.12009148615931231 -0.010334931800212627 0.012414728134853469 1
0.15061913949977671 -0.014926218060470103 0.042356136910249788 1
0.19573275829642017 0.061801567631751202 -0.015221654138691778 1
0.1510977815851301 -0.018366257329676991 -0.0034186643343914998 1
0.11220453281230117 -0.012547009245252465 0.0025069193147860248 1
0.11677955991239446 -0.019436617524769221 0.0085220739955742652 1
0.15027014166116714 0.01742834784090519 -0.0079130725935101509 1
0.18163680029929569 -0.053035760889241966 -0.012290638271742359 1
0.12112324551971369 -0.01400023740525079 -0.0035558799008311545 1
0.19672323771402186 -0.031383641540575866 0.046486345737453895 1
0.17835233618421859 -0.029969356605362762 -0.046469783805874916 1
0.19984898962961734 -0.063986956470297326 0.0027351515525941041 1
0.1330311436396896 0.017213256040550916 -0.0032003343345548578 1
0.12706058440534246 -0.0096466342834164651 0.017670657149491224 1
0.12178657072153454 0.026455553114828452 -0.0026284836410622584 1
0.074165254114150911 -0.010358461206469698 0.0092665563452678824 1
-0.020982332495030578 -0.0015884221959195787 -0.0079778961225242025 1
0.16248472516561985 0.009168991475314487 0.042314719992843204 1
0.18801837050576958 0.04326485772947089 0.014557451381432846 1
0.18424924998674866 0.039702965338939071 0.047964847548426462 1
0.13730129030238367 0.005089375630249993 0.0060718546536870808 1
0.13652843463872558 -0.029045071101420086 -0.00058690563198295076 1
0.12625113509270255 7.1803248451506496e-05 0.0062164431255124861 1
0.18645109112907332 -0.045927684956722968 -0.001482335974521078 1
-0.018440806369110382 0.0022699173538349845 0.0082243793172106904 1
0.20030011433781611 0.033950266647667073 -0.058760083306742476 1
0.034594045998763388 0.0047279963890309341 -0.0087762874001929021 1
0.16953917182044539 -0.0061712025747117519 0.032930162027016929 1
0.08742696818657307 0.0067371256756175724 0.0042112991569035066 1
0.090047168601808711 0.0029474823393567831 0.016292013849729302 1
0.19611657369198421 -0.050272479561264946 0.047657482569413601 1
0.1819913103324928 -0.037800236099745615 -0.032037953102443742 1
-0.17177076903758629 0.0011238442633031841 -0.010829179419341285 1
0.18271588782096154 0.039086797850685508 -0.035794600377049256 1
0.15126171158569809 -0.021421102075603497 -0.020947293981495342 1
-0.0050346590579817959 0.0088433264715024433 -0.0025721535961734879 1
0.05997494948414183 -0.0074138955824346684 0.0024791809324051554 1
0.12060930115832434 -0.015612189246005792 0.0011169122865111942 1
0.19106330886904574 0.038151769648290305 -0.055263723863814354 1
0.17348806514311096 0.042258714308703135 0.021748377101605973 1
0.18976595514632888 -0.057199701341296226 -0.018512926397705555 1
0.19843367489886671 -0.055150727636819469 0.00049418154411574877 1
0.19398225615227618 -0.043680095446159334 0.036657637575561682 1
0.17957521672000831 -0.008056298410344824 0.041912066265442499 1
0.19248998168558853 -0.048237968327518699 0.048400080826693982 1
0.1302992639824882 0.0013703604308842111 -0.017618492350165934 1
0.1129909886741695 -0.0084692267980321922 0.0089520817623363995 1
0.12511477124952158 -0.01581519697830509 -0.0096628675754415819 1
0.18889119073246666 -0.048088843912661813 0.011958862813032375 1
-0.087529544245686985 0.016512636095285416 -0.0049644984125344713 1
0.20027581077518444 -0.048940001022187221 0.048150068622386577 1
0.15995326702064935 -0.018904823208675137 0.032812699321723059 1
0.19474778324365616 -0.052061663009226322 -0.04544643871486187 1
0.18550500495103281 -0.04320748506003632 0.046536979603329039 1
0.19900622957945308 -0.045708935169869104 0.046615623984631198 1
0.031007335363229624 0.0068499529734253883 -0.014627181924879551 1
0.19544586721069127 -0.043853092889159367 -0.043288269989030945 1
0.059874196882314448 0.011038121501880813 -0.010439013194589095 1
0.13983419427147364 0.010902926811519251 0.0011825492078918092 1
0.0025017117139354839 0.0068728979346391857 0.016270459384831251 1
0.1187427460635829 -0.0086578518264460932 0.0096247526120817866 1
0.19720258563756943 0.066545967012643814 0.011703333118930459 1
0.11314415137376328 -0.015187069898407672 0.0016830379257890375 1
0.15002325082282164 -0.0047450783104743899 0.03726738787067619 1
0.1298112916680782 -0.0059621117172064374 0.017722112891016089 1
0.14785318683196425 -0.016341753167784162 0.039432011264183803 1
0.18413978070020676 -0.044827263802289963 0.0051258780877105892 1
0.1571075088062755 0.021624790850214241 0.048291670624793379 1
0.11499981966951413 -0.00036811552054865759 -0.016161945952630447 1
0.18394974111859483 -0.039551921179213446 -0.038729348249288281 1
0.13349811712586626 -0.010690148844317729 -0.0035588497991265507 1
0.19732159466246946 -0.046549105646509659 0.027680585759597212 1
0.12060774448542697 0.017502913641140878 0.012212028576893569 1
0.090472320545705004 0.011676065203924344 0.011467292160788492 1
0.12569944592622306 -0.01551920287709049 0.015780254110998336 1
0.058070405256724404 0.002160345108617753 -0.0090868041443379829 1
0.16588545077784964 0.035134016424071629 0.04552053261870815 1
0.19039052380583596 0.05898787608748364 -0.015980083258874612 1
0.049142823064569345 -0.0061567581939709201 0.0020724231224332804 1
0.10204746648407993 0.00061044748128095809 -0.011952044737416357 1
0.052500718159042691 0.0034298589329377219 -0.01191342554655293 1
0.20028341144135894 -0.048621338709412251 0.052574425539393684 1
0.18454432501583459 0.03398516628599537 -0.041742539982815151 1
0.15451481993940006 0.0050442229409781297 0.040916999971132635 1
0.19824044753799086 0.011405987897387518 0.063402622204158376 1
0.19543235542080128 -0.049710065810210209 0.040275788737781204 1
0.10893475422220746 0.0016733743102322104 -0.015030168875335417 1
0.086352051170860838 -0.011557499181558307 -0.0053547287496040737 1
0.15223439928179364 -0.0089399771991785278 -0.017402625302911714 1
0.094177914817655625 -0.0042779858918859572 0.0084060052723663597 1
0.17333402287621838 0.05719607337540511 0.0017477952085222057 1
0.11423902438143563 -0.0078942647403021631 -0.011397673181359036 1
0.085649781303650849 0.0040956630084095415 -0.0079967525315961623 1
0.10262178405863399 -0.011522638436363199 0.0084716265507223647 1
0.053253858965506669 -0.0015889702748258117 -0.01459567460309566 1
-0.016476431154966394 -0.0071533960185211909 -0.010509034632976914 1
-0.14703426090779312 0.0063202711562259416 0.0047709116097410399 1
0.19640206899714382 -0.055575973304457987 0.040986773526098301 1
0.049804736654735927 -0.010336049116750391 -0.0092284926188440364 1
-0.089022751844886949 -0.0081897445503680381 -0.0076207524027262913 1
-0.15001400999289588 -0.0013497275026458928 -0.0020298290171305924 1
0.19992543938088164 -0.059884564072794556 -0.041271253949286331 1
0.14700323401872983 0.0034384802628093826 0.046597572718319859 1
0.11258496677830336 0.013907474203477052 0.0099384297811640227 1
0.1453056461339359 -0.021623395749261941 0.033696396435364005 1
0.11896171598144863 0.017685910725758744 -0.012124488240389215 1
0.10565999858722566 0.0037019968898066562 0.0044933634040517957 1
0.13816788148011169 -0.018996732868480845 0.01567325323243 1
-0.0077182567680285016 -0.00070881416834331259 0.0068568670199130929 1
0.11610370535352482 0.0010812135272744668 0.010079896642265867 1
0.1202090041863475 0.0026822276472279506 0.013085398518907032 1
0.17094305558775538 0.015975747358410515 0.048619961449484994 1
0.18799460496914383 -0.006266917275370658 0.058149435923365404 1
0.038872334013434533 0.0070054556295487099 0.00047319064910531362 1
0.14769000459522527 0.010662680220187694 0.026046909789990118 1
0.13043315506766409 -0.022098496280300861 -0.00015204280752355911 1
-0.031913427843519054 -0.0077244035846410486 -0.0096696205917032249 1
0.083610490905525678 -0.00051359716383978795 0.00077634026122482957 1
0.19861622754609551 0.03810563287691715 -0.048639376225363531 1
0.19648102918738222 0.038497924687546092 -0.060864989281453549 1
0.13425782877417317 0.0099489293580034017 -0.012022342276114982 1
0.13874009251594543 0.011233233148232102 0.010580432368442416 1
0.020623357083400694 0.0011875773262805 0.01118093733840886 1
0.19978564608909855 0.064018008172144286 0.0020050728854839632 1
0.16318809434362996 0.024310171097031534 0.03804100833303576 1
0.11138706482437857 0.020356214838919487 0.013129920240749944 1
0.10031269699854625 2.5134772064907368e-05 0.013518604842402691 1
0.13672220234564511 0.0076463431865775502 -0.017902978225194155 1
0.16195944076819402 -0.038739674613890232 0.012019882400183994 1
0.1552782125944322 -0.014358655959306256 -0.011162324154628613 1
0.012309199569957215 0.0024868779379860415 0.009147799848775718 1
0.14680222761899395 0.018108551621479535 0.01830028529950118 1
0.043510004839251486 -0.00046873971438049608 -0.0012104027622901088 1
0.13175257226000758 -0.011332130042822802 0.003234483951309936 1
0.076900910739646541 -0.0061135394159712144 0.0043159423261622618 1
0.059359398726901637 -0.0036532540256870964 -0.0082242555660196268 1
0.0067345714958875532 -0.0050879511127071416 0.014327052993988981 1
0.073107697083356404 -0.0042886314171416105 -0.0020736204918097231 1
0.20000113919377327 -0.058190888725221157 0.044502768665552139 1
0.17005114045488265 0.029763893452136394 0.042215468765368268 1
-0.0012545346239229082 -0.0040227562114271117 0.0057962517544159322 1
0.17503098839033393 0.0098868162394531254 0.032177834048219583 1
0.067567739930509171 0.0046263344424780284 0.006689437452790944 1
0.1775024382382043 -0.050982531972210685 -0.0054986794779163847 1
0.20036955377706314 -0.068402015997562626 0.0019256759845688921 1
0.18744249193283777 -0.044209971117787898 0.036178045592515334 1
0.13465895600178596 0.012917240800954159 -0.0070739829938094387 1
0.1714441207796385 0.024028132216235603 0.055963076746904171 1
0.18094545541752932 -0.030684748478528708 0.041671703846070614 1
0.11876186355948448 0.0036544006507028826 -0.0050197259988635778 1
0.13399053580177986 -0.015468425590983877 0.014039835815090098 1
0.19252636826964895 0.039711293057272792 -0.048562651690056684 1
0.12114897418207714 0.013193077356146337 0.00092404295499206104 1
0.19799645050204553 0.04191351968763548 -0.040784723033202783 1
0.19355851461942059 -0.009411702196039819 0.061261816179527133 1
0.18610455803706005 0.049243019517813749 0.046810374199952903 1
0.11606971761955508 -0.0072211824880566156 0.0074578391599801818 1
0.19674438205484979 0.040293153930843588 -0.038674820503272492 1
0.11087220319632267 0.0017527088912794211 0.007471511430639623 1
0.15199053433992879 0.032370835580681982 0.020217132093151322 1
0.11145518479577902 0.0033716961383478271 0.0052023646249685467 1
-0.14182542516358715 0.016512636095285416 0.0066307210679913912 1
0.03683680148530253 0.00085004834438894266 -0.014544642106044132 1
0.18782562463371508 -0.0483340845803093 0.030365638428667623 1
0.18285616038434499 -0.034859379344686976 -0.044729504388643655 1
-0.0045819780522767424 -0.0059095205171456854 -0.011746457483105217 1
0.11769621497541621 0.00087068356731613171 0.021997125854960841 1
0.16842169088135839 0.040783029332699769 0.014531239669802855 1
0.11926953974581923 0.01409459055199448 0.01539344941916365 1
0.13193884349252999 0.015926180634022229 0.010109884347132518 1
0.13168060135509155 -0.0060259092332598345 -0.0062300590815817028 1
0.042448653353592991 -0.011141503121368074 0.0047502346455711442 1
0.13461221798605194 0.0014372327184196342 -0.0092813796187958507 1
0.072890838434400224 -0.012866265168041418 0.0027927887318543298 1
0.097770512347606309 0.0040410816378083116 0.016231942223832681 1
0.19827007044839318 -0.045909330001423457 -0.03830454270621049 1
0.17850000194505092 -0.028998878033952135 0.05257323272942932 1
0.11877153377660478 0.0042898986558573219 -0.013255943357637204 1
0.19014710291005713 -0.043948532061977116 -0.025880399365037245 1
-0.15518746870288946 0.007348293900176146 -0.0034578716956802178 1
0.1429161537641066 -0.0006130047882966002 0.042660062412143179 1
0.1373190390922415 0.0085605214348513196 -0.0075683277494182121 1
0.18899230109494622 0.00062939973912636785 0.065953144047216139 1
0.068171257348729489 0.0068671900101586573 -0.0044100258535913258 1
0.19676676254396874 -0.061125906017824347 -0.00085657118534118249 1
0.054261065642469158 -0.010358798345426055 -0.0088663463629165568 1
0.11604482713908239 0.020783638208898295 0.013667346691901842 1
0.11028342803817151 -0.0058245747979986402 -0.014540837183404614 1
0.16217172310604161 -0.038174559593437886 -0.013177968602257747 1
0.18284954527395345 0.049836919077801065 -0.036998139222596545 1
0.10906276816913764 0.0051894036286625356 0.0070771799387912976 1
0.028069077250333651 0.0045238324521666767 0.0070841461144430145 1
-0.012980571582007688 0.016512636095285416 0.0066307210363447666 1
0.1947212612417521 -0.053472574361394763 0.048835865512967397 1
0.16732914485571571 0.024678731724064734 0.018797797319386751 1
-0.029194110523030482 0.0040525712010028017 0.0033796184220945638 1
0.11162307115727432 -0.0088252557231104662 -0.012222284011274164 1
0.11267974402829811 0.016232154513178474 0.012727340825152937 1
0.17284403811031152 0.014198110913642006 0.033091862218450133 1
-0.077621460530977224 -0.0014474421693303355 0.016270221331327182 1
0.19012535989205559 -0.034353462026635598 0.049148668985944874 1
0.0032244573393456766 -0.010430140425856695 0.010831634918309069 1
0.11420890822788313 0.018290109506524994 0.0027739301833829091 1
-0.013080452979122054 -0.010494055186433735 -0.00037770580992984269 1
0.048183734577744608 0.0046822156225280508 -0.0098442956594193953 1
0.19997733689323502 0.050624662124384254 0.050245557823347393 1
0.19081559117549263 0.047499060039912597 0.053139804514526615 1
0.1047773270183225 -0.0019550115133928959 0.016292512876899069 1
0.039807211019056155 -0.0064163306266891177 -0.0011368969681838387 1
0.19707210700496813 -0.060441049384879604 0.032476534587581984 1
-0.1872723437679871 0.010666335741458585 -0.0084780827400022622 1
0.15496116434308013 0.011848262153023198 -0.032313383706550326 1
0.11726254690649494 -0.014437727445628329 0.012932640119649555 1
-0.17979264871313413 0.0046915110211348697 -0.0048849010526758789 1
0.14450086697571923 -0.0062253730174160271 0.027645077158859666 1
0.14690659270735337 -0.0043954862386234618 0.042438135690145123 1
0.19952592504829378 -0.060031886371568928 0.0056024213155842981 1
0.19809793848264248 -0.056096574230508817 -0.047066002066748026 1
0.11811972991824703 -0.0059167135422834374 -0.0047051910080885412 1
0.18315811833079851 0.032888590642371276 0.045226634795660491 1
0.13772488207887515 -0.0080183371644287661 -0.0087712721320589576 1
0.08102892307728557 0.011512368872258 -0.009964765801357113 1
0.1499464606324967 0.0029971525487393191 0.034476656483072715 1
0.17308612557050704 0.0088522909335125056 0.035204301912866921 1
0.13573329754591251 -0.011084254591071024 0.0061118363646268997 1
0.14143358433213579 0.016284064382090107 0.001851704237262737 1
-0.10317727939095835 -0.010542876087129116 -0.0056604702759698762 1
0.18919475078728273 -0.039373459052105972 -0.04623919876818916 1
0.11952116371551066 0.014654845705588391 -0.0016117569438263153 1
0.12707298471578868 -0.01126949814010691 -0.0069768511889436551 1
0.20017174271903274 -0.0046044923690023217 -0.067579276791199613 1
-0.010838610999790277 -0.00085111187945585698 -0.014627181924879551 1
-0.025947409725575576 -0.000792948660091497 -0.014627181924879551 1
0.17305531709843741 -0.049457867664366696 0.0018055874413988125 1
0.13094854843916565 -0.0075232396220605274 -0.015394931155538506 1
0.15795248603976461 0.034811807047058212 0.016909890083181542 1
-0.022547595201245052 0.01167174943881422 -0.0098053852271200708 1
-0.17824765447338417 0.016512636095285416 0.0010375889694134227 1
0.13151923336642571 0.00089521651237027024 0.024197699467203054 1
0.11707093436993368 0.0036045486092296441 0.0086808841211952203 1
0.19554911553859711 0.058364477008581161 -0.016382927540689707 1
0.16530714525665569 -0.043724003344022301 -0.019222413637960505 1
0.15593926389284207 -0.032850278438562301 -0.018963955431427849 1
0.14376962385314537 -0.019657030252628743 0.0068824945025675963 1
0.17315150530093124 0.020751532787518769 0.048141568396832736 1
0.17619291989253066 0.039697073976528767 0.031039279240377315 1
0.10397580527037951 -0.0084178879161547447 -0.0019902445095515793 1
0.13924211635817457 -0.02177503112945121 0.032388400933895799 1
0.10443766926951503 -0.002459352365983861 0.0021625613656559742 1
0.20093333461620566 -0.051158578787889632 -0.046734263837520516 1
0.17949183819654707 -0.037948190543229128 -0.042133073366617792 1
0.18886028603135283 0.033200602828924244 0.031854136613729864 1
0.10879474505782127 -0.019820856861770153 -0.0034271974582225084 1
0.20083911092121973 -0.051782273322384449 -0.042928168772118552 1
0.19288258231549318 -0.046970601476682028 -0.049928865492700307 1
0.094816585729211894 0.0083086709457806593 0.016104236567294573 1
0.0079116488584327696 -0.0083226391333229132 0.012367285267671516 1
0.0023899120463544456 -0.0079566409008732519 0.0094436771378808675 1
0.087338811244164885 0.016512636095285416 -0.0049644983160074888 1
0.11978672798538065 0.00061281150845383676 -0.015336223365092438 1
0.008837719588510675 0.00039866274324447881 0.00084533325095720758 1
0.15285627742487881 -0.014890666307358077 -0.0060823286196632778 1
0.13046155257822453 -0.012771078501111199 0.0091967260224419794 1
-0.15815325626172483 -0.0092601697706369088 -2.2472205613790477e-05 1
0.11770504011402429 -0.00683749586757943 -0.0099852951731415427 1
0.045438035578872708 -0.0057027617108723313 -0.0087804708957376267 1
0.11504725834109823 -0.0048102991659477257 -0.005643618593920206 1
0.163921578865315 0.031186719431675253 0.042782377533551491 1
0.15335350493404001 -0.034112447834204578 0.0048635446054841498 1
0.19226461294077093 -0.059615132359260942 -0.039352137315567949 1
0.12642470467433639 -0.0021730091788531953 -0.012228053372971703 1
-0.021371730778335558 0.010530656701203152 -0.0019258429662346026 1
0.13169354297489042 -0.0022238091568194561 -0.013080567927101244 1
0.14345888052100486 -0.015175344478000032 0.0095815703426138949 1
0.14297336876429076 -0.018172195053892094 0.038481746057244894 1
0.12334232023298919 0.013982859253975709 0.015774558570146747 1
0.15876188312828837 0.041140295749669514 0.033663164434278282 1
0.16395980574373831 0.015776057488950626 0.034897332218403375 1
0.11965541467285501 -0.013208444952853816 0.001381619356932206 1
0.1955306416499949 -0.047387573766086252 -0.040528925280054855 1
-0.17551080022757731 0.0046396707285815061 -0.012518390726409791 1
0.1465196399456303 -0.0096681369335247357 0.033862226550460776 1
0.19500541978135097 -0.044522575644086071 0.042365509927507226 1
0.14083341161710536 -0.025468871975187986 0.0037345025456803917 1
0.18818402654339095 0.046600900382112065 -0.045942235363946871 1
-0.12869244978684077 0.0070108942666122376 0.016132462604838162 1
0.14945105126078903 -0.023369065601141503 -0.0051462788494774292 1
0.10188401130562701 -0.0062237511062795013 -0.0025438431278998553 1
0.14667650444733479 -0.022887645828786395 0.014079608369150657 1
0.1738704762357732 -0.033563478936075558 0.035919807378871939 1
0.096750172067745374 -0.005700567600999064 7.8772215611894452e-05 1
0.01671691314196962 -0.0082051113097774755 -0.010056809216613456 1
0.13186277490896156 -0.0046958863630644585 -0.0087183056702898835 1
0.15306992011240628 0.017730245902678382 0.029552474337644002 1
0.16232677228957801 0.013525471875633455 0.055245994441918425 1
0.16642333302620999 -0.0010571682205615671 0.030731102836582383 1
0.010850385384631442 0.0029643880671155363 -0.0068222824837364995 1
0.15571206855241801 0.032097866583229231 0.025251793843292687 1
0.14278589561581612 0.0073841014600475319 0.037313585635274649 1
-0.12355700969989653 0.0038069955211320269 -0.0063466230075656677 1
-0.10603527864753425 -0.0011569060723409692 0.0080585810598950113 1
0.15793163063672935 -0.017188240218045256 0.0090451603376920237 1
0.12003302455883123 -0.0087609165247049415 -0.0013505588506488963 1
0.14667005869628177 -0.027014730000865666 -0.012304214354637501 1
0.18995665926461 -0.03592932506185427 -0.03552689270991749 1
0.11979730196316057 -0.0048489000256055903 -0.001760881577814614 1
0.16993184918504153 -0.04622377432152109 0.0091522277315942355 1
0.20031000573567781 0.049842930283127279 -0.044316090042451982 1
0.1447419881247359 -0.021415497620151568 0.024834866217799394 1
0.19799780764141922 -0.049631387557108164 0.05009961516580335 1
0.17243897118415003 0.019985106240764324 0.022589875527774046 1
0.16755683371117752 -0.0079733878751894454 0.045496503574120488 1
0.066334273672148877 0.0013316082653544465 -0.014583138106690853 1
0.1164304969813279 0.0036060324333046577 -0.0048441379738548953 1
0.052139273456165453 -0.011260390851523154 -0.0030004148660198954 1
0.046110431388277209 -0.010350906243268818 -0.0091706112197563368 1
0.15881541351818912 0.017207872777011694 0.051580540566297892 1
-0.0091204751753038438 0.0068762125908211243 0.016267144688514958 1
0.14710129046726536 0.00099925702195571018 -0.02700892085625373 1
0.19545211993259748 0.049047246711420869 0.036426176804875796 1
0.009683520404943198 0.0081451238533022854 0.0042843461382556722 1
0.19058950165784844 0.033985943549224865 0.039887402438134878 1
0.0041055780913035042 -8.4728870856571364e-05 0.0070127902423074489 1
0.0167182882814827 0.0071267049856630496 0.01601665239578786 1
0.11629355984448983 0.012697821766703563 0.0065639608254529861 1
0.18862075420465693 -0.046118493467213216 0.046868012256409103 1
0.13151542764606647 0.018383057495545585 0.0060478678055188202 1
0.043693583020154289 0.0018064908302160242 -0.0078850933508723686 1
0.13439817999311432 -0.0086195569879984075 0.004576234279069614 1
0.17125111077070582 -0.033950129889778219 -0.050350813494645305 1
0.16957924454649176 -0.024809523748835285 0.036624942963046914 1
0.029637553890966999 -0.010686697792671484 0.0024108961086373873 1
0.12542322320710919 -0.018523768667943984 0.0089382997491633514 1
0.00420453768354418 -0.0081502562484464195 0.01241244671373623 1
0.16690096163138898 0.030263867577128116 0.045307735878497554 1
0.12137506190795623 -0.0018920447784735487 -0.018520624123505101 1
0.098461416447805927 0.0019800677923502673 0.0039683397194168763 1
0.18826095253684624 -0.04467683034060372 -0.036432765767267103 1
0.13125760946738768 -0.015730782396083352 0.0024568031196742814 1
0.10902802010963306 -0.011788215841696932 0.0048364998639653361 1
0.16716405021027803 -0.037937115665513471 -0.023462571279520037 1
0.041014948952651717 0.0026717569338061391 -0.014627181924879551 1
-0.16908422183325161 0.012645257435916019 -0.0084553223799720828 1
0.20029826188226976 -0.060779141394991104 -0.027172235616412261 1
0.12455216470903899 -0.0043774853451797125 0.0056962392421511633 1
0.11811059031248758 -0.00072396853538402451 -0.0096815596878805678 1
0.11064574575965323 -0.0091699065230742734 0.0025571510680462779 1
0.19528580457715269 0.053520670821194424 -0.0042677349143992755 1
0.11160529198743967 0.019986152597006666 0.0036388025176187174 1
0.084294767793123129 -0.010159089690800416 -0.0098051044979179675 1
0.021738211824494574 -0.006477177794413422 -0.0041520740027163631 1
0.12257712444899002 0.0024202267453307742 0.0075914271562088345 1
0.15580417861638507 0.0095464319489076393 0.034963477224863281 1
0.12316771406223612 -0.0007868695222171926 0.015862729369854951 1
0.16370119588281137 -0.019032310030688358 -0.037371430937637048 1
0.16148435338666944 0.034263153442115973 0.038344463149735587 1
0.1578192722796585 0.015530440770067972 0.039508352341537066 1
0.20008048654152741 -0.062611727849062687 0.0281492744722464 1
0.0081838511892573518 -0.0017951077606994659 -0.014496162068098783 1
0.17232870174995116 0.0076736986884495409 0.052757362407110382 1
0.19248158185921035 -0.045362398365505305 -0.028934463821821452 1
0.11163661635406485 -0.0022616875597411198 -0.010931298738352925 1
0.14300674837855729 -0.018259157402819776 0.012389341386903754 1
0.17373310325581842 0.049182421184013635 -0.0010470051753302318 1
0.18597874572494572 -0.029938123350827552 -0.047821896585901434 1
0.11887896662197973 0.018433879032026045 0.0034573309205737095 1
0.11029385703756442 0.0077931001179019277 -0.014418540632502809 1
0.13254470503238264 0.013219877222787547 0.0079166793287062075 1
-0.10996421538460165 0.0063911869143609031 -0.0053994097497281996 1
0.19854580757926424 -0.016730087647370006 0.064914706568956607 1
-0.099893935273451306 -0.0071092423993565669 -0.0083981323767602957 1
-0.10438270635264278 -0.0048105804560731108 -0.00044674654197862418 1
0.10398898470311943 0.00062060640166107864 0.0045576040344480172 1
0.16918152227893066 0.021641384743936055 0.036653337865563483 1
0.11446240967532338 -0.0044052176161466479 0.0016408383739520886 1
0.10941124626644762 -0.0076126024797715172 0.0099201848577867811 1
0.17849551585272252 0.019567193207273806 0.052151383644510933 1
0.18419793570324403 -0.04903302902348626 -0.022605234115480054 1
0.18516440541649876 0.048388114100132003 -0.041578260584908766 1
0.082002273823784319 -0.0019982659458852988 -0.0076821135129000479 1
-0.091490105609888545 0.0089892438554311921 -0.0024292406766751088 1
0.18970830523126478 -0.048092678180112092 -0.026280448539827094 1
0.0924707117025306 -0.0041175559675484608 0.016315278520675588 1
0.12718168156520201 -0.0057479202986385576 0.013154164767997035 1
0.19493047029217905 -0.04603200853524142 -0.047317100881523071 1
0.055270539218353877 0.0029786159365184795 -0.0033345359503607072 1
0.11068515026204355 -0.0089376098209496581 -0.0011710487494746703 1
0.19472815096378326 0.056529434397816658 -0.015781617257744074 1
0.1044524811864551 7.132480700853161e-06 0.012806262034035121 1
0.094678710039419856 -0.012063548184139686 -0.0048455060442296506 1
0.19105968780157093 -0.070157811921920929 -0.0018326924566587077 1
0.15424541365272232 0.029008166758462649 0.041027808407247866 1
0.13394599133988294 -0.001097203890272294 0.015528298256931004 1
0.1218726391856379 -0.0095913596138398702 0.016152843357245549 1
0.15327186301011581 -0.036233733281331025 0.034524949667746767 1
0.19521109554532334 -0.068487975430297207 0.022942107122099799 1
0.17454266257860926 0.028297290795751218 -0.039344769428262365 1
0.12502560413083386 -0.006027364351106939 0.016953089442663577 1
0.16718125639878009 -0.014854083128818222 0.039329897682244347 1
0.1224240968850807 -0.0010851329260816898 -0.0086852087763493371 1
0.10708772267816533 -0.016051343985532311 -0.0039990303644361356 1
0.11358357503436815 -0.0031643526258426482 0.013070455440398913 1
0.13913681839317901 -0.0089185958031791374 -0.017601299250612459 1
0.19819717740979045 0.054148431886865647 0.019320751343141745 1
-0.1097487345996852 -0.010037264963944217 0.0075432824180959234 1
0.11340481770960692 -0.020523483818808173 0.0057413997155022125 1
0.20016109857588479 -0.040503209489445476 -0.049152574015310896 1
0.076149700555375469 0.0049393423846642659 -0.014622204240713541 1
0.18856430150005679 -0.051356697162442726 -0.046971810270430209 1
0.00015291676390916109 -0.0061508604558184743 0.011564488289877772 1
0.19503929434545436 0.071070379862736816 0.009658017513895582 1
0.10043694266962924 0.0013372279565910755 -0.005816739887175861 1
0.12450802070752129 0.0047136913057474516 0.01583942878461354 1
0.17424965148934043 -0.035522974242286745 -0.030715472959224954 1
0.13765341528859451 -0.023432487174200926 0.00064993988675374204 1
0.18572217407093503 0.045571918270485574 0.033061531377296671 1
0.11373017379626169 0.0037979354845039557 0.0077438250975639918 1
0.19867885580766553 -0.0067753744832508784 0.072112552585349057 1
0.17864728787691198 -0.04535801722669959 -0.044761319648129044 1
0.10260849463953507 -0.0061464528462885411 -0.0061577056811083913 1
0.11657349817950048 0.0083267637002340626 0.0055020031447279736 1
0.13067274286575958 0.0019977073318674658 0.013026764311465778 1
0.14527376457002436 -0.013644230492161879 0.013631507351156483 1
0.15125578410246995 -0.033166435625033887 -0.0059691382430280956 1
0.12042214327939495 0.003786525514057143 0.0093774049761548139 1
0.19293665701222815 -0.043512866160211924 -0.047928781728981212 1
0.11573807005979651 -0.017061644977880933 0.0054903161386957245 1
0.11498636759458629 -0.0054604595155181932 0.010292787606837234 1
0.10993375007095414 0.017478867514808313 0.015396408506875653 1
0.041749082636723375 0.0064024705962511721 -0.0072540598762750423 1
0.150022143193449 0.028660241219766135 0.015058404928781865 1
0.17289115488529205 0.0047714130487293005 0.031689979135990143 1
0.10712889339390036 -0.0099421063697346553 0.010575058393602165 1
0.10468973195636506 0.0036284315615720633 0.016181962223279653 1
0.17318553477525711 -0.005836517084389925 0.031638027168810368 1
0.14963951170250922 0.031995227016442807 -0.0085506982097946771 1
0.16687368232953545 -0.045662885358107731 -0.0075086366919664971 1
0.19868268072605133 0.035995997773968939 -0.051279639097501953 1
0.095122570024931394 0.0077590248861835525 0.0068979562838981431 1
0.12186324516295254 0.009804674461109995 -0.0066782204795967481 1
0.12512246178887765 -0.013320136851470293 0.00040395447231892116 1
0.20033661577137798 -0.045487503958051484 0.056113376774856533 1
0.1164583170811254 0.0027154659008075356 0.012368797019617487 1
0.13245028720468491 -0.014156620433525228 -0.00030480081456172648 1
0.10530186070531443 -0.009252513057140024 0.0058627679615012611 1
-0.013596062689808426 0.0076733749052606522 -0.0065266917152343408 1
0.12456316511657833 -0.0061527370025664654 0.011465532122241091 1
0.18255409342154941 0.0457763947005463 0.046552335172020523 1
-0.022580422987705462 0.016512636095285416 -0.0045677536689806243 1
0.15397521839484407 -0.031941194600698539 0.014916283582079892 1
0.13856420665979385 -0.010929197538644075 -0.006569667486473918 1
0.18877354834296747 0.064565647587407168 0.0037405398039583688 1
0.13428305062942206 -0.0015450094851882151 0.034246341378483119 1
0.15222903309427435 -0.018273705684629854 0.0091124593258541838 1
0.03022764555988099 -0.0074766855731935589 -0.010752100255192642 1
0.12596513128099796 -0.0095717843036412648 -0.015535915948954289 1
0.1961228292728377 0.03382131928812606 -0.057408766559775504 1
0.099724185538915849 0.0064040441195517776 -0.0063663116394832584 1
0.1974917011200415 -0.04621019890425529 -0.041226079903375887 1
-0.021804964362571642 -0.0045946928478199324 -0.00075387264906031227 1
0.068784160234661343 0.0040631704556827559 -0.014598635780835912 1
0.19953396752302124 0.071312674217742303 0.0089100943933937363 1
0.043315268155819459 -0.001648627845962816 -0.010416474357892214 1
0.1814506084643783 0.042943397784172069 0.043467815602565379 1
0.11148655593818554 0.0010109533377262434 0.0049292176392525203 1
0.15434567376832814 0.032531773689025392 0.0089774776637451086 1
0.19248941590524124 -0.021689732273086036 -0.045331487015633762 1
0.19432958215475082 -0.00855616619810462 0.072536841034889221 1
0.15138570696420386 0.023471734836200551 0.037507404224390813 1
0.14781423493935536 -0.02610567468203245 0.0057673232787346929 1
0.17219096992283875 -0.043195011726238151 0.018084938444484836 1
0.16319843114883056 0.038083288670995467 -0.013516483777806686 1
0.1215955543028618 0.0014954112802085331 -0.018383403979911051 1
0.17887906017688834 0.022761521081753451 0.060535282886881682 1
0.14882120873951907 -0.015986084943516842 0.028528041717091845 1
0.039041445688453073 -0.00056611562408655192 0.0093798853529719738 1
0.15398172739946561 0.030733015605215189 -0.016100659506758604 1
0.12107691590950381 -0.001048113458322212 0.012415052627871723 1
0.20027358930981104 -0.055195347884100313 0.046009521641119808 1
0.11320154150586265 0.012906755816162501 0.015619463572263598 1
0.092548314664589904 -0.010164150288543526 -0.0098981877086589051 1
0.12550199785418462 -0.0073898495680825346 -0.014265555529080763 1
0.14078746789025606 -0.016361785610858784 -0.013001752619323714 1
0.17024671724078433 0.041229147863454413 -0.019901231486450129 1
0.19698336584576337 -0.046557463379622563 -0.044958151547913883 1
0.073440962065086976 0.007109475740699301 0.016033881836576794 1
0.20004911689822655 -0.029398081534047143 -0.063380336785644739 1
0.11135519633828497 0.0058669268945911492 0.02147259329398276 1
0.12280362230954141 -0.0079266946508469438 -0.0090141533945738341 1
0.15687644963335701 0.024383952000895721 0.042281739642294931 1
0.13647117738683459 0.014849040793621839 0.0014507581633153629 1
0.17777761807090534 -0.040318296235566542 -0.044540249724179151 1
0.18654854322945744 0.04725856873289392 -0.048849702772496097 1
0.083457142471779391 -0.0030833330515640288 0.0081939664002632084 1
0.19591918205388628 -0.056629073207604852 0.045655792489208431 1
0.15111810877471188 0.043182837555453456 0.022685000887056411 1
0.12866382373407137 -0.0055574980841475372 -0.010179579671298712 1
0.1948109684542213 -0.050491853258229205 0.031296601233027854 1
0.0027195542126626951 -0.0057929514108335358 0.0064077757035765071 1
0.15548322075484186 -0.013842593957625549 -0.031406891845615431 1
0.17819969451521817 -0.00025454910549096532 0.051742047547193401 1
0.1627065949206172 0.035667092302813001 0.0090573406282042392 1
0.12190177922701681 -0.013080668942039964 -0.010617928748656594 1
0.0018008731011447707 0.0062735661823217197 -0.0067360534163943692 1
0.1591028740125815 0.033218225333450715 0.041614648727099544 1
0.12531651858869139 0.018408506354914828 0.0047813156528438133 1
0.12263615059234638 -0.018572275006714867 0.0078004344314485073 1
0.032986834988113618 -0.0090948934050639838 -0.010204600747737932 1
0.12002955525867365 0.011461059570642662 -0.0050543317844810648 1
0.16844300321591127 -0.024889097589115609 -0.039519130404267994 1
0.16279109634118302 0.035374808222534304 -0.022140712800293033 1
0.011086137724617081 -0.0015118538346059549 0.016256818165449199 1
0.17110992056242944 -0.012546193789612546 -0.046145877722936234 1
0.16809329598408476 0.0044910644876272835 0.031943752301455394 1
0.16259844906717966 0.015579761536064952 0.044372154798303393 1
0.15605830980456911 0.024938955972292325 0.022054451649164267 1
0.1432754561187036 -0.015633350579451168 0.020028513360650063 1
0.20039300136327642 0.052857605408456354 -0.048074913042493672 1
0.12069295325217343 -0.0077153188462312956 -0.0069065415305317726 1
0.20041325695953549 -0.042152981123244948 -0.053670011124381432 1
0.10711940935127677 0.0052300860897635014 -0.0094310173726498431 1
0.1409017687573266 0.011600691715105095 -0.0022734497522701258 1
0.19703292152499691 -0.03545217809374434 0.04766523405821195 1
0.11893348566645813 0.0046915186886258894 -0.017126828588778436 1
0.12094113079051631 0.013566354730629058 0.012183528818152994 1
0.069801412405931504 -0.0077208162996150716 -0.003101325701075503 1
0.10158492597008088 0.010434318784614226 -0.0048451671148362352 1
0.13984848234449132 -0.0015304106179360477 0.030317666905879958 1
0.20031797707086468 0.039490839950059295 -0.051980802750542114 1
0.11882546786492633 0.0062680672696246997 0.017111944051208711 1
0.19517231584777428 -0.035499120410124568 -0.049715153672398128 1
0.074340875457069744 -0.0036949522942363554 0.01627892403910346 1
0.19358203802442062 -0.047052550413280568 0.029761424533733288 1
0.19563433163042107 0.0015510801555020442 0.056064420551864315 1
0.12080434882587884 -0.014784912034329814 0.015588858668112023 1
0.18439524196101961 -0.053622811689753462 -0.024337612348132545 1
0.14555202339125711 0.037120152087010576 -0.012337600374297037 1
0.11473335698246956 0.014362916816025972 0.014771964168176055 1
0.15146984427497098 0.038695426425876922 0.022268124711355978 1
0.14117082134422529 0.023671471754752246 0.00036117608722572285 1
0.057244578941577244 0.0039544505117779932 -0.014627181924879551 1
0.13741232943790818 0.005426479277134578 0.009374180810924209 1
0.18307436985701553 -0.024994013106777197 0.056750458210379918 1
0.030418320329777818 -0.0036818449751828265 -0.014493807034028463 1
0.19603548495793624 0.053786678100546464 0.0082917256079148068 1
0.16449966778585909 0.03586817746100706 0.023521817890930687 1
0.19554221630096436 -0.054491681978106499 -0.043041367083787918 1
0.13086423277854919 0.012692143674939871 0.018742469139397144 1
0.12443446402229903 0.0057240112735295621 0.00061108066645600232 1
0.17388687392218288 0.020595706082380622 0.055408108472297254 1
0.17912221757357205 -0.022978855868896083 -0.044776436281031971 1
0.091109292554880802 0.0018284282011219826 0.011104989632476109 1
0.040176658139377951 0.0019432146479337322 -0.011172618332825799 1
0.11949655031681233 -0.0039377320060664262 -0.013067817402252225 1
0.10141920374443596 0.00026194011742327315 0.0067178771238635242 1
0.10100044885847646 0.012129445231873183 0.012247023485396203 1
0.13636111527593994 -0.013675464640919328 0.017521699945813513 1
0.10979006465458645 -0.0070754774376391057 0.018898234481989813 1
0.10624616892450627 0.014269506558489239 0.00098722887382793139 1
0.13214187460897106 -0.011099405253325317 0.0055528872217809923 1
0.024782946516153738 -0.010682607057129225 -0.00089324903873185847 1
0.12671567747779358 -0.00069811189545915297 0.018937768892645989 1
0.023965134513901139 -0.0038282001971303866 0.006480132550629663 1
0.1736175189494997 0.024730939985431761 0.040992813953276371 1
0.11989969760970021 0.010680273278720804 0.0014990497705820824 1
0.10009340193836307 -0.00083931626460496663 -0.0025179660468627766 1
0.16642409102938258 0.024947057486660366 0.04276840148128596 1
-0.0069562564505229315 -0.0043204123550929638 -0.0040952938585972279 1
0.12074239901088013 -0.0031629122231648754 -0.0028361483718804511 1
0.11185821123707962 0.011849855658506448 -2.0567276607851405e-05 1
0.056463056087352151 -0.0035503817130697443 -0.012570228806372279 1
0.095334769392889485 -0.002164068241914013 -0.0033638793029378911 1
0.12953073027261655 0.0027064180835275056 0.018858805808124875 1
0.14250156868104177 0.032872445465006749 0.015293475037359259 1
0.11750438542839295 0.002993281541193089 0.0051523707062597901 1
0.12014011745169602 -0.0022153342855121133 -0.012507774168648138 1
0.18872004611013635 -0.048929440039043814 -0.030250943190180068 1
0.12853338615928595 0.009368065924820191 -0.00470500576768866 1
0.19915357977151871 -0.048671690747141838 -0.055153913795948029 1
0.20037919247540706 -0.044122137373120901 -0.049533688033212647 1
0.14844819111129032 0.015799422394203712 0.0075903888821589813 1
-0.18018539938699313 0.010063262428327504 -0.0093836322231426739 1
0.033093318659714509 -0.007497752606599517 -0.0070897008612152406 1
0.11426468631118868 0.00056010391282295985 0.0066576839542805298 1
0.19418868033200079 0.053074041919164122 0.047495506329655705 1
0.010738961073003345 -0.0077510597376085431 -0.010098685656889905 1
-0.09059175320953046 0.0024481507645981869 -0.0072171072004777277 1
0.12112844885544456 0.015140507960155978 -0.0057479389002956906 1
0.19685268654921129 0.0064268464183891774 0.0610530580060758 1
0.12658894407391627 -0.0067117578044021504 0.020292793584018559 1
0.067980067825959417 -0.01233968502852876 -0.0016581922021372078 1
0.12999484450129417 0.010862037077756201 0.011785043570653079 1
0.1084137492078889 0.0049399200679799736 0.013041389897606033 1
0.1239370254175394 -0.013116540177691028 -0.016123921652922417 1
0.12763444343590188 -0.015708688594447021 0.00612911035532722 1
0.15206731250340738 -0.033047961422269595 0.030806904334201062 1
0.18209239181448597 0.044287177368822359 -0.0013595885578950404 1
0.17319158569489032 -0.02985090595635715 -0.038019524056659947 1
0.083627084141801186 -0.0064749620344589469 0.01456373043167054 1
0.14012173065810671 -0.001140318977273024 0.0096510903460408984 1
0.089654062652239838 -0.0019702352834063477 0.0054991125426964108 1
0.18150597502423635 -0.038497064498177858 0.03594863498919218 1
0.19403124544027192 -0.070195362036256162 0.01114352535313852 1
0.177896667708038 -0.018154941042756171 0.048002119012706977 1
0.13090515469709099 -0.0041456925215220732 0.015925010409593578 1
0.19645809320375934 -0.04095771268904852 -0.048492109556927385 1
0.14218864461906153 -0.0020412191918882869 -0.019673512222908734 1
0.10158847424433409 0.0026949158402509617 -0.0010035186359924403 1
0.1181878194395643 -0.015898358384802375 0.0077019105973017421 1
0.13748541090370947 0.003151981567094694 -0.0096340850839154134 1
0.14727200486792977 0.0025628062372146498 -0.01041175396827055 1
0.19303080580445439 0.038424424441378037 -0.051990653378870683 1
0.18683012978097932 0.033629124807570278 -0.047633172893932568 1
0.10361623608230235 0.0017881124800272266 -0.0084909091304921219 1
0.1158823160183779 0.01112967648787933 -0.0014213261614957921 1
0.12403286579534999 -0.0040411335554288311 -0.0086606429436420964 1
0.11576007707559074 -0.0023877918978825311 0.010015444624438135 1
0.13509446541718248 -0.0059345652408686412 -0.018717402136761326 1
0.14532848655710781 0.03706232417497498 0.011308823736095609 1
0.16862167817309257 0.0099314476417758871 0.048932076076116202 1
0.18984931808340388 0.038239250845688438 -0.04412522529038778 1
0.043528477342691642 -0.010478496220898104 0.0097926376438399795 1
0.13561274972925783 -0.019038329739906271 0.0059628838674676918 1
0.10069452964803779 0.0050076134311195048 -0.0099577200759808152 1
0.049178304232350804 -0.005620335644433482 -0.0083796127764982475 1
0.12380797769421338 0.0016996062354297349 0.015537136232471827 1
0.11460304521291283 0.0071672932761291473 -0.0037447132783437254 1
0.14653053747344622 -0.01115599508292011 -0.022044557840246917 1
0.14035698026418686 -0.0014663736801594496 0.01177347032353282 1
0.19222237413974541 0.037731531492960942 -0.039221306565007219 1
0.11816109661361777 0.0040859944068753875 0.01488136571263521 1
0.16671958520907476 0.042576134334032338 -0.0059211353238531206 1
-0.17962812789640126 0.016512636095285416 -0.0048427730272886911 1
0.10539842884347782 -0.012756616402203005 0.00074567885328655768 1
0.17750266049563676 0.043366257255264454 -0.026834862826135425 1
0.14480102807283401 -0.00040769740007817745 -0.010044245747849345 1
0.13240242212730646 -0.015482397561831909 0.0052276685980836906 1
0.1173691088003667 0.0013483094668381981 0.0027567999491470139 1
0.11337893161026708 0.018069959473748939 0.00014331867997793878 1
0.10950191421789046 0.019972948905730658 -0.0013214055126195574 1
0.0084050698412494081 -0.0034426295843365874 0.0064182605074298883 1
0.14620887221099182 0.027784442493774882 -0.0026993890966067208 1
-0.012050170759568095 -0.010542876087129116 -0.008139127888806507 1
0.15016305004611127 0.033005989203868186 5.4623860040076979e-05 1
0.14740999369917349 0.039248758484215093 0.022964533846656917 1
-0.0027934187015920069 0.0018584316335143944 -0.0090491110602467437 1
0.14043022044596012 0.023444853803084809 0.012937242814499192 1
0.184916803903209 0.017822423879492743 0.038172231883106353 1
0.081393972008254697 0.001441910429632678 0.012092982248393861 1
0.19634803351553493 -0.036623657543237667 0.058928521710700087 1
0.1260457450301552 -0.00039554384963982371 -0.014414107870943372 1
0.10972700715846584 -0.00083966283853113746 -0.011785153022015155 1
0.19220908281754351 0.034750817198996635 -0.052796875026546015 1
0.11725985003717335 -0.015196685313328963 0.0032693444029827066 1
0.17896764968635948 -0.043267495535625984 0.027716591948156438 1
0.028341441078374035 -0.00526580927740647 -0.0048197981028994504 1
0.19624897849410458 0.041327197373304245 0.034242046605413863 1
0.19954002748864216 0.041584251586153698 0.050359240403992492 1
0.14094530515848946 0.037304133745142382 0.012961277489943905 1
0.196993919610392 -0.044599518321905694 -0.050194224093052485 1
0.13783358738507667 -0.0095946048380595641 0.02243139278671246 1
0.13577839732170105 0.014531922526657581 -0.0022351507795974612 1
0.099396372802428537 0.011055873202000922 -0.010388997953014534 1
0.199035439622673 -0.00086954916853552739 0.072095427617539454 1
0.17373426617758408 0.046630266915907409 -0.011282081445338852 1
0.11250838369893765 -0.0040022861762736136 -0.0093720204500213327 1
0.11198351913855328 0.0025098188105926057 0.018194382806246866 1
0.1267669512474667 0.014633546228436489 -0.0031033799543015114 1
0.19770754762370921 -0.00044126994739681919 0.063323645047635213 1
0.1896902157983909 0.059413996150317762 -0.0078928208022275223 1
0.19699924814964673 0.041873255547734571 -0.050781149970952538 1
0.15179538479328725 0.017060281276248132 -0.010018537216015047 1
0.064320693563446316 -0.0011348295990241031 -0.011502702695128613 1
0.17051112978371449 0.0045260955901022274 0.045158208084177816 1
0.16227747317536265 0.026998358101584279 0.044356764296601264 1
0.053855430264067833 -0.0080127470872966289 0.0025118195270621788 1
0.053676496433154641 0.0069619738638713327 -0.014515161029035127 1
0.023272106023355735 -0.0009949595347634448 0.0009890295726130956 1
0.16418567155734495 -0.010278824991501781 -0.039880221498539772 1
0.1203294263718285 -0.014027221269144161 -0.0011350629341552643 1
0.18864297183618922 0.04262742256720653 -0.040337140609324744 1
0.11506083043581326 -0.0115393224190527 0.010535873895942276 1
0.12308886880256485 -0.0078431721313588568 -0.013704819912476388 1
0.1205220547972671 -0.015120149772729649 0.012444615649413602 1
0.14404326075827842 0.0010689872158557276 0.01673231180099009 1
0.1238958170914726 -0.021360324246785363 0.002666580686642325 1
0.13681288276873235 -0.0087738143555738668 -0.0066350458699128778 1
0.11662212580232643 -0.0069838716358659111 -0.012015167849728661 1
-0.18457286572772097 0.011004625956799324 -0.00071731774151858924 1
0.14819938869334784 0.038323404912308082 0.015990697375240521 1
0.15619265654887846 0.039632012523655613 0.0093141463083852918 1
0.11504670394101449 -0.0017202851726996647 0.0012511567358065262 1
0.19494359650120849 0.045455923030990372 -0.048575052299431619 1
0.19424738597942201 0.043563379514682671 -0.057614492308412465 1
0.14318595951762692 0.0041020293684031015 0.029903860016332193 1
0.19732738581639525 -0.053537621840754668 -0.049392899396698609 1
0.12291286740251178 -0.017738443158123295 -0.0011239572610450138 1
0.16661817846596047 0.01445894237704021 0.048358154846676292 1
0.19691037034502323 0.056600697997026501 -0.038695864586759977 1
0.12482774285678185 -0.0037027394239094245 -0.0030403208295363632 1
0.14872311857227646 0.027051017878353508 0.022703111290060207 1
0.12423437642648771 -0.0011254829723786211 -0.010466737071388874 1
0.029004000397375586 -0.0088931461149173319 -0.010183586571800303 1
0.10764882107770328 0.0041578440493629546 0.018581764609778846 1
0.12272526544626548 -0.0024972483341401627 -0.017067494701926901 1
0.19704421554553536 -0.040352002906675746 0.04296701543509808 1
0.19856524546037368 -0.004947887604456044 -0.062648774297450499 1
0.19706306517383901 -0.047384077385532256 0.040106893710720112 1
0.051174054891809692 0.0061064753816211697 -0.01233074413672419 1
0.14473849840497052 0.010879451335864305 -0.026077425209329565 1
0.14586773139049977 0.023201047618957204 0.0097796490384729033 1
0.1891692374966889 -0.05360155442215956 -0.026020513764399851 1
0.18501914233339242 -0.012535572627126472 0.055636211001223033 1
0.18803024315143624 0.012037013886223545 0.070004285432294588 1
0.14293044728379356 0.040477795255471336 0.0065732300876428472 1
0.13773862091657166 0.0078538968574624109 -0.0033163138741476809 1
0.071018784336754431 0.0039379756851030167 -0.010142504453090074 1
0.14277073283728647 -0.0056671840587933101 0.038317630740583794 1
0.17354621989714197 -0.050207243026407077 -0.014564774961114963 1
0.11037497247090038 -0.0079952832323272917 -0.007919272017616049 1
0.10959504938262929 -0.012786869489734082 -0.0029018907786447778 1
0.12435049795167362 -0.0066840200746793319 -0.0066058443994997168 1
0.12197012126888783 -0.0087359106446755746 0.018992969610516632 1
0.17914918395544929 -0.01566107017600217 -0.049169799538537083 1
-0.013692280396633815 -0.0030598364718777723 -0.0058936650489274508 1
0.11982831402491766 -0.0067012132012207667 0.011400903776656958 1
0.056770250371241913 -0.011972564629778788 0.0037912372882788615 1
0.091460070860464468 -0.013887043915245961 0.0016595038504153173 1
0.10712363826019104 0.0020213277586012043 -0.007876929594792496 1
0.14091709107922676 0.024763338954266675 0.024674296416657041 1
0.1044068792560264 0.0070765558900554521 -0.0031626428282685347 1
0.11824927582551735 -0.0061468715100088745 0.0090873344748452645 1
0.12870734131021758 0.011019437553180191 0.015423911418021853 1
0.13939819895220848 -0.022154539720459263 0.0098712675370767264 1
0.0033264491831532352 -0.010490610057832223 0.0065367117545180806 1
0.1980472914135317 -0.052304890697052214 0.047952576016709957 1
0.11020090258888132 -0.015736460399701918 0.008544801936038909 1
0.19412539154291153 -0.019615719094872475 0.068984251469373703 1
0.13308558367103182 0.013326421747562257 -0.00079829866391464875 1
0.14580328812713525 -0.027690749259301692 0.028837530201919159 1
0.16829844788706583 0.046378062918795926 0.036161682602948421 1
0.06818095627335205 0.0070189338447059248 -0.014458201045455537 1
0.17336278098866903 0.035159610543024161 -0.031268544665320711 1
0.065566530982267501 -0.0052628021961883004 -0.011534515407668915 1
0.19391660785521711 0.051914241894404314 0.0046041590964769844 1
0.11687979148617922 0.0019774763213274132 -0.017083624496749234 1
0.11553995475963547 -0.0044268864965253986 0.017239530069296349 1
0.18863928980737571 0.026088791182082984 0.060346247524386297 1
-0.0097772875013758323 -0.0035062526562721083 -0.012913297476895498 1
0.19131226409989552 0.029025481882959305 0.059121657307848102 1
0.16358014713316274 0.016785216099445846 0.050624736139054237 1
0.076039880026159148 3.877598116354953e-05 0.0079525024079154429 1
0.10756281604292268 -0.0069435778871322941 0.017526648912876586 1
0.15011755196515075 0.038404521271273362 0.027799635966407332 1
0.12193045764947873 -0.0045970150774637449 0.0018552549209382757 1
0.051992571992439007 -0.0048715309319325127 -0.012113346402585179 1
0.0084625198922202091 -0.010502312189423256 -0.0085807536868918299 1
0.028635387200979918 -0.010421184394011535 -0.0088968168433512344 1
0.054739238864537118 0.00097108500205048956 -0.014502504647379271 1
0.19832714890969275 -0.037484802026762437 -0.047588331255889973 1
0.17103855574284071 -0.018798286559202612 -0.043480751859323159 1
0.10566709848126461 0.0049182741261693357 9.2180358966586844e-05 1
0.19489720642089814 0.03995509473216894 -0.03391105117780506 1
0.17042697407941851 0.03021333360248734 -0.046784649662257656 1
0.1229087047433918 0.0046074311782567613 -0.0031754721576533343 1
0.12854907133749582 -0.020167168893034045 0.0059707945096574289 1
0.081548301638987158 -0.013206388251154964 -0.00080597437662360599 1
0.067694071438089046 -0.0073640834513180988 0.0017108337662369271 1
0.1827404482748993 -0.047900861708811394 -0.01648568557215371 1
0.13501860864439791 -0.0025146794334216177 -0.0056071272127183576 1
0.18602126359935545 0.055641406634771476 -0.038723773750635487 1
0.14288998843022691 0.0074228844173855986 -0.0060078910605390317 1
0.13211258506665113 0.0067312667662270285 0.00029325337292715947 1
0.1903238617218633 0.033026444629995363 -0.057922943527108015 1
0.051584127362588494 0.00060637610099378999 -0.0098332917500132677 1
0.10790500989782199 -0.0098528056316577271 0.015242733635518611 1
0.19096319588007568 -0.048436172111468091 -0.037806411843148639 1
0.0043018790941390921 -0.0030568933330181449 0.012128099783988246 1
0.13817255687166777 0.0024860154310268482 0.034210685336299181 1
0.068506265242105222 0.0019247222023011763 -0.012195895518840715 1
0.12424661181811832 0.017984176118027061 -0.012826766134461863 1
0.17853161011022062 0.050307185243754007 0.0048929809713837407 1
0.1874019476425961 0.032758977827226678 0.035748744316915451 1
0.19709616656069875 -0.020912362067514033 -0.070449942996944195 1
0.13499850396507812 0.0056044408641805904 0.008175461683410103 1
0.11578915567069524 -0.0072228570652248646 -1.5323085325075278e-05 1
0.11907638918098443 -0.010335239077616559 0.019080515154191784 1
0.13370412361348077 -0.0037187592124449365 0.018892054603322932 1
0.17939031540267719 -0.061245796356490662 -0.018837907600721668 1
0.1352292478517669 -0.018603034047879642 0.011452560907828624 1
0.20015381207935096 -0.051567094259768506 -0.035892866392409788 1
0.11736367257148939 -0.0096597241440721914 0.012541211859516267 1
0.16762120728129379 0.014452382311108529 -0.042150206861541313 1
-0.016671155021385307 0.0025805649963352158 -0.0081925543059580344 1
0.12832655558378053 0.006303078925884587 0.00064056644763674404 1
0.19857229223519082 -0.0037769042578152524 0.066712748990230997 1
0.19658242457295455 -0.038291040203117369 -0.052604445556928732 1
0.19617873430252075 -0.067515406757593155 -0.01574647706001997 1
-0.0098673262557697049 0.0010391573352045522 -0.0093621718814788559 1
0.19004488379090165 0.034945467586590832 -0.037203256486863213 1
0.072032075530277712 -0.00053466339479412036 -0.0077036075192762742 1
0.12520260184628146 -0.0064537100135806415 -0.0095284565477011321 1
0.14718548904639925 0.0008465418517551932 0.023291822313304678 1
0.1816948242960576 0.048063784380461258 -0.043851533897145661 1
0.052274153644177083 -0.00069336690736215801 -0.013798245494231252 1
0.13735076088657808 0.029756625113587377 -0.00029765031259447548 1
0.1305006533159597 0.0079179668506748312 0.013227015290585153 1
0.19972740719561527 0.055052161341837824 0.033807425074221617 1
0.11519463315590711 0.006319503821632085 -0.010614622725540989 1
0.19282524168152512 -0.046520519830992535 -0.045529579479752412 1
0.11827527141239785 0.0025014725874783548 -0.014675966175915231 1
0.10450055039826842 0.0060029376482520916 -0.0077318321483447541 1
0.089606274702420649 -0.0048084320673465715 -0.0049565836115916893 1
0.18175830692052841 0.043166689574718475 -0.007980456342920661 1
0.12343814583529555 -0.021164364234707161 0.0069973379877475263 1
0.19169020283408406 0.067492277928786412 0.0032115614596324961 1
0.11831555266073922 0.008222382308595148 -0.016443503683288747 1
0.14201791510080491 -0.0073292696140210851 0.041506847470830471 1
0.16372129927421161 0.023549560393053667 0.051684108285747016 1
0.11082763704291457 -0.0031864110981476537 0.020419669395902763 1
0.17872520322981122 0.028018160456949465 -0.02177433208641235 1
0.13988895426053141 -0.011308071574487015 0.038254764887061331 1
0.12003711820326816 -0.0048452281227552773 0.00087978488395047683 1
0.11688121365124811 -0.00018625984380967278 0.018763548231974906 1
0.065839803930067151 -0.0074463319990774844 0.013600010828107183 1
0.12652028908777616 -0.018615090072575669 0.0028086287969951574 1
0.076742514094192249 -0.0070147387238773664 0.013956034991585112 1
0.11421974487885443 -0.0022216566112714803 -0.011607518936141184 1
0.12899136193660457 0.0088682831270098031 -0.016915540851466852 1
0.11357228830456734 -0.0030346530838869512 0.0078878563363105059 1
0.11242881529042363 0.0046444390967301605 -0.00043601117642007965 1
0.17396415936550544 0.02917215378818044 0.054746418554706584 1
0.1227673280779933 0.0068945403480800407 -0.0025221825718139161 1
0.18008028294191253 -0.052169413095750294 -0.021256110616514674 1
0.082008085498795 -0.0069663582191759124 -0.01060786083287631 1
0.1511609929946037 -0.02104032949751752 -0.01274242964368227 1
0.11833063719136579 0.0060928947866977102 0.0073756026213846054 1
0.19643703077010363 -0.035841903511708267 -0.042351056589546313 1
0.17732749107205834 0.011983010234311654 0.049579334341240698 1
0.19480399114171743 -0.011297258889481554 0.064830044775082862 1
0.11633199483024824 0.0076944418931449848 -0.012020066416284636 1
0.10362321943867801 -9.2153204610013919e-05 -0.0021398919506820683 1
0.11291606001333396 -0.0028454668368981815 0.0037878039608940871 1
0.19197582974593397 -0.043713169721270734 0.047756813137237196 1
0.11514059628253502 0.0086854754184985585 0.014090002111501528 1
0.11632429106328057 0.0016432415619610174 -0.0087121693185944257 1
-0.14461074613742547 0.005174513501067503 -0.0060962399780860443 1
0.10624793579917172 -0.0040971062862787729 -0.0063680179550279267 1
0.11744134899268238 -0.011760381121009716 0.0023213133146122926 1
0.16455354819096202 0.046117965864220775 0.026639931719684189 1
0.12153585521530796 -0.0022075756209961233 -0.015013395356728134 1
0.1105527654144223 -0.0093309378629707358 -0.009718600158830944 1
0.070465335165818863 -0.00040960977351053309 0.0019645491586042937 1
0.19667604157370183 -0.050214887422668789 0.03292580319994088 1
0.11265421340530257 -0.0021698098416171744 -0.012138205636266566 1
0.1759863706784742 -0.042469762748863917 -0.041042156642609288 1
0.17134431877825956 0.03284776720186753 0.046609715227111291 1
0.19391207424173151 -0.0323722840740895 -0.038756972680999112 1
0.10265629262229105 -0.01189705593559684 -0.002645635394930154 1
0.12580877444134045 0.0033460482616724831 -0.01925935149319357 1
0.15516573355270233 0.010732126689066541 0.042122618148130113 1
0.056681179677897667 -0.0053189412351405414 -0.0022560539836455505 1
0.10724752386746469 0.019689542178005528 0.012216418259311168 1
0.10692288782955538 -0.0032161586583098283 0.0067191516230846642 1
0.06982123606371024 -0.0034440313081973333 -0.012220039276086234 1
0.11264097997622113 0.0022046460059764804 -0.014140156246121811 1
0.10113806075394327 0.0034742814142614763 0.0058859744076573987 1
0.11174146433262616 -0.0012070164138074416 -0.0082123509820835917 1
0.16579426347329707 0.028653793645604476 0.038456160574447368 1
0.19628120294298687 -0.0019959092953153856 -0.05782838160283342 1
0.18336436313124271 0.026536824643064262 -0.028430234419486278 1
0.19985665227242 -0.057641679017924656 0.040726940619484647 1
0.046549458838090724 -0.0028275913684637942 -0.01062497473972604 1
0.18869049724035225 0.047468370859829641 0.047755979170072231 1
0.19463630020618439 -0.010896953986957669 0.068013515323400497 1
0.19681113141638745 0.037599844874407477 -0.054980809147513049 1
0.15499271045023094 0.028849497475895925 0.037203688520454276 1
0.13782134681352626 0.00039977199250591702 0.037820815505149201 1
0.1158114615857328 -0.0211263086128664 -0.0029661292666703027 1
0.19999560713768005 -0.023377431556582451 -0.060996098443865776 1
0.17254500808172446 0.013895620803341056 -0.027769230454244495 1
0.10206903902967675 0.00020642631938632466 0.01628558134705264 1
0.19493791762298593 0.041020167621529401 0.046392463712505473 1
0.01681161672280098 -0.010601640467320284 0.0020761513722334086 1
0.18455248347270786 -0.042402151777445142 -0.052009292680851804 1
0.17773910544938182 0.034502445219563652 0.018947291946245996 1
0.11757122319763823 -0.0015277354188900135 0.0086383956960951365 1
-0.14738975296040643 0.016512636095285416 0.0002921324104069303 1
0.1508774212571149 0.038260674482416442 -0.02159119832287295 1
0.18381494283676147 0.0085412526968866587 -0.041250329464673996 1
0.11940029252926616 0.0048415368760431074 0.0073183391255979592 1
0.19002154664022325 0.025426759133423453 0.065075960876717839 1
-0.002275951330961055 -0.0019125938187104388 0.00036753765442214514 1
0.11833955501004728 -0.0021595289277378639 -0.014369266204428154 1
0.13209331641227218 0.0075943753032893654 -0.006370395021852061 1
0.12308651334671605 0.0065363988772361601 -0.0056628897091016419 1
0.12432853703427334 -0.0072644855361885356 0.0087731866200548257 1
0.11327024919739531 0.0049085706561127016 0.018050135671335399 1
0.11158559374043674 -0.00043670998249825552 0.0018029746296067801 1
0.19528392475726655 0.00033837326863346995 0.068315879181005984 1
0.029658106831517327 -0.0070891660846033999 0.0068633147460818679 1
0.11996050373254266 -0.0071001358405971514 0.01706306164357237 1
0.073900296704209903 -0.0011558671239193382 -0.014179659055801345 1
0.085508303389171259 0.0029934990515223456 -0.01438438586076838 1
0.19129551909046744 0.061325133706236427 -0.0028403026442127767 1
0.12254810854711544 0.0064932641718547001 -0.01790814782979918 1
0.10731537395953804 -0.017530047425917752 0.0026024428185548575 1
0.10566676810232453 0.001790161710511195 0.0026368037603898419 1
0.11799534302837414 0.014138277151661705 0.0031867285911874833 1
0.18201105336052228 -0.0041288702810788457 0.045099664569528873 1
0.1201292158643143 -0.0073562425705530274 -0.0029433716435635698 1
0.12293854385505774 0.010939036693483587 -0.0051160535005069455 1
0.048603709159164968 -0.0014374974778069802 -0.013733511005992292 1
0.13567902167026602 0.013260502863804664 -0.0013474596448606008 1
0.10763126270553201 -0.019118601811504213 -0.0037437822747966761 1
0.19808928801611952 -0.039319169258876463 0.045689023868910009 1
0.19678686115506139 -0.064786589476607204 0.011256526920190364 1
0.18812096240037771 -0.039326766877379196 0.043200291346711196 1
0.1920016056565676 0.048889579671690012 -0.047008564330313696 1
0.12863233274863928 -0.0076859183660151183 0.0054746115254821455 1
0.042254157062872992 -0.0057046525576445869 0.0059098569945112778 1
0.12443995164084068 0.005139200607276604 0.0094993481277980373 1
0.1789947050472448 -0.04231920959656095 -0.028180143191291321 1
0.1414676234126091 0.0010330788791179657 0.018653035163879395 1
0.15006169131953465 0.033979649005683954 0.026321845377569125 1
0.19275635164498076 -0.032925042122753365 -0.044552336619013477 1
0.11238489243684277 0.001787444365046366 -0.0077307730835093 1
0.10310274382642139 -0.0099551974366182301 -0.0054452335806492542 1
0.18030048867886894 -0.054219108606687126 -0.028029158356102202 1
0.10162784556901865 -0.0074048285744055496 0.0073739921894163717 1
0.12945209803727586 0.017633042368381042 -0.00060407739584415233 1
0.12552196662767265 -0.011988694697121183 -0.014833838890650387 1
0.042344129171158491 -0.0052597173137965232 -0.0063899460590273321 1
0.18398604747015609 0.045259780100119794 0.0080597103561044214 1
0.19070179423723596 0.047513598165992474 -0.038779256131601124 1
0.1934468519009834 -0.034852555925479659 -0.034955904917291128 1
0.18481494766722639 -0.0020698255946479758 0.046749955919156982 1
0.13729191799831583 0.0037328223073455819 -0.013352954297079061 1
0.16327323270301661 0.01956147190040549 0.040887110278772336 1
0.18953228653244653 0.05129569601119887 0.048579961229671925 1
0.12240986098117919 -0.0017768876740619551 -0.013084723069790097 1
0.099666870041125163 0.00075672182367516922 0.0096719226770081226 1
0.10718535870541182 0.017165203884238922 0.014449595853791731 1
0.13077674092678554 0.014526895480649178 0.0017957483422843747 1
0.18073648058548492 -0.0314294762253432 -0.039062324905914526 1
0.12447793164305242 -0.0084614192520603565 -0.012296195833507936 1
0.19373444488209537 0.0025845442134516906 -0.053016621753910947 1
0.10679215941347203 0.014431938893677228 0.013925042979189051 1
0.11663881645191541 0.010246359613374265 -0.0057219841128627845 1
-0.17320886361361901 0.0088879039870229919 -0.010468545039570296 1
0.12139771467969898 -0.0092389168036215302 -0.0039347490337224237 1
0.17214366793632507 -0.0084523120895028114 0.029863203875720501 1
0.12052281796788519 -0.0062367513551781287 -0.0098807188951431889 1
0.19836560316652541 0.048172652585248152 -0.036497559525509302 1
0.13487154990434647 0.00051138317212462425 -0.0066507891751825809 1
0.11282324488961176 0.012235000773972101 0.012843183701640818 1
0.03817102367376693 0.0068434456697495753 -0.014627181924879551 1
0.19176527563894236 0.041602300793039435 -0.053410354179590606 1
0.13189162878950614 -0.022692735692502776 0.019216685333458286 1
0.19474855065345764 0.05811590887606144 -0.0038960906676948071 1
0.11591781064071709 0.014473799883305553 0.0096338954774189411 1
0.18124828377359353 0.052682581069151489 -0.0053004873789412738 1
0.14169989844519787 0.026701408715316614 0.030167058659510079 1
0.12679938569798868 0.0035265508701439663 0.011095469099289348 1
0.17538694222146264 0.047141151473367955 0.0132440280307289 1
0.10952867029666413 -0.0064830087962333303 -0.0028445913363205036 1
0.1904803066365808 -0.059908275270094777 0.029197536411214121 1
0.1254485966744662 -0.010757826000863748 -0.017587971590452584 1
0.18996092987876237 -0.04431324282041646 -0.0075691657527557354 1
0.099940651787895948 -0.0096215058601476534 -0.00012196945141537624 1
0.12756382027074173 0.0073415617348642033 -0.0065264488266255204 1
0.17735524843884909 -0.04208564755281452 -0.034512214818222017 1
0.19912164655091052 -0.052523720018774221 0.050365449347635281 1
0.17076641954839508 0.031918496933630504 0.034360736938566602 1
0.095114321366520968 0.00074399969530318467 0.0068069268053407971 1
0.10690844601091508 -0.0083931624126510687 -0.00077016118376375866 1
0.12401023718338042 0.0024965870043283959 0.01830575675353489 1
0.19340041495399304 0.047306027932490377 -0.04456404520640609 1
0.10586061772572219 0.0064928712474852397 0.016104058182578162 1
0.076214187657707544 0.0059479759194430168 -0.0088434757289276144 1
0.18917075129417657 0.03985829465888293 0.042969089171589772 1
0.10165162237144147 -0.003050577351812031 0.0078951821394487726 1
0.19983649686652211 -0.037242406401007247 0.056201346191711708 1
0.11276565160711149 -0.011293679787127574 0.01035784509037733 1
0.14861316634922386 0.0083197349138764073 0.047506715759648106 1
0.18034757089427392 -0.043252711147641509 -0.043187216692541157 1
0.12551585070440321 -0.012420047772417757 0.0055179784506202562 1
0.17204960447694181 -0.0028273198594823456 0.049239189375824687 1
0.079115719463691211 0.0063329163788512109 0.0071734305702734974 1
0.18308653856701682 0.028781445934806339 -0.032328700304219624 1
0.15340313738354194 0.030958555427265288 -0.033428095941769181 1
0.18287556603409796 -0.060192322596927333 -0.02790221906234638 1
0.043740749540357615 -0.0053789116298225467 -0.012132432694435655 1
0.16169974652858693 0.021866821288791451 0.047232604485543381 1
0.20122797021469074 -0.039254281339238035 -0.056906086538015314 1
0.11766347654312957 -0.0057437810292443534 -0.014212879725100868 1
0.12643029560820995 0.0053417339861554225 0.018159338766927918 1
0.04572177707493276 -0.0037238926086504073 -0.014621551051372923 1
0.12027026047541238 -0.009482501332634178 -0.015880113276463603 1
0.11135185932275352 -0.015834608122722998 0.011685100603770026 1
0.14269251980304981 -0.011286727844082727 0.00096575270979107949 1
0.11932727685420652 0.0013681635376545671 -0.011689604091571304 1
0.18712540178329112 -0.010988320542347725 0.062119942443813525 1
0.12955011224564739 0.0095276631559369999 0.0031316668908731035 1
0.17129089178553086 -0.040853681129382896 -0.039692021198751648 1
0.11523553093751965 0.0097140558250710229 0.020959185456326284 1
0.12072831703715128 0.0012959307559432128 0.0091227061703103782 1
0.18408894404590834 0.026692365030493888 0.049832510321118982 1
0.10340585414905042 -0.0040501620161725619 0.0048329865564321469 1
0.19618173501938554 -0.053751749543444194 -0.034460536664255886 1
0.072783415423114381 0.0013363322255963274 -0.011900253506357348 1
0.18125641034666676 -0.013865960551114586 -0.036207438415961302 1
0.0062334127637709335 -0.0077995432472456024 0.0086007115332638519 1
0.1999948792358138 -0.052076337067034413 0.045413374284441761 1
0.20029185982993727 0.040455139157067839 -0.054988033927789039 1
0.20033205405712926 0.036435379440752438 -0.052057911563716711 1
0.12388143011285961 -0.0077329481341834577 -0.01090064611912729 1
0.19248907630181356 -0.038163334988438213 -0.05150552216121148 1
0.11352254055086633 0.011784324880109836 -0.011122735294162025 1
0.19422108470327534 -0.026225200584065335 0.06707221596024901 1
0.19870709627866745 -0.038446994498372078 -0.058903461322188377 1
0.113904337660448 0.022481218804127814 -0.000285049337468235 1
0.076981559923347959 -0.005818984741089845 -0.010946314429980784 1
0.15661255748400549 -0.027076052322465304 -0.013555117595357909 1
0.19490983864669581 0.041086469136692026 -0.052723759068668219 1
0.10350243454768757 -0.002926159813385106 -0.01049357993882687 1
0.12208147269718385 0.001916997401709814 0.0093704277980973562 1
0.1246947026353754 -0.0066458183380776904 -0.0038757370530468523 1
0.11373226981667704 0.0029451401957131659 0.0024471494483054813 1
0.093006333439840924 0.0030957825063009452 0.0033834268858266821 1
0.20053163717310554 -0.047635434195351579 -0.048217695058787882 1
0.17787016156400412 0.037632846195277112 0.01436712441056414 1
0.12247991375625134 -0.0064941814634948969 0.0032301406899932772 1
0.11437850004537807 0.0059499264577393008 -0.0075564627615706216 1
0.19988015806577977 -0.063889017820022626 -0.0062438472643565369 1
0.19213785366488784 -0.058775424387873899 -0.022876372537017249 1
0.19783725033119376 -0.032896816492740136 -0.050086430016718017 1
0.19439206679911158 0.040457824892797763 -0.056296312859441561 1
0.20048171426491398 -0.069513965400689534 -0.005935609512013139 1
0.15026484818669733 -0.013266492010722428 -0.0014212968167483806 1
0.19847056256746617 0.035947893386780963 -0.055246518972668267 1
0.17652112911765816 -0.049018945592949205 -0.033612038330621825 1
0.12172980461766592 -0.0014205993820457217 0.018077730782018579 1
0.11489410162988813 0.0048871157649848559 0.021911617653309901 1
0.11100876455385218 -0.017274817491654167 0.0020180940351897259 1
0.11979736227852647 -0.0037172944545981928 0.010469030045368956 1
0.1303763444742447 -0.0013573567184420926 0.013485532430388289 1
0.1892708352678269 -0.031349701263853953 0.031761199432501469 1
0.081202405968175045 -0.0038972628669351654 -0.011678820024345483 1
0.055121688830880464 -0.011667835403089036 0.00043491950678391147 1
0.11846897498439726 0.0097375915859458234 0.016698144559912968 1
0.076130724673654768 -0.010733638881567965 0.0075989774893438083 1
0.069751495282299014 -0.0089655341553549275 -0.010437453507862317 1
0.12228501142185627 -0.004600194413387805 -0.0053426251088930258 1
0.037022233290732336 -0.0025683484345891986 -0.0077143833845894254 1
0.010622997177974974 -0.01053726881350987 0.0064312560347854677 1
0.10203416523813633 0.0023264628422091441 0.002292720247505211 1
0.12090670859760799 0.0045623168510827827 -0.010917847809794726 1
0.13414428735076073 0.0036163898404493744 0.0078423174242764262 1
0.20044051484065498 -0.048378724957838258 -0.044430587127863588 1
0.18920954276632876 -0.052586903434681975 -0.039605742475781684 1
0.19265636056661606 -0.062836505472660065 0.027059250511229038 1
-0.18124278565957583 0.016512636095285416 0.0066307210363447666 1
0.18180768290301466 -0.044513059300205368 -0.047535251828824801 1
0.11217552050948143 -0.0044443501392379403 0.016914240084588528 1
0.1040116403590949 0.0043979214339929778 -0.011715143904361815 1
0.12019482849376704 -0.0070698103014704451 -0.01129439214487706 1
0.11615328195759519 -0.0016789356385357983 -0.014921928487831356 1
0.11268947296747799 0.010659726129757593 -0.004410609002626016 1
0.11902122591012186 0.001084544348252529 0.0074630192475583865 1
0.14399392157793045 0.014565797057002783 0.035889065824449062 1
0.19080749267847519 -0.047476443030649837 -0.052851668716305922 1
0.1910253433212131 -0.034252478904229555 -0.049924401179722931 1
0.13754626406392378 -0.0051222122093394764 -0.0084247812160933317 1
0.12957186783344368 0.011691835263570953 -0.0032326674184083221 1
0.11256532231456029 0.001613590044074653 -0.015914333632220713 1
0.16750622554837866 0.019902953253317302 0.04546269018156409 1
0.19078442880050836 0.050791685985439199 0.034681200392596916 1
0.11220909337433756 0.020884037242585619 -0.0019951908044940391 1
0.19044551001690485 0.051311958022435378 0.045458919289578389 1
0.17074573732128065 0.017614606624422074 -0.022873961144890834 1
0.19796540606540641 0.040813747569039216 0.043594901175622855 1
0.070891483747718642 0.0017989180263547357 -0.0144754926747403 1
0.15643405433012483 0.019878771808525944 0.044501918353656598 1
0.12565358143253028 -0.0062512743340662012 0.0037109232541204218 1
0.10090577502949898 0.0064637182018417259 0.00329035267472709 1
0.11866434663534164 0.022140584886074066 -0.0078598563559353352 1
0.1693524627996601 0.017729034242474035 0.027409176988360245 1
0.17777367853417989 -0.010131207389082676 0.051843943659327367 1
0.11176168716209606 0.0090084036991984456 -0.0021321585794324329 1
0.11754318123239947 0.0059262771245962549 -0.0051370413290615846 1
0.12271618397835347 -0.01410732172459497 -0.00082593392268193644 1
0.17833209899481167 -0.056224625961107833 -0.021729801396869371 1
0.14338110115020922 0.035939061414733492 -0.0068648268433040335 1
0.10206458918072722 -0.002602348746166393 -0.007828836047846845 1
0.13027711417570023 -0.0060672009100867178 -0.018139659927146973 1
0.12851508803261807 -0.0041926365328329319 0.0059982087720330205 1
0.19906930934379544 -0.041787997241452816 0.049741837496245229 1
0.10531501138485365 -0.0060259542940489033 0.0084792477342724732 1
0.10552916627207617 0.016583793670617967 -0.0057219352123420789 1
0.12238785485727617 -0.0099903586177576675 0.0023053392482683265 1
0.16480536647672409 0.032519216058410724 -0.046256171041026889 1
0.11087107104106163 -0.011711576105021359 -0.00086209713217055286 1
0.19907057980103954 -0.050658306345649169 0.038497363234140748 1
0.13282062833977515 0.0095992297331609806 -0.0015857004764872522 1
0.10405027474900788 0.0074238577577975832 0.016097656233629395 1
0.14390795339093809 0.036987406047990071 0.01997570319630769 1
0.1185570739103631 -0.0020931567751547434 0.01728344621392194 1
0.11239084971815609 0.0082206915816839341 0.014422912168058556 1
0.15013004050420239 0.043221821995599319 -0.019423748997002041 1
0.0069870830997953359 -0.007373764188553341 0.0042209139340706938 1
0.11703969325113929 -0.0013683353893897384 0.0052612886541118483 1
0.11823537057590137 -0.0022799864632985362 0.0066930753847692197 1
0.11565689765408595 -0.0059955515822428963 -0.015662901255391146 1
0.062517731299403842 0.0025028138428416493 -0.012384789283859856 1
0.20161244414291951 -0.069479399663105609 0.014492497520069859 1
0.12198245801158188 -0.0070747438088954303 -5.2557481275674429e-05 1
0.19876241472980544 -0.0040559655826251911 0.069682856542987406 1
0.19867404475358541 -0.039141904941534571 0.048377253329381184 1
0.19497146457433701 0.049131844192743301 -0.052810711786150932 1
0.15640434377203066 0.034890085092668117 0.032417762814592535 1
0.090481579467393491 0.0011000963903699612 -0.001246852746741699 1
0.1273524959491949 -0.012140705556216923 0.0016661862285946207 1
0.098264176866606906 -0.0060082454319953871 -0.0044459118144131423 1
0.10841608881328824 -0.003630579407661364 -0.014661426301123817 1
0.016019129271247996 -0.0067900505807167357 0.0070087717863644289 1
0.069873249320870232 -9.4084342427840819e-05 -0.010946018279876693 1
0.11766864613678206 0.0067344110591590423 0.011996336472161124 1
0.11377343734294459 -0.0087702989813244637 0.012687670423146297 1
0.10565828283068299 0.0017844021965558862 0.0067940679235334242 1
0.10894409436365006 -0.0018947872473883116 0.00088888468829260916 1
0.19786550749379472 -0.073162975748902015 -0.0016340306038515259 1
0.10462533977745045 -0.0001987805458092239 0.0087972153411527299 1
0.19517382749676165 0.037972284309679215 -0.045794502518295865 1
0.14622114076220036 0.02956218364579585 0.0060619669502142122 1
0.10897453321078811 0.016085610533027945 0.0060650838298445401 1
0.013590575986613449 -0.0034326858185096329 0.010486766669891926 1
0.18100981488672394 -0.036442539001379053 0.0010895079418935675 1
0.15048208814438488 0.03697655689903926 0.0051172827424014744 1
0.18146130669297958 0.029691766521309892 0.054410355634867964 1
0.10894763332373275 0.002034337100162827 0.0029744577123189658 1
0.1947923093809176 -0.038054339836379986 0.047776318635819132 1
0.070198268170548569 -0.0037458789609369166 0.0091651767795806211 1
0.18293997540477419 0.039084113708167667 0.039086151646744789 1
0.12648352137586458 -0.0035065776052105547 0.019223961527955434 1
0.12739899969386198 0.0010508336151459948 0.012844398173447232 1
0.04811375691105977 -0.0047758066412334071 -0.012271567703938665 1
0.014439708855313867 -0.0045825198432801898 -0.0035828364822666019 1
0.062008635466719086 0.0067529185873690519 -0.014561090463442138 1
0.11852070486217817 -0.0033156918882238438 -0.00045524747665283308 1
0.11341180841212506 0.011068284214422484 0.016674808961444479 1
0.19605921947014301 -0.029716629391208414 -0.067768619203096875 1
0.17851499604926477 -0.048569337858422421 -0.026088054183110714 1
0.14361889521319215 0.025001152902807366 0.017767149119999555 1
0.11931098850920623 -0.014581160206685252 0.0099533233510042569 1
0.093653468146172023 -0.0085589917767014585 -0.00015994257481025036 1
0.19867159466394518 0.04123853887519717 -0.045948575506643996 1
0.19541823863983154 0.048007563644625099 -0.039117792948224074 1
0.18733009023528635 -0.0092686917419550537 0.044781793919335934 1
0.19421597964429069 0.043916021321681917 -0.046459821099115436 1
0.1764339589708683 0.033072770939111887 0.040644688478474383 1
0.10666015615204562 0.018859562363521421 0.0087786686270347504 1
0.12018894797095962 0.010722014686069967 0.0098100489505862764 1
0.10291358568122573 -0.0079237358522894086 0.0037340236300823682 1
0.17579441096214513 0.057742043179631268 0.0042413820031480618 1
0.19857357763701075 0.040628647220265227 -0.057252556992628593 1
0.11388425756948527 0.0042336097493407441 0.016245626630028834 1
0.080212571584582767 -0.0064762940346824336 -0.0040276192801190734 1
0.1719209134832767 0.022293992828009368 0.052919981914788861 1
0.11891339375390804 -0.0047015010404490715 0.018253398574695264 1
0.12800266697836055 -0.0076397968646307324 0.010017532954998054 1
0.10352427919247635 -0.0016968731601721368 0.0060255599655284946 1
0.060080349532360487 0.0046772027370777765 -0.010900230615786271 1
0.049971128235760637 -0.0023741840347167881 -0.014600972023852103 1
0.17268632991029215 -0.01835511030236282 0.029844908711196716 1
0.024357957746168207 -0.010455495891988733 0.01028683444131305 1
0.12192284942250857 0.0036274327055509864 0.015451231454525087 1
0.11308656470447795 -0.0023002278385847196 -0.00056267984896183178 1
0.12066860461464772 -0.015727955190857804 0.0060222597592888942 1
0.12053427905716166 0.0014863185464502383 0.019183169784724646 1
0.073712076028141935 0.0041006027887012563 -0.012298737777307011 1
0.12187484464161456 0.00060573558983082572 0.0142148297058522 1
0.11639988135504901 -0.013038328306169269 0.0062452084690196889 1
0.11385333530385927 0.0024863335542423121 -0.011477340304352025 1
0.15471118699179387 -0.01760294150568268 -0.0017403790426794696 1
0.14453137520716999 0.013327699750629241 -0.041244365392157319 1
0.12311766768999763 -0.006251789291136076 0.001096782989781039 1
0.14078509102705355 0.012145069537129658 0.03899198670315935 1
0.14933977398578965 0.00029227621173567842 0.044030273327273883 1
0.11292822753091175 -0.00014983145419733993 -0.0016640280640733006 1
0.16060653099378958 0.042334642240247536 0.014664338837844501 1
0.12215358548242065 -0.0070154793716845701 -0.0023487911824853838 1
0.11718512616685434 0.0038571682157385965 -0.011150411265474119 1
0.18064957234579562 -0.013290951192168731 -0.04057647920946067 1
0.043046349794844084 -0.00048818566507967138 -0.014466302364301631 1
0.11421133369997932 -0.0072614392791131056 0.015801177789931287 1
0.10743104557672986 0.0064777311223362301 0.017418305311368378 1
0.18038888983578877 -0.049853163278860115 -0.02999904838673368 1
0.15734177991500609 0.036935309426282779 -0.037040539988096297 1
0.1100151292804602 0.015043261068524771 0.017642608045083868 1
0.14208286261076453 -0.021261709529323134 -0.0032449267849969012 1
0.072512794037513539 0.0071145686467406401 -0.014362566238812016 1
0.11103099860609576 0.01290998439186675 0.017124852770259116 1
0.20031457922443771 0.048882058421996638 -0.039466786132831992 1
0.12219171737741828 0.00053783960028957328 -0.011829839118684612 1
0.11822833997754957 -0.012145356296286672 0.010542487173274452 1
0.11546914508204434 -0.012920911000711258 0.003603841143396372 1
0.12212897166804865 -0.0065922094907123275 0.015980170879122724 1
0.19093952274058759 0.048434875734651134 0.045628653553766739 1
0.10417802267086566 0.011196591525164239 0.013821912740756347 1
-0.1609648940737686 0.016512636095285416 -0.0049644983373582363 1
-0.1555145530105804 0.0083052995590759873 -0.011547828793989679 1
0.13189528220190277 -0.018899170588005006 0.0025218005343881651 1
0.19639565664802089 0.048360991164708655 -0.040273745804502555 1
0.20023034700694314 0.060988769511351772 -0.037759345375611417 1
0.1095619455317863 0.0073797477178794641 0.0095242129237157937 1
0.14865920828617893 0.038452565419089861 -0.016655531984008806 1
0.15855009197139125 -0.017012279226717705 0.016005980425811445 1
0.12945459782258303 -0.001667564039030698 0.01662067472504004 1
0.11459162643963582 9.3899058788750144e-05 0.0033970405785538958 1
0.19140540873015266 0.054127042353380214 0.0047446613266738501 1
0.1959774067120241 0.071646125410617961 -0.0018626994346431407 1
0.11821547955358484 -0.014221568245159053 0.0087501785225991731 1
0.11181433477365577 0.00086703541944367721 -0.012483835526952713 1
0.12556362990179665 0.011824950698614374 -0.002326331976429034 1
0.12818436324596405 -0.021661986596882343 0.0016271036583930254 1
0.11109054048565078 -0.00059201591052512892 -0.0028037458267572463 1
0.10411148843013511 -0.013105061148885849 -0.0011770944049461071 1
0.10320129655996754 0.0037332627367615509 0.012538328497450901 1
0.12481450740249538 -0.0025776348325662487 0.016906696415729276 1
0.19312646428464511 -0.030335064396420152 0.046732349182885748 1
0.10134088380291749 -0.0058950979949557395 0.0022101887559427659 1
0.10671441228605058 0.01860113015162819 -0.007422842482666221 1
0.15039042192312732 -0.018418654438680682 0.0022895799802475558 1
0.18936242241405823 -0.055504526999467167 -0.042427593346046059 1
0.12018545123400379 -0.0025692241288441274 0.015128458788793193 1
0.14209821927901564 -0.015258195784650878 0.0057698428686429309 1
0.18345040827482667 0.042441238211337107 -0.045784345277721843 1
0.1811564346280593 -0.057932674774802566 -0.029581787249736053 1
0.12409594781381696 -0.0005378442240984555 -0.013280982442982064 1
0.19572676085687143 0.060291810003950112 -0.038779090681990154 1
0.094434245699783578 -0.0028504664423413635 0.0023762936582190251 1
0.10567346148211969 0.0012698015934717796 -0.00024262443855490703 1
0.19731217164415493 -0.04621049713580145 0.031068885499029586 1
0.18726951444987588 0.035456509406365154 0.042085391692271039 1
0.11840948829028315 0.0097304198043936911 0.017669820802425691 1
0.20161662066560215 -0.070168540727627682 0.0028780222637560682 1
0.12211179506978709 -0.0074317156259503612 0.011340229293154216 1
0.12201966634217547 -0.012231208564989021 0.0011251724091350824 1
0.11137265794600779 0.003702346624154031 -0.012066175967420092 1
0.14376226117849844 0.012852712905867404 -0.00058818456764257905 1
0.09898154282131906 -0.0052455322529011798 0.015731109533561414 1
0.14367591935423668 -0.002465894600596868 0.033933385920378714 1
0.11377167899135968 -0.014053943304289176 0.0079393990800804386 1
0.12060518355860765 -0.015148111686978988 0.0083505038777104568 1
0.15624273040289538 -0.014758794950641044 -0.015791448749853818 1
0.11810979003334891 -0.0080400780377927351 0.0063586893639754252 1
0.18650472011202426 -0.041451495004958185 -0.050381424465014805 1
0.18392974138259888 0.052490316331386566 -0.041743010282516479 1
0.065581282343971342 0.0021074630729663742 -0.0092047216634092432 1
0.16991672334557978 0.020825052899562189 -0.024766294106206354 1
0.046993463492473894 -0.0012576946010511949 -0.0071699604551592952 1
0.19692207872867584 -0.068708568811416626 -0.00078366952948272228 1
0.088489176886175913 -0.0042115090616192518 0.010904152292514874 1
0.19161555212230116 0.051304312642771036 -0.049856511089384048 1
0.12204782963852785 -0.0065939805228928013 -0.0042275592554740912 1
0.14526684490967895 0.041823499511755846 0.012803588570333407 1
0.063260995596971917 -0.0045197818066662395 0.0072526483533215972 1
0.113227943478744 0.0071849423186458256 0.016137073326044579 1
0.19039487989400555 -0.053349968541514442 -0.031719762622100474 1
0.09970518251301129 -0.0060130566031987914 2.1471424740731415e-05 1
0.19864421763309256 0.057674245624371595 0.0071506615133673252 1
0.19380079397714192 -0.029537106519804041 0.051118130271794744 1
0.053810103811761899 -0.0029533576097493701 -0.0096373507401481002 1
0.188666017096186 0.034813185586604144 0.048036165783170229 1
0.12257238878340551 -0.015398392163546624 0.0094051225052507945 1
0.15375065891320927 -0.026536502538910715 -0.0078031145738007828 1
0.099582273193936074 -0.012547436805808332 -0.0040818485059115634 1
0.1010857064868063 0.010527645008695113 0.0066004522245828737 1
0.11224310813110011 0.014050479775265728 0.014439372514359533 1
0.13177870667286498 -0.011407939447041077 -0.00040722633289885226 1
0.18612964049122455 -0.046603609612392641 -0.049269806532754451 1
0.13264777667553451 -0.012693786173502824 0.021760740623260968 1
0.10939545507022035 0.0045835553047243478 -0.0060265347200450696 1
0.10774193411635573 0.0067950926174259385 0.014705547881943176 1
0.17353956459765965 -0.050304819488843806 -0.035719184709793107 1
0.11108396480823328 -0.00097085442444314128 -0.00055700247975790877 1
0.18679122617047644 0.0267743981392882 0.063257944489935644 1
0.1101157483906683 0.025347858755597794 0.0024139869561485652 1
0.18703695443267285 -0.0051192108850719072 0.045131964228360792 1
0.11815336037935573 0.0093040404061905425 -0.0030079147988666829 1
0.1267363217339724 0.0023351739680677751 0.015783474569952237 1
0.19408212351754639 -0.064719547057050436 0.021077223980819525 1
0.11069084641414305 -0.00025498627483760831 0.018661586817754604 1
0.11502425197560773 -0.0013016403046387517 -0.0026445972684786771 1
0.18836039842322036 0.042826272823694549 0.037727363729913956 1
0.12043440557503637 -0.018482556288696744 0.011140381583940094 1
0.10711880426153958 -0.016529387228514051 -0.00079503749614569155 1
0.12507674760042159 -0.012033393964786365 0.014234598094789915 1
0.090955125762519018 -0.00081553752833876821 -0.014480449773547061 1
0.19945096234888188 -0.054227073176381008 0.041359097029639302 1
0.1347773527686737 0.016607155262257346 -0.019995609233205789 1
0.12245861717687442 -0.00066953436426436027 -0.015509706273870589 1
0.12625263593094041 0.0077900812638851116 -0.001631512719139961 1
0.13082443457755685 -0.012121645497256662 0.012479941323631687 1
0.12685915188411317 -0.017709669601097978 0.0079726108851537834 1
0.11048003251879394 -0.004580067749062498 0.0090531951754953873 1
0.13583164338690795 0.0094300006519887659 -0.0014131232898917272 1
0.12625395828926303 -0.014866100276562556 0.011891580036018631 1
0.0073416759585201996 -0.010435080165854664 0.010725497145368291 1
0.10752745355866004 0.020136913193336121 0.0023212953662626015 1
0.11764835980136829 -0.0047051641858081271 0.01682640935105853 1
0.12910969551073453 -0.0051823982665917959 -0.014002249302071206 1
0.092763980160061765 -0.007798753788309948 0.0048900144245175052 1
0.19139160886366013 0.024571771565521362 0.06771411448093001 1
0.11532447578020887 0.01465412935300139 -0.00063342791035508428 1
0.10934915522255126 0.021889411301877576 0.0043436019634168332 1
0.18677474558353424 0.0039231680566444993 0.04525194875895977 1
0.19192121090777217 0.051776544595385769 -0.036601915526659534 1
0.1974598065420255 0.035626378065615541 -0.045537757471634306 1
0.14603856854259942 0.020186410187895566 0.034480783297178047 1
0.068666019277584756 -0.010260196028817538 -0.0095240062128913207 1
0.19477481942136085 -0.033966865847922613 0.05193055866233344 1
0.023184213969843947 -0.0088201808224363885 0.012311318742253472 1
0.096289751577357627 -0.0025726182297310515 0.012755706388852891 1
0.10895463791509802 -0.016793943205487698 0.00088951922575427451 1
0.10141187251569325 0.0090145704868592851 0.016082790483437619 1
0.094757658415784735 0.002945383450163395 -0.0086345094908169412 1
0.065841033163126284 -0.0030895410370874142 -0.012496833313559429 1
0.11729130135040843 -0.0059692593253999806 0.012409110232741325 1
0.11067380055586855 0.009017718384487618 0.012934220540363691 1
0.17935663275669292 0.042525658225893034 -0.047069664289198836 1
0.057649267647814327 -0.0060918967531137878 -0.011399977348077911 1
0.096556935363186755 0.0016868557028755929 -0.0011960150863251332 1
0.19450549892232982 -0.041783788232688308 -0.029061134252120296 1
0.12142735520590532 0.0054671426714857701 -0.014596960916359323 1
0.19705664148032367 0.047066672726445394 -0.043418123170071335 1
0.16000617648792528 0.032859735718720071 -0.042663027543169502 1
0.13495228439569473 0.027307457290589809 0.0021378481760621071 1
0.11377486721898848 0.019150599448062092 0.010076134027119554 1
0.089494510799543778 -0.0099018835351902795 0.0095128050016844677 1
0.12278132337812322 -0.0080840385197740155 -0.017755596936658839 1
0.12092535775691172 0.010400798074324206 -0.0027478939052237757 1
0.11002463132790856 -0.0051397014088634344 0.017967967630527819 1
0.1205685303721461 -0.00057029575986216989 0.00043917412589350273 1
0.19907797278466108 -0.050271420752680818 -0.046830531119698676 1
0.10317975943561229 -0.0031372261488053972 -0.0030205814910645159 1
0.13665188848972321 0.01747814379632473 -0.00016260263510048389 1
0.20030012423365659 0.043001486453452031 -0.052127007488986334 1
0.13499687554048301 -0.0085391201040807517 -0.00692046214923271 1
0.1437606081201902 0.011823037993058352 -0.03648367893945062 1
0.13351285207219291 0.007741069930371991 0.010537670676123805 1
0.12196340916343888 -0.0097287557662555074 0.0056385834303938048 1
0.13736719590019153 0.00572390274394386 -0.0055765274020932384 1
0.079809371469685128 0.0015809792153532658 -0.0092155108306816395 1
0.10843234774338049 0.010893198159873326 0.0095542328978469298 1
0.11774009074338966 0.004182776504136238 0.017195261455250951 1
0.012333949412414179 -0.007119388284048251 0.0033144112050078308 1
0.1128829569723315 -0.0035679857040661657 -0.0024672826678928477 1
0.11077407074929994 -0.014910983372356541 0.0070967216357512644 1
0.17322316506929217 -0.011120552372634511 0.034039917240216065 1
0.12896604241903745 0.0022979697683562111 -0.014369596345637357 1
0.1421322401198811 -0.0080120549370267542 -0.0019664087149944354 1
0.19669822034037526 -0.064701882609054087 -0.012108881208102414 1
0.1997617447055961 -0.030295119413852975 -0.067463259547033708 1
0.1192227564786927 0.011471997703232074 0.0047567322837754151 1
0.11330044908056706 -0.012990513901408414 0.010227284929987986 1
0.12155452243344714 0.0073629112122867062 -0.013447992130499437 1
0.12947136938088571 -0.011278491044144311 0.0018966300202648977 1
0.11122029223885155 0.010537369149088073 0.0028093666907762407 1
0.16068470405820298 -0.023748630177083639 -0.011539599654389781 1
0.10230410155013413 -0.0072779247496526219 1.3117865413733527e-05 1
0.14048783648857902 0.0064636823390800974 -0.0050443450803105633 1
-0.1826433480090138 0.014073279010114202 -0.006857341253494997 1
0.16766029742148064 -0.048821292879901272 -0.017487994726333184 1
0.17155750578440188 -0.056881883469062276 -0.021527671913351514 1
0.025975354060258235 -0.0039025587471817249 0.010819339367574652 1
0.066781868393563315 -0.00046934742732890165 -0.011784966304771743 1
0.11529504712422152 -0.0024354700021611522 0.016473105843521182 1
0.14665163308382034 -0.009941744152456522 -0.0017868892755359411 1
0.11966688282125419 0.0094026601998402383 -0.0072969784619126106 1
0.16729748587200571 0.020582908341448443 0.051400547118147517 1
0.12786231165418527 0.0054888670765044969 0.014684141014490493 1
0.19534722471566354 -0.050140563593749563 -0.053866696307899795 1
0.13718190735347408 -0.0044599145694785812 -0.006435799832545744 1
0.19321930408477783 -0.014538398012518883 0.070703931152820587 1
0.19518458564793859 -0.068794000096978156 0.019048492895353531 1
0.19212552494734747 0.045637291375981201 -0.050185717555857753 1
0.15798516252633754 -0.019779037406819022 -0.012843987587210566 1
0.065736710638062731 -0.0036340761071915737 -0.0083929742454597524 1
0.10589041195277792 0.0071417075818346245 0.013572817068020359 1
0.13903833518791892 0.0055667509235532171 0.039047597033674594 1
-0.096764003909513827 -0.0021341766919635327 -0.0037086640336187861 1
0.10897523463451565 0.017901501309299846 0.007315096335058122 1
0.1699725235650113 0.0445879789594733 -0.038747753204887547 1
0.12139844561348774 -0.0085195549376761628 -0.014426516585389888 1
0.11404729269199755 -0.0033611538480068362 -0.015928390074699494 1
0.19541823863983154 0.044302176129947975 -0.04259144516284423 1
0.19664551108041217 0.038689036203215267 -0.051519336593742013 1
0.20057070255279541 -0.068403873592615128 0.015270087402313948 1
0.1226746060120049 -0.01046763211278475 0.0044375545133202481 1
0.17857803799027089 0.030247591280351236 0.051999329962619842 1
0.17119615563102031 -0.048433454574860854 -0.030006617567175192 1
0.11501068168880094 -0.0094140668111430559 0.0042610401362118289 1
0.16955069765475445 -0.048319354649898352 -0.035335909245972588 1
0.13313006600095328 0.017223891625801079 0.0063802464685306301 1
0.14120262363589253 0.0071875819963093356 0.009441579387380758 1
0.12266875090815968 -0.0036495454474126661 0.016104397431398562 1
0.12306493210849573 -0.008111204974334596 0.0062129182411792628 1
0.18798375086327399 -0.05029516366945172 -0.034139140429946181 1
0.11765310818877417 0.003384300725728687 -0.00062386860055198799 1
0.13891799378703834 -0.0027166274118228489 0.035087777920172473 1
0.12771581890994452 -0.013174326201792789 0.0072840710943372989 1
0.10494521057580564 -0.0021682105990232822 0.00019937395370205275 1
0.18528477456968814 -0.045324176635508272 -0.026879493039646124 1
0.11410913347337953 0.00097238600120169673 -0.012789784184836079 1
0.16269056763265627 -0.054096615458568219 -0.017700532487518943 1
0.12579791620373726 0.006523897114675492 -0.015208955854177475 1
0.12755011574085517 -0.018354778586548017 -0.00011875771736666362 1
0.11908236735170054 -0.0035978123166567743 0.0028530320232275728 1
0.11921397903635648 0.0058627389770351613 -0.0025047521468582724 1
0.12251436534141645 -0.018206549968001973 0.0045566244886720243 1
0.12071198751154365 0.0061892640657333544 0.018431123564401047 1
0.11914657795488483 0.00076397010182568188 0.011024773727931311 1
0.13500306532166403 -0.019912553790601133 -0.0012899135746520295 1
0.12550616429473338 -0.010992231474801977 0.0086468253972151014 1
0.13980169750562191 -0.010033561375283774 0.014543296485076299 1
0.11316262721448073 -0.0074325153535309023 -0.0034525856928272198 1
0.028632551619358172 -0.010654201455550648 0.0059187951376474986 1
0.10146668368444257 -0.0012022147762188987 0.0039415133277286964 1
0.13628652742848932 -0.0049384480410374397 0.02117633884396079 1
0.04437138700535289 0.0015527632687339676 -0.012095454284836342 1
0.19637629725410044 -0.052834704498320909 0.040591354984891817 1
0.19402657941533488 -0.033466330412134704 0.048183842377206625 1
0.19859554132919408 0.038913354021121123 -0.05315492521905929 1
0.19541823863983154 0.04482022134837322 -0.039190978566177766 1
0.10726080442202715 0.0066354249341530527 0.016142517809903535 1
0.11868117817120617 0.00022305774558940806 0.014482111529307702 1
0.10469887103900608 -0.00059958594297920039 -0.0059896204719755326 1
0.12204566797310583 -0.0086760874119008718 -0.0016343203914519506 1
0.10675256362653984 0.012500043150931749 0.015346077579653818 1
0.12536907891276389 -0.015747796995181834 0.0056583473480154352 1
0.019215438206602521 -0.004309133430665215 0.010921691180542146 1
0.12729426268694588 -0.0025368941192186805 0.012810568782156128 1
0.029900388025220489 -0.01048540427400135 0.0096642839156103853 1
0.10374334018732652 0.0031465590248945068 0.0070889625026407327 1
0.19625760426571756 -0.030759780527680705 -0.045965579522497642 1
0.19691744184500024 0.046016700678185918 -0.047523051328132136 1
0.13387601221601614 -0.013484556454869557 0.0081537999006177971 1
0.19867529001798057 0.048072483079539957 -0.039144138045541614 1
0.13496495488397764 0.0041387479435426242 -0.0049939770275981461 1
0.04953605305795504 -0.0022477068365608422 -0.01031754223586471 1
0.1137835555127094 -0.00049532299045211407 -0.014303994148522372 1
0.10565145574634013 0.0071194661380783678 0.0060705971327353041 1
0.15738835814620081 0.046573050370416327 0.015564397309439476 1
0.1165812121327619 0.014462611935969278 -0.0052581569476603069 1
0.0019537464553162388 -0.0013661934851973132 -0.0143728705520428 1
0.12931317823287111 -0.020220967917094202 0.0086668744346990959 1
0.12418737204677818 -0.00059260883481179034 0.018698515173387241 1
0.12126436609665316 -0.0013097535241248705 0.022572495850244102 1
0.11140897716661433 0.015460186981241943 0.0011971428725612008 1
0.12783335675704491 -0.011195273535522098 0.0026929561632178071 1
0.1113309406093709 -0.00099988863332849793 0.0042489948409902703 1
0.11442353064735926 0.0094642881946356214 0.0096071982605417765 1
0.098705589259122969 -0.0045369247451069947 0.0026448957871730763 1
0.12177605331327906 0.0059555004960763387 0.0083018340628669904 1
0.10649693631412188 0.011829476034372035 0.013357857849715628 1
0.11182327780053486 0.0016783526810581252 -0.00049664596787831947 1
0.14246709127100371 0.018251799184238197 -0.0026955758966228267 1
0.12522227878347383 -0.005996054019783083 -0.012705535819430402 1
0.14667694170061601 0.034500659924092306 0.021043321422983697 1
0.1056756024705308 -0.003216502625180538 0.0021317851917532094 1
0.18569345966711359 -0.061852203004800009 -0.027130562808090924 1
0.1168320089700544 0.0074226662270005777 -0.00094451061684843796 1
0.13842601950554587 0.021667769009738554 -0.006965359022841738 1
0.19703899474932335 -0.044530247857698921 0.034506125406547197 1
0.12982633003005417 -0.020726345378500276 0.015964077299726126 1
0.19658926942231453 -0.0480756724099883 0.037181719500408876 1
0.11823055210043025 -0.010616993996113305 0.0050371074790372021 1
0.1224558456481005 -0.00059595104391914041 0.019337376446044798 1
0.1151419359963775 0.0058546382919417161 0.0036255452555488872 1
0.19585254826636342 -0.048173833018395541 0.031665055195082455 1
0.11495038798216592 0.00076271627127204344 -0.0010476585160972653 1
0.20005536076586172 -0.035243232161323704 0.063733861123776409 1
0.11881432460323035 0.01162219659694414 -0.0015872821229625527 1
0.12868748057402565 -0.0013910647665460031 -0.016783752771413925 1
0.11248195998124821 -0.0067062026167261576 0.0015602988123374481 1
0.057490443868360573 -0.00070415409990224958 -0.010879060370012732 1
0.14517909288406372 0.0049982412019744515 0.010489667765796185 1
0.098743356626778231 0.0059524890240430636 0.0099135668241828023 1
0.17363390588859284 -0.043551272820644221 -0.043725676049795173 1
0.11324209663922732 0.0098579949776514113 0.012899332653966401 1
0.10763279216559567 -0.0030500220328587889 -0.012264029062068608 1
0.11326440307926584 0.016025551966130171 -0.01164000341646616 1
0.11766470223665237 -0.0014452796895056963 -0.013013158924877644 1
0.19309559464454651 0.0034800780122168362 0.069574616849422455 1
0.1339778947281049 0.0048730569575304965 -0.015730930982125944 1
0.19974141447014421 -0.036371537537154067 -0.052751084616129817 1
0.20023362051319896 -0.043810866965496978 -0.04589441431000664 1
0.061296591513907844 0.00016267034004132264 -0.014309331381904367 1
0.11644126340873226 0.0073447364276948875 0.017679621199696901 1
0.11533599983763695 0.0054094104425912231 0.00057375537838143546 1
0.12390302533515837 -0.0017130366682978971 -0.015595424851265012 1
0.130462941826018 -0.015035903094411331 -0.019477366349258868 1
0.12454815059113662 -0.0093037309000764366 0.016561383216162524 1
0.045795602470754843 0.0026434402945592749 -0.014627181924879551 1
0.10666085903802083 0.012208360089033369 0.0057525370265683762 1
0.020348831250835111 -0.0071089601878162592 0.0085651543065689926 1
0.12411742329480334 0.0031159606322131209 0.013404705587236374 1
0.12159772615618074 -0.0090989072820834242 -2.228016923439881e-05 1
0.16773957014359883 -0.045600522260903616 -0.014099345562794829 1
0.19848846515420721 -0.047891015096473366 0.035080112239755178 1
0.11536853634154288 0.010042534838831295 0.016327823604073668 1
0.1298778341050249 0.01700220126132226 -0.0056846014236252703 1
0.12076720225792037 -0.0053996950280387392 0.0033225574463831638 1
0.12139270243182236 0.0074835135781660435 -0.0072415801531765253 1
0.11789798126908076 0.0073303978894964043 -0.0067873823183970958 1
0.12338801360984195 -0.0030100402366518134 -0.015433674458528463 1
0.19584926558786259 0.032419047343979032 -0.044070395195426174 1
0.12734184421951786 -0.0037594303078620525 0.016222650658810438 1
0.12935057369670064 -0.00050695879782002809 -0.0099767201589058638 1
0.19658041825910025 -0.060294586742739492 0.015458571423988873 1
0.11314214882964717 0.0079866179483939898 0.00059356407455361435 1
0.070812286533918994 -0.01058335225718782 -0.0063792392189053436 1
0.055257536202743394 -0.00080656081237426031 -0.014202822440926959 1
0.11532393451918943 -0.0016162142642292092 -0.012558275512782551 1
0.097900254932761652 -0.0074674647558594003 0.0041401730211586543 1
0.10766952579659403 -0.019324479971090516 -0.00072190080821037876 1
0.11547655759873819 -0.0043522537969785755 -0.0024072781233698691 1
0.17230695640613736 -0.053123722148327418 -0.03043250091797739 1
0.1487547077267464 0.040868412745783025 0.0089813290964336056 1
0.19352528781027553 -0.056372115535306383 -0.031214971750903781 1
0.063754341476842821 -0.010938746744255962 0.0061157511725753125 1
0.19474514302390944 -0.04985567029830943 -0.026964053923019191 1
0.10893815203950147 -0.0010557187397166362 0.0033866868669507741 1
0.19182125467580355 0.050752139202264304 0.041817834821222206 1
0.14738555092036759 0.045071807025693883 0.0060403383269817734 1
0.19322593414121994 0.034886579628567629 0.043816698931403587 1
0.18683110283893278 0.044863304838807766 0.044466544480632642 1
-0.18058043653465358 0.010702744499648678 -0.0047507711111646703 1
0.12283473336434296 0.0054613798205863677 -0.0084113646184770605 1
0.11130221255916514 -0.0035773789135582408 -0.013401668515854786 1
0.19337582915460483 0.041193052290687759 0.038051504543379175 1
0.11168206598084937 -0.0059981903204108606 0.011868768986507048 1
0.19911624783802337 -0.052765216012359985 -0.047013212519178012 1
0.16324279958088034 -0.00079503591066473235 -0.055945965463306206 1
0.19415859582462297 -0.043627798702558868 -0.036293565141749265 1
0.19181346893310547 -0.012324302922934294 0.067803394049406052 1
0.19210926863821329 -0.010865213846043931 0.071208425859169311 1
0.17427608130048652 0.02802210200269175 0.046246539380374978 1
0.18359531569858101 -0.0099248870535233735 0.061054483570006653 1
0.20060346872426019 -0.047012176537613255 -0.051263101806877411 1
0.18996670424397938 -0.046185436673366796 -0.048059478616289987 1
0.13425687130054251 0.0010096913326640782 -0.013189602161143428 1
0.12636738270521164 -0.0071365428157150745 -0.0019903800857719034 1
0.035646524629397443 -0.0072260255950516144 -0.011536586852251214 1
0.1946387994011213 -0.03786318253755739 -0.04571333593934105 1
0.12191833815515143 -0.0059103558599275432 0.018337259143423608 1
0.19585086683956679 -0.051924814429421283 -0.030384356835792412 1
0.094419759239666043 -0.0081865775951064559 0.011929959343833537 1
0.058081434937487061 -0.0090590615181058449 -0.01053612772839479 1
0.13789141462611385 -0.0022365609824362069 -0.014700118961402754 1
0.056753595169952341 0.0024499957834576837 -0.012192515296443702 1
0.1274832049788398 -0.0074506922801108183 -0.011993562816403992 1
0.10781808177895143 0.001027820174021931 0.020540097586540625 1
0.18108316959771223 -0.033187217470096703 -0.056830602887170997 1
0.11098311756745456 -0.0033475797345939948 0.0013633105396567207 1
0.19469087400225771 -0.071663177549083135 -0.0055771325985530251 1
0.19752171223380066 0.043590244200909921 0.038611337461274556 1
0.098693661503499383 -0.0025475612394764901 0.0053958734301640275 1
0.046629140575607603 -0.0080202049255587438 -0.010866949389492989 1
0.11784502028205185 0.004453522824354913 -0.0080364386091891279 1
0.12701204026931109 -0.0092397245278172304 -0.0035913271103291083 1
0.12463749623839084 1.5750005960685426e-05 0.012677120105106555 1
0.14803740091806852 0.012179442399483572 0.00022087411021930788 1
0.10824016089888842 0.0091442231937666971 0.013381222499968377 1
0.12451454607950037 -0.015734597773658779 -0.013295768951576786 1
0.1174691377724552 0.012663130391919139 0.00055372162137689663 1
0.12737259268760681 -0.011334270238876343 0.00067434529773890972 1
0.12182926174867134 -0.0030255025142532587 -0.010901364279246834 1
0.11658971103506892 -0.0041538434624356106 0.0077373954008532458 1
0.021747075551904697 -0.010614852301516386 0.0053364969238077408 1
0.12377960208956071 -0.0032239414665599202 -0.012115583710135802 1
0.1288248043525892 -0.0031891163623807366 0.014448016839313035 1
0.13003052839782234 -0.017520649128746287 0.0081847775600858309 1
0.11416630833146889 0.0039089648393414974 -0.01238290902044987 1
0.12412099216567046 -0.0085154183069579871 -0.0025056636791936648 1
0.13005973495442913 -0.010306805048797546 -0.0045976305287651941 1
0.12030851464840277 -0.014501463854849003 0.0038410220005123136 1
0.19531689268142824 0.060490071145153576 -0.0056240253111503515 1
0.10735577679148134 0.00094040312548300488 0.016192048327898778 1
0.11281698979377097 -0.011483650062064175 0.0064653378804408615 1
0.11872217892829816 -0.016663913070612928 -0.0112199350742039 1
0.076048239784820837 0.0016979373676327518 -0.011019541315407362 1
0.19536547680051106 -0.059545095163150694 0.042416048549172164 1
0.12206599709948637 0.0016246451848010849 0.011176857184987963 1
0.13683140123587875 -0.014866616025288168 0.0054557190858859662 1
0.13037366260091404 0.0012316391842468136 0.016328524323563288 1
0.12213833707888549 0.010994174709250151 0.018048617900951507 1
0.16094745342795935 0.023132391374108597 0.041740896891583737 1
-0.18528969679759941 0.016512636095285416 0.00069043740317498593 1
0.2002699631685092 0.04417629820316217 -0.056414305648567128 1
0.046869690241442497 -0.006589843323733786 -0.0036524076776556103 1
0.1997356045934249 -0.026113055263781583 0.064725061338776146 1
0.14533972482824975 0.004216725446739609 0.0412460308553955 1
0.1884361918657067 0.05228765020459198 -0.045882636418575914 1
0.11626286951450171 0.0030781229083561186 0.018174823772127129 1
0.19679588786103339 -0.043396011314273113 -0.055441291937147759 1
0.10993741911085589 0.01200642476474916 -0.0027924153493567106 1
0.11613293367600047 -0.0069659749160181413 0.020094020349578284 1
0.11955506289138489 -0.0019279559493430628 0.018838522516070773 1
0.13723816372622183 -0.0027093873047311073 0.013387380643280475 1
0.11608935403960051 -0.0085720035982907433 0.010185010355311481 1
-0.021633656066907609 -0.0034190394063306844 -0.012489670518108249 1
0.12460826402941735 0.0083778590931624271 -0.0070908493949948899 1
0.099320126867577838 -0.0022952238071450612 0.00042343548073543659 1
0.11501005013102883 -0.0115586332372551 0.012490472360455408 1
0.12383236128900169 -0.008959092349603813 0.0013936711867294327 1
0.12298751413384483 -0.0088994378098969165 -0.016953006319327286 1
0.1157043309997986 -0.015456990518723367 0.0078935927883778453 1
0.019250710761199229 -0.0055051294730373724 0.0026118791451157702 1
0.10667030679547312 -0.0080927286110182694 0.0026944247641475555 1
0.14077739560383537 -0.00078065346674526491 -0.0072435707738682806 1
0.13208337128162384 -0.0085549091454595327 0.0077605156693607569 1
0.12293025407526427 0.0088829546128149743 -0.0098759973869053334 1
0.12771814498964265 -0.0021122273885481029 0.021420797923428648 1
0.10654182807460161 0.023348747258768433 0.0024476559713920909 1
0.054630338926806701 0.00057163630359604483 -0.011496990819092332 1
0.12194811911674681 -0.008896006723581493 0.0040864553171552484 1
0.13155322474849482 -0.0049396088116864878 0.012387847704674902 1
0.19691680063042516 -0.041294489697454535 -0.053615337658579308 1
0.12661557216911162 -0.0088965672821459934 0.0038527928248595885 1
0.10814524446996558 -0.0062959422777284658 -0.007246165400456985 1
0.0357799134289618 -0.0045230375214474396 -0.014263721934624449 1
0.12143966279013592 -0.0095283487676889756 -0.0099181602011114648 1
0.12496069168906891 -0.0093263090550990673 0.011163121586626397 1
0.054532829975363753 -0.006484252548701306 -0.011317545494589024 1
0.10634582177062261 -0.0010589352694885773 -0.0033520398492524234 1
0.12453724858828941 -0.011881138311285636 -0.0021780227608488587 1
0.18300121120559307 -0.046017701971634593 -0.032259562404065488 1
0.12979377440195791 -0.0094733469572545453 0.00053551587999012198 1
0.12052652426064014 -0.002626790723297745 0.0031324891024269164 1
0.13277684099702622 -0.0022562895158877729 0.021855660868829906 1
0.1401655450463295 0.00092614372260868549 -0.010287375189363956 1
0.10250843687029519 -0.0010199457998158465 0.00058598369139332409 1
0.12075662021200559 -0.011241630385257028 0.0042910936805290577 1
0.12862058819464681 -0.010362455501234978 0.0082621650892965946 1
0.075084148745287321 -0.012822593027996486 -0.00096207407833321626 1
0.10732817375864376 0.0042946869386960148 0.016143411226770071 1
0.19168730963100239 -0.058740887716363321 0.033324746335647533 1
0.10604960587490261 -0.0052718806090408512 0.0043875947732639909 1
0.12044669678351705 -0.013729183914278829 0.0095474616692856097 1
0.11572611818212766 0.0053986090715989581 -0.0022521134763029593 1
0.11097972909612044 -0.0051019838349646634 -0.0011231921566048166 1
0.068499377199583017 -0.0016932128683314223 -0.013814162442300116 1
0.17227851376770439 -0.054612005207715267 -0.019470170827940989 1
0.11481937478863145 -0.0020072365431426271 -0.0038348124552136193 1
0.12345676476086585 -0.007754781742263247 -0.0010046323751607632 1
0.12690042496292284 0.020546705962213842 -0.0063195590041274672 1
0.050471319222624066 -0.0023867848636062493 -0.01326822153235542 1
0.10058109576112725 -0.0053788060588316304 0.0051202511632227636 1
0.11195091262968021 0.018319781791383421 -0.001915971340876847 1
0.17899837898491933 -0.052983335219305261 -0.02823222637619334 1
0.19541823863983154 0.042114030396186226 -0.044886248247671463 1
0.20020588850592694 -0.037625513037658889 -0.055055383957774935 1
0.049497992433837852 0.0033539064218207943 -0.012370577953115476 1
0.18394747689631408 -0.054733511060476303 -0.030973067353605246 1
0.065491501227535082 0.00415687207764227 -0.014539068554347789 1
0.18306504385337644 -0.054955615728580695 -0.028236308653560614 1
0.18033476696849365 -0.054826344390501935 -0.026062138546232197 1
0.12522551706666296 -0.0060040863931345419 -0.0013379466160123167 1
0.12050676417744359 -0.00081919601764932515 -0.010168780848067783 1
0.11738779454453016 -0.0033073808890781852 0.0215966661215381 1
0.061641937991503026 -0.00011482114390611846 -0.010438505212404661 1
0.19461161238300728 -0.04506331905386602 -0.03926675372542978 1
0.10980995824587179 -0.0026468097453249111 0.017573739672534932 1
0.17744594747399259 -0.054324719878073434 -0.025030266852415738 1
0.02589373667747745 -0.0065992499750336595 0.0026558623804134509 1
0.19561068469854861 0.037375946739436103 -0.050822326258358315 1
0.10417354392756299 0.0081665723653836751 0.0053140129830736016 1
0.11409771148540106 0.010276277819504322 -0.0097146625718288124 1
0.14575882012181196 0.010960233984858335 -0.0042722758233302233 1
0.13999422123854016 -0.00037007745584362144 0.015898496135953771 1
0.072557759003257324 -0.0063596290118579073 -0.0069019668150774168 1
0.11313240663253984 0.0058843768702404866 0.012830532898456566 1
0.11668556397679763 -0.0078070424626408095 0.014009714081913552 1
0.14550479035962252 0.030119347410202842 0.025057982951390608 1
0.19659083989580953 0.040295104501946337 -0.048890796254855318 1
0.13269005147859023 -0.015194231762874603 0.0098287288909608764 1
0.087075699463542697 -0.0090751906011850691 -0.0019289907556702865 1
0.11896657870602384 -0.015658262796709982 0.0064424140613935157 1
0.12265234848308414 0.0064975377011005728 0.012816078782906257 1
0.052068294750071714 0.0027893526398661901 -0.01460384771522672 1
0.19455577859700954 0.067863025355910822 0.0017643817832401921 1
0.11884616401707331 0.0023669946673121715 -0.0060190429440777713 1
0.11833785412726276 0.01814686289977447 -0.0069841546357128133 1
0.12419319117803618 -0.01699467502506154 0.0073040123455013952 1
0.11338089757769342 0.00015115813449124486 0.00061370337306233846 1
0.15190479159355164 -0.01888748537749052 -0.0080092702992260456 1
0.13074206738896949 0.012904427868804596 -0.011799976600392127 1
0.12297129853914898 -0.013459438694333553 0.0036301984734514398 1
0.11746605603551756 0.0075322147733002283 -0.0040632236129957552 1
0.12836319052713716 0.0099859020459197832 -0.0011320479213457852 1
0.049118565949487596 0.0024256707665018789 -0.014593358083351658 1
0.12628898024559021 -0.0083196163177490234 -0.018321415409445763 1
0.1964087525496781 -0.020950689186736034 0.053840791418520918 1
0.11373401777589574 -0.0050831632775245016 -0.00059595978220281507 1
0.20011081210262904 -0.046048843919658994 -0.0430757954439656 1
0.12995175404544312 -0.021335334925887229 0.0043636044366040247 1
0.10253936989571888 -0.004320408672466052 0.00030946446386938286 1
0.11302088709616545 0.00068152273294175844 0.011090932419568296 1
-0.1853622127672826 0.016512636095285416 -0.0049644983373582363 1
0.10930297999276292 -0.0074482914028119983 -0.0054464136319042553 1
0.11932976637208338 -0.0072357857288260644 0.014950761010269362 1
0.11565425411221668 0.006545004724992017 0.016723670160902256 1
0.19541809513536829 0.033265456263806135 -0.051158906295695847 1
0.10274644498960392 -0.0081867428495708671 0.011651246591724371 1
0.11146546062483519 0.010850061269539682 0.010860155626285114 1
0.11919995867086747 -0.0071304509806167414 -0.012502063776936041 1
0.11716567399140007 -0.00026025365445075574 -0.002526474036523358 1
0.19442589646075936 0.053062800591356464 0.00038532939759338379 1
0.20162101921506792 -0.048610485792556495 -0.053441771432242102 1
0.1130953497251081 -0.0058711870086355904 0.016252279785157201 1
0.1309814268994956 -0.012401048733898341 0.0065860638102182324 1
0.10923097874931968 0.020086789211275276 0.0024632922673646705 1
-0.06627777150436448 -0.00088019348913803697 -0.014627181924879551 1
0.11127182100750027 0.0014374986815023317 -0.010808875032611529 1
0.10569236981429093 0.0028830248377699937 -0.010932212566831591 1
0.20027711645451057 -0.053519168004401055 0.048272849466660897 1
0.095604175647993533 -0.012365752329966366 0.0048002496902257632 1
0.15093006047495988 -0.013762557598802358 -0.011962596938840419 1
0.19850669801235199 -0.04562046006321907 0.057046711444854736 1
0.11286812901349862 0.0021588960116486547 -0.003374326858119777 1
0.11169566947125392 0.011887884624216413 0.0065933011703892324 1
0.13077716596225811 -4.4561843632342027e-05 0.0067461741995676547 1
0.11445210451578114 0.011473040467811058 0.014468994518220191 1
0.12325218125363407 0.009512473219331562 -0.0014502949315490098 1
0.11246884863388973 -0.012347685212665244 -0.0039955973986523612 1
0.15455696807764704 -0.017698570096870616 -0.011498907539158044 1
0.10433756221085635 -0.014635897610366712 0.00197183596409189 1
0.11774686681842193 0.0048776425302441565 0.002033404276652973 1
0.19609201350089525 0.04144032536982855 -0.059029579174118461 1
0.11095878467774813 0.010875143327117646 0.019973785357907364 1
0.10261715667753483 -0.003472203932808325 0.012325695943665369 1
0.12369896959920577 -0.0065104062145339252 0.0059287044309966012 1
0.11803496157085071 -0.0066831402428731614 0.0033161356177894836 1
0.12748957378191272 0.0015623374430481065 0.009580806281987141 1
0.17240974682085081 -0.046681543929393214 -0.020923149818063556 1
0.10928473577573232 -0.0081310762155352989 0.0065630520511905828 1
0.14374117903319469 0.009601755674085749 0.00073380510040049296 1
0.11414290884190142 0.021834822982815919 0.0069353706105825504 1
0.048997302062580364 0.0068499529734253883 -0.014627181924879551 1
0.14383875813600144 -0.012308510766845649 0.041635034254676344 1
0.10570252595074518 -0.000658271976640863 -0.013606201518749285 1
-0.028111397447531807 -0.0035626386901439254 -0.012168846702871012 1
0.12121763809995387 0.009164187645552057 0.0063260375126562721 1
0.12615982366379191 -0.0021729162151225465 -0.015734262737924762 1
0.13738906957792235 -0.002040799479128612 -0.0066388970230451157 1
0.11083205864747228 -0.0088154610902309652 0.012155870540853609 1
0.13279844410328992 -0.0037415678485688965 -0.0063033142525457846 1
-0.072107327188497175 -0.0063769091405370508 -0.0091304657105761595 1
-0.060340694512985169 -0.0063369692322676179 -0.0096099995117211318 1
0.11308437964891935 -0.0057228389114383268 0.019606855681182429 1
0.1296006475585498 -0.0094385689821395984 0.0035646506822377875 1
0.1040845000614931 0.0043460299951496219 0.0049135271790498513 1
0.19225111104041123 -0.052322991877360711 -0.035077059471331315 1
-0.043671045670340844 -0.005036328582025581 -0.010870726126138396 1
0.11661515725551785 -0.01080248588894233 0.007852205935339274 1
0.13022456465856261 -0.015517164026779134 0.007528120088631538 1
0.20031027917911098 0.054862937324798203 -0.038727560825558928 1
0.16709019158805297 -0.011569413360697403 -0.028601844699909056 1
0.10668119430413178 0.0098015344091933396 -0.013106120240735267 1
0.18831237431830006 -0.036040545140017415 -0.055641808788332935 1
0.17926387748864134 -0.052253424174867107 -0.037393730506300731 1
0.19535066519611538 0.061324135378606308 0.0054639001616876084 1
0.10903398884662477 -0.0087336629992954759 -0.0072261550543857396 1
0.10638943886946872 -0.0065212900766069178 -0.0036866337113222914 1
0.13248605554094797 0.005233628086472342 -0.0055915759060691361 1
0.12511237580876108 -0.0010465290546666202 0.019769828912910448 1
0.14227192413233 -0.0019445561746972897 0.0082707210877684956 1
0.13478485504922069 -0.011979371250278613 -0.0098228262253711243 1
0.1956032184206386 -0.038910116372577228 0.054002677650877566 1
0.096519417738953783 -0.014229890826868033 0.0012251451861951341 1
0.12163051255851051 0.004365940723515367 0.0009032683585711793 1
0.10628225098819394 -0.0036974922769670024 -0.0025440751940577454 1
0.11346726115750598 -0.015949379720505613 -0.0013702733913156808 1
0.12036881781098233 -0.010015986857410314 0.0076721004259779355 1
0.13185356805199197 -0.0078877382970718741 0.0020434827909446614 1
0.19319045889956835 0.036440421817059275 -0.043678489253171249 1
0.06371604811687856 0.0023216118423523609 -0.014585274777551144 1
0.19543644716072123 -0.03492844756508412 0.057043321828069128 1
0.050240663710592513 0.00073934199135376288 -0.012598593015765342 1
0.11101421822634094 -0.010737458389280134 0.011760419725871704 1
0.10901637223268765 -0.0052184485080290352 -0.012448944027251862 1
0.12668793258571143 -0.00062833585305120654 0.015478866934286904 1
0.12468190296444108 -0.011037706248374432 0.0009257484391193212 1
0.12614741887040548 -0.0040465760761313274 -0.014349453475200426 1
0.11840116188312529 -0.013345350576563371 0.0046928010670539092 1
0.13931874404276165 0.016250799449305853 -0.0061848232522285392 1
0.051019711492916175 0.000207584302574701 -0.014602409869539411 1
0.11506870016157754 -0.0023474027632772454 -0.0084720377252720178 1
0.10702537554965465 -0.014800317249008113 0.0035711316254004605 1
0.13268193761577182 0.002491098028600413 -0.0057951780225337273 1
0.12150399386882782 0.00039308681152760983 0.0057317381724715233 1
0.19680003886217889 0.055449895160112408 -0.035948155995301788 1
0.19689979769097665 -0.039995571570759426 0.03552831064704208 1
0.10950842340833102 0.014269528924972161 0.0037933379851675776 1
0.12413642572000019 -0.014588927229514548 0.011800916879215029 1
0.11223193833631745 0.015515628760738979 -0.0026835085483255493 1
0.033678604028169842 -0.010400902445158604 -0.008975832632466086 1
0.19832847768748318 -0.040352419704867352 -0.045037998432738667 1
0.10566016797913831 0.014985834085944529 -0.0041867461987974306 1
0.11551508582114782 -0.0063192217420507228 0.0035710912577741481 1
0.19994452513551797 -0.058368529310625347 0.036948646613061339 1
0.12055890390691905 -0.012824061075218086 0.0071023351271519925 1
0.065824509634886882 0.0026528416483944588 -0.012592243989786684 1
0.1975426397784743 -0.047350711489761284 0.033762639155801431 1
0.13917953361648269 0.013972100237198422 -0.0023380092565141865 1
0.19838605031719089 0.038854794200402817 -0.055616477611635066 1
0.19366204331451572 -0.049000029498182052 -0.042624794235734724 1
0.13823129294009551 0.010418742057710284 -0.0018756575646098322 1
0.12393246482035128 -0.010246365418537604 -0.005153407668136289 1
0.10159270068092389 -0.0033656192107269795 0.0027342982785775656 1
0.1144901162205688 -0.0067322911881865337 0.01455270326658167 1
0.10825188755339542 -0.011940812076293477 0.0010688441405958303 1
0.13291850000525937 -0.013539735997705502 0.0053612794893166281 1
0.13408587527304267 -0.0038282058083923039 -0.015899911534977152 1
0.11933320195460237 0.011740798538041915 0.017568960064357906 1
0.10968932020466561 0.017428288087871897 -0.0041019752738575459 1
0.19687330932840771 -0.068150510588660382 0.01175941037569766 1
0.12614594841322049 0.013688567124203991 0.0010136555447902303 1
0.047359941456951909 -0.00020851941681185619 -0.01449030741836717 1
0.19816310575881999 -0.054807663263962081 0.045140405645530034 1
0.12664062347043159 -0.0099202660622851619 -0.0010763500371677251 1
0.11655694579853702 -0.0028620418681799716 0.018402208549565129 1
0.10941247372094068 0.017457932929208723 0.010929471906781979 1
0.1089698038995266 0.0050241221924807178 -0.0014088170137256384 1
0.12807769967950733 -0.0090652566472516991 0.014780101658780928 1
0.1212044255841262 -0.0033627103250857345 0.018729525070813328 1
0.12547000211002435 -0.0012619695179880055 -0.016455062156691805 1
0.11896769477600891 -0.0056449000138359112 0.0065478659362406249 1
0.19461647044338168 0.040189491861138661 -0.050258028718178409 1
0.14552612476885748 -0.0077800009941013494 0.044745984418319319 1
0.053972933466154865 -0.0065437656742322048 -0.0070144028653058143 1
0.14016395123821912 -0.0039299546543436108 -0.0066975057407742903 1
0.19760539064273894 0.038829284373670239 -0.042767282365322928 1
0.19325581458500277 -0.017708276949095367 0.070117096037675769 1
0.060802857976520165 0.0030920912000835365 -0.01457131790619458 1
0.11837223077614142 0.00028597059354984971 -0.013525309479341304 1
0.10892843455076218 -0.00083154626190662384 0.00681896205060184 1
0.19833440539897146 -0.048868467036479749 0.032560004473738594 1
0.11785835234721391 0.0098015247300446487 -0.00029232231537445948 1
0.1172925266327631 -0.0040428445845714046 0.00050466275154462375 1
0.1253829233243543 0.0070903055588779551 -0.012387016595891465 1
0.12103449079490761 -0.0011946640021707174 0.0088680073644659407 1
0.19173135360879942 0.042146886833741279 -0.045026652475210233 1
0.13344422232952055 0.0051040742434982659 0.015679217280014611 1
0.10469657320582308 -0.014702648839408767 8.0955441012043033e-05 1
0.12121631055818909 -0.0048709381086366093 0.013288385861383169 1
0.13866592350292364 -0.0038625017628962045 0.038555879906862003 1
0.011081043645841584 -0.0072876713441797757 0.0084449612510465646 1
0.11692826944667764 -0.0034505966001819543 0.01461291575011806 1
0.17458735908060238 -0.052481588269763284 -0.02633425056715127 1
0.13682273674130843 0.0072372779899495627 -0.00023974907688432848 1
0.12408068161811196 -0.003484797427592817 0.013823192457778516 1
0.11980252613864317 0.0076486272564677583 -8.325884931553566e-05 1
0.17029191920767886 -0.05304567279159135 -0.019008188492404925 1
0.20064297181987209 -0.070703903149737526 -0.0077602004527558121 1
0.11825082639712808 -0.010514333818523207 -0.0037429369085639971 1
0.10821743303804281 0.011176671572241059 0.014949360362869783 1
0.11995726217652614 -0.0041575493529585695 0.0074841985508054898 1
0.1311241757383956 -0.00078005204043580774 0.019519429421916357 1
0.11808877653136951 -0.0091162593969167892 0.015089755088832452 1
0.12492931586911921 -0.014200799901929306 0.0098737481137006321 1
0.11436613947365183 -0.0095089887606364613 0.01447036864269843 1
0.10154272625058547 -0.0034254939867888936 -0.012280369551188157 1
0.10421361149459339 -0.010175400607215789 0.00029523798276459036 1
0.20030857522822473 0.046464459998070196 -0.048626084588239228 1
0.13547751599359945 0.0090994068409701572 0.0014679063062137618 1
0.13823739041164737 -0.0066024119853475317 -0.006199862465118099 1
0.10866126889374463 0.016022376614668519 0.0014004277534809273 1
0.12831268152321196 -0.016979219244503074 -0.013425627044341467 1
0.1910896292451226 0.044768327154430972 0.041860259545278673 1
0.11923591555790651 -0.0065517599631596569 -0.016330325878668304 1
0.12341528124784788 -0.014714454418825865 0.005908059855162056 1
0.10567198138276437 -0.00064713953346831523 0.0019420361913277092 1
0.11361520732618122 0.013286604457844969 0.0023387023739934142 1
0.11009456594966696 -0.0031654201432259189 -0.011377471575173669 1
0.1363867268773335 -0.0088471935292466636 -0.0045998699703128469 1
0.06588328516375179 -0.0016684860096024623 -0.013838889293653858 1
0.12328177709215347 -0.0054983714592812911 0.0044583560743160196 1
0.12236934678852608 0.012801123437177039 -0.01256468449739658 1
0.10872383986034916 -0.0023797899722685758 0.012739645017413474 1
0.11741115398724256 -0.012841008795117109 0.012066074273523528 1
0.12140676201637313 0.0070731653716633938 0.0061044089009691634 1
0.098663480344734864 -0.0052700850439308701 0.0093907309049654376 1
0.13448200052542306 -0.0069059898854636663 -0.0019800348799547795 1
0.10730912043572144 -0.0024757210374200637 0.0037633239696196856 1
0.11331979179218642 -4.0017988461302223e-05 -0.011355968892766199 1
0.12193289799818581 -0.0129811634704117 0.013047736019393585 1
0.12512464863779921 0.0090672204280940923 0.0045464063562977424 1
0.10928458802105948 0.018153851733951988 -0.0015380903521213006 1
0.10430847954877573 -0.0070720575234983415 0.001055651336200749 1
0.18586014293182504 -0.041271988255079634 -0.0030850008205281212 1
0.10176662361591426 -0.012840590456553825 0.0050685815148524636 1
0.10399538452476391 -0.0051770693969083181 0.0023082362936503722 1
0.054458581572059808 0.0033289305562222522 -0.014627181924879551 1
0.10619235411286354 0.015423506963998079 0.0076419472461566329 1
0.064183925516756654 0.0006151491071641178 -0.014008294437993349 1
0.10454093635508746 0.0026201823733718772 0.0027552173573888918 1
0.095127842730818105 -0.0050965291579270645 0.015759583524492391 1
0.063026638780129027 -0.0018335784473490933 -0.013673796844960943 1
0.11314385168280654 -0.0060708976824712189 0.0059948195877773704 1
0.12227582558989525 -0.0077935853041708469 -0.013013158924877644 1
0.19698856704921811 0.046093801738479018 -0.055451186570686678 1
0.052775220653121797 -0.0021344181796964234 -0.013372957077723244 1
0.12394633085902527 0.012866168425203517 -0.0089311729069784015 1
0.19548827034635047 0.038709515330298434 -0.048850373622651933 1
0.11093055883808312 -0.0090081806555528908 0.013618153765547585 1
0.087367850714169054 -0.0048096657155713516 -0.011087828927060577 1
0.19996747738791432 -0.040918296638381729 0.053002861357812847 1
0.018757410491372167 -0.0012938028367468989 0.0063547540338435484 1
0.11726232529249386 -0.0011046511417400159 0.0027931348108979999 1
0.10950060286891411 0.012608848237507119 0.012261289639221577 1
0.16652820779952779 0.011550400603217714 0.054401247888475363 1
0.059282770782598242 0.0013801731515650075 -0.012546527900590963 1
0.19858557294012927 -0.046781040774313082 0.037342811418062241 1
0.11682635721319698 -0.0026069954020422593 -0.012292980987676307 1
0.11309096962213516 -0.0019428709565545432 -0.0038027616683393717 1
0.1986968814025985 -4.8256387357960154e-05 0.067926497751667661 1
0.19899006187915802 -0.0086427911883220077 0.069391116499900818 1
0.12319128246941917 -0.011360249055163429 0.0061425438185541787 1
0.12414222718378319 -0.013097843196660238 0.0078412518271212487 1
0.19690873596930297 0.044949658662609297 -0.051167863678663418 1
0.19036029040645572 -0.058863206641077449 -0.031852273800264591 1
0.13483191401106503 -0.0044380810532865305 -0.0079647401704717388 1
0.19714189766585244 -0.048920055321126366 -0.046285620635378819 1
0.10640211912748075 0.012216640724233022 -0.0026102122244998386 1
0.11964425037019388 -0.0032544180147063115 -0.0080467891565604993 1
0.11078145388329907 -0.0046427602648024943 -0.0064173656178602555 1
0.12086505244776434 0.0028623597204246033 -0.01298603530302792 1
0.062724324041704776 -0.0038498796646910007 -0.012250083381341462 1
0.12126350754871357 -0.0073835754244838472 -0.016785878253101356 1
0.20031468859680063 0.040155088784509824 -0.048433894079036352 1
0.19678097143659665 -0.047366596120843769 -0.048796377526945892 1
0.013556413051601931 -0.0027901883763717344 0.0043774525576176643 1
0.13857299525333103 -0.00704329467116626 -0.0030441672827401637 1
0.12919930011814773 -0.01264322138798162 0.0026128816224679913 1
0.11677120244013932 -0.0062680828715272986 0.015340069389936727 1
-0.014553101313397548 -0.00081487500722380885 -0.010458597152009129 1
0.12606321556494357 0.0090883322942727218 0.012495438346493594 1
0.12586385744420131 -0.0084185251963636281 0.0064732270914122231 1
0.17635295643993232 -0.055882706793021764 -0.028430101962479346 1
0.11054697260260582 -0.014213217422366142 0.0059954388998448849 1
0.11263081009356664 -0.014275109310400273 -0.00079231594573393304 1
0.10926660215598553 0.008643700298110138 -0.0051203275042190832 1
0.19704421554553536 -0.03249695170956414 0.05121237926661816 1
0.11717489359028549 -0.0017222619377121424 0.00069455740104248237 1
0.11450734355335984 -0.017466673419415536 0.0032435995806457622 1
0.19769008015424153 -0.047995460653105768 0.031716397448782574 1
0.11714189614825682 -0.0035784934845134362 0.0029365357182999856 1
0.11636010982632011 -0.015323830838544878 0.0061211622386233028 1
0.12017814599680154 -0.017512139999956784 0.0056560871508360543 1
0.19966024905443192 -0.017837466206401587 0.069174408912658691 1
0.12374080211497275 4.7469289362484998e-05 0.0093634506200398968 1
0.10956454647161128 0.01556888853984436 0.012538035197176065 1
0.12625946464109256 0.0063250833190114418 0.01945339185239154 1
0.1180215500204442 -0.017276814339281167 0.0056003705678498317 1
0.12674681403961488 -0.0067409650316543161 -0.0162408535449294 1
0.035319119464411144 -0.01078876549289327 -0.0023700470117229136 1
0.11130404247817559 0.011455765029664292 0.014091991930995989 1
0.038721820855359773 -0.010380620496305676 -0.0090548484215809358 1
0.11021218448877335 -0.015024445485323668 0.0012735984055325389 1
0.13135962189509345 0.012415882216244158 -0.0088991792355232191 1
0.13285969631143224 -0.013873428630976754 0.0027817654373280174 1
0.10902247664788152 0.016154510851534961 -0.0014680796288658645 1
0.10773705778480393 0.010467237367079421 0.01907021629192247 1
0.11117190395966862 0.019700455934873889 0.0004066855207415342 1
0.12655951872691135 -0.012704952533972365 0.011398507865638261 1
0.11747497293774374 -0.0084841684073310008 -0.015456843316120265 1
0.06385059084724086 -0.010279561897166212 -0.009448559352209401 1
0.1235832286264717 -0.0061314172314600474 -0.016752259318027259 1
0.060590320365106462 -0.010344772018484069 -0.008844138779522729 1
0.20140958902388731 -0.067148060944729124 -0.019418155669031874 1
0.12367897598662611 -0.011448672289051179 0.0037340254539995712 1
0.075447464629742139 -0.010232923569097016 -0.0096302561073933826 1
0.12067321408147813 0.0015339683560115825 -0.0080878703598938461 1
0.12088618795335379 -0.0058656586551186366 -0.013040488163564935 1
0.12150755500949126 -0.016451854822433561 0.0075608220441251827 1
0.13742012075153534 0.0010893173920651857 -0.0068841566684588202 1
0.10948813858629883 0.013838884546963911 -0.00048987349226236731 1
0.12192352487103077 0.00075231785857805106 -0.013777064902475275 1
0.058034473301536549 0.00149549949287822 -0.014508047648579032 1
0.065248970490593861 -0.010615684700031623 -0.0058407711838999949 1
0.11668899190698984 -0.0034970061956304953 -0.014100800197518693 1
0.19868268072605133 -0.042853202474752786 0.043406840748256251 1
0.12504249623638269 0.0087338841566376758 -0.01453813639178542 1
0.13098482556483898 -0.019105212797257645 0.012239600469636793 1
0.17804922542597781 -0.052479137689939628 -0.029155559955680026 1
0.12311599594245502 -0.010104204685670816 0.0083762002967644154 1
0.12482165924643504 -0.015968959480820479 0.009585226180670179 1
0.19806907970680107 -0.073007536185195634 -0.0061211711048469279 1
0.1828458477905843 -0.051317860591908279 -0.027206515580674284 1
0.10473182801636126 -0.011473849570730795 0.0031999174906026441 1
0.12233729799638099 -0.012375334695110367 0.011030618883442572 1
0.1149767619820163 0.0098976483109051959 0.017425778035608335 1
0.20029383914679763 0.037451625185370048 -0.056796206606610368 1
0.11041273817143886 0.0081158029362487782 0.017123352875062149 1
0.12370533999778272 0.010270224199115449 -0.0032999950917517703 1
0.19963741569881388 -0.033967052780635498 0.058816527390148962 1
0.12303827998028416 -0.014268952611527717 0.0095149986396671528 1
0.12523323796021354 0.0090631334516814571 -0.0040325460785768114 1
0.13498268431648583 0.0019401805772924913 -0.0051965871874752106 1
0.19586570763444114 0.035487575327475845 -0.053381851339301158 1
0.1389443513430855 -0.0074493795718934717 0.038644605390148745 1
0.12356086488915212 -0.009450792465486399 -0.0004282314113167619 1
0.10433159418614817 0.0088690482982789268 0.010556724375229531 1
0.12979240091571012 -0.0022322865127091763 0.0098922536004617569 1
0.12164002573698396 0.011548230164363968 0.014761227232092621 1
0.052766823014114707 0.0014247485151744161 -0.012946932085928502 1
0.020682860844015487 -0.010478297672997705 0.0098203915345565773 1
0.12156435853518527 -0.0034462498348827577 -0.013876295053343909 1
0.11502584204048824 -0.0045137482061585084 -0.012089430546586828 1
0.12123448199822143 0.0082501165048887402 0.0030558685334327366 1
0.14685283106328192 0.012350418671056105 -0.0098989818694738257 1
0.056993984755235094 0.00042607269787902193 -0.012964598704862424 1
0.1093313071806446 0.0034161812230908374 -0.010286281101143416 1
0.12993720918893814 0.0066063427366316319 -0.003953760489821434 1
0.11586151408362251 -0.013886092486343968 0.010282395506404236 1
0.12211840791218674 -0.005830203694464688 -0.012290381514154524 1
0.16208193427044335 -0.019658539525780939 -0.017497343254948151 1
0.11658191410793033 0.0098701362149629726 0.017391523492561404 1
0.19570421098098534 0.031039379509934191 -0.054124611193896451 1
0.11102091930877171 -0.013567204170616314 0.00052930191947843212 1
0.12298239371559064 0.0083586958145989293 -0.0044416201247176731 1
0.10905771690539966 -0.00041681068898619068 -0.0057516471168046696 1
0.13500041374899402 -0.00025838678895764161 -0.0053991973473522751 1
0.13928173098671381 0.011148615505892563 -0.0059187186111809009 1
0.10741641722143665 0.012417502302755597 0.017965761589006209 1
0.17966795821763065 0.018799190876488878 0.037054091211904394 1
0.10967658077802164 0.011364549962323479 0.014358341592837205 1
0.10716472155323442 0.010728299307871073 0.016308155381953515 1
0.12204432446692123 -0.0068996136918925673 0.0023519824228776763 1
0.18593271601537101 -0.0096263145194405431 -0.064127906097653314 1
0.17537472964553871 0.01638602787579526 0.028972886037260316 1
0.16743751596276982 0.035839331215895116 0.041704335946089514 1
0.10321648713727352 -0.0049007057068315065 0.016010951364464135 1
0.12497636347701276 -0.0035539039641091781 -0.015848899235769653 1
0.049196014282437348 -0.01126847197111101 -8.866914287471812e-05 1
0.11594570171401281 -0.013865308682340519 0.0086781749340035571 1
0.11878326853304637 0.0081024040503722156 -0.010133935137730326 1
0.13443362122997612 -0.0043741643596893059 -0.0059481554247947993 1
0.11146608904461501 0.012140185596263862 0.015675916972119525 1
0.20042201345703575 -0.069951566308171786 -0.017130104078552644 1
0.11638033373835165 0.008585678711669785 0.0018179805183955022 1
0.1099983745610279 0.011885450347802792 0.015381534970578079 1
0.17088952080642841 -0.028905317390565434 -0.049113925067989804 1
0.19733014174857805 -0.046401851191797322 0.035838661782598147 1
0.12211813972825016 -0.0067293040731528702 0.0048385904044352269 1
0.19616530027717094 0.065239005617286155 -0.0038623650573692001 1
0.047380704377970227 0.00052910011878171657 -0.011310608001189427 1
0.11134767245027019 0.005062828045721347 -0.010802391760198262 1
0.1219766864599445 0.0059247450703993699 0.017494091065191703 1
0.040178402273185705 -0.010616537323373173 0.0069492384588141932 1
0.07484686202989041 0.0023284130042666952 -0.014360331344267892 1
0.10963784312246988 0.017304648484449306 0.00012543908292401377 1
0.063948153163338753 -6.5201380921127081e-06 -0.014618582714781211 1
0.10721327007575643 0.0087976181953095048 0.016254846012957909 1
0.10605814779862935 -0.0089006570717150325 -0.0065877050416360151 1
0.11666480755911154 -8.0638674946374028e-05 -0.012075538047658986 1
0.12353036402903747 -0.0083744209618113186 0.0038986367438863471 1
0.19548597773057613 0.05169699887084122 -0.035518212445865019 1
0.1970314236795542 0.052032591146436317 -0.040060923484046301 1
0.011458894577694723 -0.010440019905852634 0.010619359372427513 1
0.127069814060571 -0.0040073395723437145 -0.016887969537217929 1
0.01945760140925698 -0.0094255395623109237 0.011880357108871293 1
0.011112012430511674 -0.0089628504531537954 0.012027673676004373 1
0.19669223705400604 -0.061600480829672059 -0.024230201728735839 1
0.059441956989802626 -0.0019303329149696973 -0.01357704236526713 1
0.19391372799873352 -0.060054998844861984 0.03548802062869072 1
0.16766918217872051 -0.054563590876999718 -0.022887177670251606 1
0.19389295450561811 0.051135995044787282 -0.041127295784672814 1
0.19746387749910355 -0.026072036474943161 0.056628132238984108 1
0.11291329586770192 0.008235490375746583 0.0046716573478279124 1
0.19528422512120402 0.045904726330771133 -0.051939660877781145 1
0.12778496444212056 -0.020113369868973888 0.0032747145846157627 1
0.11031248967280899 0.0069606712698999026 0.016054545791900219 1
0.19452935604097302 0.042750482382629261 -0.049741314563811909 1
0.12047222331668268 -0.0075892146394898755 0.0048565934376749529 1
0.13039783628631704 -0.016506166045570654 0.014344656943725281 1
0.13206202536821365 0.0083750598132610321 0.0075069980230182409 1
0.10556527181475821 0.0026005519956298641 -0.0040721077344168894 1
0.12844623803633534 -0.014050565146260045 0.013610862772034353 1
0.1967898103522728 0.03771524669107007 -0.057960749477189724 1
0.19555654839055539 0.059479235703981954 0.020386486946897698 1
0.12974545243195162 -0.0069880962082106823 -0.001560002134775369 1
0.1289546439264736 -0.012909014389997895 6.4431857717910795e-05 1
0.12919087996086379 -0.012312463938598731 0.0050031859014562736 1
0.13633536900253218 -0.015454472579605435 0.0004703874561965346 1
0.13095179739752721 -0.0021912050194322994 -0.019325674057424868 1
0.19270629801618061 0.0049991575467981126 -0.066883729356753907 1
0.19710662332093282 0.0072149053033473054 -0.068190181867143859 1
0.19670552830539348 -0.06075623509656175 -0.007115972785782871 1
0.19654363395796134 0.061741309678072752 0.022985725404296647 1
0.17545232625342821 0.035586786566924142 0.051333349362197009 1
0.19867668981960057 0.05810547641876726 0.001129920181724909 1
-0.098290185443283384 -0.010341782427259867 0.0069049449216672491 1
0.17661891587971312 0.039914279076920488 0.043482231308099265 1
0.1956731310450161 -0.054786748816259771 0.031337329805010875 1
0.035880595420722278 -0.01049836181667331 0.0093908629423504093 1
0.049650299604631735 -0.010149456386186841 0.01011676190193078 1
0.058149138682178789 -0.010170112671188348 0.0098826848852574985 1
0.065125739737267554 -0.010327310418285912 0.009489609912028147 1
0.031667819022708474 -0.0088257428881822406 0.012445907759444161 1
0.090511654189410123 -0.0059351853450405265 0.015171425871755967 1
0.042638087911999793 -0.0082868556215994205 0.012954026689319992 1
0.054401649280016798 -0.0077089998283765195 0.01349888919671762 1
0.1528404430884848 -0.013832209784719721 0.013443819897854165 1
0.14853235101590062 -0.01542273793746745 0.0081075215464795954 1
0.17602003746465239 -0.046738245804812589 -0.041404872599636378 1
0.11341660652879096 -0.015243270198168084 0.0048928803218519926 1
0.0079984138557548778 -0.0052849881321270428 -0.012399186678094393 1
0.13557189913654008 0.0015339243732050388 0.019405573950450627 1
0.12466985227010602 0.0091277050801748805 0.017438786471591573 1
0.13125550694137372 0.0084799738430271238 0.018225386760654598 1
0.11980485575154666 0.0016329596400397059 0.017658273930911933 1
0.19660254005199609 -0.046792052061558752 0.051130860376319628 1
0.12899886277210384 0.013709345736190129 0.02139702811320026 1
0.20044546601526225 -0.067969419475160039 -0.018696660024975862 1
0.19743529451635317 0.024738136976684075 0.066986210413191818 1
0.1226799389118256 0.023210938125235163 0.0028090593150641528 1
0.15100974794202024 -0.033316356811648538 -0.028131736889982176 1
-0.012313162770652725 0.016512636095285416 -0.0049644983373582372 1
0.0058895026052078105 0.016512636095285416 -0.0049644984076769854 1
-0.16963188513151597 0.016512636095285416 -0.0049644983373582363 1
-0.12210353002904802 0.016512636095285416 -0.0049644983373582363 1
-0.074408268737879299 0.016239337110817265 -0.005237797343777632 1
-0.034201896469402526 0.016512636095285416 -0.0049644983373582363 1
0.12462678688058981 -0.00066089913074373209 -0.0058020290281573256 1
0.1885878736487959 -0.033799949793228146 0.05577172501806138 1
0.051664850837971982 -0.0086922771395858498 -0.010650671093750641 1
0.063484358783721384 -0.0092035203808465554 -0.010463376789329397 1
0.076018631780876658 -0.0087275479298633014 -0.010411530226395238 1
0.061387448516393786 -0.006446049692351615 -0.011130539095128022 1
0.069342948700013202 -0.0061665973770712512 -0.011018490959292335 1
0.13629575137061031 0.0097115948660156156 -0.0038183763304087065 1
0.12129939262471967 -0.0045090374660489672 0.017619109293714835 1
0.19123834928122246 0.042115443867474053 0.032241951104545599 1
0.17676920103385108 0.021623032680036236 0.025513004464841019 1
0.13765393641275095 -0.0008236179690476542 0.010864780432366425 1
0.11683151121527958 -0.0070331162294018281 0.016000549735870832 1
0.1906056802084857 0.0072501800166001633 0.068669418526796588 1
0.1344289561515922 -0.0078290497473916913 -0.012917090231562046 1
0.12995431508077335 -0.012234335963476339 -0.0085893122718031564 1
0.18230458818369052 0.058808189227958566 0.017149420854583566 1
0.17741951009863041 -0.017708081955317742 -0.035253673725121268 1
0.19541823863983154 0.035881568465795627 -0.048495658146705194 1
0.19541823863983154 0.040728085157807917 -0.04328311385585483 1
0.11294338297311619 0.015130773597911337 -0.0081400320122285048 1
0.19027149774808516 -0.032262272510713043 -0.031883740795105926 1
0.12802041280863055 0.0045210195678829779 0.0069162784433542792 1
0.19604723104603811 0.04875468493532973 -0.049008108868566505 1
0.19681269034341925 0.048616279044982835 -0.048572518418416838 1
0.18668129817874463 -0.057604273430507495 -0.02825641400645907 1
0.18197122874693897 -0.056344289912947924 -0.025390924077246527 1
0.11915508815005474 0.01183886973158515 -0.0092583578255400079 1
0.12801518608344811 0.014864848857226573 -0.0081018748988391041 1
0.10910545124105973 0.00021699273181084375 -0.010250381132112968 1
0.12418278065423619 0.017432080083289992 -0.0035091392025912221 1
0.1167709395855282 0.017670993218103916 -0.0013419037948310668 1
0.10917739047528527 0.0059260671074773449 -0.011556082539918987 1
0.11245460923960447 0.0071760397913874143 -0.011671144861190946 1
0.14553433944601452 0.021975071655832255 -0.01014961990264502 1
0.1400850899580148 0.013601418869850303 -0.01313070038016235 1

Tetrahedra
17728
1145 1229 1709 1201 1
2617 900 947 1117 1
443 506 461 440 1
1099 1077 1046 1230 1
860 901 933 862 1
1015 961 837 870 1
1392 1430 1342 1822 1
1868 2211 2868 2477 1
1705 1277 1176 1209 1
545 519 567 507 1
2264 461 1438 2221 1
419 377 436 373 1
1163 1255 1151 1267 1
677 822 816 647 1
267 217 260 268 1
890 910 968 829 1
1567 904 1811 1123 1
811 802 910 890 1
778 661 690 753 1
450 512 612 573 1
1940 1680 2007 1648 1
809 704 824 790 1
1357 1340 1283 3487 1
3263 962 1124 1042 1
1871 1008 921 2327 1
852 723 837 754 1
303 351 338 308 1
797 747 732 839 1
2113 1086 1092 906 1
2646 1396 3836 1804 1
237 207 248 266 1
978 802 910 810 1
1091 985 973 3828 1
1080 1197 1122 1128 1
708 663 621 635 1
399 414 427 502 1
426 417 465 520 1
448 489 422 2044 1
2353 2208 242 302 1
820 955 895 927 1
1931 1247 1121 1156 1
1375 598 570 512 1
1750 1834 1491 2043 1
1149 1189 1083 989 1
3868 2893 3711 2075 1
1452 782 2615 905 1
3357 3796 3677 2810 1
411 380 439 350 1
2080 447 479 374 1
673 2390 906 2687 1
364 356 352 3857 1
785 983 803 992 1
3310 3031 1722 3183 1
714 2690 1893 2757 1
491 535 526 453 1
2032 513 1854 495 1
1609 1848 2049 1917 1
1122 1014 1062 1144 1
2541 1503 3419 1175 1
2034 2200 324 2465 1
1789 1290 1948 2914 1
1101 1380 3247 1165 1
608 515 572 581 1
1074 879 1889 865 1
2066 529 1629 1589 1
3770 1455 717 3765 1
238 211 268 2208 1
1956 1076 1147 1174 1
711 598 573 612 1
976 1130 1803 924 1
720 739 1769 1415 1
2066 1967 462 562 1
1838 730 935 913 1
804 678 951 620 1
361 2959 3844 1969 1
2900 639 628 699 1
1402 1456 1340 1464 1
865 751 1087 936 1
2367 313 2369 2819 1
1038 1124 1051 975 1
995 912 997 1025 1
1231 2383 1063 1131 1
1961 1885 2241 2023 1
792 916 894 750 1
1108 1006 1189 1048 1
2271 2699 1293 655 1
1745 2706 1373 3000 1
1446 3885 956 836 1
906 972 1086 974 1
426 417 537 430 1
3843 432 2943 2027 1
1932 1131 984 893 1
1762 3258 1371 1354 1
3763 1872 1907 253 1
225 216 3073 3064 1
2369 464 511 2191 1
693 745 780 697 1
1568 1705 1176 1827 1
1121 1247 1106 1156 1
3188 2866 2190 2754 1
943 976 919 1258 1
2672 1012 905 1026 1
662 614 3833 658 1
390 434 412 464 1
834 1009 2268 889 1
2672 958 905 934 1
323 316 397 1289 1
3101 722 2818 2514 1
1410 1409 1183 2947 1
556 451 477 502 1
1114 1028 1245 1273 1
3873 2141 1006 902 1
1469 772 823 721 1
827 2199 741 881 1
493 536 3756 1667 1
503 527 433 508 1
3180 440 461 505 1
1036 1241 1932 1131 1
810 896 923 1012 1
1395 774 3127 2557 1
1451 794 746 769 1
2297 2881 2016 2967 1
1380 1101 1582 1212 1
543 438 476 479 1
893 1089 868 1042 1
3224 2132 2331 3536 1
3874 655 717 738 1
913 3015 935 1024 1
2227 545 511 621 1
2617 1117 947 3855 1
450 506 440 505 1
3865 834 820 857 1
885 947 1080 881 1
1306 1081 1423 1118 1
1374 2091 1419 3856 1
193 263 197 227 1
2166 3426 1541 174 1
2827 645 565 641 1
708 689 635 621 1
377 1287 406 435 1
2012 453 2959 2195 1
874 1027 959 894 1
1058 1980 1148 2797 1
2620 259 230 239 1
1559 443 571 461 1
1187 3060 1098 2086 1
2630 1110 2177 1070 1
1113 887 932 971 1
1086 974 972 1132 1
1451 637 659 673 1
847 713 696 725 1
1306 1423 1194 1228 1
1769 2635 3015 770 1
1038 1197 1089 1080 1
674 772 657 673 1
1340 1364 1456 1357 1
2804 114 93 2747 1
176 1748 3472 3743 1
1164 1995 965 1176 1
3830 706 797 1303 1
666 687 743 831 1
3892 206 175 3384 1
3086 592 1753 2677 1
979 3268 3021 2706 1
2893 3409 3711 1422 1
2778 3409 3249 3711 1
3829 876 1133 931 1
2245 1162 3390 2746 1
2787 1935 2692 1115 1
2743 993 3498 1049 1
1298 1386 346 325 1
85 1595 49 3537 1
3491 965 866 2786 1
998 899 915 1149 1
1079 1083 915 1149 1
3318 110 1518 123 1
492 546 520 596 1
711 612 652 598 1
1460 221 281 203 1
138 3598 2517 3600 1
627 2271 655 1765 1
1767 2760 1737 1910 1
3412 3196 333 2650 1
2727 3712 2918 2571 1
764 648 768 805 1
544 2813 555 524 1
3507 1490 2844 2823 1
3514 3571 3045 2859 1
492 417 520 465 1
73 2318 2941 45 1
794 929 972 859 1
878 1181 1043 923 1
2936 1508 1644 1905 1
937 985 1160 2988 1
279 237 310 323 1
1046 1190 1596 1139 1
1657 1773 211 202 1
1223 1254 948 1133 1
1112 1233 1237 1183 1
979 2508 902 1977 1
2308 2428 2180 2233 1
939 917 945 1365 1
1451 794 673 659 1
1303 2557 3127 732 1
715 638 653 559 1
1064 972 1132 1068 1
2239 1867 557 544 1
1148 993 1049 2797 1
890 829 802 910 1
2683 2337 2750 3567 1
801 887 807 3198 1
746 929 794 2360 1
3113 920 2683 1877 1
1130 1093 1244 1172 1
2523 1016 1256 3779 1
3539 1588 1261 1178 1
3382 3084 3654 1992 1
2828 2112 2072 1630 1
448 1683 458 533 1
1332 2458 3850 2273 1
1423 1118 1081 3735 1
395 471 509 500 1
2645 3349 2896 3372 1
471 497 509 557 1
1163 1139 1267 1151 1
2823 1179 1557 1263 1
1590 2737 1668 901 1
1184 1162 2746 1088 1
3581 3123 2406 1033 1
2506 180 206 175 1
1108 876 875 988 1
3885 2030 1034 1003 1
3452 3752 2652 3787 1
3758 2499 1139 1055 1
3852 2167 1179 3457 1
2442 2705 2526 3319 1
258 253 230 1872 1
153 2506 1831 3617 1
160 3556 1594 3626 1
1068 1086 972 1132 1
543 476 577 479 1
3624 3452 2087 2593 1
3334 2815 81 3681 1
2473 891 827 3013 1
2274 2520 160 3626 1
923 1012 896 1529 1
874 1021 1027 916 1
535 660 587 585 1
2610 1313 2789 2983 1
1106 1048 3261 2045 1
1130 1803 1068 1966 1
2510 3816 273 1486 1
3815 178 3202 194 1
178 1800 194 3815 1
3355 278 250 247 1
2770 2131 102 71 1
56 90 3358 3501 1
660 787 735 667 1
3602 1972 3628 2701 1
3716 2284 3701 3663 1
1944 1694 3254 2511 1
995 1073 1138 997 1
1270 1181 1205 1272 1
629 623 532 643 1
1020 1272 1181 1270 1
3773 163 2430 3565 1
2569 2643 1085 2008 1
74 3376 3474 2589 1
2354 3408 326 1298 1
603 495 2032 530 1
3433 3224 1782 1208 1
2027 488 2179 491 1
3540 3377 2980 3736 1
3875 300 247 3337 1
3657 2712 3610 3426 1
684 645 761 709 1
3416 2334 3714 2980 1
3598 3439 2517 3411 1
1782 2331 2110 2151 1
1158 3727 1196 3593 1
3483 3110 262 3661 1
3082 3226 3148 2255 1
3547 2991 2447 2244 1
1205 1069 1181 1528 1
2655 1819 2170 2824 1
223 295 241 276 1
3644 2158 2501 66 1
2484 3353 3751 3288 1
664 611 625 552 1
1844 3404 3124 2163 1
367 446 370 388 1
305 290 302 251 1
1596 1190 1163 1139 1
1788 2770 97 107 1
1077 1230 1146 1205 1
2600 3273 3111 3274 1
1384 1171 3389 3123 1
3736 3730 3533 3599 1
3872 3283 2627 2933 1
629 554 532 475 1
801 722 3890 2717 1
3747 1454 3755 2279 1
2902 3851 2351 2702 1
2138 2351 3017 2702 1
737 831 885 838 1
1919 1652 2035 1756 1
1039 880 1078 964 1
930 901 934 854 1
3093 3061 2783 1903 1
1283 1310 1308 1340 1
3001 3736 3533 3726 1
3096 587 585 535 1
1340 1310 1308 1433 1
1433 1340 1428 1308 1
1308 1428 1283 1340 1
618 541 644 630 1
145 2490 143 144 1
2754 2556 3208 3193 1
2362 3494 3174 3551 1
290 374 305 302 1
1083 1006 989 1189 1
3228 2666 2965 3028 1
3823 3187 186 3094 1
860 933 956 940 1
894 1027 916 874 1
692 670 771 796 1
865 847 879 725 1
1272 1260 1056 1163 1
942 886 889 833 1
857 833 898 942 1
3855 1122 2617 1062 1
1273 1128 1197 1080 1
832 831 786 749 1
3261 1023 918 1156 1
1125 1083 1108 876 1
1424 1430 1342 1392 1
1156 1177 2533 2045 1
757 916 750 2564 1
1112 1183 1237 1186 1
757 2226 916 2564 1
223 281 203 238 1
1027 1104 1000 1021 1
753 597 661 690 1
245 210 265 212 1
2051 927 2643 1779 1
813 720 1415 793 1
409 389 1292 368 1
1114 1028 1273 1128 1
877 793 853 813 1
1309 1416 1474 1504 1
2383 2807 1121 1247 1
1689 1424 1309 1508 1
1474 1309 1685 1424 1
1127 1095 1212 1031 1
411 439 380 481 1
704 720 699 2900 1
815 950 1013 904 1
2226 757 700 2399 1
1854 600 2175 1288 1
90 1672 1569 55 1
347 2332 422 360 1
664 552 648 611 1
1156 1023 1177 2045 1
477 504 556 502 1
2557 774 3127 732 1
490 2404 683 1289 1
2196 695 600 1288 1
374 305 302 370 1
412 1678 434 2306 1
564 1289 2225 493 1
878 3826 1181 923 1
603 510 495 530 1
2086 1187 1078 3259 1
810 878 811 1043 1
533 538 473 448 1
551 611 539 552 1
275 335 294 341 1
604 698 648 611 1
1761 1348 3859 3858 1
82 47 81 77 1
124 148 3318 137 1
491 488 453 526 1
526 600 605 488 1
326 3152 278 325 1
1281 1641 15 16 1
525 464 474 519 1
383 1653 2332 347 1
523 624 547 531 1
2150 2562 2616 1965 1
977 1172 1093 924 1
1369 2924 523 522 1
811 1043 1020 890 1
2873 3083 2609 3346 1
369 392 391 1386 1
1344 1905 1319 2613 1
3036 3352 93 2365 1
105 106 3484 66 1
839 893 846 984 1
769 892 794 746 1
1881 1932 2599 2665 1
2127 108 109 122 1
652 598 612 570 1
237 227 298 263 1
2866 48 3611 3260 1
196 164 2506 206 1
509 497 468 555 1
1177 1035 988 1023 1
598 505 512 1893 1
2914 1290 433 467 1
711 729 652 727 1
1818 3025 1318 2629 1
948 826 931 876 1
3215 3052 2281 1981 1
3672 336 1718 2176 1
751 784 713 798 1
2032 495 1287 530 1
995 1040 1009 3431 1
975 1000 916 1027 1
797 1745 747 839 1
1000 1027 1021 916 1
756 749 832 786 1
3855 1269 1122 1062 1
3873 979 1048 3021 1
1114 960 1128 1080 1
757 3043 874 916 1
1131 1063 1014 893 1
1094 1173 2807 3263 1
1089 1042 1038 881 1
1707 191 3676 179 1
975 916 1000 881 1
1019 851 848 988 1
2361 347 360 314 1
1144 1225 1131 1014 1
2807 1106 1121 1247 1
797 1745 839 893 1
1131 984 893 1014 1
1038 1080 1153 1197 1
1144 1225 1062 1269 1
3000 1373 1745 893 1
1197 1269 1231 1144 1
2599 1036 2665 1932 1
1063 2383 1173 2608 1
1373 846 1932 2599 1
975 1027 916 894 1
3873 1048 1011 1006 1
1144 1089 1014 1063 1
975 959 1027 894 1
1131 1014 1225 984 1
1122 2475 1062 1014 1
751 1087 849 966 1
1241 1225 984 1131 1
3855 1117 1128 1273 1
900 1128 1028 960 1
2383 1121 1931 1247 1
1231 1173 1063 2383 1
885 838 947 881 1
1241 1121 1036 1931 1
1231 2383 1131 1241 1
1144 1014 1062 1225 1
3855 1128 1197 1273 1
1144 1231 1225 1269 1
1231 1131 1225 1241 1
2045 3294 1106 1048 1
1114 1028 1018 1245 1
1038 1124 1089 1197 1
1144 1131 1225 1231 1
2934 2805 1036 1156 1
619 516 521 494 1
902 989 844 1006 1
2382 1048 1011 979 1
1038 1051 1027 975 1
1122 1197 1080 1089 1
797 839 868 893 1
757 750 916 792 1
885 900 838 831 1
960 1028 1114 1128 1
1114 1067 960 1080 1
957 1159 2121 936 1
3375 1037 1115 3805 1
914 1118 955 942 1
767 725 847 696 1
3268 2807 1106 2608 1
960 1028 3877 1114 1
2389 1018 1245 1114 1
737 838 885 881 1
885 900 831 960 1
949 888 963 832 1
885 1080 1038 881 1
881 1000 975 1038 1
634 672 743 737 1
589 508 527 503 1
947 960 900 885 1
1038 1153 1051 1124 1
1038 1042 1124 975 1
1089 1197 1144 1122 1
869 980 975 894 1
1038 1153 1027 1051 1
1038 1027 1000 975 1
975 959 980 1051 1
975 1051 1027 959 1
975 980 959 894 1
975 1042 1124 962 1
975 980 1124 1051 1
1038 1197 1153 1124 1
1089 1042 1124 1038 1
1089 1144 1197 1231 1
2475 1089 1014 1122 1
1042 1038 881 975 1
888 3877 2439 1028 1
857 955 889 942 1
737 838 743 831 1
1932 1241 984 1131 1
584 466 429 467 1
1822 1430 1325 1344 1
881 975 916 894 1
2564 750 894 916 1
960 900 2439 1028 1
831 960 900 2439 1
567 507 519 483 1
885 3877 960 831 1
885 881 1038 1000 1
483 507 519 434 1
738 655 791 682 1
948 1133 876 931 1
657 721 596 665 1
3043 874 916 1021 1
589 3650 503 634 1
2475 1014 1089 868 1
1430 1508 1424 1689 1
568 650 2466 1642 1
567 468 483 497 1
329 333 280 2455 1
1096 2625 963 949 1
765 874 792 757 1
557 544 1867 555 1
497 468 483 431 1
589 687 634 580 1
2226 2564 757 2399 1
434 519 464 507 1
516 418 527 433 1
786 687 831 737 1
521 467 516 584 1
902 979 3873 3021 1
516 527 494 580 1
494 580 527 503 1
1133 988 1125 1177 1
1129 895 914 955 1
2463 1335 1119 2745 1
503 508 433 420 1
503 527 589 580 1
622 3650 560 2476 1
627 567 655 1920 1
621 511 588 545 1
545 511 519 464 1
2733 975 962 1042 1
868 1042 1089 881 1
634 589 580 503 1
634 666 580 687 1
797 839 732 774 1
450 506 505 573 1
789 727 729 915 1
3000 962 1042 2733 1
65 109 3618 3401 1
1014 1089 893 1063 1
3830 706 662 755 1
1068 972 1086 906 1
797 747 1745 755 1
3127 2865 774 1395 1
869 980 962 975 1
2475 1089 2473 868 1
947 881 1089 1080 1
851 1023 1035 918 1
2199 737 672 2275 1
1108 2803 1023 875 1
732 3830 747 797 1
791 2757 2611 789 1
505 506 440 461 1
3833 747 662 755 1
988 876 875 848 1
405 396 362 398 1
512 598 612 573 1
224 196 271 222 1
563 639 686 569 1
1688 2021 500 509 1
948 876 848 826 1
3294 1106 2807 1247 1
1133 1019 988 1177 1
919 976 800 924 1
505 506 461 2575 1
748 667 808 787 1
668 671 744 688 1
875 1006 1108 2803 1
1133 988 876 1125 1
989 789 1744 791 1
512 598 570 612 1
1375 598 512 1893 1
988 875 1023 851 1
1744 789 856 791 1
588 567 627 545 1
665 652 727 711 1
665 652 711 612 1
841 915 899 1079 1
989 789 791 844 1
731 698 768 802 1
851 872 918 775 1
929 1064 1059 991 1
512 598 573 505 1
1375 512 570 442 1
546 652 665 612 1
450 573 505 512 1
988 848 875 851 1
3180 505 450 440 1
714 1893 621 627 1
570 450 442 512 1
3180 505 512 450 1
655 2813 1920 567 1
1292 511 621 2227 1
542 458 474 456 1
441 466 515 487 1
2914 403 1646 1941 1
483 434 468 507 1
389 465 417 423 1
877 939 917 813 1
483 392 431 468 1
1375 442 570 465 1
650 671 744 668 1
516 418 494 527 1
619 580 494 613 1
567 483 468 507 1
627 655 567 682 1
497 431 509 468 1
544 468 555 509 1
555 2813 3770 2036 1
650 614 3771 658 1
468 507 524 567 1
544 2813 1867 555 1
555 567 497 468 1
545 519 511 588 1
627 663 682 588 1
1011 1977 981 979 1
1949 700 757 2399 1
621 627 545 588 1
571 506 461 443 1
856 791 789 714 1
650 1602 671 614 1
2757 1765 2611 789 1
545 507 567 627 1
738 717 752 655 1
1744 915 989 998 1
650 2466 614 671 1
727 789 729 2690 1
2202 2197 542 2236 1
627 2227 621 545 1
545 464 519 507 1
588 545 519 567 1
627 621 2227 1893 1
714 791 627 663 1
714 663 627 621 1
841 727 899 915 1
621 588 663 627 1
627 567 588 682 1
621 1375 2227 1893 1
988 1023 1035 851 1
621 1893 714 1375 1
776 816 859 906 1
492 417 537 520 1
988 1023 875 1108 1
861 655 791 738 1
773 977 924 952 1
1125 988 1108 1177 1
844 791 2611 789 1
763 1006 875 2141 1
1125 1108 1083 1232 1
841 986 1111 2177 1
738 861 655 752 1
2757 1893 627 1765 1
844 1765 763 729 1
1214 1079 2270 1149 1
3880 727 915 729 1
861 752 902 844 1
844 915 789 729 1
1064 924 1068 1109 1
1125 876 1108 988 1
977 1093 1258 919 1
3873 1011 902 1006 1
1221 1132 1064 1195 1
1246 2533 1177 1254 1
1177 1108 1023 988 1
902 861 844 989 1
1214 1083 1149 2129 1
1108 1048 2803 1006 1
899 1149 1079 915 1
1083 1189 1108 1006 1
876 875 1006 1108 1
1232 1108 1177 1125 1
3831 1110 1070 3500 1
2270 1079 899 1149 1
1744 856 899 998 1
578 556 451 551 1
1233 1409 1183 3785 1
948 848 876 1019 1
948 1019 876 1133 1
1214 1149 1083 1079 1
1456 3863 1329 1364 1
1456 1358 1364 1329 1
1250 2187 2136 1175 1
1079 2997 1214 2270 1
1070 2470 3831 2270 1
1070 2470 3446 3831 1
876 1006 763 729 1
3880 841 915 727 1
876 1108 1006 1083 1
848 826 729 734 1
3831 2997 3500 1070 1
1019 851 988 1035 1
946 931 948 826 1
275 309 341 293 1
3820 876 1083 1125 1
1232 2533 1108 1189 1
795 727 719 841 1
1019 988 1177 1035 1
3820 1214 1083 1111 1
876 848 988 1019 1
876 1133 1019 988 1
1252 1258 1093 1244 1
931 876 841 3820 1
931 986 1111 841 1
795 711 727 3880 1
3820 876 1125 3829 1
795 841 986 946 1
795 826 841 946 1
558 674 590 637 1
1186 1237 1251 1183 1
3831 1110 3500 1503 1
1368 1110 3831 1503 1
492 520 590 596 1
492 465 423 417 1
674 590 596 558 1
1469 800 766 823 1
1109 1068 1130 924 1
1183 1237 1251 1233 1
906 816 938 2322 1
1206 1244 1130 1237 1
924 1172 1093 1130 1
1064 1068 924 972 1
1186 1251 1237 1258 1
1258 1093 1186 976 1
1816 520 546 596 1
976 1186 1130 1093 1
982 976 943 1186 1
1130 1237 1244 1258 1
1130 1186 1258 1093 1
1130 1258 1186 1237 1
1130 1093 1258 1244 1
943 1258 1251 1186 1
1219 3831 1233 1368 1
1092 1219 1237 1112 1
1368 1219 3831 1110 1
859 922 974 906 1
906 1086 922 974 1
2177 1368 1503 1110 1
1849 1368 1233 3831 1
2192 901 1071 930 1
2685 1656 3446 1070 1
2073 3446 2685 1656 1
919 976 1093 1258 1
906 816 922 938 1
943 976 1258 1186 1
1451 746 624 769 1
531 575 624 547 1
982 1251 1183 1186 1
972 906 859 974 1
972 859 929 1001 1
972 1001 1132 974 1
972 974 859 1001 1
982 1251 1186 943 1
924 976 1130 1093 1
924 919 976 1093 1
1469 800 673 766 1
925 1808 864 2525 1
816 906 922 859 1
523 449 425 531 1
982 943 976 823 1
823 919 943 976 1
423 546 465 492 1
822 1001 859 974 1
492 465 520 546 1
795 986 983 946 1
657 721 719 772 1
665 1816 2890 652 1
772 721 719 785 1
523 547 449 531 1
785 665 721 719 1
772 1469 823 800 1
673 800 859 794 1
531 469 575 547 1
677 640 586 2197 1
2395 976 992 1112 1
547 469 449 531 1
2489 761 684 645 1
1282 1346 1339 1431 1
1339 1282 1441 1346 1
640 2468 1291 2236 1
511 1292 586 542 1
1816 590 520 596 1
430 469 449 547 1
570 1375 2089 652 1
547 537 469 575 1
612 570 512 450 1
586 621 1292 511 1
923 1069 1077 1012 1
708 635 689 677 1
520 417 537 426 1
2369 456 1292 511 1
977 924 1093 919 1
977 919 766 924 1
673 800 794 766 1
822 922 974 859 1
822 859 816 922 1
822 816 859 776 1
674 1469 673 766 1
1803 906 2113 1092 1
1130 976 1803 1728 1
800 1803 1068 924 1
673 859 659 794 1
1281 16 15 1826 1
800 972 1068 906 1
1064 892 924 1109 1
351 427 308 399 1
363 427 338 351 1
1451 659 547 624 1
708 689 816 677 1
890 1056 910 1043 1
677 776 2390 689 1
1064 972 794 929 1
1759 991 1915 929 1
523 416 1369 425 1
892 746 769 1915 1
556 551 578 620 1
1221 1130 1206 1244 1
551 552 539 451 1
1252 1093 1258 977 1
1109 1172 924 1130 1
812 731 829 684 1
1551 2332 383 1653 1
768 810 811 802 1
1064 929 1915 991 1
645 641 761 728 1
664 768 698 648 1
810 1043 811 910 1
1107 1109 3044 1064 1
1163 1260 1255 1267 1
1107 2660 991 1064 1
2496 1057 892 954 1
1064 991 1915 2660 1
1252 1172 1093 977 1
1529 1012 1146 1069 1
1190 1267 1139 1217 1
1252 1244 1172 1268 1
1252 1093 1172 1244 1
858 859 929 781 1
1283 1651 1428 1925 1
1428 1283 1925 1436 1
640 586 2197 542 1
1218 1109 1221 1268 1
1221 1130 1068 1206 1
1109 1221 1172 1130 1
1221 1068 1130 1109 1
1221 1109 1064 1068 1
1221 1132 1068 1064 1
1109 1172 1221 1268 1
1221 1268 1172 1244 1
1221 1130 1244 1172 1
3798 3530 2424 1057 1
1163 1056 1255 1260 1
1338 3888 3887 3659 1
3888 3659 3173 2418 1
1151 1845 3819 1255 1
890 1043 1020 1056 1
1146 1077 1069 1012 1
1272 1205 1230 1181 1
812 890 829 731 1
878 1020 1181 1002 1
1055 3758 1190 1139 1
1181 1205 1077 1069 1
1077 1146 1069 1205 1
422 473 489 448 1
1181 1077 1205 1230 1
1163 1260 1230 1272 1
1046 1029 1055 829 1
991 929 1447 1059 1
968 1056 1255 1163 1
934 905 1452 958 1
808 787 926 836 1
625 551 611 678 1
968 1255 999 1151 1
878 896 768 805 1
978 1012 1077 1146 1
910 1163 1043 1056 1
978 1046 1099 1077 1
677 640 647 586 1
1146 1077 1099 1230 1
625 451 552 551 1
878 1043 1181 1020 1
471 431 509 497 1
603 751 798 760 1
2192 956 933 1054 1
849 966 921 2380 1
477 451 551 539 1
1747 322 276 295 1
782 2518 638 693 1
764 768 648 698 1
939 917 1052 1030 1
1529 1956 1076 1147 1
1126 1243 1174 1045 1
522 2716 1369 2924 1
664 731 678 698 1
351 399 414 427 1
3769 1076 850 1004 1
660 667 626 787 1
3291 742 762 676 1
903 802 698 678 1
764 854 698 707 1
878 1002 896 805 1
782 678 2518 620 1
556 477 451 551 1
811 1020 1043 878 1
764 716 648 805 1
811 910 1043 890 1
910 1596 1139 1046 1
829 1139 1046 910 1
829 1139 1055 1046 1
910 829 802 978 1
910 1077 1596 1046 1
499 462 428 352 1
2489 761 645 641 1
812 968 829 890 1
678 829 802 731 1
638 538 1289 564 1
1029 804 1055 829 1
677 635 689 586 1
1046 978 910 1077 1
764 698 810 768 1
764 648 707 698 1
591 604 707 648 1
896 3769 941 764 1
664 611 678 625 1
850 930 854 2449 1
407 424 490 460 1
625 684 678 731 1
451 460 552 539 1
2397 1683 3898 458 1
305 316 298 251 1
664 611 698 678 1
678 802 698 731 1
664 678 731 625 1
591 470 623 532 1
2911 401 399 308 1
731 829 802 890 1
731 890 802 811 1
263 2044 316 323 1
678 731 684 829 1
2182 1673 1065 2378 1
978 1099 1146 1077 1
625 611 551 552 1
987 799 1311 925 1
664 648 698 611 1
978 829 1046 910 1
677 640 822 647 1
905 978 1012 810 1
677 689 816 776 1
677 776 816 822 1
305 367 298 316 1
367 470 446 388 1
525 519 511 464 1
635 588 663 621 1
708 714 689 621 1
708 647 677 816 1
1883 991 3161 1033 1
1381 1283 1925 1651 1
473 448 538 489 1
522 523 531 641 1
294 225 199 222 1
193 248 207 215 1
303 363 338 351 1
534 473 533 540 1
2369 456 511 464 1
586 635 621 511 1
708 621 663 714 1
293 309 341 3898 1
384 407 424 349 1
383 413 357 394 1
1446 2670 748 860 1
591 604 643 707 1
941 930 934 854 1
525 511 456 464 1
525 474 464 456 1
854 930 901 862 1
534 474 542 458 1
473 538 514 489 1
367 397 349 298 1
1292 465 520 426 1
534 542 647 642 1
534 647 542 525 1
525 519 588 511 1
345 3524 3899 3763 1
858 822 859 781 1
635 511 588 621 1
635 588 511 525 1
586 621 2357 1292 1
586 621 635 689 1
642 647 640 542 1
542 586 525 647 1
542 640 586 647 1
542 474 525 456 1
534 474 525 542 1
987 828 908 799 1
534 458 533 448 1
761 684 814 804 1
670 680 656 771 1
799 780 697 2122 1
2525 1447 991 929 1
559 533 473 540 1
780 693 697 2122 1
677 586 647 635 1
2122 1291 2518 693 1
799 780 871 828 1
2983 1953 840 3278 1
905 896 810 1012 1
1026 1146 1012 978 1
2192 930 933 901 1
1126 1174 1243 1137 1
1142 1190 1055 3758 1
858 1001 859 822 1
858 2596 2546 781 1
2986 1291 640 697 1
858 2546 822 781 1
858 2596 781 908 1
677 708 635 647 1
2488 991 1195 1202 1
903 1099 978 951 1
858 859 1001 929 1
858 929 1447 781 1
2322 909 2659 856 1
2715 697 2122 799 1
781 1759 929 864 1
685 746 2360 728 1
859 929 2360 794 1
781 929 2360 859 1
1311 987 908 799 1
781 859 776 822 1
781 776 859 2360 1
640 781 2209 776 1
781 776 640 822 1
2546 647 822 640 1
781 640 2546 822 1
781 2546 640 697 1
951 1099 1029 987 1
660 626 667 587 1
799 871 987 828 1
1142 1190 1029 1055 1
1142 1029 1190 1099 1
905 1026 1012 978 1
951 1046 978 829 1
951 1046 1029 1099 1
951 1099 978 1046 1
940 956 1054 933 1
903 802 678 951 1
903 978 802 951 1
2525 864 1447 929 1
1026 1146 978 1099 1
421 457 462 517 1
871 782 905 2615 1
905 903 1026 978 1
905 810 802 978 1
905 978 802 903 1
905 802 810 698 1
905 698 903 802 1
905 782 903 698 1
683 715 736 2615 1
2648 808 1501 1566 1
2225 2080 1286 374 1
2449 862 930 854 1
683 2518 638 782 1
377 331 322 301 1
3291 762 837 676 1
850 1045 754 870 1
397 1289 370 446 1
683 715 782 638 1
1071 930 934 941 1
995 912 1030 917 1
1030 1052 1009 917 1
723 629 623 676 1
1188 1126 1045 1182 1
3498 837 870 1015 1
452 3096 484 535 1
1210 1097 1901 3272 1
1015 884 3498 837 1
1113 2761 887 1145 1
1188 1182 1045 1136 1
783 787 667 735 1
603 633 599 751 1
692 796 771 817 1
583 548 550 601 1
1159 1274 1234 2121 1
1090 2437 2761 1766 1
633 725 631 713 1
995 1030 1025 1138 1
3496 2225 594 493 1
367 446 470 407 1
616 679 703 2055 1
862 930 901 933 1
564 681 566 3496 1
591 643 623 723 1
554 577 2235 479 1
373 436 358 377 1
543 479 577 554 1
2773 945 824 921 1
654 735 783 667 1
748 1446 836 808 1
535 595 660 585 1
691 602 595 636 1
489 445 422 493 1
3114 3096 484 452 1
2272 1140 1568 1176 1
654 660 667 587 1
863 817 825 937 1
479 438 374 447 1
585 626 660 587 1
845 1031 1095 1127 1
535 636 654 595 1
501 585 3096 587 1
3496 564 493 566 1
514 538 473 559 1
479 374 428 1286 1
564 559 653 638 1
493 2981 536 445 1
514 536 445 493 1
564 566 559 514 1
1071 1045 941 1155 1
383 2332 422 347 1
564 566 514 493 1
470 532 475 623 1
591 716 643 723 1
384 424 451 401 1
707 698 648 604 1
1003 2302 3365 2063 1
705 649 2404 2238 1
3271 407 490 460 1
564 681 653 566 1
518 574 457 562 1
564 2225 1289 2404 1
543 2055 3782 577 1
564 683 653 681 1
447 370 2225 446 1
475 554 438 543 1
564 653 559 566 1
594 667 1286 2139 1
594 3881 649 740 1
626 1667 594 3756 1
594 649 681 740 1
626 536 1667 3756 1
514 493 566 536 1
1022 754 1045 870 1
564 538 489 514 1
564 1289 489 538 1
564 559 538 514 1
564 681 649 705 1
638 559 538 564 1
564 2404 1289 683 1
3769 819 805 996 1
490 532 446 470 1
2276 2090 860 2670 1
754 2090 933 2276 1
754 2276 933 930 1
2276 930 862 933 1
837 762 754 676 1
837 870 754 762 1
3498 1015 1088 1049 1
852 870 754 837 1
3291 884 762 742 1
933 2090 860 2276 1
3782 554 615 543 1
1184 884 1049 1015 1
611 539 552 490 1
683 1289 539 490 1
475 623 629 615 1
475 543 615 554 1
475 554 615 629 1
475 554 532 447 1
554 447 438 479 1
475 438 554 447 1
554 479 438 543 1
470 446 447 532 1
397 490 446 407 1
470 532 447 475 1
532 623 591 643 1
490 1289 539 424 1
490 460 424 539 1
490 552 460 539 1
388 475 470 447 1
854 934 1452 705 1
604 552 611 648 1
768 896 810 764 1
850 854 930 941 1
837 676 754 723 1
852 754 870 850 1
3769 850 941 764 1
552 604 490 3271 1
941 934 905 854 1
421 352 462 457 1
723 754 643 629 1
973 1016 796 807 1
852 837 961 870 1
1045 1155 1076 941 1
1066 934 2672 941 1
1236 1004 1147 996 1
1004 896 1076 1147 1
819 850 723 852 1
1022 930 1071 1045 1
1236 1956 1174 1243 1
3259 1187 1078 1090 1
1174 1004 1376 1076 1
1004 996 896 1147 1
3769 805 896 996 1
3769 805 716 764 1
819 723 850 716 1
996 3769 1004 896 1
996 819 1004 3769 1
1045 941 1076 850 1
2509 1137 1061 1259 1
1100 1126 870 1135 1
1243 1236 1239 1174 1
2595 1155 941 1076 1
1100 1226 1242 1088 1
2385 1049 3356 3333 1
1136 1071 1022 2192 1
1045 1182 1243 1155 1
1022 933 1054 2192 1
1076 1155 1045 1243 1
1126 2605 1243 1182 1
1136 1054 2192 1022 1
1045 1155 1071 1182 1
1015 884 1049 3498 1
1022 930 754 933 1
1022 2090 933 754 1
2672 934 905 941 1
958 1026 2672 905 1
1066 1155 1071 941 1
1066 941 1071 934 1
1045 1243 1174 1076 1
1045 1182 1126 1243 1
1045 941 850 930 1
1045 930 1071 941 1
870 1126 1100 1376 1
1088 1135 1162 1242 1
1136 1071 1182 1045 1
1136 1045 1022 1071 1
1184 1088 1226 1015 1
1100 870 961 1088 1
1100 961 1226 1088 1
1088 1135 1049 1162 1
1015 1226 961 1088 1
1100 1135 870 1088 1
1100 1135 1088 1242 1
2509 1061 1137 1005 1
1100 2212 1259 1126 1
1100 1259 1137 1126 1
1100 2212 3090 1259 1
1100 2877 1259 3090 1
1100 2877 1226 961 1
1277 1209 1211 1164 1
1975 1275 3071 2756 1
1135 2256 2798 2743 1
1113 1164 932 3803 1
1113 971 932 1164 1
2005 1782 2184 1167 1
1116 1266 1210 2516 1
670 656 680 601 1
1145 1204 1201 1041 1
631 725 696 713 1
1145 2761 1766 1090 1
1176 1209 1277 1164 1
1995 1140 1176 1209 1
3216 679 703 616 1
3498 1088 1015 870 1
796 771 777 670 1
2385 993 1049 1148 1
2066 2139 1286 667 1
887 777 807 973 1
285 228 301 283 1
576 548 606 601 1
1164 965 883 3660 1
964 880 783 911 1
1034 1097 1003 1044 1
550 472 486 548 1
801 777 807 887 1
3198 807 971 887 1
2730 616 3216 646 1
1003 2063 3272 1098 1
879 1102 904 1013 1
2502 1098 1116 3272 1
2502 1116 1098 3491 1
1003 2063 1098 2302 1
576 3142 553 548 1
482 415 439 406 1
3135 866 806 835 1
3728 3365 2923 2878 1
973 796 777 807 1
1201 1041 1039 964 1
722 2514 807 801 1
806 866 3392 830 1
830 866 3660 965 1
1201 964 1039 1078 1
1700 587 654 667 1
887 971 1016 807 1
973 985 817 967 1
583 670 601 656 1
583 601 550 656 1
817 771 973 796 1
973 771 777 796 1
3889 3198 883 932 1
633 631 725 609 1
419 337 377 373 1
377 301 406 331 1
457 562 529 462 1
457 574 529 562 1
518 562 593 574 1
402 495 419 435 1
373 352 358 421 1
513 498 415 510 1
436 517 421 462 1
1201 1090 1078 1187 1
367 370 305 388 1
1914 654 587 535 1
784 713 847 725 1
576 550 548 601 1
421 462 352 358 1
436 358 462 421 1
1578 517 421 436 1
307 334 358 356 1
486 472 1578 548 1
1578 517 548 421 1
973 967 796 1016 1
825 985 817 973 1
583 548 472 550 1
609 481 478 541 1
576 486 548 550 1
1113 3803 2761 1145 1
887 807 1016 973 1
1264 1211 1164 1277 1
967 817 973 796 1
691 595 602 712 1
1032 1212 1095 1031 1
692 656 549 603 1
722 2818 2514 801 1
670 777 680 771 1
760 771 692 656 1
1628 1869 1733 771 1
1201 1240 1709 1150 1
932 971 3198 883 1
1150 3284 2437 3259 1
971 1209 1164 1211 1
1164 932 883 971 1
801 1633 2514 777 1
807 777 2514 796 1
3889 883 3660 932 1
1145 1090 1041 1201 1
1039 911 880 964 1
1145 2761 1090 1150 1
3392 866 806 867 1
1098 1097 1187 1210 1
1633 777 680 670 1
880 926 808 787 1
2086 3060 1078 1187 1
880 735 787 783 1
692 583 656 670 1
825 973 817 771 1
3803 932 1150 1164 1
1201 1150 1090 1187 1
1041 964 911 1039 1
633 713 631 599 1
1201 1187 1240 1150 1
1201 1204 1039 1041 1
1145 1150 1090 1201 1
1145 1204 1229 1201 1
1733 1041 911 1628 1
1150 3257 1164 932 1
2437 3660 3257 932 1
1113 1229 3803 1145 1
3803 1150 2761 1145 1
1709 3803 1264 1229 1
1113 887 973 1145 1
3828 1229 2760 3089 1
1158 3089 973 3828 1
1024 1138 997 1025 1
767 2327 779 1871 1
1091 973 985 825 1
1158 967 985 973 1
1041 1039 911 1095 1
1935 3834 1235 1134 1
380 331 315 340 1
1030 1143 1009 1052 1
886 889 833 778 1
1361 1711 2229 3859 1
1199 1127 1212 1087 1
3828 1145 973 1091 1
865 784 751 936 1
2116 985 967 817 1
691 675 712 602 1
1159 1154 1274 2121 1
1249 1134 1087 1582 1
603 513 2032 495 1
1101 1031 1212 1032 1
1165 1767 1032 1212 1
1101 1212 1165 1032 1
346 1298 391 1386 1
1087 1031 1212 1101 1
2694 911 1039 1095 1
1087 1031 1127 1212 1
1654 966 1050 1074 1
1935 1134 2083 1159 1
1199 1127 1087 1050 1
696 726 630 618 1
1199 1087 1134 1074 1
1294 1179 3457 1193 1
1567 1168 2433 3203 1
1017 994 944 1154 1
1213 1274 1154 3112 1
1935 3805 1115 1178 1
877 853 939 813 1
1234 1274 1159 1249 1
767 904 779 815 1
3865 955 820 927 1
1159 1274 1154 1249 1
857 942 898 914 1
879 767 725 847 1
1811 3158 1123 904 1
2375 955 1129 1118 1
1178 1037 3805 1115 1
702 644 617 630 1
767 815 696 847 1
1129 3209 1294 2375 1
865 1087 1074 1134 1
1200 1224 3656 2565 1
751 784 865 725 1
955 3516 2375 1179 1
1249 2083 1159 1234 1
2787 1134 1935 1159 1
921 1008 2773 945 1
1235 1695 2829 1102 1
865 784 847 725 1
914 1118 2745 1238 1
3808 1170 1423 1081 1
702 779 2643 818 1
895 821 927 969 1
3516 955 2375 1118 1
3158 1120 1123 904 1
2692 957 1115 1037 1
3852 1227 3457 969 1
1261 1588 1608 1178 1
1235 2579 3237 3576 1
1235 2829 3237 1102 1
3539 3026 1178 2597 1
995 912 1025 1030 1
820 821 927 895 1
995 1030 1009 917 1
1040 995 886 1073 1
1025 913 1024 2884 1
942 1081 1118 955 1
1306 3808 1194 1423 1
2787 1935 1115 1159 1
756 843 3276 730 1
928 882 3273 3274 1
1129 955 1193 895 1
1129 1118 955 914 1
609 696 631 725 1
1129 1238 1118 914 1
3431 1143 1009 1030 1
1347 1997 1921 3863 1
1024 997 1138 1141 1
619 580 687 589 1
756 786 730 749 1
1335 1073 1119 1306 1
2094 1307 1441 1355 1
2745 898 1335 942 1
995 1009 1030 3431 1
619 661 613 584 1
756 832 842 843 1
3808 3431 1040 1194 1
1096 949 963 928 1
928 832 843 842 1
928 843 832 1908 1
928 963 832 949 1
2268 1009 1611 995 1
516 527 580 589 1
3877 1067 1908 885 1
879 1013 904 815 1
939 824 813 853 1
2643 945 1555 1008 1
857 942 914 955 1
521 467 584 429 1
877 1030 917 939 1
760 751 798 863 1
2008 1222 1123 2433 1
907 1127 1050 1087 1
696 726 815 767 1
809 824 704 2015 1
3629 880 783 735 1
2900 2056 704 720 1
995 997 1138 1025 1
603 513 495 510 1
482 478 415 498 1
784 936 944 798 1
751 1087 966 865 1
3431 1040 1009 1143 1
702 779 669 644 1
1854 602 675 691 1
1446 836 926 3885 1
602 595 605 712 1
563 686 639 704 1
935 913 1024 997 1
849 725 966 2380 1
2914 418 467 433 1
592 699 639 561 1
592 496 639 628 1
726 630 644 779 1
406 1287 495 435 1
813 945 939 917 1
790 699 639 704 1
1935 2692 3834 1134 1
790 793 704 813 1
751 725 633 713 1
790 686 704 639 1
790 793 699 704 1
702 644 630 779 1
760 825 863 817 1
600 488 526 2175 1
592 561 496 500 1
1287 526 602 636 1
760 771 825 817 1
2773 824 809 921 1
265 257 324 270 1
592 496 561 639 1
498 633 631 599 1
592 639 699 628 1
863 1031 1087 1101 1
500 471 561 496 1
411 350 343 380 1
809 921 2380 849 1
481 1288 617 630 1
2900 720 699 628 1
639 563 704 2900 1
704 720 813 793 1
704 793 699 720 1
790 853 813 824 1
790 853 793 813 1
441 466 429 515 1
1994 488 526 453 1
628 563 639 2900 1
500 471 509 557 1
563 600 569 686 1
2027 569 488 491 1
730 786 687 666 1
406 435 495 402 1
491 569 488 605 1
516 433 467 418 1
563 496 639 569 1
628 496 639 563 1
561 557 471 500 1
496 639 569 528 1
563 569 2943 496 1
563 600 488 569 1
496 528 471 561 1
496 639 528 561 1
516 1290 467 433 1
65 66 106 105 1
619 494 580 516 1
613 666 694 619 1
2037 2399 700 1290 1
879 904 1102 1072 1
619 687 666 730 1
3276 842 778 886 1
1336 661 613 619 1
494 429 467 521 1
694 730 1336 619 1
2713 2399 700 2037 1
619 666 687 580 1
820 914 895 955 1
619 494 521 613 1
619 666 580 613 1
619 589 516 580 1
786 885 843 1000 1
882 949 928 832 1
441 581 487 515 1
857 889 833 942 1
730 786 666 749 1
694 749 730 666 1
730 694 666 619 1
619 584 521 516 1
619 521 584 613 1
778 753 690 759 1
694 749 756 730 1
879 847 815 767 1
1336 3276 730 756 1
857 820 955 914 1
778 753 759 833 1
2643 1871 2327 1008 1
815 726 821 779 1
669 821 779 818 1
778 661 753 1336 1
287 1973 342 324 1
584 466 487 515 1
2056 813 704 720 1
815 904 779 821 1
630 481 609 541 1
515 466 429 584 1
459 581 487 441 1
2327 945 1008 921 1
513 498 609 482 1
513 633 609 498 1
1874 813 824 704 1
669 726 644 779 1
692 771 670 656 1
879 815 847 1013 1
865 966 1074 1087 1
820 818 669 701 1
630 541 644 617 1
767 726 815 779 1
701 690 857 2268 1
1179 955 3516 3507 1
2867 1047 2248 2431 1
2051 2569 1123 2008 1
1405 690 778 661 1
760 798 817 863 1
1994 526 488 2175 1
863 944 936 798 1
609 579 478 498 1
879 815 904 767 1
702 779 818 669 1
609 631 579 498 1
815 950 904 1565 1
767 779 630 726 1
618 630 644 726 1
3834 3805 1935 1178 1
1935 3805 3375 1115 1
1935 1159 1248 1115 1
234 340 287 315 1
337 322 301 377 1
760 817 798 692 1
373 421 358 436 1
1287 654 535 636 1
751 599 713 633 1
751 798 936 784 1
406 495 1287 1854 1
1869 1628 1733 911 1
751 713 599 798 1
439 350 415 411 1
863 936 751 798 1
1792 1749 760 1959 1
602 526 1854 600 1
530 2162 550 486 1
603 510 599 633 1
1854 675 2032 691 1
809 824 2327 921 1
498 599 510 633 1
513 510 633 498 1
863 937 798 817 1
675 1854 600 602 1
675 600 733 605 1
733 695 686 600 1
751 725 713 784 1
907 1050 953 966 1
603 692 656 760 1
751 725 966 849 1
751 725 865 966 1
2032 1854 691 1287 1
549 530 583 472 1
863 1087 751 936 1
863 994 936 944 1
1749 1869 911 1628 1
692 817 771 760 1
863 1017 937 825 1
863 944 798 937 1
863 825 1165 1017 1
535 526 1287 636 1
1287 636 602 691 1
1031 1087 751 863 1
535 595 526 636 1
603 510 633 513 1
712 605 675 733 1
337 322 377 358 1
549 656 583 530 1
549 510 599 603 1
712 602 675 605 1
603 599 798 751 1
691 1749 1959 1869 1
691 735 783 654 1
691 712 735 595 1
654 636 1287 691 1
219 283 228 285 1
1994 1287 526 1854 1
549 530 603 656 1
530 1287 435 495 1
1854 526 602 1287 1
530 1287 486 435 1
530 486 550 472 1
513 415 482 406 1
406 495 415 402 1
1854 602 691 1287 1
1959 2032 691 1287 1
307 352 358 373 1
326 278 3337 325 1
496 1777 628 592 1
336 378 3088 3105 1
2799 249 314 252 1
3489 3513 3366 1393 1
617 1288 463 2056 1
272 334 306 307 1
326 3152 395 2242 1
240 245 192 1964 1
403 429 466 467 1
117 108 2790 3401 1
402 419 365 377 1
339 346 432 353 1
282 287 234 340 1
1646 418 386 403 1
472 530 419 510 1
331 301 350 283 1
402 495 510 419 1
404 487 466 441 1
402 415 510 495 1
1690 496 563 2943 1
377 406 1287 1994 1
331 283 285 301 1
282 232 234 2684 1
404 441 463 487 1
350 331 406 301 1
481 411 439 482 1
331 340 234 315 1
234 2684 232 219 1
287 340 2465 343 1
429 494 467 418 1
295 223 241 281 1
287 340 343 315 1
282 2684 234 257 1
287 343 2465 342 1
1688 496 1777 2200 1
245 212 265 256 1
1800 3024 1333 3818 1
3024 3533 2260 3625 1
282 232 285 234 1
285 232 219 234 1
282 287 257 234 1
395 431 509 471 1
3183 184 1577 219 1
234 283 219 285 1
395 471 500 496 1
285 283 331 234 1
2148 339 3152 395 1
3844 361 2962 339 1
2118 3337 326 1546 1
3844 2148 3843 339 1
2195 3844 2179 2959 1
282 1586 287 340 1
1857 468 1678 434 1
2543 3478 359 3568 1
212 270 257 265 1
390 474 464 412 1
2161 389 1292 426 1
2227 2191 511 545 1
192 212 210 245 1
390 464 474 456 1
65 109 105 106 1
369 392 431 391 1
236 327 284 1525 1
2978 1648 1940 2007 1
65 105 109 3069 1
2127 109 106 122 1
260 1517 252 1946 1
412 434 483 519 1
346 325 3505 250 1
339 395 432 346 1
2835 426 469 430 1
91 54 55 56 1
395 369 391 1298 1
3371 3710 3426 2826 1
373 377 358 337 1
2018 3661 249 3485 1
216 199 225 162 1
2982 3512 3814 150 1
2353 422 2044 2332 1
3554 3627 46 3701 1
1578 421 373 436 1
337 306 276 322 1
2026 2130 1387 1441 1
3617 175 180 2506 1
356 462 358 352 1
3722 2631 153 177 1
2796 327 396 3046 1
337 301 322 276 1
322 228 301 285 1
322 285 301 331 1
307 358 306 373 1
322 301 228 276 1
419 486 435 530 1
453 2149 3002 535 1
337 301 365 377 1
349 424 397 407 1
2445 90 1324 2577 1
263 251 316 302 1
397 298 367 316 1
302 316 370 305 1
1578 436 486 517 1
419 486 436 435 1
419 435 436 377 1
419 377 337 365 1
3716 3186 2295 3534 1
79 3438 3794 3502 1
407 470 490 446 1
397 446 490 1289 1
388 370 305 374 1
388 374 364 438 1
604 490 611 552 1
356 334 281 307 1
384 460 424 407 1
397 1289 316 370 1
175 162 164 3421 1
305 316 251 302 1
203 272 221 281 1
251 298 227 263 1
90 55 56 91 1
91 3519 1324 90 1
2495 262 3777 3485 1
3287 249 252 314 1
221 281 272 290 1
384 323 349 424 1
364 352 356 307 1
290 305 374 364 1
367 316 305 370 1
13 12 2572 11 1
175 3384 3894 3892 1
2572 1826 16 1281 1
3554 2825 70 1595 1
2397 413 3750 383 1
298 316 263 251 1
1937 1289 538 489 1
462 3857 428 352 1
462 356 3857 352 1
364 476 438 428 1
428 476 438 479 1
364 428 438 374 1
428 438 374 479 1
388 374 305 364 1
388 438 447 374 1
388 370 374 447 1
388 447 438 475 1
388 447 446 370 1
388 446 447 470 1
349 397 367 407 1
397 424 1289 490 1
397 490 407 424 1
241 238 202 3150 1
445 422 385 473 1
323 316 298 397 1
264 217 252 3075 1
242 302 251 263 1
3310 181 3183 3723 1
3825 2821 163 197 1
3857 428 364 374 1
221 290 251 302 1
336 3105 372 378 1
1747 228 276 322 1
295 276 272 306 1
3318 137 148 1773 1
238 281 203 211 1
2799 252 314 1946 1
223 281 295 272 1
2506 164 175 206 1
223 276 241 228 1
223 276 272 295 1
2981 2353 1814 493 1
2981 445 493 1814 1
2018 252 249 3661 1
295 281 334 272 1
295 334 306 272 1
306 358 307 334 1
306 337 358 322 1
295 306 322 276 1
2029 2012 372 2926 1
366 321 3214 344 1
2680 3762 3738 220 1
3661 249 3485 262 1
2799 1946 314 318 1
366 392 1678 344 1
2604 148 124 137 1
361 2726 339 353 1
1747 285 228 322 1
188 223 238 187 1
187 238 202 241 1
3696 94 3649 3766 1
144 3420 3712 143 1
153 180 196 2506 1
89 86 51 2691 1
59 78 3232 3633 1
1518 3318 137 124 1
76 1569 90 1672 1
1569 56 90 55 1
2286 2076 3403 2381 1
2861 3119 57 3633 1
222 293 275 294 1
201 216 209 243 1
164 225 3384 206 1
291 354 341 309 1
347 2336 385 394 1
3849 1445 3850 2458 1
389 417 465 426 1
389 355 423 417 1
2909 2918 2759 2571 1
1387 19 1425 1441 1
1441 1387 2011 1425 1
3691 2673 3649 94 1
11 12 2572 16 1
1443 213 180 3425 1
89 2856 51 86 1
153 3617 180 2506 1
165 172 2621 2490 1
369 395 509 2528 1
144 165 143 3712 1
271 246 225 206 1
390 3300 393 412 1
390 2306 412 434 1
366 3475 321 344 1
383 320 347 357 1
253 1444 1846 244 1
3503 255 244 261 1
338 427 308 351 1
413 393 2397 3750 1
383 448 394 422 1
164 199 162 225 1
413 458 393 474 1
390 393 474 412 1
413 474 534 458 1
175 206 164 3384 1
196 206 180 213 1
303 338 266 308 1
383 1653 3899 1551 1
357 319 2497 320 1
313 304 355 2819 1
205 2343 3878 2128 1
2397 448 413 383 1
224 271 275 222 1
383 394 357 347 1
237 248 310 266 1
393 345 357 3407 1
198 220 3246 1898 1
237 266 310 292 1
2241 468 507 524 1
2506 164 1831 175 1
323 2044 316 1289 1
308 266 310 338 1
538 533 1937 448 1
401 338 308 3076 1
399 451 401 384 1
213 248 215 207 1
3143 215 177 2554 1
1831 136 3617 175 1
279 215 1853 248 1
383 320 1653 347 1
2911 384 399 401 1
3750 320 383 357 1
279 248 310 237 1
308 401 399 427 1
448 1937 538 489 1
2332 383 422 2044 1
347 3369 320 1653 1
320 3369 2335 2663 1
347 385 2361 360 1
347 422 385 360 1
288 310 248 266 1
288 266 338 310 1
292 266 310 308 1
275 291 309 303 1
288 248 207 266 1
279 263 237 323 1
384 460 451 424 1
303 309 363 1453 1
338 308 427 401 1
399 477 427 401 1
502 477 504 427 1
2914 1789 1290 403 1
399 477 451 502 1
422 448 2044 383 1
2044 1289 1937 489 1
323 424 401 1937 1
2044 489 1937 448 1
323 263 298 316 1
323 298 263 237 1
323 310 292 237 1
323 349 298 237 1
349 384 292 323 1
323 384 3076 401 1
323 1289 424 1937 1
323 401 424 384 1
292 237 349 323 1
3479 54 3218 2377 1
409 1292 389 465 1
2924 565 523 522 1
1948 509 1840 2078 1
222 271 293 225 1
2161 3898 2202 456 1
409 465 442 1292 1
3063 522 504 2827 1
2306 1678 434 1857 1
275 294 293 341 1
389 426 465 1292 1
1392 1822 1905 1344 1
1413 1392 1989 1826 1
1905 11 1413 1418 1
1291 531 522 1369 1
522 523 1369 531 1
1369 425 469 531 1
275 309 291 341 1
2161 456 2202 1292 1
222 225 199 164 1
2202 458 542 456 1
2369 464 2191 2860 1
222 225 206 271 1
222 206 225 164 1
222 164 196 206 1
2156 464 2191 507 1
1641 1281 1425 19 1
1520 1550 1676 1349 1
82 77 80 47 1
93 114 44 3014 1
64 57 83 2887 1
1941 403 1646 3568 1
313 389 355 368 1
412 434 1678 483 1
1605 3156 326 2386 1
3081 3649 3192 3301 1
93 2074 1419 3042 1
3701 46 2284 3606 1
369 431 509 395 1
369 392 468 431 1
375 433 405 2710 1
3185 3564 3398 3336 1
375 362 405 396 1
405 455 420 433 1
3298 3280 185 2753 1
2976 390 3194 1951 1
369 311 2410 300 1
332 2410 300 369 1
375 2710 405 362 1
434 468 1678 483 1
369 509 431 468 1
1906 3117 330 2603 1
2369 389 1292 2161 1
368 355 409 389 1
2369 456 2161 1292 1
412 464 434 519 1
412 519 474 464 1
409 423 465 389 1
409 442 465 423 1
382 355 389 417 1
2369 1292 389 368 1
409 355 423 389 1
2191 464 511 545 1
280 214 200 231 1
2372 243 299 269 1
119 83 3065 1851 1
409 423 387 442 1
2436 464 434 390 1
274 243 200 209 1
280 1525 231 2455 1
214 189 218 236 1
280 200 269 231 1
2117 480 485 2230 1
2156 507 434 464 1
269 201 1332 204 1
269 201 243 299 1
269 204 1332 231 1
269 231 200 204 1
333 2455 2688 280 1
2156 464 2860 2191 1
229 240 189 236 1
2241 507 468 1857 1
2194 3046 396 327 1
2019 468 524 544 1
2215 2809 2719 1793 1
1648 245 2253 1940 1
329 333 1301 280 1
398 396 327 2194 1
418 1646 2914 403 1
2420 1940 2253 1605 1
375 455 396 405 1
398 2117 2215 2194 1
405 433 375 455 1
2117 444 2230 2602 1
1688 500 1753 592 1
330 2504 3137 2603 1
375 362 396 2796 1
2493 1372 3258 1354 1
1679 2559 1633 1733 1
1296 997 1838 935 1
786 885 737 831 1
786 756 843 832 1
786 843 756 730 1
843 885 1067 1000 1
1908 843 885 1067 1
886 3276 2438 778 1
516 494 467 521 1
1296 1024 1141 997 1
1000 1296 843 935 1
1296 1024 997 935 1
2625 1114 1220 1067 1
935 1296 1024 1021 1
1296 2259 1141 1021 1
2625 3221 1114 1067 1
1297 843 928 1908 1
339 289 346 353 1
1220 1810 1067 1114 1
409 387 423 3262 1
453 2179 488 491 1
453 484 2910 491 1
453 535 484 491 1
453 484 535 452 1
886 898 897 833 1
886 942 898 833 1
3803 1264 2069 1709 1
587 594 626 667 1
566 3496 1667 493 1
1414 607 1873 2544 1
747 797 3830 755 1
1744 789 915 899 1
1744 899 915 998 1
799 780 903 871 1
1424 1430 1392 1508 1
1474 1424 15 1392 1
1842 1456 1464 2185 1
1641 17 18 19 1
1575 1752 2155 1839 1
1962 1997 2174 3863 1
1298 391 1386 369 1
1298 2410 395 369 1
668 2466 671 688 1
668 571 688 573 1
668 2575 573 598 1
668 571 573 2575 1
2575 505 506 573 1
454 2002 571 1559 1
1438 437 440 461 1
668 650 2466 568 1
791 861 844 2611 1
627 682 791 655 1
627 791 682 663 1
2757 791 714 789 1
3840 3285 3050 3636 1
1140 1176 2272 1995 1
965 2960 2272 1995 1
1299 3701 3627 3791 1
70 87 49 52 1
113 2958 70 3554 1
70 3497 121 87 1
1270 1205 1147 1956 1
1236 1270 1147 1956 1
2496 2104 954 892 1
728 710 685 746 1
954 2984 2496 970 1
954 970 2496 1057 1
558 590 596 492 1
558 637 590 537 1
637 659 590 537 1
637 673 590 659 1
1104 1021 1296 1000 1
935 1021 916 1000 1
997 1141 1200 1138 1
1141 997 1297 1296 1
916 1000 786 935 1
1296 1297 1141 2259 1
1067 1297 1908 843 1
1228 3329 1306 1118 1
1118 1228 3329 1238 1
1423 1118 3735 1228 1
1306 1040 886 1073 1
1306 1073 886 1335 1
2711 703 1313 2789 1
1508 1424 1309 1392 1
1012 810 1077 923 1
810 1012 1077 978 1
811 768 802 731 1
810 1077 1043 910 1
810 1077 910 978 1
1434 1564 3553 1300 1
274 269 280 200 1
2992 2415 2384 2344 1
442 512 450 3180 1
286 243 274 209 1
440 1438 410 437 1
200 243 274 269 1
286 209 274 277 1
274 269 297 280 1
297 274 243 269 1
274 243 286 297 1
35 3601 1805 2820 1
1031 751 760 863 1
394 422 347 383 1
394 473 422 448 1
394 422 385 347 1
873 921 2773 809 1
1113 1264 1211 1164 1
1256 971 1113 1211 1
1113 1211 971 1164 1
3366 3559 3304 1393 1
179 1390 3626 191 1
1390 3816 2729 191 1
1390 191 179 190 1
1390 3816 191 190 1
3877 888 2439 831 1
982 1186 1183 976 1
772 823 721 785 1
339 289 353 2726 1
607 1414 1395 1303 1
894 2733 2102 881 1
869 1945 2733 962 1
894 869 2733 975 1
869 2733 975 962 1
2557 1303 1395 1414 1
3830 706 755 797 1
199 164 162 1740 1
993 884 3498 1049 1
3498 837 762 870 1
597 584 521 613 1
597 661 584 613 1
597 608 584 661 1
850 707 854 764 1
716 643 850 707 1
754 643 850 723 1
2378 3739 1673 2337 1
2337 3124 3404 3739 1
1029 925 804 951 1
1068 1221 1206 1132 1
1068 1206 1086 1132 1
2113 1086 1206 1092 1
804 1719 951 925 1
1172 2966 1057 952 1
1218 1107 1195 1109 1
3797 1107 2679 1218 1
1107 991 1195 1064 1
1152 2424 3495 1337 1
1081 889 1306 1040 1
942 1306 1119 1118 1
1306 1423 1228 1118 1
3808 1170 1081 1040 1
1306 1194 3808 1040 1
1359 1355 2025 1421 1
1530 3863 1962 1329 1
1023 1156 1177 1246 1
1156 1247 2045 2533 1
380 315 350 343 1
380 340 315 343 1
832 843 786 885 1
832 885 786 831 1
832 3877 885 831 1
832 831 888 3877 1
832 843 885 1908 1
832 3877 888 963 1
832 928 1908 963 1
1272 1163 1043 1599 1
1272 1056 1043 1163 1
1272 1181 1043 1020 1
1272 1043 1056 1020 1
1184 1049 1088 1015 1
2746 1242 1226 1088 1
1162 1242 2746 1088 1
877 813 1415 793 1
877 912 813 917 1
877 1030 912 917 1
877 912 1030 1025 1
951 903 987 799 1
1029 987 1311 925 1
925 987 951 1029 1
3581 2963 2346 2406 1
1054 2563 2651 3172 1
196 224 3027 207 1
3865 820 834 927 1
857 889 955 3865 1
582 651 529 574 1
616 577 543 476 1
616 543 577 2055 1
3183 219 232 3723 1
187 3144 202 148 1
3704 3730 3024 1499 1
3349 3174 1988 3449 1
326 278 1546 3337 1
1800 3024 3818 3034 1
1333 3563 3818 3024 1
3034 3704 181 1502 1
122 106 3448 109 1
2153 135 2127 3055 1
1582 936 1087 863 1
1582 994 936 863 1
936 1134 1087 865 1
1582 1087 1101 863 1
1392 1989 1474 1309 1
838 743 2199 737 1
2473 827 881 838 1
1291 697 693 2122 1
800 823 919 766 1
800 766 919 924 1
800 919 823 976 1
820 927 818 834 1
581 702 701 669 1
275 271 293 222 1
275 271 309 293 1
2525 1808 1317 925 1
2355 1317 3514 1084 1
1311 799 864 925 1
2525 929 991 1759 1
1404 1693 1142 3441 1
1447 908 858 781 1
1325 1281 1887 1345 1
1822 1430 1342 1325 1
1351 2714 1868 1399 1
1909 2705 1321 1399 1
1905 2613 1344 1822 1
3054 3637 3667 2398 1
1413 1989 16 1826 1
1416 1413 1989 16 1
1905 1508 1644 1418 1
1520 1676 1378 3859 1
625 620 551 678 1
2377 3218 91 54 1
2949 104 2377 1812 1
306 358 337 373 1
306 358 295 322 1
306 295 358 334 1
970 1057 954 1152 1
987 903 1099 1026 1
987 1099 1029 1142 1
1026 978 903 1099 1
987 799 903 871 1
201 209 200 243 1
201 200 204 269 1
201 243 200 269 1
2719 2292 2400 607 1
3450 1299 93 3703 1
87 3897 88 3896 1
1162 1088 1184 1049 1
3277 2304 1279 3447 1
2395 1092 906 1803 1
188 211 238 203 1
188 202 238 211 1
188 187 202 148 1
188 202 187 238 1
3594 3547 2244 2676 1
1312 123 1990 1328 1
2152 134 1731 2131 1
1310 1352 1283 1308 1
1328 137 3463 1518 1
2847 2755 2326 2967 1
2421 1330 2304 3109 1
3582 332 1332 3850 1
1707 201 204 1332 1
3468 2925 115 2928 1
1315 149 157 2315 1
1516 3556 1334 2669 1
3206 2754 3809 3248 1
3242 2759 2816 2352 1
981 962 869 980 1
529 499 462 428 1
428 577 476 479 1
284 218 240 236 1
229 284 240 236 1
1964 218 189 240 1
1140 1568 1827 1276 1
3270 1276 1943 1275 1
965 2786 830 866 1
654 660 587 535 1
654 667 660 735 1
654 595 660 535 1
223 281 272 203 1
223 241 238 187 1
3315 1219 1368 1110 1
1282 1431 1426 1420 1
1352 1435 1420 1440 1
1420 1352 1436 1283 1
854 643 850 2449 1
854 643 707 850 1
2094 1362 1394 1355 1
2094 1394 1307 1355 1
1452 854 707 698 1
3870 1514 2526 2748 1
854 764 941 850 1
1516 2729 2669 2093 1
1359 1421 1281 2572 1
1281 1421 18 16 1
1456 1364 1340 3863 1
1456 3863 1340 1921 1
1456 1340 1464 1921 1
3676 3744 2888 3417 1
3492 1456 1358 1357 1
3492 1842 1456 1402 1
1456 1530 1921 1742 1
179 151 3620 3626 1
151 2077 2647 3191 1
1742 1921 1456 2185 1
2647 2077 3472 3690 1
1750 1347 1918 1397 1
1397 1750 1347 1921 1
3065 2686 1721 1699 1
3856 162 199 216 1
154 3580 2203 3690 1
1335 1073 886 1060 1
1335 898 886 942 1
1119 2745 3329 1257 1
1119 3329 2745 1118 1
1347 1997 1918 1397 1
319 3369 2335 320 1
1398 2482 1636 2873 1
1397 1347 1997 1921 1
3086 628 2124 592 1
2728 886 2438 997 1
3719 2587 2040 1583 1
3708 2040 3719 2587 1
753 842 3276 756 1
1463 1348 2046 1493 1
1336 778 3276 753 1
1336 694 613 753 1
997 1073 886 995 1
1463 2046 1466 1493 1
842 2728 928 886 1
1493 2046 2048 1449 1
1336 3276 756 753 1
1493 1348 2046 1449 1
2438 913 1838 997 1
1458 1466 1463 1856 1
1538 1466 1458 1856 1
2243 1338 3603 1192 1
1057 2966 2424 1337 1
1152 954 970 2990 1
2049 1458 1463 1856 1
2049 1458 1856 2237 1
617 541 481 630 1
393 345 3407 3300 1
393 390 345 3300 1
393 3750 413 357 1
393 345 3750 357 1
2692 1037 1115 3375 1
865 957 847 784 1
865 936 957 784 1
1124 1231 1089 1197 1
1398 1636 2609 2873 1
142 192 166 189 1
142 3185 166 192 1
1842 1456 2185 1742 1
2185 1842 1742 1593 1
2160 700 770 765 1
1769 700 770 2160 1
1468 1465 1556 20 1
739 3086 2160 2677 1
1465 1556 20 1487 1
3843 400 3844 339 1
1247 1246 1156 1931 1
1530 1358 1456 1329 1
1530 1358 1329 1958 1
1235 1199 1249 1134 1
2083 1235 1249 1134 1
1460 2208 211 281 1
182 1460 211 203 1
211 1460 182 205 1
1509 1461 1506 1526 1
1509 1461 1761 1470 1
1461 2371 1761 1470 1
1506 1647 1526 1461 1
1492 1871 2643 1366 1
1647 2371 1761 1461 1
1871 1768 1366 1492 1
1460 3506 3878 211 1
3878 1684 211 3506 1
3878 1460 205 2128 1
3318 137 123 1518 1
2128 205 242 1460 1
1922 1817 1324 1632 1
3430 3067 2693 3344 1
1458 1785 1463 1466 1
1785 1463 1466 1493 1
848 763 876 875 1
848 763 729 876 1
1429 1340 1433 1921 1
202 137 1773 148 1
202 148 2422 137 1
1773 1562 137 202 1
1562 202 2422 137 1
533 458 534 542 1
349 298 397 323 1
424 397 1289 323 1
424 349 397 323 1
767 696 630 609 1
767 696 609 725 1
1204 1229 3828 1145 1
1032 1031 863 1101 1
1160 1017 1165 985 1
3328 1824 2040 31 1
2041 1824 3328 31 1
1339 1282 2026 1441 1
24 1458 1538 1466 1
2618 1461 1470 1571 1
1461 2371 1470 1571 1
1997 1962 1530 3863 1
1462 1750 1670 1408 1
2618 1571 1470 1449 1
2208 3506 1460 211 1
1470 2371 2229 1571 1
1340 1310 3863 1427 1
1283 1427 3862 1352 1
1449 1470 2229 1571 1
1348 1349 1463 2046 1
1750 1462 1640 1408 1
3480 1456 1842 1742 1
1842 3480 1742 1593 1
1504 1474 1531 5 1
1531 1474 1685 5 1
2185 2450 1929 1471 1
2450 2368 1891 2293 1
1929 1406 2185 1471 1
3645 1818 2105 2538 1
1475 1480 1929 2185 1
1640 1475 1929 2185 1
2185 1480 1929 2450 1
1406 2185 1640 1929 1
1352 3862 1283 1435 1
1404 1317 1029 1142 1
1317 1142 1311 1029 1
1317 1029 2338 1404 1
925 2338 1317 1029 1
1311 1317 1029 925 1
1750 1834 1511 1491 1
1477 1560 1323 1783 1
1477 1560 1783 1650 1
1397 1491 1918 1750 1
1432 2097 1307 1441 1
1466 2046 2048 1493 1
1477 1716 1783 1323 1
1716 1687 1477 1783 1
3539 1178 1235 1935 1
3539 2083 1935 1235 1
1361 1711 23 2371 1
1361 23 3182 2371 1
1488 1550 2403 2873 1
2403 1550 2076 2873 1
2873 3346 2076 2403 1
1468 1479 1834 1556 1
21 1636 2482 1703 1
1636 21 1527 1703 1
549 798 603 599 1
603 549 692 798 1
24 1785 1458 1466 1
3835 3839 2626 3170 1
2043 1513 1493 1472 1
1484 2293 1634 1527 1
1539 2293 1634 1484 1
1484 1527 1634 21 1
1472 1466 1785 24 1
281 302 356 290 1
1760 374 356 302 1
290 374 302 356 1
1408 1834 1513 1473 1
1408 1834 1473 1468 1
2862 2237 1481 1600 1
1475 1480 1483 1929 1
1750 1475 1511 1834 1
1456 1921 1464 2185 1
1918 1491 1397 1476 1
1526 1491 1761 1476 1
2171 1476 1526 1761 1
302 356 1760 281 1
594 2139 1286 2323 1
2171 1397 1476 1997 1
594 2139 2323 748 1
1397 1918 1476 1997 1
1742 1921 1397 1530 1
1397 1530 1921 1997 1
1489 9 1531 1685 1
1489 2788 1531 9 1
1489 1963 1549 2414 1
1509 1461 1470 2618 1
1509 2618 1470 1449 1
1509 1524 1461 2618 1
1891 21 3847 1571 1
904 1871 2643 1492 1
1871 1072 1492 904 1
1567 904 1492 1072 1
1123 904 1492 1567 1
2051 1492 1123 904 1
2051 904 2643 1492 1
1640 1475 1479 1929 1
1408 1640 1475 1479 1
1491 1493 1761 1348 1
1750 1640 1475 1408 1
1408 1640 1479 1468 1
1491 1348 1761 1918 1
1509 1493 1449 1761 1
1509 1493 1761 1491 1
1480 1506 1524 2293 1
1348 1761 1449 1493 1
1480 2450 1506 2293 1
1468 1640 1479 1465 1
1640 1479 1487 1929 1
617 572 487 581 1
459 617 463 487 1
463 617 541 481 1
772 800 823 976 1
1064 1132 1059 1195 1
972 1001 1059 1132 1
1064 1059 1132 972 1
526 605 491 488 1
3880 729 711 727 1
841 826 876 931 1
841 826 931 946 1
3880 711 826 795 1
2687 2089 2539 2322 1
795 2177 983 986 1
2395 1656 906 1092 1
215 207 177 213 1
215 193 177 207 1
845 2863 3629 691 1
3629 783 691 735 1
64 2887 83 2588 1
1304 3192 3166 3595 1
39 3232 3633 59 1
59 2935 2281 3742 1
1471 1406 1593 1821 1
507 2191 2156 1961 1
1471 1742 2450 1821 1
1471 1593 1742 1821 1
1301 280 274 297 1
1478 1493 2048 1512 1
2043 1493 1785 1472 1
2043 1493 1348 1785 1
1008 1768 3531 1366 1
3843 432 400 339 1
353 400 361 2765 1
382 389 426 417 1
389 355 2819 313 1
382 304 294 2819 1
1834 1493 1512 1509 1
2868 2993 2493 1372 1
2048 2046 1986 1449 1
1348 3859 1449 1761 1
303 288 275 266 1
275 288 224 266 1
462 529 1286 2066 1
2873 1703 2022 3847 1
1968 1286 2066 462 1
1968 3857 1286 462 1
1286 3857 428 462 1
462 1286 529 428 1
1856 1463 2046 1466 1
1449 2229 3859 2022 1
1475 1511 1834 1483 1
1483 1480 1524 2293 1
1479 1475 1834 1483 1
1479 1834 1556 1483 1
1504 1474 1309 1531 1
1309 1474 1685 1531 1
1489 1531 1309 1685 1
1489 1939 1309 1531 1
1489 1309 1939 1549 1
2046 1520 1523 1488 1
1504 1939 1531 1309 1
1340 3863 1364 1427 1
626 667 594 740 1
1667 626 594 740 1
2185 1406 1842 1593 1
1406 1842 1464 2185 1
1435 3862 1671 1775 1
626 787 667 740 1
1484 1527 1891 2293 1
1483 1524 1485 2293 1
1483 1834 1556 1485 1
1485 2293 1524 2618 1
1556 1485 1834 1866 1
1356 1435 1363 1500 1
1435 3862 1363 1500 1
1986 1571 2022 1703 1
1571 1494 1986 1449 1
1986 1449 2022 1571 1
1283 3862 1363 1435 1
2025 3861 1281 1441 1
2312 1362 1356 1394 1
1986 1494 1571 1703 1
1929 1480 1483 2293 1
1929 2450 1480 2293 1
1929 1483 1539 2293 1
1523 1349 1550 1520 1
1523 1349 2049 1917 1
1523 1520 1550 1488 1
12 2572 1359 13 1
1929 2368 2450 2293 1
1929 2293 1539 2368 1
2044 316 1289 2225 1
2225 2044 422 1289 1
2353 2044 422 2225 1
2353 316 2044 2225 1
1008 1169 1654 953 1
1008 1654 966 953 1
1322 1550 1917 1349 1
1917 1322 1349 1350 1
1839 1322 1917 1350 1
1435 1352 3862 1440 1
1550 1322 1917 1839 1
2025 1355 18 1421 1
2155 1575 1839 1482 1
1839 1350 1482 1322 1
1634 21 1527 1636 1
2675 1450 1418 1309 1
1359 1320 2572 1281 1
213 207 196 3027 1
1640 1479 1465 1487 1
667 748 594 740 1
667 787 748 740 1
3027 248 207 288 1
1487 1485 20 1634 1
1494 1636 1527 1703 1
1494 1634 1527 1636 1
1253 1232 1223 1180 1
1133 1254 1019 1177 1
3820 1232 3829 1125 1
3829 1232 1133 1125 1
3312 2753 3298 3547 1
3743 250 235 247 1
2842 156 2480 2912 1
1909 2985 1553 1626 1
864 1311 908 799 1
2268 1009 995 889 1
705 854 901 2919 1
901 2919 854 862 1
1590 3881 2737 862 1
2547 1648 359 1680 1
2547 359 1648 2443 1
1045 1082 1136 1022 1
1 1708 3 1531 1
8 1531 2 3 1
1531 1708 3 2414 1
2 1 3 1531 1
1082 1188 1242 1126 1
1188 1045 1082 1136 1
8 1531 3 2414 1
486 2162 436 1287 1
377 1287 435 436 1
435 486 436 1287 1
377 436 2149 1287 1
1287 1914 436 2149 1
1549 1489 1309 1508 1
1549 1489 1508 1316 1
1963 1489 1549 1316 1
1834 1491 1509 1511 1
289 339 325 278 1
250 325 278 289 1
1517 1460 2208 3506 1
1517 2208 1460 2128 1
857 834 889 3865 1
2998 1040 1170 1143 1
3878 1460 1517 3506 1
3878 1517 1460 2128 1
2998 1081 1040 889 1
242 2208 1460 281 1
1366 2643 1085 1047 1
2225 1289 422 493 1
1460 281 211 203 1
2353 2225 422 493 1
659 547 624 575 1
2231 162 216 2656 1
1460 242 3229 205 1
192 3351 210 2315 1
193 1664 2585 1505 1
197 193 1505 3825 1
192 210 212 2315 1
3892 206 3384 3239 1
999 1065 2499 1151 1
209 1374 201 1540 1
2231 1374 1798 201 1
3645 1318 2105 1818 1
829 1151 968 2499 1
968 999 2499 1151 1
1308 1352 1283 1436 1
1139 829 2499 1151 1
2499 2182 1139 1151 1
2499 1065 2182 1151 1
1650 1560 1783 2402 1
1496 1560 1323 1477 1
3712 3397 3664 2071 1
1484 21 1891 1527 1
1891 21 1571 1527 1
464 545 2191 507 1
507 545 2191 1961 1
2142 3206 2754 3809 1
3136 3591 3146 3199 1
134 2411 1497 1580 1
2128 1460 242 2208 1
1350 1396 1407 1839 1
630 696 618 609 1
630 696 767 726 1
1449 2618 1571 1494 1
1609 3841 3839 2201 1
1917 2201 1609 1284 1
1396 1350 1496 1839 1
1396 1839 1496 1533 1
1533 1858 1396 1839 1
2909 3311 2975 3787 1
1407 1396 2201 1839 1
448 533 534 473 1
448 534 413 473 1
1839 1396 2201 1858 1
448 458 413 534 1
1480 2450 1397 1506 1
448 413 383 394 1
448 473 413 394 1
1287 1994 526 535 1
1994 535 453 526 1
1497 2422 148 1622 1
1580 1622 2422 1497 1
1355 2025 1441 2094 1
1355 2094 1362 1498 1
2312 1825 1356 1435 1
1435 1403 1420 1825 1
1471 2450 1929 2368 1
1496 1350 1482 1839 1
1580 1522 1497 134 1
336 314 318 360 1
1496 1533 1482 1560 1
1929 1406 1471 2368 1
1496 1350 1495 1323 1
336 314 1946 318 1
360 314 1517 336 1
1509 1491 1761 1526 1
1509 1461 1526 1761 1
314 1946 1517 336 1
1496 1495 1716 1323 1
973 985 1158 3828 1
1509 1470 1761 1449 1
1939 10 1708 1936 1
1939 4 1708 10 1
1531 4 1708 1939 1
785 795 803 983 1
719 803 785 795 1
795 2177 803 983 1
1689 9 1489 1685 1
2492 2893 3373 1411 1
3066 2324 3840 2989 1
1689 2788 1489 9 1
2764 1158 1271 3593 1
1689 1489 1309 1685 1
1750 1511 1397 1491 1
1750 1475 1397 1511 1
1475 1397 1511 1480 1
3769 1076 941 850 1
1501 2139 667 808 1
2066 1501 1700 3473 1
896 1076 3769 1004 1
1501 2139 2066 667 1
1480 1397 1511 1506 1
547 659 637 537 1
1451 547 659 637 1
1451 673 766 637 1
547 659 537 575 1
547 558 537 637 1
1451 746 659 624 1
624 685 659 575 1
687 786 2564 737 1
2226 786 2564 687 1
688 668 718 763 1
3785 1183 1233 1112 1
1368 1410 1849 1409 1
1512 1493 1449 1509 1
2048 1493 1449 1512 1
3865 889 955 1081 1
1505 1664 2585 163 1
3825 1505 197 163 1
2208 2561 2029 1760 1
302 281 221 290 1
1512 2618 1509 1449 1
281 272 290 307 1
363 303 1453 351 1
522 1291 1369 2716 1
1467 1472 1513 2043 1
522 2924 408 2716 1
1467 1478 1513 1472 1
1399 2705 1321 1947 1
469 449 425 430 1
2614 469 425 2835 1
469 425 2835 430 1
469 425 449 531 1
427 2716 522 408 1
469 2614 425 1369 1
442 423 546 465 1
570 442 546 465 1
442 450 423 387 1
2185 1406 1593 1471 1
2185 1742 2450 1471 1
1399 1947 1321 1984 1
1984 1399 1625 1351 1
1351 1399 1321 1984 1
1399 1947 1984 1818 1
3832 1420 1400 3118 1
1818 1984 1399 1754 1
3832 1282 1426 1420 1
1984 1399 1754 1625 1
2185 1593 1742 1471 1
2699 1293 655 717 1
1351 1909 1507 1321 1
717 1293 655 2813 1
1773 1535 1562 202 1
1535 202 2422 1562 1
1477 1650 1783 2898 1
1477 1687 2898 1783 1
1407 1439 1609 2201 1
2893 1422 3711 2075 1
1863 3373 1422 2893 1
238 268 3150 2926 1
728 1915 746 1759 1
2360 1759 728 746 1
202 268 3150 238 1
1856 2046 1986 2048 1
1856 1986 2046 1488 1
2989 2324 3840 1606 1
1856 1986 1488 3671 1
3409 2893 2748 2526 1
2450 1532 1397 1506 1
2201 1439 1609 3841 1
2011 1281 1325 1345 1
3626 191 1516 179 1
1391 1613 1439 1396 1
1516 1707 179 191 1
1535 202 1542 3144 1
1396 1613 1439 3842 1
1594 1516 1707 2888 1
3626 1516 1594 3481 1
1491 1918 1761 1476 1
991 1195 1059 2488 1
991 1059 1195 1064 1
1619 278 3152 296 1
1619 3174 278 296 1
2171 1761 1647 1711 1
2373 894 792 959 1
3152 296 278 339 1
296 278 339 1950 1
296 278 1950 3174 1
2373 855 894 959 1
2237 1458 1856 1538 1
3765 869 855 717 1
1711 2171 2524 1647 1
302 281 1760 2208 1
192 3351 2315 149 1
192 2315 212 149 1
2604 1497 148 1622 1
252 3878 1517 3506 1
212 167 149 2315 1
360 1517 314 2128 1
1946 260 1517 2176 1
314 1517 3878 2128 1
76 110 1518 1581 1
1328 1518 3463 76 1
110 1518 123 1632 1
3000 893 797 868 1
1328 1518 1632 123 1
404 441 342 463 1
459 463 342 441 1
645 2827 578 2489 1
748 836 1446 860 1
1580 1522 1660 1497 1
1446 956 940 860 1
107 1518 124 1978 1
1446 836 808 926 1
1007 940 3885 956 1
1003 2030 1034 1044 1
1540 1912 119 1374 1
2503 2059 1519 1983 1
2135 1983 2503 1519 1
200 1798 204 1434 1
3843 496 2200 1690 1
3843 2200 2242 1690 1
3843 2242 2200 395 1
3843 2200 496 395 1
114 119 1419 3856 1
1283 1428 1459 1340 1
1434 2001 1798 204 1
1798 201 200 204 1
2094 1305 1362 1498 1
3168 1481 2862 1360 1
3856 1620 1374 209 1
3168 3801 1481 1360 1
1515 2794 3406 2674 1
1515 2794 85 3406 1
3406 3884 85 1515 1
3181 1515 3884 3406 1
3181 2674 1515 3406 1
1483 1511 1834 1524 1
1103 1052 1047 1157 1
1483 1834 1485 1524 1
1496 1350 1323 1482 1
1834 1524 1511 1509 1
719 803 772 785 1
665 719 657 721 1
665 2890 719 727 1
665 795 711 727 1
2026 2097 3832 2130 1
665 727 719 795 1
2507 714 2690 1375 1
596 657 1816 590 1
426 1292 2357 520 1
1935 1588 1178 1115 1
1588 1178 3539 1935 1
1588 1178 1115 1037 1
1376 1045 1174 1076 1
1126 1376 1137 1100 1
1376 870 852 961 1
1397 1491 1526 1476 1
2171 1476 1397 1526 1
1707 191 1516 1895 1
1511 1491 1526 1397 1
2729 191 2093 1516 1
2171 1532 2524 1647 1
1711 3858 1761 3859 1
1516 3626 2729 191 1
191 2093 1516 1895 1
1856 1466 2046 2048 1
1378 1361 2022 3859 1
1494 1527 1571 1703 1
1283 1427 1363 3862 1
1494 1527 2618 1571 1
1527 21 1571 1703 1
1611 2329 912 917 1
2618 1527 2293 1571 1
2438 912 1611 2329 1
2171 1397 1532 1526 1
2519 2171 1397 1532 1
1441 1281 2011 1345 1
1521 3856 209 1620 1
2519 1397 2450 1532 1
1521 114 3856 119 1
1538 1466 1856 2048 1
1471 2450 2368 1821 1
2368 1406 1471 1821 1
772 803 2687 2395 1
803 1656 2687 2395 1
44 114 2804 113 1
3554 2804 113 44 1
113 44 2958 3554 1
2699 2099 1293 717 1
717 2099 1293 2813 1
777 973 1628 771 1
2371 23 1891 2524 1
1391 1716 1868 1396 1
8 9 2 1531 1
8 2788 1531 2414 1
2651 1007 2583 1054 1
3272 1098 1097 1003 1
1163 1267 1230 1260 1
3113 2218 2990 1010 1
1043 1077 1599 1163 1
1163 1139 1190 1267 1
1281 1320 1887 1345 1
1163 1190 1230 1267 1
3113 2990 2845 1010 1
2239 544 2078 2003 1
1290 2239 2399 700 1
2524 1891 2371 2293 1
2293 2371 1461 1571 1
2239 544 509 2078 1
1489 2414 1531 2788 1
1647 2371 1461 2293 1
1489 2414 1939 1531 1
3650 560 2476 2020 1
2371 1891 1571 2293 1
600 704 1288 695 1
526 605 600 602 1
600 569 605 488 1
600 686 605 569 1
600 602 605 675 1
1624 324 2242 265 1
600 605 686 733 1
1624 257 324 265 1
1602 650 671 744 1
3833 650 658 614 1
2719 2292 607 2802 1
750 1924 3765 3770 1
1460 3878 205 211 1
3878 205 211 1684 1
855 869 980 981 1
544 524 2019 2003 1
855 717 869 752 1
2664 2719 2809 2240 1
855 980 869 894 1
1047 1157 1366 1008 1
1157 1008 1047 1103 1
2289 2099 3765 1534 1
3086 2124 1769 1753 1
1598 1547 1982 3802 1
2884 3015 1769 913 1
720 739 793 699 1
739 3086 699 720 1
3086 720 628 699 1
2503 1466 1538 2048 1
2185 1475 1397 1750 1
2124 1753 2037 1769 1
2185 1921 1750 1397 1
720 793 739 1415 1
1475 1397 1480 2185 1
3086 699 628 592 1
1496 1839 1482 1533 1
1533 1858 1839 2155 1
2185 1397 1480 2450 1
1753 1290 2124 2037 1
1839 2155 1482 1533 1
212 167 2315 1554 1
212 167 1554 3008 1
2884 770 1769 3015 1
1539 1485 1634 2293 1
1539 1485 1487 1634 1
2453 1457 1412 1411 1
1415 1769 720 912 1
1769 1415 770 2884 1
772 2687 906 2395 1
1753 2037 700 1290 1
1742 1510 2519 3675 1
167 1554 3008 1333 1
167 2315 1554 1739 1
2687 1656 906 2395 1
1510 1377 2519 3675 1
284 312 1840 231 1
1194 1073 1138 1040 1
1138 1040 1073 995 1
1194 1228 3329 1306 1
1194 1073 1040 1306 1
1194 1119 1073 1306 1
1821 2368 2474 2450 1
1424 1392 1474 1309 1
594 2080 1286 2225 1
1283 1403 3487 1401 1
1140 2272 1053 2960 1
1283 1459 1651 1401 1
3732 1751 1572 2766 1
2134 2960 1053 1576 1
1340 1459 1283 1401 1
1613 1396 2993 3842 1
1396 1391 1613 1868 1
1613 1396 1868 2993 1
282 285 331 234 1
331 2014 285 282 1
331 282 234 340 1
282 331 2014 340 1
785 823 990 992 1
3168 1600 2862 1481 1
2862 1481 3802 1360 1
1544 2366 3083 3671 1
32 2257 2374 1606 1
1544 2366 2836 3083 1
32 2211 2374 2257 1
1571 3182 3847 1891 1
1688 2200 395 496 1
1940 2200 395 1688 1
395 1688 500 509 1
395 496 500 1688 1
3168 3801 1600 1481 1
2960 2272 1053 1576 1
1429 1464 1340 1921 1
2406 1759 1915 728 1
1940 1688 395 2528 1
659 2360 746 794 1
659 776 673 2390 1
659 859 2360 794 1
1688 509 395 2528 1
659 859 776 2360 1
640 2209 677 776 1
811 810 768 878 1
829 951 804 678 1
804 684 829 678 1
342 463 2321 404 1
459 487 463 441 1
1690 563 600 488 1
1950 289 339 2726 1
1690 563 1777 1288 1
1950 339 3322 2726 1
254 289 1950 2726 1
1425 15 1342 1281 1
1707 1516 1334 1895 1
352 358 356 307 1
1540 1620 209 1374 1
1798 1912 1540 1374 1
1912 1374 1798 3065 1
851 872 763 875 1
851 875 763 848 1
2669 1516 2093 1334 1
3556 3626 2729 1516 1
1516 2093 1334 1895 1
2146 2142 3189 3809 1
1634 1636 1494 2836 1
2272 2960 1140 1995 1
1523 1349 1917 1550 1
2046 1349 1523 1520 1
3832 2026 1282 2097 1
1447 781 864 908 1
1478 1513 1493 1834 1
1478 1493 1512 1834 1
2046 1349 2049 1523 1
1603 1339 1441 1346 1
1378 25 1781 1550 1
1734 2405 1537 3594 1
1580 1552 1622 1660 1
3463 1552 1712 137 1
137 1552 3594 3463 1
1622 1580 1763 1552 1
2194 327 1543 371 1
1909 1553 1783 1579 1
1687 1909 1553 1783 1
2898 1687 1553 1783 1
1550 25 1781 2269 1
288 3898 1683 309 1
3898 288 271 309 1
3899 288 271 3898 1
2748 3409 2526 3870 1
288 3898 3899 1683 1
381 441 1614 466 1
1614 441 404 466 1
466 1614 1727 404 1
381 1614 1727 466 1
458 1732 393 390 1
458 474 456 390 1
458 393 474 390 1
1785 1348 1463 1493 1
3053 2388 1545 1561 1
2388 38 1545 1561 1
3053 1818 1545 1587 1
2398 3637 3667 3399 1
1531 1939 1708 2414 1
107 96 2604 1522 1
2499 920 1764 814 1
999 1065 1662 1764 1
2162 1914 436 1287 1
1468 1479 1556 1465 1
1479 1556 1465 1487 1
1409 2947 1250 1548 1
1487 1556 20 1485 1
20 1485 1556 1866 1
1468 1834 1473 1556 1
746 929 1064 794 1
1064 794 892 746 1
1064 929 746 1915 1
1064 1915 746 892 1
1512 1478 1834 1866 1
1473 1834 1513 1478 1
1478 1556 1834 1866 1
1473 1834 1478 1556 1
1475 1480 1511 1483 1
1480 1506 1511 1524 1
1483 1480 1511 1524 1
279 248 1853 1551 1
279 2332 1551 233 1
279 2435 248 1551 1
279 1551 2044 2435 1
279 1551 2332 2044 1
2066 1629 1286 2139 1
1466 1785 1493 1472 1
508 1584 527 433 1
1584 508 1743 433 1
2066 529 1286 1629 1
516 1584 433 527 1
2139 1629 651 1589 1
1589 1629 651 529 1
2066 1629 2139 1589 1
1290 1743 433 1584 1
516 433 1584 1290 1
912 1611 995 2438 1
1611 912 995 917 1
1509 1524 1506 1461 1
2618 2293 1461 1571 1
1283 1310 1340 1427 1
1283 1427 1364 1363 1
3363 3761 3164 3817 1
3072 3363 3164 2567 1
1008 1157 1366 3531 1
1157 3531 1008 1103 1
1493 1478 2048 1466 1
786 1000 737 885 1
881 1000 885 737 1
3603 1384 1389 2033 1
1472 1493 1466 1478 1
1489 1689 1309 1508 1
1538 2237 1862 1547 1
1544 2836 1636 3083 1
1544 1636 2836 1494 1
1773 1562 3547 137 1
1435 1440 3862 1775 1
2862 2237 1547 1481 1
2033 2929 3798 3062 1
2862 2237 1538 1547 1
1562 2817 1734 2422 1
1773 1563 188 148 1
3302 1773 1563 188 1
1564 115 129 1300 1
2263 1564 1894 1558 1
2263 1558 1894 1798 1
1636 2836 2781 3083 1
1902 1611 917 2329 1
917 1611 1902 834 1
2134 1058 1053 2797 1
1716 1507 1783 1323 1
1441 18 19 1281 1
1432 1441 18 19 1
1716 1909 1687 1783 1
1355 1441 2025 18 1
1687 1909 2985 1553 1
1687 1285 1909 1716 1
2985 1285 1909 1687 1
1408 1513 1467 1473 1
1473 1513 1467 1478 1
1408 1467 1513 2043 1
1072 904 1102 1567 1
1072 1168 1567 3203 1
2272 1943 1166 1568 1
1166 1943 1276 1568 1
1568 2272 1116 1166 1
2111 1720 2587 1674 1
1720 3569 2587 1674 1
2999 3569 1720 1674 1
1703 1636 1544 1494 1
1544 1494 1986 1703 1
2164 39 1561 1754 1
1625 1799 1754 39 1
1799 39 2164 1754 1
3785 1183 992 1410 1
1564 1434 1894 1558 1
3785 1409 1183 1410 1
454 1559 571 461 1
3785 1368 1409 1410 1
454 2221 2479 1559 1
1409 1183 2947 1548 1
2888 1516 1707 179 1
2000 1791 404 1597 1
3626 1516 3481 179 1
2000 1597 404 1830 1
1092 2395 1656 2685 1
1830 404 2200 1597 1
1183 992 1112 3785 1
3785 1368 992 1112 1
1250 983 3419 1175 1
2888 3481 1516 179 1
2414 1708 3 7 1
2414 1936 1708 7 1
1618 3026 1573 2597 1
1718 336 268 2176 1
1718 336 2926 268 1
336 2926 268 2208 1
1650 2500 1533 1930 1
1650 1930 1533 1560 1
336 268 2176 2208 1
1554 1546 1790 210 1
210 1790 1554 2315 1
1058 2134 1576 840 1
3545 1576 840 1058 1
2094 3861 1498 2025 1
3861 1345 1281 1441 1
1425 1441 19 1281 1
29 2718 2188 2780 1
3008 1546 1554 210 1
594 667 2139 748 1
1408 1513 1834 2043 1
1703 1571 2022 3847 1
1866 1485 1834 2618 1
1485 1524 1834 2618 1
1834 1524 1509 2618 1
1834 2618 1509 1512 1
1866 2618 1834 1512 1
1652 1565 1770 1919 1
1939 1936 1708 2414 1
2046 1488 1523 1856 1
1861 1285 1687 1720 1
1856 1488 1523 3647 1
3647 3671 1856 1488 1
2216 1951 344 1784 1
299 1951 344 2216 1
1569 76 1704 1581 1
299 344 1847 273 1
2162 1914 654 1700 1
1287 2162 654 691 1
2162 654 1914 1287 1
2926 2149 2195 322 1
1868 1716 1285 1396 1
3712 143 3864 165 1
1868 1396 1285 2993 1
1747 2926 2009 322 1
2926 2195 2009 322 1
3827 1528 1205 1181 1
322 2926 295 1747 1
1687 1801 1861 1720 1
2749 535 2149 1914 1
1270 1020 1002 1181 1
1720 1861 1285 2587 1
2749 1914 587 535 1
1270 1002 1236 1147 1
1529 1069 923 1012 1
1529 896 905 1012 1
1529 896 1076 941 1
193 215 177 1664 1
1254 1246 1035 1177 1
1254 1019 1177 1035 1
1254 1133 1019 948 1
1467 1478 24 1473 1
1585 1542 1535 1657 1
2625 1018 2389 1114 1
2625 3221 1018 1114 1
1585 1535 195 1657 1
318 385 378 360 1
336 378 360 318 1
1614 342 404 441 1
3325 2215 2719 2400 1
2664 2719 3325 2809 1
2019 1574 2194 396 1
2602 2215 1574 485 1
2003 1574 2019 2082 1
774 2865 797 868 1
774 741 868 827 1
2557 1414 1395 1873 1
996 1002 1147 1236 1
212 1554 2315 210 1
962 1124 980 1094 1
1386 311 1298 369 1
1094 1173 3263 1124 1
3263 962 1094 1124 1
906 816 2539 776 1
673 772 906 800 1
212 1554 210 3008 1
1613 2868 2257 2550 1
1649 750 894 2564 1
1534 750 1649 2564 1
1539 1483 1485 2293 1
1594 1334 1707 1516 1
1539 1483 1487 1485 1
1322 1752 1575 1839 1
1712 3463 137 1518 1
1575 1322 1839 1482 1
3626 3556 1594 1516 1
2888 1594 1516 3481 1
936 1087 1134 1582 1
1935 1115 3375 2692 1
774 868 797 839 1
115 1564 2263 1558 1
426 382 417 430 1
1551 1853 3899 248 1
115 1564 129 2263 1
1551 248 3899 2435 1
115 1558 2263 1912 1
115 1912 2263 1923 1
1760 2353 493 2225 1
219 1577 3183 232 1
2595 1155 1066 941 1
1529 905 896 941 1
493 3756 1760 2225 1
419 1578 486 472 1
419 1578 373 436 1
419 436 486 1578 1
1909 1579 1507 1321 1
1909 1579 1321 2705 1
2435 3899 288 248 1
3049 1600 1609 3102 1
1608 1588 1037 1178 1
448 1683 2397 458 1
2397 413 448 458 1
3229 242 1460 221 1
1619 296 2282 1876 1
3030 1333 1876 1619 1
448 1683 383 2397 1
221 242 1460 281 1
383 413 3750 357 1
1608 1037 3320 1178 1
221 302 242 281 1
302 242 281 2208 1
1552 2379 2004 1592 1
2004 2379 2574 1592 1
1795 2670 1976 1725 1
2581 1725 1795 1976 1
1725 679 2581 2730 1
1479 1475 1483 1929 1
2670 679 1725 2323 1
3675 2450 1821 2474 1
3229 1460 182 203 1
3675 2524 2450 2474 1
182 211 3607 203 1
3492 1402 1340 1401 1
906 1086 938 922 1
1086 906 938 1656 1
1086 1656 938 2073 1
1760 281 2029 2208 1
1760 356 2029 281 1
2926 2208 2029 281 1
855 752 1977 861 1
1977 752 902 861 1
2231 1594 3556 1334 1
318 2361 360 314 1
2361 385 318 360 1
1728 976 1803 1112 1
3834 1013 1178 1102 1
1092 1112 1237 1728 1
1013 3834 3375 879 1
3834 1013 3805 1178 1
1728 1803 1092 1112 1
1186 1728 1237 1112 1
1186 976 1728 1112 1
1013 3834 3805 3375 1
3834 879 1013 1102 1
69 2501 1723 3518 1
3884 85 1595 87 1
1595 3884 87 70 1
2361 318 3570 314 1
1968 462 436 358 1
436 1968 1914 462 1
2034 1586 2465 324 1
287 1586 324 2465 1
1968 436 2149 358 1
2149 1968 1914 436 1
1067 1038 1080 1153 1
2066 1589 1501 3473 1
1589 2139 2066 1501 1
2066 1589 3473 562 1
1611 1009 917 995 1
1067 1000 1038 1153 1
885 1038 1080 1067 1
885 1067 1000 1038 1
834 917 1611 1009 1
1664 1771 215 3087 1
719 2687 909 2507 1
2687 719 2089 2507 1
909 2687 719 803 1
336 378 318 3088 1
1954 3895 2634 1724 1
2091 1724 1594 2634 1
1390 151 179 3626 1
412 392 1678 366 1
412 1678 392 483 1
3898 1732 458 390 1
763 872 744 2141 1
763 2141 1971 844 1
2869 3021 902 2141 1
1486 1390 3816 2729 1
1971 2141 902 844 1
3898 456 390 458 1
1678 468 392 483 1
3898 2367 2265 390 1
3898 456 2367 390 1
3194 390 3898 2265 1
1489 1689 1508 1316 1
3861 1345 1441 1603 1
1736 3782 679 2323 1
2670 1736 679 2323 1
1736 2090 2670 1890 1
3898 345 1732 390 1
345 390 3898 3194 1
1041 1628 1032 911 1
1032 1041 1091 1628 1
1041 1095 911 1032 1
244 198 1443 3246 1
1736 762 2090 1890 1
1204 1091 1032 1041 1
1041 1204 1095 1032 1
1396 1439 3841 3842 1
2201 3841 2646 1396 1
3895 1724 2091 2634 1
1396 1439 2201 3841 1
3842 3836 3841 1396 1
2646 3841 3836 1396 1
3246 244 3279 1443 1
3824 2926 2726 1658 1
1898 198 244 3246 1
3825 193 1664 215 1
803 909 2687 1656 1
1789 1643 1635 359 1
1789 2007 1643 359 1
289 339 346 325 1
250 346 325 289 1
3825 1771 215 1664 1
1220 2394 1067 2314 1
3246 1898 3279 244 1
3825 193 215 263 1
1381 1283 1420 1925 1
3825 233 263 215 1
1436 1283 1925 1420 1
1420 1403 1283 1381 1
1420 1435 1352 1283 1
1403 1435 1420 1283 1
2007 2200 1643 1597 1
1893 2916 2271 505 1
1649 894 3765 869 1
277 313 1601 286 1
286 277 2384 1601 1
313 286 2860 1601 1
2575 2271 461 505 1
800 859 794 972 1
1893 2271 1765 505 1
800 859 972 906 1
776 659 673 859 1
776 859 673 906 1
3833 1602 744 650 1
662 3833 1602 747 1
2248 1735 1157 1047 1
800 673 859 906 1
2575 1765 2271 505 1
728 3057 761 645 1
1915 710 728 746 1
3120 685 710 624 1
273 3132 344 1847 1
2916 461 2271 505 1
2048 1986 1494 1449 1
2048 1494 1986 2366 1
3132 321 273 344 1
2379 1604 2574 1592 1
1552 2379 1592 1604 1
1630 2932 3129 1730 1
240 1964 1605 245 1
1940 245 2253 1605 1
1604 2379 1660 1552 1
1660 1788 2379 1604 1
3848 240 218 1964 1
1979 1116 1536 1266 1
1276 1979 1166 1568 1
1979 1116 1568 1536 1
2177 1070 803 2630 1
1276 1536 1979 1568 1
1868 2211 1613 2868 1
1511 1524 1506 1509 1
1613 2211 2257 2868 1
1674 1396 1804 2587 1
1858 1396 1804 1674 1
2499 2378 3758 2182 1
2499 1065 2378 2182 1
3782 615 676 2055 1
615 676 629 3782 1
299 2216 344 273 1
3556 1334 1594 1516 1
371 2019 312 2455 1
2277 32 1755 1981 1
2277 32 1606 1755 1
2019 1857 312 2455 1
1802 614 3771 1642 1
1642 614 3771 650 1
2699 568 2081 3771 1
403 466 1635 467 1
1509 1491 1526 1511 1
466 467 2037 1635 1
1509 1506 1511 1526 1
2124 1635 466 2037 1
1610 328 3763 3098 1
1396 1716 2111 1496 1
1396 1533 1496 2111 1
2438 995 886 778 1
2111 1285 1716 1396 1
2111 1396 2587 1285 1
2111 1396 1674 2587 1
2111 1674 1396 1533 1
1610 320 357 2497 1
778 2438 1611 2329 1
3750 320 357 1610 1
3899 320 1610 3763 1
2438 1611 995 778 1
778 2814 2438 2329 1
2656 162 216 225 1
1610 3899 3750 320 1
102 2131 1612 71 1
102 71 1612 1706 1
3384 162 2656 225 1
2667 3469 2707 2858 1
2234 3891 3181 2313 1
2313 3891 175 3642 1
2926 2012 2195 2149 1
2012 453 2195 2149 1
2029 2012 2926 2149 1
3856 119 1374 1620 1
1521 3856 1620 119 1
1925 1426 1420 1381 1
1540 119 1620 1374 1
2338 804 920 2378 1
3650 687 622 634 1
1616 2378 2338 920 1
2338 920 2346 1616 1
2048 1856 2366 1986 1
1856 1986 3671 2366 1
1856 2366 1538 2048 1
1120 3026 3558 1823 1
1538 2366 1856 2862 1
2862 2366 1856 3671 1
1538 1547 1862 1598 1
1907 1872 1846 253 1
320 1846 1907 3899 1
1598 1862 1538 2503 1
1619 2282 296 3152 1
1907 1872 3899 1846 1
2862 1547 1538 1598 1
881 2102 894 737 1
737 894 881 916 1
1506 1397 1511 1526 1
1506 1532 1397 1526 1
808 787 667 783 1
880 783 787 808 1
1501 783 808 667 1
1566 783 808 1501 1
964 783 880 808 1
1621 3463 1518 76 1
1530 1962 1627 1329 1
964 783 808 1566 1
1749 1628 1032 825 1
1621 1518 1581 76 1
1869 825 771 1628 1
1749 1869 1628 825 1
1877 2346 3581 920 1
68 124 1581 1518 1
2010 3581 2963 920 1
3113 920 1877 3581 1
3581 2346 2963 920 1
3113 3581 2010 920 1
2000 342 404 1614 1
428 1286 529 1629 1
476 1629 1692 616 1
1622 1552 137 1712 1
499 428 1629 476 1
1861 3708 2587 3569 1
3569 1911 3708 2040 1
1773 148 188 202 1
3286 1911 3708 3569 1
1773 3318 1563 148 1
1622 137 148 2604 1
1032 1628 1091 825 1
1734 2405 1622 2422 1
973 825 1091 1628 1
973 771 825 1628 1
3569 3708 2587 2040 1
1773 168 3302 2228 1
1622 148 137 2422 1
1622 137 2604 1712 1
3286 3708 1861 3569 1
1909 1626 1553 1579 1
524 468 567 555 1
1909 1626 1579 2442 1
1340 1921 3863 1310 1
1340 1433 1921 1310 1
1630 2511 3212 3129 1
2873 3671 3346 1488 1
1866 20 1634 2224 1
1592 1630 140 3594 1
1635 1777 466 1643 1
1635 2124 466 1777 1
2399 750 2564 757 1
1630 3153 3212 2511 1
757 2399 750 1949 1
722 3101 3402 1637 1
823 982 990 976 1
1630 3153 2511 3594 1
1494 2224 1866 1634 1
2399 2564 750 1534 1
1634 2460 2224 20 1
2245 2132 3223 2522 1
2399 1534 750 1949 1
1494 1634 2836 2224 1
295 2149 2926 322 1
2403 2873 3346 1488 1
295 2029 2926 2149 1
295 2149 322 358 1
295 2029 2149 358 1
3421 3181 125 3884 1
3895 125 3421 3181 1
2072 1730 3550 2828 1
1630 1730 2072 2828 1
1631 1623 110 123 1
2200 324 1680 265 1
1940 1680 265 2200 1
870 2090 1022 754 1
1082 2090 1022 870 1
870 762 2090 754 1
3498 2090 870 762 1
3498 1082 870 2090 1
3318 110 123 1631 1
1703 21 1571 3847 1
2482 2873 2311 1703 1
1544 2836 2366 1494 1
287 257 1973 324 1
2537 2252 2388 2183 1
270 1973 257 324 1
37 3053 2349 2388 1
717 2699 2886 752 1
1922 1632 1324 2577 1
110 1518 1632 76 1
1642 2002 571 568 1
2230 485 1993 480 1
568 1642 444 2081 1
1340 1456 3492 1357 1
1328 1518 76 1632 1
1632 76 1328 2445 1
973 1766 1041 1145 1
973 1041 1091 1145 1
777 1766 1041 973 1
1396 1350 1495 1496 1
777 973 1041 1628 1
1041 973 1091 1628 1
1940 265 1648 245 1
2978 2253 1940 1648 1
256 245 1648 265 1
3585 2443 3137 330 1
2102 1649 894 2564 1
1534 1649 1970 2564 1
1764 1673 2378 1065 1
1395 2733 1649 1666 1
2289 1666 3275 1649 1
1534 2289 1970 1649 1
2939 2703 3123 2883 1
3441 3404 2378 3882 1
2356 3788 3417 2255 1
3579 1442 1443 1607 1
3417 2356 2255 2853 1
1443 198 1607 1442 1
1607 3579 1442 3350 1
2053 1379 2155 1930 1
2053 2278 2155 1379 1
289 2054 1950 278 1
1691 168 3302 1773 1
250 2054 289 278 1
250 3513 289 2054 1
1074 966 2258 1654 1
1404 1029 1055 1142 1
1404 1029 804 1055 1
1867 1924 1949 750 1
1396 1495 1716 1496 1
1495 1716 1391 1396 1
2146 133 2142 3206 1
653 564 638 683 1
705 736 1452 683 1
705 854 934 901 1
598 668 729 718 1
683 736 653 681 1
1551 1853 233 1653 1
1653 3287 2332 347 1
1551 2332 1653 233 1
1653 1853 3899 1551 1
1653 320 2663 3369 1
385 422 394 473 1
3899 1853 1653 320 1
489 422 1289 493 1
445 422 360 385 1
1814 422 445 493 1
1814 2353 422 493 1
2268 857 759 690 1
759 889 833 857 1
759 833 889 778 1
953 966 1050 1654 1
717 2699 2289 2886 1
889 857 2268 834 1
2268 701 834 857 1
2099 2699 2289 717 1
2268 759 889 778 1
2347 2646 3836 1655 1
193 1664 177 2585 1
177 3143 2585 1664 1
1199 1087 1074 1050 1
2289 717 2886 869 1
1050 1074 966 1087 1
1818 1545 1984 1561 1
2646 1804 1655 1897 1
3053 1545 1818 1561 1
1818 1984 1754 1561 1
1404 1142 1055 3758 1
1055 3758 2378 1404 1
1396 3836 1370 1371 1
2685 3446 3831 1070 1
1404 1055 804 2378 1
1561 2847 1754 1818 1
2847 1561 3053 1818 1
1935 1248 1588 1115 1
1762 1396 2401 1371 1
1248 1588 3539 1935 1
1248 1588 1115 1037 1
3605 336 1946 318 1
2916 1375 442 512 1
1355 1498 2025 2094 1
2416 1375 442 2916 1
1954 3895 1724 3894 1
3895 3421 162 3894 1
2265 225 2531 293 1
2265 293 2531 2367 1
2265 3200 293 3898 1
2265 3898 293 2367 1
1724 3895 162 3894 1
1954 2313 3895 3894 1
3895 3421 3894 2313 1
3750 383 1683 2397 1
1645 965 1116 2272 1
3750 2397 1683 3898 1
718 763 851 775 1
1531 1504 4 1939 1
775 718 763 688 1
1316 1508 3860 2936 1
3898 293 271 3200 1
511 525 456 542 1
1407 1349 1917 2049 1
1609 2049 1407 1917 1
3785 1233 1368 1112 1
3899 3200 271 246 1
1645 2272 1116 1568 1
1568 1116 1645 1536 1
1533 1858 2987 1674 1
1645 2735 1536 1116 1
1410 1175 1250 3419 1
1503 1253 1175 1111 1
1410 1175 1503 1849 1
2735 1645 965 1116 1
1674 1858 1396 1533 1
1409 1233 1183 1548 1
240 284 332 218 1
284 1840 2420 332 1
218 284 332 231 1
1644 1905 1319 2936 1
2420 284 332 240 1
1409 3785 1233 1368 1
1409 1368 1233 1849 1
1409 1250 1410 1849 1
1344 1508 1316 2936 1
1526 1647 1761 1461 1
1003 1904 3060 926 1
1506 1647 1461 2293 1
1659 273 2216 2093 1
763 1006 2141 844 1
2171 1526 1647 1761 1
1373 846 1745 893 1
1659 273 3604 2216 1
1533 1560 1477 1650 1
1857 332 231 1681 1
691 1749 1869 783 1
1857 231 1840 312 1
1801 1650 1477 2898 1
2733 894 1649 869 1
269 231 1857 2455 1
2455 231 1857 312 1
2733 1666 1945 869 1
748 740 836 1668 1
836 956 860 1668 1
748 1668 836 860 1
333 2688 371 1669 1
269 1857 231 1681 1
1669 2479 2650 333 1
2093 273 2216 299 1
1801 1650 2898 3288 1
1140 1176 1209 1827 1
1407 1350 1917 1349 1
1827 1705 1176 1209 1
3288 1801 1650 3353 1
348 1828 3330 375 1
348 1828 375 2710 1
1227 969 3852 1652 1
1585 1542 1657 268 1
1585 1657 1665 268 1
211 1657 268 3879 1
2687 909 906 1656 1
906 938 909 2322 1
1657 3879 1665 268 1
1657 1542 202 268 1
1971 668 744 763 1
906 909 938 1656 1
1765 668 763 729 1
668 1765 763 1971 1
2459 282 2014 1833 1
2687 2322 906 909 1
1634 2293 1485 2618 1
3039 3252 1815 33 1
3621 33 1815 3252 1
1833 282 2014 2242 1
3066 33 1815 3285 1
3486 1283 1435 1403 1
3118 1825 1420 1400 1
1929 1483 1487 1539 1
2265 225 293 3200 1
3200 293 271 225 1
3285 33 1815 3621 1
3039 1815 3066 33 1
3200 225 271 246 1
1697 2886 869 1945 1
2886 752 1697 869 1
1697 1945 869 962 1
1697 752 2508 869 1
962 1697 2508 869 1
1798 3065 1699 2686 1
1702 2888 2686 1699 1
1798 1699 1707 2250 1
2250 2888 1699 1707 1
2227 1961 627 1893 1
3837 2993 1396 3842 1
1893 2271 1961 627 1
3837 1371 1396 2993 1
2987 1858 3328 1674 1
2916 2271 1961 1893 1
1923 1851 115 1912 1
115 1923 2154 1851 1
196 206 271 222 1
2227 1893 2916 1961 1
886 2438 997 995 1
1453 354 335 291 1
1453 309 354 291 1
556 451 502 578 1
2524 2371 1647 2293 1
2524 2450 1891 2293 1
1659 3604 2830 2639 1
780 693 2518 782 1
842 928 832 882 1
192 2178 240 229 1
1818 1754 1399 1843 1
17 1641 18 16 1
15 1641 17 16 1
376 363 351 2716 1
2464 1659 2830 2639 1
2669 1659 2216 2093 1
1506 2524 1647 2293 1
2524 2474 1891 2450 1
2450 2293 2524 1506 1
376 354 1453 363 1
376 354 2614 335 1
1322 1752 1839 1550 1
2804 114 44 93 1
1839 1550 1284 1917 1
107 1522 2604 1660 1
2770 1522 1660 3684 1
1660 1712 2604 107 1
1857 468 369 1678 1
1681 369 1678 1857 1
369 392 1678 468 1
1090 1679 2437 1766 1
1633 777 801 1679 1
2076 1382 2017 26 1
1633 1679 1733 777 1
1766 1679 1041 1090 1
911 2494 1041 1733 1
1398 1382 2017 2076 1
1940 265 1680 1648 1
256 1648 1680 265 1
265 1680 270 324 1
1350 1391 1407 1396 1
1065 3467 999 1662 1
1866 1634 1485 2618 1
20 1634 1485 1866 1
774 2199 741 827 1
1494 1866 2618 1634 1
3819 2182 1151 1751 1
2697 1757 1795 1725 1
1873 1395 607 1414 1
1795 2670 1725 1757 1
672 1873 2199 2275 1
1873 2275 1395 741 1
3819 1255 1751 1151 1
1098 1210 1187 3284 1
1815 2277 2667 2700 1
1098 1187 1097 3060 1
3284 1150 1240 1187 1
3050 2277 2667 1815 1
3284 1187 3259 1150 1
314 3878 1517 252 1
336 1946 1517 2176 1
1815 2667 3050 3621 1
3295 2667 1815 3621 1
1585 1657 195 1665 1
281 272 307 334 1
1815 2700 2667 3295 1
550 601 1869 656 1
1661 2794 1515 2674 1
1959 1869 656 550 1
3181 2674 1661 1515 1
1657 3879 3313 1665 1
600 686 563 704 1
3879 217 3313 1665 1
600 686 704 695 1
1661 2340 2794 2674 1
1332 300 1847 1681 1
1346 2094 3861 1305 1
1288 704 563 2056 1
628 1777 563 2900 1
1305 3861 1498 2094 1
1346 1282 2094 1305 1
704 639 2900 699 1
628 2124 2900 720 1
2898 1553 2874 1783 1
1288 704 600 563 1
2926 1969 361 1658 1
1415 813 877 912 1
1510 1377 3675 1957 1
3647 1856 1848 1523 1
1696 1510 3675 1957 1
912 1025 2884 913 1
1415 877 1025 912 1
1415 720 813 912 1
739 720 1769 3086 1
1800 3533 3022 2260 1
892 773 2496 769 1
1719 799 951 925 1
1719 799 620 951 1
1840 2078 2796 1948 1
2237 1458 1538 24 1
1538 2237 24 1862 1
763 2141 744 1971 1
1456 3863 1530 1329 1
1997 1530 1921 3863 1
2869 2141 902 1971 1
1989 1392 1474 15 1
2024 1948 2420 2796 1
1685 1531 6 9 1
1531 5 6 2 1
2420 1840 2796 1948 1
2 1531 9 6 1
2024 1948 2796 375 1
1948 2078 2796 375 1
1287 2149 1994 535 1
2149 535 453 1994 1
1057 1172 952 924 1
1057 1172 924 1109 1
1441 1307 18 1355 1
1432 1441 1307 18 1
1057 952 892 924 1
1109 924 1057 892 1
503 433 418 420 1
3008 194 226 1624 1
503 418 433 527 1
494 527 418 503 1
2282 226 1624 3008 1
2282 2242 1624 1833 1
2531 225 199 304 1
225 304 293 294 1
304 294 225 199 1
2531 293 225 304 1
1673 3124 2750 2337 1
582 1692 499 1629 1
3124 2601 3739 1673 1
947 1128 900 960 1
2617 1062 3040 1117 1
947 900 838 885 1
168 2228 1773 1295 1
611 604 683 490 1
490 2404 2238 705 1
604 490 705 683 1
705 643 2238 490 1
490 705 683 2404 1
705 643 490 604 1
1773 1535 1955 3547 1
3014 119 1419 114 1
125 114 2747 162 1
1419 114 3856 162 1
3896 2092 1677 53 1
1586 340 282 1698 1
1698 340 1690 2465 1
1698 340 2465 1586 1
1698 340 282 2014 1
1698 340 2014 1690 1
750 3765 1924 1534 1
2802 2240 2719 2664 1
1534 3765 1924 2099 1
1700 654 783 667 1
1700 1914 654 587 1
1571 3182 1701 3847 1
1701 2084 3847 3182 1
1361 3182 2084 1701 1
2796 396 2078 2019 1
1840 2796 2078 2019 1
1801 2111 1650 1720 1
3819 1151 2182 1065 1
3819 2182 1751 2766 1
3355 278 3030 3349 1
1479 1556 1487 1483 1
2796 2078 396 375 1
1452 683 604 705 1
1483 1556 1487 1485 1
1452 611 604 683 1
278 3030 1546 3355 1
3030 3563 1546 3355 1
3030 2896 3563 3355 1
1356 1435 1500 2312 1
1435 3862 1500 1671 1
2896 3355 3030 3349 1
1727 1614 1791 404 1
847 950 1037 1013 1
847 1013 815 950 1
1140 1176 1827 1568 1
1736 1890 2670 679 1
1795 2670 1890 1976 1
1795 1890 1313 1976 1
381 1791 359 1727 1
2277 1755 1900 1981 1
1791 1727 404 1643 1
403 1635 1727 359 1
1635 1643 1727 359 1
381 1727 359 403 1
603 692 760 798 1
3468 2213 72 101 1
1760 3756 1286 2225 1
3545 2272 2786 1576 1
493 3756 2981 1760 1
2272 2960 965 2786 1
1116 965 2786 2272 1
3342 1938 138 1682 1
1116 2786 3545 2272 1
2786 2272 2960 1576 1
1818 1754 1843 2847 1
1570 1684 1295 3879 1
2182 1267 1572 1385 1
2009 1969 2926 1658 1
2026 1441 1387 1339 1
2182 1267 1151 1751 1
285 2014 2195 2459 1
285 282 2014 2459 1
1572 1267 2182 1751 1
1751 1255 1267 1151 1
3870 2590 2526 1514 1
1514 2590 2526 2628 1
2111 2500 1533 1650 1
3426 3147 2422 2551 1
1533 1674 2500 2111 1
1889 1072 1008 1871 1
2780 1888 2278 29 1
1871 1008 2643 1366 1
2278 1888 2920 29 1
1165 985 1091 1910 1
1910 3828 2760 2988 1
2988 985 1165 1910 1
1091 1767 1165 1910 1
1446 748 1757 808 1
1446 748 2670 1757 1
1541 2166 2551 3426 1
1333 226 2282 3008 1
1333 1876 2282 226 1
1446 2670 1795 1757 1
3815 1333 226 1876 1
194 3008 226 1333 1
1580 1622 1497 1660 1
3688 3693 1580 134 1
1871 1072 1768 1492 1
1333 226 194 3815 1
1567 1492 1768 1072 1
1567 1168 1072 1768 1
1008 1072 1768 1871 1
1750 1464 1640 1462 1
3533 3001 3726 3022 1
1429 1921 1670 1462 1
1408 1479 1475 1834 1
1429 1464 1921 1462 1
3540 3725 3657 3512 1
192 3185 3351 149 1
1681 2436 1857 2306 1
2372 2436 1857 1681 1
2105 1818 1399 1843 1
299 2436 1681 2306 1
1520 1378 2022 3859 1
1520 1349 1676 3859 1
1315 149 3351 3185 1
232 282 2459 1833 1
1714 1194 1073 1138 1
285 282 2459 232 1
2811 2456 1561 47 1
2372 2436 1681 299 1
2515 1833 2459 296 1
2811 2333 1561 2456 1
2333 2487 2456 2811 1
2007 1597 1643 359 1
2392 2623 101 2213 1
1791 1643 404 1597 1
2403 1550 1284 2381 1
2007 359 1680 1597 1
356 307 281 290 1
1853 233 1653 2663 1
3285 33 3621 3442 1
1653 2663 233 3287 1
3222 1853 2663 233 1
3222 2663 3279 233 1
2663 3287 3279 233 1
3441 1693 3882 1404 1
1376 961 852 1061 1
870 1045 1376 850 1
620 1719 761 2122 1
864 1808 799 2122 1
1376 852 870 850 1
1376 852 1005 1061 1
2244 3594 2636 1944 1
925 1808 799 864 1
3153 1944 2511 3594 1
3881 2737 740 1590 1
3881 748 740 594 1
768 810 802 698 1
664 731 698 768 1
3229 221 1460 203 1
242 221 251 302 1
221 208 242 251 1
3229 221 208 242 1
1932 893 984 846 1
489 514 493 564 1
1800 3533 178 3022 1
638 1289 683 564 1
683 653 736 715 1
683 653 715 638 1
683 705 681 564 1
683 736 681 705 1
2862 1547 3802 1481 1
2518 1289 539 683 1
2385 2245 3277 1148 1
611 2518 539 683 1
2710 433 405 420 1
1828 433 2914 375 1
1828 433 375 2710 1
2245 1148 1184 2304 1
3333 1148 1184 2245 1
2385 3333 2245 1148 1
1472 1513 1493 1478 1
2245 1148 2304 3277 1
1031 1749 760 1792 1
1031 751 1792 760 1
1720 3353 2999 2500 1
616 679 1629 2730 1
2323 1629 679 2730 1
1387 1441 2011 1339 1
1725 679 2730 2323 1
616 679 577 1629 1
1629 679 577 2323 1
2533 1232 1177 1254 1
1704 76 2126 1581 1
102 1706 1612 2462 1
1189 989 1011 1006 1
1011 1048 2382 1189 1
2348 1577 2459 232 1
1048 1011 1006 1189 1
3864 185 3246 220 1
220 198 3246 3864 1
1340 1428 1459 1429 1
3894 1710 2393 1327 1
2313 1710 2637 3642 1
879 725 767 1889 1
1589 2648 1501 1566 1
1889 921 1871 1008 1
2380 1889 921 1871 1
1710 2637 3340 3737 1
2380 725 1889 767 1
2648 2878 3140 1566 1
1729 400 2765 361 1
1520 2022 1378 1550 1
1729 453 400 2959 1
1 1531 5 4 1
2926 1729 2959 2012 1
2959 1729 453 2012 1
2926 2012 2959 2195 1
107 2604 124 1712 1
107 1712 124 1518 1
1396 2993 1762 1285 1
1285 1396 2587 1762 1
1285 2493 2993 1762 1
1285 1583 1762 2587 1
1285 2493 1762 1583 1
1795 1044 1953 940 1
2135 1556 1478 1866 1
940 1953 2651 1044 1
1666 2886 869 2289 1
3403 2076 3346 2403 1
1738 1713 2464 2656 1
717 869 2289 3765 1
2289 869 1649 3765 1
2289 869 1666 1649 1
3750 345 393 1732 1
1713 3699 230 2800 1
3898 345 3750 1732 1
1473 2135 20 1556 1
1473 1478 2135 1556 1
2135 20 1556 1866 1
1225 1062 891 1014 1
3239 1713 1738 2656 1
1733 1869 680 771 1
1733 680 777 771 1
1633 777 1733 680 1
1633 2444 680 1733 1
1733 2444 680 1869 1
2045 1177 2533 1108 1
2045 1023 1177 1108 1
2045 1203 1108 2533 1
1108 1023 2803 2045 1
2248 3159 3682 1735 1
1966 1803 2113 1092 1
1092 1728 1237 1966 1
1966 1803 1092 1728 1
2011 1603 1441 1345 1
1966 2113 1206 1092 1
1966 1206 1237 1092 1
1715 1706 102 2462 1
3114 2981 1760 2561 1
62 103 69 1715 1
1429 1921 1433 1670 1
2011 1339 1441 1603 1
1449 1761 3859 2229 1
1235 1178 1695 1102 1
2111 1650 1477 1801 1
2111 1687 1801 1477 1
2329 813 912 917 1
1902 2329 813 632 1
1902 2329 917 813 1
270 2000 1973 324 1
2538 2847 1843 1412 1
2538 1843 2105 2893 1
218 3848 332 240 1
2420 1605 240 332 1
2954 1900 2607 1717 1
3832 2097 1952 1432 1
3848 332 240 1605 1
2954 1717 2607 2159 1
1695 1178 3158 1102 1
1695 3158 1178 3026 1
1289 1937 2518 477 1
477 1289 424 539 1
1937 424 477 1289 1
1289 2518 539 477 1
1976 2670 679 1725 1
2581 1725 1976 679 1
1976 2670 1890 679 1
1740 164 162 2812 1
1740 114 3856 1521 1
1740 114 162 3856 1
1976 1890 1313 679 1
1860 1741 2868 1372 1
2581 2217 1976 2711 1
1860 2868 1741 2552 1
1742 1510 3675 1696 1
1742 1921 2185 1397 1
1541 1722 3811 2938 1
2938 1541 1722 2362 1
1625 32 1754 1799 1
1787 1223 986 1180 1
1180 1787 1111 986 1
947 960 1080 1128 1
986 1223 1787 2136 1
947 1128 1080 1122 1
1180 1253 1111 1787 1
1180 1787 1223 1253 1
2827 645 641 2489 1
2827 504 641 522 1
2780 29 2278 2188 1
987 951 799 925 1
987 1142 1029 1311 1
2278 29 2920 2188 1
987 903 951 1099 1
1770 1120 1919 904 1
1770 1123 1120 904 1
1843 1399 2714 1754 1
1747 241 228 1577 1
229 240 192 189 1
1550 2269 2180 25 1
110 123 1817 1632 1
1312 1817 123 1632 1
1449 1512 2618 1494 1
1494 2048 1449 1512 1
1817 123 110 1623 1
1283 1459 1428 1651 1
1312 1990 1817 3748 1
1623 1817 2413 3748 1
2372 299 243 286 1
286 299 3064 2265 1
216 299 286 243 1
299 2436 286 2372 1
1575 1781 2682 1752 1
1322 1781 1575 1752 1
1752 1550 2269 2780 1
1322 1781 1752 1550 1
2278 1752 1888 2780 1
1770 1756 1919 1120 1
299 2265 286 2436 1
3064 216 299 286 1
1123 1770 1120 1756 1
491 484 595 535 1
2350 1824 3328 2041 1
535 484 595 585 1
1434 189 1300 3324 1
2594 2081 485 1993 1
1757 2648 3140 808 1
1802 2081 1993 2230 1
728 761 2122 641 1
2122 641 2468 728 1
1787 1175 1111 986 1
2468 728 2360 1759 1
1787 1253 1111 1175 1
2231 2091 162 1724 1
2231 1334 2656 2052 1
216 2052 2231 2656 1
2091 3895 162 1724 1
2041 3866 2350 1824 1
1598 2366 2862 3586 1
3671 2862 2366 3586 1
3027 196 213 271 1
196 213 271 206 1
3027 213 3899 271 1
3439 1499 1726 2973 1
2000 359 1791 1597 1
1727 1614 381 1791 1
359 1727 1791 1643 1
359 1643 1791 1597 1
461 2575 454 2271 1
1961 454 2271 461 1
1614 2000 381 1791 1
3229 182 205 208 1
3439 1499 138 1726 1
2241 1857 2156 507 1
297 280 329 1301 1
2572 1822 1826 1281 1
1822 1342 15 1281 1
1392 15 1822 1342 1
1424 15 1392 1342 1
2436 434 2156 1857 1
2241 1857 2426 2156 1
2426 1857 2879 2156 1
2879 2436 2156 1857 1
1982 1862 1598 2503 1
1116 1901 3272 1210 1
1116 1266 1901 1210 1
2156 1857 434 507 1
1782 2184 3400 2005 1
3400 2184 1901 2005 1
2738 3035 1982 2059 1
764 810 698 905 1
764 896 810 905 1
764 896 905 941 1
854 764 905 941 1
1116 1901 3400 3272 1
2503 1982 1862 2059 1
1766 801 887 777 1
1784 3475 2976 344 1
1445 1434 189 3853 1
1145 887 973 1766 1
1766 1679 801 777 1
777 1679 1041 1766 1
1204 1032 1767 1095 1
1951 2976 344 1784 1
366 2976 3475 344 1
2477 2714 1843 1399 1
1843 1399 1860 2477 1
390 344 2976 366 1
1951 344 2976 390 1
1890 1795 1953 940 1
2602 1543 444 371 1
1890 940 2670 1795 1
1669 1543 371 444 1
3355 3349 250 278 1
1720 1285 1687 2111 1
1788 1604 2932 2379 1
97 2828 3759 3680 1
3782 762 754 1736 1
762 3782 676 2055 1
927 1770 821 2051 1
2569 1123 1770 2051 1
1687 1801 1720 2111 1
2932 3846 1788 2379 1
1123 2569 1770 3852 1
3782 676 754 762 1
1816 2089 652 570 1
520 2089 1816 570 1
969 3852 1652 1770 1
1283 1310 1427 1352 1
167 2315 1739 157 1
1739 2123 157 2315 1
167 157 1739 3230 1
3547 1955 3298 1535 1
2769 3226 3332 2623 1
1739 2123 3230 157 1
1309 1416 1504 1758 1
2066 1501 667 1700 1
1501 783 667 1700 1
3313 1955 185 217 1
299 2306 344 390 1
2066 587 1914 1700 1
299 2436 2306 390 1
299 344 1951 390 1
1396 2993 1371 1762 1
1762 1396 2587 2401 1
1951 390 2265 299 1
299 2265 2436 390 1
2493 3258 2993 1762 1
2043 1491 1493 1834 1
2043 1348 1493 1491 1
1750 1408 1475 1834 1
1762 1583 2775 2587 1
1762 3258 2993 1371 1
2043 1347 1918 1750 1
3313 3879 1955 217 1
3879 1955 1535 3313 1
2552 2868 1741 2550 1
180 177 153 196 1
180 213 177 196 1
207 177 213 196 1
1663 1731 120 2131 1
2043 1408 1670 1750 1
1491 2043 1918 1750 1
1670 2043 1750 1347 1
2829 3652 2433 1215 1
1921 1670 1750 1347 1
137 1552 1734 3594 1
1734 137 3547 1562 1
2731 3226 1331 3731 1
1562 1734 137 2422 1
634 3650 503 2020 1
137 1622 1734 1552 1
137 1622 2422 1734 1
137 1734 3547 3594 1
1222 2829 2433 1215 1
3652 2829 2433 3203 1
1042 1173 1063 1089 1
849 907 1087 1774 1
907 1774 849 845 1
1792 1774 845 849 1
1124 1089 1173 1042 1
1852 1900 2607 2954 1
1792 751 1774 849 1
849 751 1774 1087 1
3469 2607 2114 1852 1
1524 2293 1506 1461 1
2607 1615 1852 3469 1
1524 2293 1461 2618 1
1615 1900 2607 1852 1
1872 1713 258 2387 1
3239 1713 246 1738 1
225 246 3073 1738 1
1738 2387 246 3073 1
1541 171 3811 1722 1
1089 1173 1063 1231 1
1124 1231 1173 1089 1
225 246 1738 3239 1
2876 2731 1331 3731 1
2733 1649 894 2102 1
2733 869 1649 1666 1
1779 927 2643 818 1
818 2643 1779 779 1
927 821 818 1779 1
821 1779 779 818 1
3031 171 2320 1722 1
1300 2971 3553 3324 1
3147 2411 2551 171 1
2387 1713 258 2464 1
1351 32 2211 2714 1
1351 32 2714 1625 1
2387 2216 3073 2464 1
2464 2387 1738 3073 1
2518 1289 683 638 1
1909 1783 1716 1507 1
2518 638 1937 1289 1
273 1746 1486 321 1
199 3856 209 1521 1
199 1740 3856 1521 1
2661 1097 1034 1044 1
1792 845 691 675 1
3049 1600 3102 3168 1
675 691 1792 2032 1
780 782 2518 620 1
1538 2366 2862 1598 1
2503 2366 1538 1598 1
3456 2353 360 1814 1
620 780 782 903 1
2322 856 816 938 1
708 856 816 2322 1
1825 1420 1400 1403 1
3456 445 1814 360 1
3743 1748 3472 3460 1
1549 1508 3860 1316 1
64 119 3042 3014 1
83 64 119 3042 1
1872 3699 1713 246 1
3294 1203 1048 2045 1
1963 1549 3860 1316 1
1872 246 1846 3699 1
1650 2402 1783 1638 1
1856 2237 1538 2862 1
2963 728 761 1759 1
2461 2698 2035 1919 1
2981 3456 2353 1760 1
2266 2402 1650 1638 1
2353 2208 302 1760 1
1528 923 1529 1069 1
2115 3415 1813 1686 1
2057 3154 27 2626 1
2450 1506 2524 1532 1
1839 1550 1752 2780 1
1532 2524 1647 1506 1
2672 1012 1026 1146 1
1066 2672 2595 941 1
2780 1284 1934 1858 1
1529 941 1076 2595 1
1528 1529 896 1147 1
2780 1284 1858 1839 1
2780 1284 2381 3695 1
1284 3695 2780 1934 1
2978 2007 1940 1789 1
1586 1698 282 2034 1
3843 2148 2014 2242 1
2978 1940 1948 1789 1
2000 1597 1830 324 1
324 1830 2200 1597 1
1830 342 324 2465 1
1467 24 1478 1472 1
324 342 1830 2000 1
1636 3083 2781 2609 1
1830 2200 2465 324 1
2873 3083 1636 2609 1
1468 1473 20 1556 1
754 1736 2276 3782 1
2231 1724 1594 2091 1
3355 250 3349 3743 1
2822 3743 2896 3349 1
2822 3349 250 3743 1
1699 1594 2634 2091 1
3426 3314 2004 1763 1
1548 1183 982 1251 1
3426 2817 2422 1763 1
2405 1763 1622 2422 1
1552 1763 2004 2379 1
2554 3143 215 3222 1
3743 3355 2896 3349 1
1629 651 529 582 1
499 582 1629 529 1
476 1629 499 1692 1
1846 320 244 2663 1
1548 1183 990 982 1
1408 1834 1750 2043 1
2060 1993 480 1802 1
999 1764 1662 814 1
920 2337 2378 1764 1
2499 2378 1764 920 1
622 2345 2423 1837 1
3107 1837 1970 622 1
2345 622 2564 1837 1
1970 1837 2564 622 1
3825 233 215 1771 1
1872 246 3899 1846 1
1454 155 141 2576 1
1291 1683 2202 354 1
3825 233 1771 3211 1
1291 363 1683 354 1
363 1291 2716 354 1
3897 87 88 3406 1
2716 1291 1369 354 1
354 2202 1291 1369 1
3744 2888 2776 1702 1
2846 2602 1293 2081 1
454 461 2221 1559 1
1905 1644 2937 1418 1
2709 1772 3484 2854 1
3317 3129 1772 3493 1
2709 1772 2854 2407 1
1902 1874 702 632 1
1442 3864 198 165 1
1277 1536 1176 1240 1
1536 1176 1705 1277 1
3246 198 1442 3864 1
1442 198 3246 1443 1
1086 1656 1092 906 1
171 2411 3811 184 1
1570 211 1684 3879 1
211 1684 205 1570 1
171 2540 2411 184 1
291 309 303 1453 1
335 341 291 354 1
85 87 49 1595 1
335 291 341 275 1
1150 2069 1240 1709 1
224 288 3027 207 1
224 266 288 207 1
224 196 3027 271 1
224 288 271 3027 1
1595 49 70 87 1
224 288 275 271 1
1818 1314 1545 1587 1
1164 1277 1240 2069 1
1164 2069 1240 1150 1
1553 2874 1783 1579 1
1626 2874 1553 1579 1
1590 740 3881 748 1
2538 2847 1818 1843 1
748 836 787 808 1
1446 860 836 956 1
2538 1818 2105 1843 1
1283 1403 1651 1381 1
800 1803 924 976 1
800 976 772 1803 1
800 906 1068 1803 1
772 1803 906 800 1
2874 2467 1579 1626 1
285 2459 2195 2009 1
2459 1969 2195 2009 1
1901 1097 1208 3272 1
285 1577 2459 2009 1
11 14 1905 2572 1
1058 1053 1778 1576 1
2327 2643 1874 702 1
1981 39 2164 1799 1
3545 1778 1576 1058 1
3059 2967 2755 2847 1
702 2327 2015 1874 1
1858 1804 3328 1674 1
1778 1058 3545 1166 1
1674 1804 3569 2587 1
1283 1651 1403 1401 1
2282 1833 1624 226 1
986 1787 1175 2136 1
1545 38 1984 1561 1
282 1624 1833 226 1
1804 3328 2646 1858 1
2282 296 1833 1876 1
3265 1341 2307 3099 1
2788 1489 2414 1963 1
2414 1549 2358 1963 1
381 3568 386 403 1
2509 1174 1137 1243 1
2509 1239 1174 1243 1
1846 253 244 1907 1
2509 1137 1174 1005 1
2187 1787 2136 1175 1
1253 1175 1787 2187 1
757 935 916 2226 1
1780 1085 3721 2008 1
935 786 916 2226 1
1905 1392 1508 1413 1
1392 1508 1413 1309 1
2836 2738 3586 2366 1
3283 3564 3872 2895 1
2836 2366 3586 3083 1
137 3594 3547 3360 1
137 3594 3360 1328 1
2035 1263 1776 1780 1
2035 3852 1263 1780 1
2833 2961 3872 3037 1
1517 2176 2208 336 1
2279 3220 2301 2619 1
2241 1293 524 507 1
1293 655 2813 1920 1
949 888 1018 963 1
2625 1018 963 949 1
1018 2389 949 2625 1
2459 1833 2088 296 1
2459 2088 1969 296 1
377 436 358 2149 1
2063 840 1044 3400 1
2148 296 2088 2242 1
296 1833 2088 2242 1
1782 840 3400 1044 1
3749 2290 2146 3091 1
992 823 772 785 1
2395 1112 1092 1803 1
823 772 976 992 1
1808 761 1719 2122 1
1759 761 2122 728 1
2366 1494 1986 1544 1
375 2914 1948 1809 1
3439 1726 2517 2451 1
1291 531 1369 2236 1
2153 2457 1882 3306 1
1570 1295 168 1691 1
3055 3439 2517 2451 1
168 1773 1691 1295 1
1863 2493 3373 1860 1
1730 99 3698 1788 1
1809 1743 2586 433 1
1369 425 416 376 1
1369 425 531 523 1
110 1817 1922 1632 1
110 1632 1922 2577 1
1809 2078 2586 1743 1
375 1809 433 2914 1
1369 354 2614 376 1
1672 2577 110 1922 1
501 587 626 585 1
536 3756 626 501 1
2328 1213 1154 944 1
3555 2328 1213 1154 1
944 863 1017 937 1
994 944 863 1017 1
3756 501 587 626 1
1376 1076 1004 850 1
1045 1076 1376 850 1
1922 1623 110 1672 1
1512 1866 2618 1494 1
1616 2337 3404 2378 1
1922 1817 110 1623 1
964 1566 3140 2103 1
2105 1843 1399 2893 1
2893 1399 1860 1843 1
766 924 773 977 1
360 422 445 1814 1
1451 659 746 794 1
773 794 769 892 1
360 2353 422 1814 1
1451 766 673 794 1
659 624 746 685 1
794 769 1451 773 1
766 794 1451 773 1
2893 1399 1863 1860 1
2105 2893 1399 2526 1
2893 1399 2526 1863 1
1834 1493 1509 1491 1
1452 604 707 705 1
1452 854 698 905 1
1452 736 2615 683 1
3833 744 2869 650 1
1452 698 604 611 1
1452 782 698 611 1
1452 934 854 905 1
1452 698 782 905 1
1452 604 698 707 1
1452 2615 958 905 1
744 2869 650 1971 1
705 1452 736 934 1
1971 2869 650 2886 1
1452 782 611 683 1
2886 650 3833 2869 1
1004 1005 996 1236 1
1433 1670 1921 1347 1
391 395 1298 346 1
1794 2801 127 118 1
1794 127 139 2471 1
1004 1174 1005 1236 1
1452 707 854 705 1
854 905 764 698 1
1239 1005 1174 1236 1
594 2080 2235 1286 1
2235 2323 594 1286 1
1435 1671 2312 2106 1
1435 1671 1500 2312 1
869 2886 1666 1945 1
1917 1839 2201 1284 1
1839 1858 2201 1284 1
2868 2211 2257 2477 1
2519 2171 1532 2524 1
2869 2886 1697 1945 1
102 2632 99 2770 1
2201 2646 1284 1858 1
1858 1934 2646 1284 1
2886 752 2869 1697 1
1865 2594 2292 1993 1
2292 2060 1865 1993 1
65 1933 3316 3618 1
902 1006 1011 989 1
1068 1086 2113 906 1
1803 906 1068 2113 1
2519 1377 2171 2524 1
1874 1902 702 834 1
217 1665 1796 3313 1
818 834 2643 702 1
1068 1086 1206 2113 1
1966 1803 1068 2113 1
217 3313 1796 1896 1
1966 1068 1206 2113 1
217 267 1796 268 1
2459 1969 2009 1658 1
65 3469 1933 3618 1
1778 1053 2272 1576 1
1909 1285 2985 2526 1
1850 3325 2292 2400 1
2664 2292 1850 3325 1
1285 3115 2985 2526 1
2578 1285 2526 1863 1
2019 1293 371 1574 1
1863 3115 1285 2526 1
2003 1293 2019 1574 1
557 544 555 509 1
1676 1550 1322 1349 1
3789 3835 2347 2646 1
557 497 509 555 1
1378 1781 1322 1550 1
3545 2272 1576 1778 1
2272 1778 3545 1166 1
3843 339 2148 395 1
2578 1285 1909 2526 1
2515 296 2459 2348 1
3843 2148 2242 395 1
339 395 325 3152 1
395 325 1298 346 1
339 395 346 325 1
325 326 395 1298 1
285 1747 228 1577 1
325 326 3152 395 1
228 241 1841 1577 1
3322 2348 296 3414 1
1839 1550 2780 1284 1
2103 1566 2494 964 1
736 901 2737 705 1
934 736 705 901 1
1284 1550 2780 2381 1
1831 136 175 3421 1
1831 164 2812 3421 1
627 567 1920 507 1
1920 524 507 567 1
1293 1920 524 507 1
9 8 2788 1531 1
2271 1920 1293 507 1
507 2271 1920 627 1
964 2103 1679 2494 1
3024 1800 167 2260 1
799 780 620 903 1
804 1719 620 951 1
1831 136 3219 121 1
1542 1541 3822 1535 1
886 995 889 778 1
3860 1963 2358 1549 1
2022 25 26 3847 1
2873 2022 26 3847 1
2022 26 1550 2873 1
1535 3144 1542 1541 1
632 813 1874 2056 1
702 632 2015 572 1
572 632 2015 2056 1
2434 1650 1806 2402 1
2434 2402 1806 3418 1
958 1452 934 736 1
363 1683 354 309 1
380 2175 1288 439 1
481 2321 1288 380 1
2321 1690 1288 380 1
1690 1288 380 2175 1
481 1288 439 380 1
371 2019 2426 2241 1
3755 1454 3639 3713 1
371 2019 2455 2426 1
2602 1574 1293 485 1
2926 238 268 2208 1
2503 1862 24 1519 1
1296 1838 843 935 1
1838 913 935 997 1
1838 843 928 1297 1
2728 3276 843 1838 1
1293 1574 1850 485 1
1838 2728 928 843 1
1850 1293 485 2594 1
2631 3143 2585 177 1
1297 843 1296 1838 1
2594 485 2081 1293 1
2081 2602 1293 485 1
2780 1934 2658 1858 1
1858 3328 2646 1934 1
3609 141 1454 3668 1
2646 3328 1897 1934 1
1934 3697 2780 2658 1
2453 1412 1686 1411 1
1013 950 1120 904 1
1013 2220 1120 950 1
3144 187 1841 2951 1
804 1719 761 620 1
167 1739 1554 1333 1
1658 1577 2140 2009 1
3144 1841 187 202 1
3268 3608 1106 1048 1
1577 241 2140 1747 1
1759 1808 2122 761 1
1577 1747 2140 2009 1
962 975 980 1124 1
3150 2140 1577 241 1
1094 980 962 981 1
3150 2140 1658 1577 1
2122 728 2468 1759 1
979 2047 2508 981 1
3263 1173 1042 1124 1
3524 3200 3899 246 1
2697 2139 1757 1725 1
2139 1725 2697 2730 1
2380 1889 1871 767 1
1554 1790 1333 1739 1
3524 3898 3899 3200 1
2139 2730 2697 651 1
2045 1023 3261 1156 1
2327 2380 1871 767 1
855 752 869 2508 1
2508 752 902 1977 1
1790 3563 1333 1739 1
1941 1789 2914 403 1
1807 2035 1227 3852 1
1807 1263 2035 3852 1
1567 904 1102 1811 1
1567 2433 1811 3203 1
1874 834 702 2643 1
1365 834 1874 2643 1
1102 3158 1811 904 1
1365 1047 2956 1926 1
92 1677 1812 53 1
3770 3874 717 1455 1
717 738 855 1455 1
855 980 894 959 1
855 717 752 738 1
2414 1549 3265 2358 1
3765 855 869 894 1
2675 1450 1758 2006 1
517 2162 436 486 1
3765 1924 717 3770 1
1939 1758 1504 10 1
1341 1939 2307 2675 1
2006 1758 2675 1939 1
3480 1358 1456 1530 1
1689 1309 1424 1685 1
2014 1690 2175 488 1
2137 2297 35 2849 1
297 269 2455 280 1
2034 1698 1690 2465 1
2787 1134 2692 1935 1
1248 957 1159 1234 1
297 2455 329 280 1
1248 1115 1159 957 1
2291 2297 2849 3341 1
1248 1115 957 1037 1
2879 269 1857 2455 1
3834 1178 1235 1102 1
3834 1199 1074 1198 1
35 2820 2137 2849 1
686 809 873 790 1
1297 1200 2259 2394 1
686 809 790 704 1
809 695 704 686 1
1297 1200 1141 2259 1
873 2773 790 809 1
2291 3341 2849 3072 1
2820 2849 3072 2137 1
3150 2938 1841 1577 1
1774 1127 1031 845 1
1120 950 1919 904 1
2632 3051 2770 96 1
3196 2426 2156 1885 1
1885 2156 2241 2426 1
3120 641 685 531 1
565 641 523 522 1
2468 685 641 531 1
2468 531 641 522 1
1013 950 3320 2220 1
2222 1684 3038 252 1
1960 205 2821 2343 1
1058 1330 3662 1166 1
1998 2222 3038 252 1
2368 1484 1891 2293 1
2368 2293 1539 1484 1
1891 1527 1571 2293 1
3552 1960 3038 2821 1
1960 2821 3552 2343 1
1532 1647 1526 1506 1
2171 1532 1647 1526 1
1937 2518 1291 693 1
638 538 693 1937 1
638 1937 693 2518 1
3498 1953 762 2983 1
3498 2090 762 1953 1
538 1937 533 693 1
762 1953 1313 2983 1
1618 3026 2597 1823 1
762 1890 1313 1953 1
533 1937 1291 693 1
1602 775 744 671 1
3898 271 3899 3200 1
3878 3038 1684 252 1
1998 3552 252 3038 1
3878 3038 252 3552 1
860 933 901 956 1
1668 956 860 901 1
408 504 427 502 1
2358 3265 2414 3099 1
901 956 933 2192 1
517 1914 436 2162 1
2361 3570 3348 314 1
517 3236 1914 2162 1
576 2162 486 550 1
2655 33 1819 3442 1
299 1681 1847 344 1
1332 1847 299 1681 1
1332 1847 1895 299 1
1609 1600 2049 1848 1
3102 1600 1848 3168 1
1429 1340 1464 1459 1
3832 2097 1400 1952 1
2096 2097 1952 1400 1
2288 3168 1848 3647 1
1410 1503 1368 1849 1
1849 3831 1503 1368 1
576 517 2162 3236 1
1953 2651 1044 3282 1
198 1442 165 1607 1
2003 1850 1293 1574 1
2289 2594 2292 1865 1
1247 1246 2533 1156 1
1247 1203 2045 2533 1
411 481 2120 541 1
481 478 541 411 1
758 3255 3678 3588 1
428 1286 1629 577 1
1618 3320 2220 1823 1
476 577 1629 616 1
3558 3026 1618 1823 1
1629 428 577 476 1
1823 3158 1013 1120 1
2300 2562 133 2142 1
2562 2142 2300 1965 1
2705 2927 1947 1314 1
2705 2927 1579 1947 1
1090 1041 1201 964 1
1090 964 1201 1078 1
1853 2663 1653 320 1
1120 3158 3026 1823 1
3320 1013 2220 1823 1
1846 1853 320 2663 1
894 2102 2564 737 1
2142 2853 1965 2562 1
2849 34 2206 35 1
1771 233 215 3087 1
3118 1394 1307 1282 1
1965 2142 1835 2168 1
1282 1394 1307 2094 1
1965 2853 2142 2168 1
3087 3211 1771 233 1
3118 1282 1307 2097 1
691 1869 1959 2162 1
3065 1923 1829 2686 1
1971 568 2699 650 1
1340 1459 1402 1464 1
3211 3087 1998 233 1
1829 3459 78 1721 1
1998 3087 3279 233 1
1971 2699 2886 650 1
3771 650 2699 568 1
1702 3189 1829 2686 1
2011 1281 1425 1342 1
2183 1561 2388 3053 1
1225 984 1014 891 1
1014 893 891 984 1
1829 3189 3459 2686 1
3222 3087 215 233 1
1550 2180 26 25 1
3279 3222 233 3087 1
1759 1915 746 929 1
3466 2363 3136 3509 1
3529 2363 2837 2300 1
2855 2866 48 1832 1
1457 1388 1860 2777 1
1972 3502 43 2701 1
2555 1835 3436 2342 1
3115 1861 3708 3719 1
3115 3667 1861 3399 1
1861 3869 3667 3115 1
1407 1391 1439 1396 1
1972 3502 2013 43 1
1641 1281 18 16 1
1641 1281 19 18 1
1972 2013 3097 43 1
1972 3602 3628 3097 1
1655 2646 3836 1804 1
1178 3158 1013 1823 1
3158 1013 1102 1178 1
1102 1013 3158 904 1
1395 1303 3127 1666 1
2210 2535 1782 2110 1
1782 2210 2331 3224 1
2733 1395 3127 1666 1
2122 780 620 799 1
2122 780 2518 620 1
964 1078 1904 926 1
2894 1395 607 1873 1
1604 3463 1630 1592 1
1552 1604 1592 3463 1
964 2107 1904 3259 1
964 1904 1078 3259 1
2813 524 1920 567 1
1293 2813 524 1920 1
2210 1782 2331 2110 1
964 926 1904 808 1
964 808 1904 3140 1
1868 1285 1909 2578 1
2783 3266 144 3712 1
2578 1399 1909 1868 1
2526 2705 1909 1399 1
3712 144 165 3266 1
1782 3282 3536 2331 1
3824 2726 2926 1718 1
3824 1718 2926 268 1
3230 3024 167 2119 1
1953 3282 1782 2331 1
3224 3536 2331 1782 1
2933 1499 2119 3439 1
88 2537 2246 3009 1
1466 2135 1478 2048 1
3752 88 2246 3009 1
2726 361 2926 336 1
3132 1681 369 344 1
3613 91 2377 3218 1
1737 2988 1870 1160 1
1870 2972 2857 1367 1
3214 392 344 369 1
344 369 1678 1681 1
2377 3267 3613 2850 1
392 1678 344 369 1
559 533 538 473 1
559 538 533 693 1
674 772 1469 721 1
879 1889 767 904 1
904 1871 1889 767 1
1469 772 673 800 1
2537 2456 2183 2137 1
674 657 772 721 1
2137 1561 2183 3053 1
1805 3053 2137 2349 1
2349 2137 2339 2537 1
241 223 238 281 1
3132 3214 344 369 1
1391 1351 1868 1716 1
1716 1495 1351 1323 1
1495 1351 1391 1716 1
2048 1478 1512 1866 1
1466 2135 2048 2503 1
2503 2135 2048 2224 1
2048 2135 1866 2224 1
137 3463 3594 1328 1
238 2926 241 281 1
1151 999 1845 1255 1
3647 1488 1523 2403 1
2199 774 741 1873 1
1523 1550 1917 2403 1
1488 1523 2403 1550 1
2403 1523 3647 1917 1
3647 1848 1917 1523 1
711 729 598 652 1
691 783 3629 1749 1
691 1749 845 1792 1
1792 1749 1959 691 1
691 1749 3629 845 1
652 729 598 2690 1
1845 1065 999 1151 1
1188 1126 1082 1045 1
1845 3467 999 1065 1
2000 359 1597 1680 1
1614 2000 1791 404 1
332 1840 369 1857 1
1857 468 1840 369 1
1727 466 404 1643 1
381 2000 359 1791 1
620 799 1719 2122 1
1808 1719 799 2122 1
925 1719 799 1808 1
1597 1643 404 2200 1
2272 1140 1943 1568 1
1943 1140 1276 1568 1
3022 2058 178 2540 1
1773 1535 3547 1562 1
1840 2019 509 468 1
1840 509 369 468 1
1600 2237 2049 1856 1
194 167 1333 1800 1
1053 1140 1943 2272 1
452 453 484 2910 1
1660 1522 2604 1497 1
3750 1732 393 2397 1
1660 1522 1580 3684 1
3684 1580 2152 2131 1
1123 2739 1756 1120 1
1756 2035 1776 1780 1
3898 1732 3750 2397 1
2208 2561 1760 3456 1
3824 2926 3150 268 1
3894 2231 2656 162 1
2843 2389 949 2193 1
964 808 3140 1566 1
883 965 1164 1995 1
1116 1901 1266 1167 1
2005 1901 3400 1116 1
2176 260 268 267 1
73 2858 3575 3618 1
2406 991 1915 1759 1
2005 1167 1901 1116 1
2869 1745 1945 2970 1
775 763 851 872 1
775 744 671 688 1
2005 3545 1167 1116 1
3365 1795 1003 2063 1
2063 1044 1795 1003 1
1795 2030 1003 1044 1
3365 1757 1003 1795 1
2176 260 3506 268 1
808 2648 3140 1566 1
2648 2878 3365 3140 1
1281 1425 1441 2011 1
2176 268 3506 2208 1
2005 3545 1116 3400 1
3822 195 3304 3094 1
1792 1031 845 1774 1
1792 751 1031 1774 1
1417 2705 3080 1818 1
1774 751 1031 1087 1
1399 2705 1947 1818 1
1281 1342 2011 1325 1
557 561 2157 2021 1
2195 1969 3844 2959 1
1417 2705 1818 1314 1
1818 2705 1947 1314 1
3080 2705 1399 1818 1
73 3436 3618 3575 1
1008 1072 1169 3201 1
1073 1200 997 1880 1
997 1200 1297 1880 1
775 1881 872 918 1
3591 3210 3016 3577 1
2173 3264 872 1881 1
3556 2656 1334 2669 1
2231 3556 2656 1334 1
2797 1053 3109 1058 1
1804 1396 3836 1370 1
3102 1848 1917 2288 1
1655 1804 3836 1370 1
3489 1859 3366 3513 1
1629 2323 577 1286 1
1884 2142 73 3436 1
1058 2134 1053 1576 1
1884 2142 3436 2309 1
2520 1390 1486 2729 1
1886 1884 1916 2866 1
2786 1576 2960 2134 1
509 2019 544 468 1
2142 73 1916 1884 1
509 2078 544 2019 1
2190 1886 2866 1884 1
2189 747 755 1745 1
747 1745 846 839 1
2142 1884 1916 1886 1
3780 133 2146 3206 1
2869 755 1745 2189 1
2309 2142 1886 1884 1
2309 1886 2142 2754 1
2142 1886 77 2754 1
2142 1916 77 1886 1
1318 3790 3319 1417 1
3805 3834 1935 3375 1
3834 1935 3375 2692 1
1537 3594 140 2028 1
1682 1938 138 2260 1
76 3794 79 3501 1
60 1621 2446 97 1
3022 2409 1938 2260 1
789 2659 2690 727 1
1841 187 241 228 1
1841 187 228 2951 1
2780 2269 1888 3359 1
187 241 228 223 1
1032 863 1031 760 1
1032 825 863 760 1
825 1091 1165 985 1
1942 1737 1165 1767 1
622 672 634 737 1
687 737 622 634 1
1032 1165 825 1091 1
2275 737 672 622 1
2102 2275 622 737 1
2564 2102 622 737 1
904 1072 1889 1871 1
1939 2006 1758 10 1
1942 1165 1212 1767 1
687 737 2564 622 1
10 2006 2675 1939 1
879 1072 1889 904 1
1418 11 1413 1450 1
689 1375 2357 621 1
1375 621 689 714 1
865 725 1889 966 1
2089 714 1375 689 1
879 725 1889 865 1
689 1375 2089 2357 1
2676 1537 2028 3594 1
2842 3235 140 2028 1
2842 3235 2028 3165 1
246 3892 1713 3239 1
1585 2169 3824 1718 1
1801 1687 2898 1477 1
1585 1665 1796 268 1
1713 3699 3892 246 1
3824 268 1585 1718 1
517 486 548 576 1
3239 3892 206 246 1
5 1504 4 1531 1
1841 241 187 202 1
3732 2741 2740 3160 1
517 2162 486 576 1
508 589 527 1584 1
297 2299 329 2879 1
3892 3425 206 246 1
3699 246 3425 3892 1
297 2372 2299 2879 1
2345 1584 508 1743 1
589 1584 508 2345 1
2769 3332 3148 142 1
3428 2520 2498 2729 1
2345 1584 2399 589 1
2399 2345 1743 1584 1
2423 2345 508 1743 1
2769 3332 3226 3148 1
1332 300 1681 332 1
1300 2731 3148 142 1
1332 300 3077 1847 1
2241 2019 2426 1857 1
2019 1857 468 1840 1
3226 2731 3148 2971 1
2731 1300 3148 2971 1
1457 1388 2219 1860 1
2646 3841 2347 3836 1
730 935 913 2226 1
2814 2226 730 913 1
730 2438 1336 2814 1
730 2438 3276 1336 1
843 3276 730 1838 1
3278 1953 2535 2151 1
1895 2093 1334 3131 1
3278 1953 840 2535 1
2231 1895 1334 2052 1
2784 235 3886 3460 1
1332 299 1895 201 1
1895 2052 2231 201 1
1895 299 1847 2093 1
1016 967 2523 973 1
1889 1072 2223 2258 1
879 1072 2223 1889 1
2258 3207 2223 1198 1
1861 3213 2999 1720 1
1861 3399 3213 1801 1
1773 2228 3318 137 1
983 2177 803 992 1
185 1896 2018 3485 1
3318 1631 2228 147 1
1875 143 3420 144 1
3360 123 2228 137 1
3318 123 137 2228 1
185 217 2018 1896 1
131 143 1875 3136 1
1875 2039 3136 3146 1
176 3690 2070 154 1
3821 1896 3313 185 1
1591 2698 1227 2035 1
2111 1720 1285 2587 1
3472 1748 176 3690 1
1179 2823 1557 1490 1
3030 1333 3815 1876 1
2282 1876 1833 226 1
2034 1698 2465 1586 1
2035 1227 3852 1652 1
2698 1652 1227 2035 1
3399 1285 1687 1861 1
1801 1687 3399 2898 1
1833 1876 2515 226 1
2111 1285 1687 1716 1
1749 783 911 1869 1
1687 3399 1861 1801 1
3629 1749 911 1095 1
1488 1986 2046 2022 1
2375 1193 955 1179 1
1733 2444 2494 2559 1
2375 1294 1129 1193 1
2375 3735 3209 1294 1
3507 927 1490 1179 1
1733 2444 2559 1633 1
2873 3671 1488 1986 1
911 783 1733 1869 1
1616 2346 1877 920 1
2130 19 1387 1441 1
1616 2337 1877 3404 1
2337 2683 1877 3567 1
38 1561 39 1984 1
1984 1754 39 1625 1
3507 927 955 3865 1
2569 1490 1123 1085 1
1690 600 2175 488 1
1253 3831 1503 1849 1
1989 1416 1474 1309 1
188 238 223 203 1
1720 2500 2111 1650 1
339 400 361 353 1
400 3844 339 361 1
810 811 802 910 1
1253 3831 3500 1503 1
1253 3500 3831 2997 1
1043 1077 1163 910 1
1043 1181 1077 923 1
1181 1069 1077 923 1
1599 1230 1077 1181 1
3493 1786 3512 2982 1
1309 1450 1758 2675 1
1084 991 1883 1033 1
1043 1077 810 923 1
2946 2470 909 3446 1
555 2813 2036 567 1
1084 991 2488 1883 1
1656 909 3446 2946 1
2036 2813 655 567 1
2286 3307 3154 3403 1
1883 1084 3883 3571 1
3883 1033 1084 1883 1
1476 1918 1761 3858 1
2171 3858 1476 1761 1
3036 3352 2365 46 1
1220 1114 2625 2389 1
1220 1245 1114 2389 1
46 3352 2365 44 1
2869 1945 1697 2970 1
3036 2365 1299 46 1
921 966 953 1008 1
1008 1169 2258 1654 1
2537 2252 49 2388 1
49 38 2252 3663 1
2947 992 983 990 1
2456 3663 49 2252 1
2456 2252 49 2537 1
2388 38 2252 49 1
2114 2607 2954 1852 1
2114 1852 2954 2667 1
1303 797 1666 706 1
2858 2114 2954 2667 1
3518 2725 3092 1723 1
2858 3618 73 2114 1
2569 1085 1123 2008 1
668 598 1765 2575 1
1971 1765 763 844 1
729 844 1765 789 1
3754 3342 1938 3619 1
3114 2981 3756 1760 1
1285 3719 1583 2587 1
1285 2493 1583 3719 1
1436 1420 1440 1352 1
1679 2559 1733 2494 1
2251 1285 3719 2493 1
3030 1333 1546 3563 1
1892 3336 2549 2905 1
2489 2122 641 504 1
522 1291 504 2122 1
1291 697 2122 2468 1
1679 2261 2437 801 1
3890 2261 3889 3394 1
3890 2261 801 3889 1
2437 3394 2261 3728 1
2263 1564 129 1894 1
1679 2261 2103 2437 1
1434 3553 1894 2001 1
2263 1558 1798 1912 1
1291 1937 363 427 1
338 363 1937 427 1
1937 533 1683 448 1
1937 1291 1683 533 1
2435 1937 1683 448 1
2263 1912 1798 1923 1
2103 2437 2261 3728 1
2289 2099 2292 2594 1
2289 2099 2594 2699 1
1915 746 769 710 1
226 1624 194 2684 1
1915 2660 991 2406 1
1564 1434 3553 1894 1
282 226 2684 1624 1
1590 2737 740 1668 1
2365 3352 93 44 1
3036 57 3352 46 1
2483 2076 2286 2381 1
2483 1382 2076 2381 1
1398 2076 2286 2483 1
1879 1202 1384 3123 1
141 2061 139 2430 1
904 1919 1565 950 1
1546 2513 3156 326 1
841 2946 803 1070 1
1398 1382 2076 2483 1
909 841 719 727 1
139 2430 2061 2198 1
841 909 719 803 1
2895 3872 2627 3439 1
1879 1202 3123 3161 1
1435 1775 1671 2106 1
2386 2242 3152 326 1
1435 1440 1775 2106 1
909 841 727 899 1
841 803 2946 909 1
3645 2538 2105 2893 1
2507 909 727 2659 1
2075 2893 1813 2538 1
2538 1412 2893 3415 1
2507 719 727 909 1
2890 719 727 2507 1
157 3283 2123 2933 1
3415 1813 2893 2538 1
909 899 727 2659 1
404 1777 466 487 1
1879 1202 3161 1883 1
3031 181 1502 3726 1
3369 1898 2335 2663 1
1175 986 1503 1111 1
1503 986 2177 1111 1
2177 3500 1111 1070 1
2249 3061 1985 2198 1
1112 1233 1219 1237 1
3691 1923 1829 3561 1
3726 3022 2058 178 1
3533 3726 178 3022 1
1092 1237 1219 1206 1
2963 761 2338 1808 1
1092 1206 1219 1086 1
1808 2338 1317 925 1
2685 1219 1110 3831 1
2685 2073 1219 3831 1
1112 1219 1368 3315 1
2963 1759 761 1808 1
1365 1926 1009 834 1
1837 2423 2802 1534 1
1365 834 2643 1926 1
834 927 2643 1926 1
2998 834 1009 1926 1
3865 927 834 1926 1
3865 1926 834 2998 1
1784 273 321 344 1
2202 2236 1291 1369 1
640 1291 2468 697 1
2249 2542 118 1903 1
522 504 1291 427 1
3604 273 321 1784 1
2155 1379 1560 1930 1
2053 1858 2987 1533 1
1930 2987 1533 2053 1
2053 3157 1379 1930 1
2434 3477 1560 2402 1
2423 1534 2240 2802 1
522 427 1291 2716 1
2802 1534 1970 1837 1
486 1578 517 548 1
427 351 408 414 1
2147 3743 235 247 1
2118 3337 3355 247 1
1903 3061 3666 2536 1
2871 3299 2689 3472 1
1082 1136 2762 1188 1
1903 2542 118 2566 1
408 504 522 427 1
2566 3311 1903 2918 1
1390 151 3626 2274 1
2299 2860 1601 2344 1
2299 2156 2860 2344 1
2436 2860 286 2299 1
2299 2860 286 1601 1
565 3063 2827 522 1
2436 2156 2860 2299 1
1945 797 755 706 1
2387 1872 3543 258 1
258 1872 3543 3763 1
2655 33 3252 3630 1
2889 2655 3252 3630 1
1331 3226 2769 2623 1
2731 2769 3148 142 1
2731 2769 3226 3148 1
2623 1331 2213 2769 1
3630 3252 3455 33 1
857 701 834 820 1
1473 1478 24 2135 1
3511 1660 107 1712 1
2889 3252 2695 3630 1
3630 2695 3455 3252 1
2443 1789 1941 359 1
2264 437 1438 461 1
1958 1329 1530 1627 1
2381 1382 26 2180 1
2381 2180 26 1550 1
1969 2088 1999 296 1
3749 1594 3481 3626 1
2148 1999 2088 296 1
1999 296 2148 339 1
1999 2962 296 339 1
2962 1969 1999 296 1
1736 762 1890 679 1
3749 1594 3091 3481 1
1945 797 706 1666 1
1313 679 1890 762 1
1666 706 1945 2886 1
2185 1464 1640 1750 1
2941 2318 3116 45 1
755 2886 1945 706 1
1945 3000 2733 962 1
2733 1666 797 1945 1
3782 679 2055 762 1
3782 762 1736 679 1
1313 679 762 742 1
679 742 2055 762 1
2479 2221 454 2264 1
1324 3267 1913 3519 1
840 1044 1795 2063 1
840 1044 1953 1795 1
1324 1913 1672 3519 1
724 2711 1795 840 1
3072 2291 3370 2567 1
785 983 992 990 1
2941 3116 3742 45 1
3699 2303 3892 1444 1
1710 2303 3892 2800 1
1710 1444 3892 2303 1
3139 50 3072 2567 1
3860 2358 1341 1549 1
2941 45 1916 73 1
3699 2800 3892 2303 1
2054 3349 1950 278 1
299 2216 3073 1951 1
331 315 283 350 1
331 283 315 234 1
3073 299 1951 2265 1
1916 73 2142 2941 1
668 688 718 573 1
1011 979 981 2382 1
668 763 688 744 1
2264 461 2221 454 1
2787 1115 2692 957 1
2787 1159 1115 957 1
1559 2221 443 461 1
1770 969 821 1565 1
1036 2310 1932 1931 1
927 969 821 1770 1
904 1770 1565 1919 1
2370 2479 2264 2221 1
1246 1156 1931 2310 1
2869 2886 1945 755 1
3833 2886 2869 755 1
2893 1813 1422 2075 1
1932 1373 1036 893 1
2223 1198 3207 2579 1
2893 2492 1422 1813 1
744 872 2869 2141 1
2869 872 3021 2141 1
1957 1377 2524 1711 1
3675 1957 2524 2474 1
2869 2189 872 744 1
3480 1358 1530 1958 1
3542 3207 2969 3685 1
2869 3264 872 2189 1
2066 587 1700 667 1
1968 587 1914 2066 1
587 1286 2066 1968 1
587 1286 667 2066 1
3021 872 2869 3264 1
1164 1209 1995 1176 1
1070 2997 1079 2270 1
2997 1079 1111 1070 1
965 830 883 3660 1
3495 2424 3798 3530 1
841 1111 1079 1070 1
841 1079 2946 1070 1
2223 879 1102 1072 1
371 312 327 2688 1
1070 1079 2946 2270 1
192 1964 210 3351 1
119 83 1851 64 1
3597 1964 3848 2298 1
1851 2588 64 83 1
1753 2160 1769 3086 1
2873 1544 1986 1703 1
2022 25 3847 2084 1
1378 2084 25 2022 1
2022 25 1378 1550 1
2873 1544 3083 3671 1
517 1967 462 1914 1
517 1967 1914 3236 1
2382 979 981 1094 1
100 3316 2318 73 1
2349 2137 1805 2339 1
1969 2088 3844 1999 1
2148 3844 2088 1999 1
3844 1999 2148 339 1
361 1969 3844 2962 1
1969 2962 361 1658 1
2873 1703 1636 1544 1
3844 2962 1999 339 1
2962 1969 3844 1999 1
73 3316 2318 2954 1
1970 1649 2102 2564 1
1970 2289 3275 1649 1
3341 2297 2016 2967 1
1805 2339 2791 2349 1
607 1970 1395 2894 1
607 2289 3275 1970 1
2873 1544 1636 3083 1
2137 3059 3053 2297 1
2297 2137 35 3053 1
1805 3453 2791 2339 1
1769 2814 912 913 1
1802 658 614 662 1
1769 2160 739 3086 1
628 1777 2124 592 1
372 2926 336 2208 1
1769 739 770 1415 1
1769 739 2160 770 1
1782 1953 840 1044 1
2134 840 3007 788 1
329 297 1301 2299 1
1419 3895 1928 2747 1
3041 1928 3895 2364 1
786 916 737 1000 1
3355 3563 1546 2330 1
881 916 1000 737 1
1546 2118 3355 2330 1
576 2162 550 601 1
576 2444 2162 601 1
576 2162 2444 3236 1
2513 1546 2330 2118 1
1333 1546 1790 1554 1
902 861 1011 1977 1
330 2420 2504 2024 1
330 1948 2420 2024 1
29 30 2188 2718 1
2978 2420 2504 330 1
2978 1948 2420 330 1
3830 1303 732 1414 1
3603 1389 1171 3669 1
3830 706 1303 2582 1
1414 2582 3830 1303 1
502 477 427 399 1
414 408 427 502 1
2374 2211 2477 2257 1
728 710 1915 2104 1
3196 1885 2156 2415 1
728 685 710 3120 1
2249 118 2536 1903 1
1903 118 3311 2566 1
1885 1961 2156 2415 1
1857 332 1840 231 1
284 231 1840 332 1
2849 2881 2115 2695 1
2047 962 2508 981 1
2115 2849 2538 2881 1
3897 2566 3311 118 1
1094 962 2047 981 1
2824 2101 3032 66 1
962 3263 2047 2970 1
2970 962 2508 2047 1
3263 962 2047 1094 1
1756 2461 2035 1919 1
3850 1332 2532 2458 1
1723 120 1938 1682 1
2458 2317 1332 2532 1
1707 1895 1332 2317 1
191 2317 1895 1707 1
3676 1707 2317 191 1
1682 120 1938 2260 1
405 455 2042 420 1
3022 1938 120 2260 1
3645 1318 1818 3025 1
508 2020 2042 420 1
2797 884 1049 1184 1
3754 120 1938 1723 1
1721 1699 2634 2091 1
1986 1449 2046 2022 1
2050 3091 1699 2888 1
3754 3342 1723 1938 1
2066 529 1589 562 1
372 1987 3456 378 1
1374 1798 3065 1699 1
1374 1699 1721 2091 1
1508 2068 1644 1418 1
835 2786 830 788 1
1536 2516 1266 1116 1
2068 1508 1644 3860 1
1905 1822 1826 2572 1
1325 1281 1822 1887 1
830 835 788 3499 1
1281 1822 1342 1325 1
2572 1320 1822 1281 1
1281 1320 1822 1887 1
2216 1784 344 273 1
1090 964 2437 1679 1
964 2437 3259 1090 1
1679 2103 964 2437 1
964 3140 2437 2103 1
2327 809 921 2380 1
2327 921 824 945 1
2327 945 824 1874 1
964 2437 2107 3259 1
1643 466 404 1777 1
1607 165 3266 1442 1
1414 2060 1802 2582 1
1156 1246 2533 1177 1
1048 2382 3268 979 1
3873 1011 1048 979 1
1414 2060 480 1802 1
1414 2060 607 480 1
1048 1203 1189 1108 1
3873 902 1011 979 1
2572 16 1826 11 1
1413 1905 1826 11 1
1413 1826 16 11 1
11 2572 1905 1826 1
1392 1826 1413 1905 1
1525 327 312 2688 1
1414 607 2060 2582 1
489 1289 564 493 1
422 445 489 473 1
489 514 473 445 1
2292 607 1865 2060 1
489 514 445 493 1
2216 3604 1784 273 1
2582 607 2060 1865 1
3350 1607 3266 1442 1
607 2292 2400 2060 1
607 480 2060 2400 1
1529 1146 1205 1069 1
3826 923 1528 1181 1
1529 896 1147 1076 1
74 2072 86 3212 1
1878 1724 1327 1954 1
1626 2442 2985 2505 1
1878 1724 3556 1327 1
1944 1694 2511 3594 1
74 3347 86 2072 1
2443 1941 2543 359 1
1508 1309 2675 1418 1
1990 1992 1328 1944 1
564 2404 3496 2225 1
447 370 374 2225 1
3496 2080 594 2225 1
2404 3496 2225 2080 1
1289 370 446 2225 1
1549 1508 1309 2675 1
1549 1309 1939 2675 1
1933 2607 3316 2114 1
3153 1992 1944 1328 1
700 2021 2157 1753 1
2157 700 2160 765 1
1699 2231 1594 2091 1
403 1290 2914 467 1
403 418 467 2914 1
2114 1933 2607 3469 1
1933 3772 2607 3469 1
2231 1334 1707 1594 1
2114 2607 3316 2954 1
1699 1594 2231 1707 1
2155 1839 1752 2780 1
1878 1954 2634 1724 1
2547 3478 359 2543 1
1434 1894 1798 2001 1
1445 2001 3324 1434 1
2278 1888 2682 2067 1
1445 2458 3849 2001 1
2634 1878 3303 1954 1
1327 2313 1954 3894 1
454 444 2002 1559 1
1642 444 2002 568 1
444 2002 568 454 1
2858 73 2954 2114 1
3879 1955 1295 1773 1
3179 77 3232 3081 1
2789 1313 840 2983 1
2711 1313 840 2789 1
2007 1680 359 1648 1
2443 1648 2007 359 1
2443 359 2007 1789 1
2711 1313 1795 840 1
1313 840 1953 1795 1
840 1313 1953 2983 1
3459 3081 3232 77 1
73 2114 3316 2954 1
74 2568 2555 3638 1
2811 2782 2062 2333 1
3188 3575 74 2555 1
2811 2782 2333 2487 1
1577 1747 2009 285 1
3179 77 3081 2941 1
1747 2009 285 322 1
3459 2941 3081 77 1
2009 2195 285 322 1
3066 2219 2326 1412 1
2346 3883 3581 1033 1
920 2218 2963 2010 1
2010 920 2218 3113 1
1078 880 926 964 1
319 2335 255 244 1
66 2158 2824 2101 1
2012 3002 453 2149 1
2029 2561 372 2012 1
452 3424 2012 1729 1
2012 1729 453 452 1
2029 3002 2012 2149 1
195 3822 3304 1535 1
1535 1541 3822 2166 1
2824 1819 62 3442 1
1287 535 1914 2149 1
3066 2326 3039 1412 1
2824 3442 2158 66 1
1968 2749 2149 1914 1
2158 62 2824 3474 1
1446 1795 2030 1003 1
1446 1795 1003 1757 1
2170 62 3474 2824 1
754 1736 2090 2276 1
1412 1457 3066 2219 1
3459 2050 3189 2146 1
255 3079 319 244 1
3459 2146 3189 3809 1
244 319 320 3079 1
320 2335 319 244 1
2902 2351 3234 2138 1
3788 2902 2138 2702 1
406 439 482 1854 1
211 202 268 1657 1
1535 3879 3313 1657 1
3879 217 1665 268 1
1535 1542 202 1657 1
2902 2351 2138 2702 1
1734 1562 3547 3364 1
3426 3314 1763 3147 1
3849 2138 3108 2722 1
3849 3788 2138 2722 1
1535 202 3144 2422 1
3185 3351 166 192 1
1737 2988 2764 1870 1
2324 1388 2552 2219 1
2650 454 2846 2023 1
454 2271 2846 2023 1
1961 454 2023 2271 1
1961 454 2264 2023 1
3504 3185 3351 166 1
1561 39 1984 1754 1
375 3330 348 2024 1
348 3117 2024 3330 1
1315 3185 3351 3504 1
2024 3117 2504 330 1
2760 2988 2764 1737 1
3330 1948 2024 375 1
997 912 2438 913 1
2814 2438 912 913 1
3843 2179 2027 488 1
3843 400 432 2027 1
1505 1664 163 3825 1
3825 193 1505 1664 1
2536 1903 3061 2249 1
3107 2423 2802 1837 1
2476 2423 2240 2802 1
2476 2240 2719 2802 1
1985 2471 2249 139 1
3663 2456 81 47 1
2456 47 2252 1561 1
2086 3060 1098 1003 1
3825 1771 1664 3211 1
1003 3060 1904 2086 1
1904 3140 1003 2086 1
249 3552 252 1998 1
249 1998 3279 3552 1
3552 249 252 3287 1
2086 1003 1098 2302 1
3279 249 3552 3287 1
1904 3060 1078 2086 1
2086 1003 2302 3140 1
3586 3035 1982 2738 1
37 3053 1805 2349 1
2137 3053 2183 2349 1
37 1805 2791 2349 1
2339 2537 2791 2349 1
2349 2183 2137 2537 1
2 1531 5 1 1
562 574 529 3128 1
562 529 1589 3128 1
3370 1974 3548 3435 1
1926 3507 2867 3048 1
121 2092 118 3897 1
3897 2092 1677 3896 1
3175 2929 1384 3062 1
2503 2738 1598 1982 1
3370 3548 3341 3435 1
1860 2477 2868 2552 1
3603 1384 2033 3062 1
2242 2200 324 2034 1
2242 282 2034 324 1
2242 1698 1690 2034 1
2242 1698 2034 282 1
2242 2200 2034 1690 1
2242 324 2200 265 1
1940 2200 265 2242 1
1276 1275 3270 1975 1
467 584 466 2037 1
282 324 2242 1624 1
282 257 324 1624 1
1276 3270 1166 1979 1
1688 1777 1635 1643 1
1688 2124 1290 1635 1
1391 2211 1613 1868 1
1351 2211 1391 1868 1
2366 2738 3586 1598 1
2503 2366 1598 2738 1
1959 656 1869 760 1
1749 1869 760 1959 1
3406 88 2759 3681 1
2759 88 3009 3681 1
3289 3195 2222 3038 1
3009 3787 88 2759 1
3406 88 3787 2759 1
1979 1266 1167 1116 1
3744 3417 2776 2888 1
3417 3788 2776 2255 1
1979 2785 1167 1266 1
1003 926 3885 1446 1
1446 808 1003 926 1
1446 1757 1003 808 1
1446 2030 3885 1003 1
2466 1642 571 568 1
3126 3371 2826 3710 1
1980 993 1148 2797 1
993 1980 2385 2151 1
2004 3371 3314 3426 1
2040 2775 2587 2401 1
250 3349 2054 278 1
250 3513 2054 3349 1
3645 2538 2075 2206 1
3547 137 2228 1773 1
2151 993 1980 3278 1
1904 3140 2086 2107 1
3337 278 3355 247 1
2107 2086 2302 3140 1
1546 278 326 3152 1
2385 1148 1980 993 1
137 3547 2228 3360 1
1980 993 2797 3278 1
1632 1324 2577 2445 1
1632 2445 1328 1312 1
1598 3586 2862 3802 1
1328 3463 79 76 1
3140 2107 1904 964 1
3547 2228 1295 1773 1
2228 3547 1295 3360 1
3140 2437 2107 964 1
904 2051 2643 1779 1
2643 1085 2008 1366 1
2051 1770 821 904 1
2051 1123 1770 904 1
2858 2824 2589 3618 1
2051 821 1779 904 1
2052 1895 1334 3131 1
1895 299 2052 201 1
2052 216 201 299 1
216 299 2052 3073 1
2052 2669 3073 3131 1
1533 2053 1858 2155 1
1724 2634 1878 1594 1
2053 2780 1858 2155 1
371 2650 2846 2023 1
371 1669 2650 333 1
371 2650 444 2846 1
3399 3634 2840 2985 1
1533 1477 1496 2111 1
66 2158 2101 3484 1
2650 2479 1669 444 1
1956 2432 1529 1076 1
1699 3091 1594 2888 1
1374 1798 1699 2231 1
3586 3035 3802 1982 1
1982 3586 1598 3802 1
1983 2059 1519 22 1
2589 3618 2824 3032 1
1983 1927 2059 22 1
2824 3442 62 2158 1
1374 2231 1699 2091 1
3618 2858 3575 2589 1
3575 2589 3032 3618 1
1824 2040 3569 3328 1
1196 1271 967 1158 1
1271 1016 967 2523 1
967 2523 1158 1271 1
2224 20 1983 2135 1
1004 1376 1005 1137 1
1529 1205 1528 1069 1
1376 1004 1174 1137 1
1004 1137 1005 1174 1
1950 289 254 2054 1
1950 2054 1859 2285 1
2054 2285 1950 3349 1
1950 2054 254 1859 1
3066 2326 1815 3039 1
1236 1956 1147 1174 1
3066 2219 2989 2326 1
2432 1243 1076 1956 1
1815 3066 2989 2326 1
2274 2490 2558 172 1
1529 2432 1956 1205 1
3248 2352 2556 3562 1
2352 3681 3562 2815 1
3248 2352 3562 2815 1
2171 3858 1761 1711 1
1647 1761 2371 1711 1
2556 2352 3458 3562 1
1205 1147 1529 1528 1
2134 3278 2797 3007 1
2134 3278 1058 2797 1
1331 2213 101 2623 1
1325 1822 1344 1887 1
1822 2613 1344 1887 1
1921 1347 3863 1310 1
1921 1433 1347 1310 1
1365 1926 2643 1047 1
1036 1106 1156 1121 1
1106 1156 2934 1036 1
1036 2934 1106 2608 1
1121 2608 1036 1106 1
1331 2213 3468 101 1
1008 2773 1103 953 1
1047 1365 1103 1555 1
1008 921 2773 953 1
2095 1073 1200 1714 1
1818 1947 1984 1545 1
1047 1052 1103 1365 1
1365 1103 939 1052 1
1365 2956 1047 1052 1
1365 917 1009 1052 1
945 1103 939 1365 1
1365 1555 945 1103 1
1365 939 917 1052 1
1490 2823 1557 1780 1
1901 2184 1266 1167 1
1150 3803 2069 1709 1
2344 3256 2191 2864 1
1150 1145 3803 1709 1
2156 2191 2860 2344 1
1164 3803 2069 1150 1
2280 2667 2062 3295 1
2344 2191 2860 2864 1
3144 2951 2411 148 1
187 2951 3144 148 1
1652 969 1770 1565 1
2184 1167 1901 2005 1
2450 2368 2474 1891 1
2184 1266 1208 1901 1
1266 3433 2184 1208 1
2063 2502 3272 1098 1
2063 2502 1098 3135 1
839 893 984 891 1
121 3497 2092 87 1
1988 3174 3494 3449 1
3605 336 3672 2176 1
1757 2648 3365 3140 1
3030 1988 3704 3372 1
1332 204 2458 2273 1
868 839 891 893 1
204 1707 2458 2001 1
204 1707 1332 2458 1
2458 204 1445 2273 1
3866 3286 3362 3569 1
3414 1988 3030 3174 1
1990 3360 2678 2244 1
2678 3664 1990 2244 1
3833 2189 747 755 1
2602 2081 444 2230 1
614 1602 3833 650 1
747 3833 1602 2189 1
3672 289 3622 1718 1
123 3360 2792 1990 1
2718 28 1991 2658 1
2718 1991 28 3296 1
2788 1489 1963 1316 1
2133 2927 2705 1314 1
1991 28 2041 2658 1
2041 3296 28 1991 1
1990 3664 1992 1944 1
3382 130 3254 1992 1
1508 1549 2068 2675 1
508 503 2020 420 1
3664 2779 1944 2244 1
1549 1508 2068 3860 1
508 503 3650 2020 1
2503 1862 1519 2059 1
1633 670 680 3381 1
3866 1911 3286 3569 1
3469 66 3442 2824 1
218 1964 189 166 1
2298 218 166 1964 1
3522 1996 3195 3038 1
3772 66 3469 65 1
189 166 3692 218 1
3692 218 166 2298 1
3308 2427 2341 1996 1
2376 3087 1996 3211 1
1900 1981 3052 3215 1
747 2173 846 1745 1
3772 3442 3469 66 1
775 1602 744 2189 1
2173 747 2189 1745 1
1759 2406 2963 728 1
2401 1396 1370 1371 1
2452 1353 1370 2401 1
2401 1353 1370 1804 1
2401 2452 1371 1370 1
1396 1370 1804 2401 1
249 3246 3279 1998 1
1998 3246 3279 3087 1
3246 3087 1998 3211 1
3592 1617 3101 610 1
2162 1914 1700 3236 1
1086 2073 1092 1656 1
2218 2683 814 1010 1
3113 2683 2218 1010 1
1092 1086 1219 2073 1
2886 2699 1865 3771 1
2722 2138 3017 2702 1
1628 1733 777 771 1
777 1041 1733 1628 1
1733 1679 1041 777 1
866 867 830 3660 1
867 866 830 3392 1
1865 2594 1993 3771 1
3392 867 2964 830 1
107 96 1522 2770 1
2937 11 1905 1418 1
2403 1550 2381 2076 1
1905 1508 1418 1413 1
107 1522 1660 2770 1
1000 1027 1153 1104 1
2699 2081 2594 3771 1
1000 1153 1027 1038 1
3469 3618 66 2824 1
2076 1550 2381 26 1
2076 2403 3403 2381 1
770 765 700 757 1
2722 3788 2138 2702 1
3771 2081 2594 1993 1
3605 318 3672 336 1
1863 1285 2251 2493 1
254 289 2726 1718 1
1351 1909 1321 1399 1
1351 1868 1909 1399 1
1351 1909 1716 1507 1
1909 1868 1351 1716 1
1716 1351 1507 1323 1
1863 1285 2493 2578 1
2493 2578 1285 2993 1
3115 1285 2251 1863 1
1721 1419 2074 83 1
278 339 325 3152 1
83 3119 1721 3065 1
3845 788 724 3499 1
83 1721 3476 3065 1
1419 3476 83 1721 1
2702 2722 3788 3692 1
1569 76 110 1672 1
2405 2004 1537 1592 1
1576 2134 2786 840 1
3545 2786 840 1576 1
1537 2004 140 1592 1
2082 1574 2019 396 1
2078 2082 396 2586 1
2078 2019 396 2082 1
1570 1691 211 3879 1
2535 1953 1782 2151 1
1935 2083 1248 1159 1
2083 1248 1159 1234 1
2826 3371 2004 3426 1
2331 2110 2385 2210 1
1248 2083 1935 3539 1
2385 3224 2331 2210 1
2487 47 2456 2811 1
2456 2487 81 47 1
3650 687 2085 622 1
589 2085 2399 2345 1
589 2085 2226 2399 1
2066 1700 1914 1967 1
589 2085 687 2226 1
436 462 1914 517 1
1967 2066 462 1914 1
2182 1151 1267 1139 1
3149 2203 3163 135 1
657 590 2089 1816 1
2276 3782 1736 2323 1
2670 2276 1736 2323 1
2089 1375 570 520 1
2276 2090 2670 1736 1
1718 2726 2926 336 1
47 81 77 2487 1
2659 856 899 789 1
135 3149 2203 3580 1
153 121 2542 136 1
1609 1917 1407 2201 1
153 136 1831 121 1
1347 1918 1997 3858 1
3149 2203 1836 3163 1
2687 2539 906 2322 1
135 3580 2203 2771 1
520 465 1375 570 1
47 77 3179 2487 1
520 2089 590 1816 1
3405 2487 2811 47 1
2415 437 1438 2264 1
1120 3026 2739 3558 1
1909 2442 1579 2705 1
1721 2091 2634 1928 1
2526 2442 1909 2705 1
1419 2091 1721 1928 1
1313 742 703 679 1
3360 2742 3755 2214 1
1419 162 2091 3895 1
1581 124 110 1518 1
1569 76 1581 110 1
3268 3021 1048 979 1
927 2643 2569 2051 1
2527 2447 2341 2214 1
3492 1456 1340 1402 1
1921 1530 1456 3863 1
1123 1492 2008 1567 1
2433 1168 1567 2008 1
1742 3480 1456 1530 1
2051 2008 1123 1492 1
2013 2996 3435 3341 1
2647 3191 2077 2150 1
1662 814 2683 1010 1
1895 3077 191 2093 1
1010 2683 1662 2419 1
273 3077 2093 3816 1
3102 2288 1917 1284 1
1748 151 3529 2077 1
3403 2288 2626 1284 1
750 1867 1924 3770 1
750 1924 1949 1534 1
1534 1924 2003 2099 1
1924 2813 717 3770 1
2095 1073 1714 1194 1
2626 1284 2288 3102 1
1188 2605 1242 1126 1
2592 2667 2062 2280 1
2058 184 3183 178 1
2664 2292 2719 2802 1
1868 2714 2477 1399 1
2099 1293 2003 1850 1
1126 2212 2605 1242 1
2813 1293 2003 2099 1
1154 3125 3247 1249 1
2292 3325 2664 2719 1
1274 1249 3125 1154 1
1249 3125 3247 1380 1
1939 1504 4 10 1
2996 2013 2849 3341 1
377 358 322 2149 1
3183 178 184 219 1
3265 3099 2307 1936 1
1612 1663 120 2131 1
1663 2131 2152 1731 1
3846 1663 102 2152 1
364 374 290 356 1
1241 1036 1932 1931 1
364 356 290 307 1
2286 3154 2057 3403 1
2938 3434 1841 1577 1
881 741 2102 737 1
2733 741 2102 881 1
1975 2756 3071 2785 1
2102 741 2275 737 1
1395 2102 741 2275 1
553 548 606 576 1
1395 2733 741 2102 1
1107 3044 2660 1064 1
2277 1900 2108 3050 1
2277 1755 2108 1900 1
1064 2660 1915 892 1
892 954 2660 2104 1
1107 3044 2883 2660 1
3050 1900 2108 1615 1
2695 2016 2881 3252 1
769 710 2984 1915 1
1915 2104 2406 728 1
2104 2963 2406 728 1
2963 2218 2529 2104 1
2104 710 1915 2984 1
2218 2984 2529 2104 1
3341 3190 2016 2996 1
2105 3080 1399 1818 1
2105 1514 2526 3080 1
2748 1514 2526 2105 1
1350 1495 1391 1396 1
2849 2016 2881 2695 1
2105 2893 2526 2748 1
2996 3341 2849 2016 1
1896 264 2018 3485 1
1531 1685 6 5 1
220 185 3246 2018 1
3579 1607 1443 1444 1
962 2508 981 869 1
202 1542 1841 3150 1
1590 2276 2670 2323 1
198 1607 165 2696 1
1443 198 1444 1607 1
2235 577 1286 479 1
401 427 338 1937 1
1542 3144 202 1841 1
1548 1233 1183 1251 1
1767 3828 2760 1910 1
1590 862 2737 901 1
1590 901 1668 860 1
1590 860 862 901 1
2804 114 125 113 1
1542 2938 1841 3150 1
2225 447 2080 374 1
907 1127 1774 845 1
1789 2007 1940 1688 1
907 1774 1127 1087 1
225 294 293 222 1
1948 509 1688 2528 1
3115 1285 3719 2251 1
2297 2881 2849 2016 1
3341 2297 2849 2016 1
2881 2849 2538 2297 1
2206 2538 1813 2115 1
2031 1944 1694 130 1
2797 1049 1148 1184 1
218 2273 332 3850 1
2381 1382 2180 2428 1
2483 1382 2381 2428 1
1710 2696 1444 2303 1
3340 2696 1444 1710 1
3109 1148 1184 2797 1
3000 1745 797 893 1
1223 1133 1180 1232 1
1745 846 839 893 1
1223 1133 1232 1254 1
3109 1148 2304 1184 1
937 985 2116 817 1
1049 1184 3333 1148 1
937 2116 985 2988 1
398 2117 480 2215 1
3290 116 2392 2213 1
2194 1543 2602 371 1
2392 2769 2213 116 1
1054 1007 940 2651 1
52 2246 88 2537 1
213 206 246 271 1
326 1546 2513 2118 1
3091 1594 2888 3481 1
3899 271 213 246 1
3899 213 1846 246 1
3848 3850 3582 2298 1
3848 2118 326 2513 1
2298 3108 3850 3582 1
213 246 206 3425 1
1846 213 3425 246 1
52 88 2246 3896 1
1789 1940 1948 1688 1
1596 1163 1230 1077 1
1596 1077 910 1163 1
3896 88 2246 3752 1
1596 1163 910 1139 1
2420 1840 2528 332 1
1046 1230 1190 1099 1
1809 2914 1948 1290 1
375 2914 3330 1948 1
1046 1190 1139 1055 1
1840 1948 2420 2528 1
1230 1163 1596 1190 1
2239 700 1949 2399 1
1077 1230 1596 1046 1
2003 1949 1743 2239 1
1046 1190 1055 1029 1
1046 1596 1190 1230 1
1046 1099 1190 1029 1
1867 2239 557 2157 1
1582 1134 994 3247 1
2653 2013 2849 2695 1
1160 985 1165 2988 1
2718 28 2658 2780 1
1159 1154 2121 3018 1
1134 1582 994 936 1
1972 2013 2695 3097 1
1972 3602 3097 2695 1
2584 2653 3003 2695 1
936 3018 1159 2121 1
1546 1333 2282 3008 1
2584 1972 2653 2695 1
549 530 510 603 1
1546 1619 2282 1333 1
583 530 550 472 1
583 530 656 550 1
3030 1546 1333 1619 1
609 696 579 631 1
2653 2849 3003 2695 1
1153 1810 1067 1104 1
609 498 478 482 1
2538 1843 2893 1412 1
609 631 498 633 1
609 618 579 696 1
1272 1043 1181 1599 1
1043 1599 1077 1181 1
3824 1658 2348 3150 1
1599 1230 1181 1272 1
3824 2348 1658 3322 1
1163 1230 1599 1272 1
1599 1163 1077 1230 1
820 818 927 821 1
144 1875 2039 3420 1
1637 3402 3678 1617 1
820 818 701 834 1
3756 626 587 594 1
1875 131 3136 2039 1
3297 2759 2571 2039 1
1269 1197 1122 1144 1
1269 3855 1197 1273 1
1269 3855 1122 1197 1
1269 1144 1122 1062 1
1076 2432 1155 1243 1
2352 3009 3562 3681 1
2442 2927 1579 2705 1
1956 1076 1174 1243 1
2505 2985 2852 2442 1
1462 1921 1670 1750 1
2352 3009 3458 3562 1
2759 3681 3009 2352 1
131 2652 3458 2039 1
2571 2759 2652 2039 1
1114 1810 1273 1245 1
1114 1810 1245 1220 1
1114 1080 1128 1273 1
1605 2528 2649 332 1
2420 2528 1605 332 1
2405 1592 1537 3594 1
74 3638 2555 3032 1
1792 2032 691 1959 1
242 263 2128 2353 1
2353 2128 242 2208 1
2128 263 2332 2353 1
2004 2574 3523 3371 1
360 2208 2128 2353 1
2128 2353 2332 360 1
2129 1083 1149 1189 1
1083 2129 1232 1189 1
2686 2050 1721 1699 1
1721 2634 1699 2050 1
2090 1890 1953 940 1
1802 2582 662 1414 1
1802 3771 614 658 1
1802 3771 658 2582 1
1537 1592 140 3594 1
3756 1286 587 1968 1
2227 1961 545 627 1
3756 1760 1968 2749 1
1968 1286 1760 3756 1
74 2555 3575 3032 1
440 437 410 387 1
3756 1968 587 2749 1
2589 2824 3474 3032 1
3099 3265 2414 1936 1
2888 3189 2686 2050 1
2589 3474 74 3032 1
3099 1936 2414 3437 1
3704 3024 3563 1499 1
3032 2589 3575 74 1
437 3180 387 440 1
3180 450 387 440 1
74 3474 3638 3032 1
2171 1476 3858 1997 1
1530 1962 1377 1627 1
1397 2171 1530 1997 1
965 2960 830 2786 1
1762 2493 1354 1583 1
965 2960 1995 830 1
3212 3129 3638 2072 1
74 3212 3638 2072 1
3226 2255 3440 2776 1
2356 3082 2255 3440 1
3226 3148 2255 2776 1
1250 2136 983 1175 1
1175 983 986 2136 1
356 462 1968 358 1
2136 986 946 983 1
93 1419 2074 2747 1
2646 1897 3789 27 1
2646 1897 27 1934 1
3695 1934 27 1897 1
3895 1928 2747 2364 1
93 3703 2804 2747 1
2123 1790 3245 2870 1
2315 2123 2870 1790 1
3245 1790 2330 183 1
2719 2802 607 3107 1
3873 3021 2141 902 1
3824 2362 2348 3322 1
875 2141 1006 2803 1
763 2141 875 872 1
1006 1048 2803 2141 1
2271 1971 2699 655 1
3895 2747 2804 2364 1
3824 2938 2348 2362 1
3001 3022 2232 3726 1
3022 2232 2058 2540 1
2257 2868 2477 2552 1
3824 2064 2938 2362 1
1613 3842 2993 2550 1
2064 3700 2362 3824 1
3031 3183 181 2058 1
2362 3700 3322 3824 1
2993 1371 3258 3838 1
3842 2993 2550 3837 1
2821 208 163 197 1
208 2821 263 197 1
205 2821 208 3430 1
2201 2646 3841 3835 1
2821 163 208 3430 1
2821 208 263 205 1
3691 2668 2588 59 1
3561 3691 2588 59 1
2887 59 3561 2588 1
741 881 2733 868 1
2077 1748 3472 3690 1
3849 2001 2458 1707 1
3886 1748 3472 2077 1
2458 2317 3676 1707 1
1707 2317 1332 2458 1
3886 151 1748 2077 1
3676 3849 2458 1707 1
3835 1284 2626 3839 1
3581 2885 2703 3123 1
2064 1542 3824 2938 1
3824 1542 3150 2938 1
1756 3852 2035 1780 1
1747 2926 295 241 1
1801 1720 1650 3353 1
2140 241 2926 1747 1
3150 2926 2140 241 1
840 835 2063 724 1
2240 508 2476 455 1
2148 339 296 3152 1
964 3259 1078 1090 1
2277 1900 3050 2667 1
2667 2277 3215 2700 1
1904 1078 3060 926 1
1900 3215 2667 2277 1
768 896 878 810 1
59 3742 3004 3232 1
810 896 878 923 1
3081 3232 3742 59 1
768 896 764 805 1
1419 3895 2091 1928 1
3895 2747 125 2804 1
3157 2067 1379 3231 1
3179 3232 3742 3081 1
3232 3742 3004 3405 1
3179 3405 3742 3232 1
3553 1564 129 1300 1
2164 1981 1799 2277 1
1564 3553 129 1894 1
1900 2277 1981 3215 1
2760 1158 3089 1271 1
2760 2764 1158 1271 1
2065 62 3527 1715 1
2760 3089 1229 1271 1
1008 2258 966 1654 1
3527 99 2065 3679 1
2503 2224 2048 2366 1
2452 2401 2775 1353 1
2854 2153 3269 3549 1
2224 2503 2738 2366 1
2040 2401 1804 3774 1
2224 2738 2836 2366 1
1554 1790 1739 2315 1
2224 2836 1494 2366 1
2048 2224 1494 2366 1
3248 77 2556 2754 1
2754 2556 2866 77 1
1782 3433 2210 3224 1
1575 2682 1379 2155 1
1379 1575 2155 1560 1
1167 1782 2210 3545 1
2556 2866 3193 2754 1
2278 2155 1752 2780 1
1616 3514 1317 1404 1
2053 2780 2155 2278 1
2967 2297 2538 2847 1
2538 2297 3053 2847 1
2414 3437 1936 7 1
8 2414 3 7 1
2851 2862 3671 3586 1
3083 2366 3586 3671 1
3083 3671 3586 2851 1
3030 278 1546 1619 1
3045 3514 1404 3244 1
3171 2280 2592 2098 1
1546 278 3152 1619 1
2897 2858 2280 2707 1
1546 2282 1619 3152 1
2040 3774 1804 3328 1
2280 2858 2098 3171 1
2040 3774 3328 31 1
3569 1911 2040 1824 1
1420 1925 1431 1426 1
2350 3569 3328 1824 1
1317 3244 1404 3514 1
3819 1255 3732 1751 1
2897 2280 3155 2707 1
840 2063 1795 724 1
3470 3616 2070 2810 1
1795 2063 3365 724 1
3849 3788 2776 3417 1
3381 606 3592 553 1
2252 1561 2388 2183 1
1981 39 2281 2164 1
3004 39 1561 2164 1
1561 2811 2164 2062 1
2456 1561 2183 2137 1
377 406 1994 331 1
2149 1994 453 2195 1
3849 3417 2776 3744 1
3744 3849 3324 2776 1
2183 1561 2456 2252 1
3148 2776 3849 3788 1
3215 1981 2164 2277 1
695 809 2196 849 1
2581 679 1976 2217 1
3849 3324 2776 3148 1
2217 679 1976 1313 1
1313 703 2217 679 1
3712 2071 3664 131 1
2217 703 2581 679 1
3664 3526 131 2071 1
2071 3795 3526 2571 1
1684 205 1570 1960 1
1630 3129 2072 1730 1
1496 1716 2111 1477 1
1496 1482 1323 1560 1
1496 1560 1477 1533 1
1630 3212 2072 3129 1
1496 1716 1477 1323 1
2278 2682 1379 2067 1
1716 1687 2111 1477 1
2821 1960 3694 205 1
3878 205 1684 1960 1
2072 3317 1730 3129 1
1960 205 1570 3694 1
3087 3211 1664 1771 1
3457 2167 1179 1294 1
202 148 3144 2422 1
1962 2171 3858 1997 1
2171 1962 1530 1997 1
1476 1918 3858 1997 1
347 319 320 3369 1
347 2361 385 2336 1
347 319 357 320 1
347 2361 319 3369 1
1633 2559 1679 801 1
2099 3765 1924 717 1
2099 1924 2003 2813 1
3474 3129 1772 3317 1
93 3450 2074 3042 1
1337 970 1152 1057 1
1611 2268 995 778 1
1057 970 2966 1337 1
1292 1375 520 465 1
621 1375 2357 1292 1
3450 2074 3703 93 1
1721 2074 84 3119 1
3474 3129 3317 2072 1
3638 3129 1772 3474 1
2072 3129 3638 3474 1
691 654 783 2162 1
691 783 1869 2162 1
1978 1518 124 68 1
2162 654 783 1700 1
1940 2007 1680 2200 1
1405 2268 778 690 1
2126 1978 68 1621 1
1940 2007 2200 1688 1
1405 701 2268 690 1
2268 690 759 778 1
3253 1978 2640 2126 1
2101 2824 3474 2158 1
1377 3858 2171 1711 1
1978 1518 68 1621 1
1377 2524 1711 2171 1
744 2141 2869 1971 1
2158 3474 103 62 1
62 69 103 2158 1
3822 3006 2169 1585 1
775 2173 872 1881 1
3039 3066 3455 33 1
775 1602 2189 2173 1
775 2189 872 2173 1
2169 1542 3822 1585 1
1930 1650 2500 1806 1
2239 2003 2078 1743 1
1650 2434 1560 2402 1
1534 1743 2003 1949 1
2351 2079 3299 3520 1
192 245 240 2178 1
2139 808 748 667 1
3861 1603 1441 1346 1
743 687 737 831 1
743 687 666 634 1
743 687 634 737 1
2565 1073 1200 2095 1
3414 296 2515 2348 1
3590 3520 3299 2079 1
2014 2179 488 2195 1
2195 2179 488 453 1
1281 1421 16 2572 1
2943 569 488 2027 1
3843 2179 488 2014 1
2181 168 3344 2693 1
1602 747 2189 2173 1
622 2423 3107 1837 1
2222 3289 3038 1684 1
1618 2597 1178 1823 1
1178 3320 1618 1823 1
1395 1649 2733 2102 1
1641 1425 1281 15 1
1970 1649 1395 2102 1
1395 1970 2102 2894 1
2934 3608 2608 1373 1
2608 2706 1373 3608 1
454 2575 568 2271 1
627 1893 2271 1765 1
2761 887 801 932 1
801 887 3198 932 1
232 1833 2459 2515 1
801 3198 3889 932 1
2437 3889 932 801 1
2761 801 2437 932 1
2580 2553 3748 3251 1
2169 254 3824 1718 1
2169 3006 254 1796 1
1398 2873 2311 2482 1
2278 1888 2067 2920 1
1242 2762 1082 1135 1
1702 2570 3189 2853 1
2132 3223 2522 2485 1
3223 1135 1242 1162 1
2256 2485 2522 3223 1
2242 1698 282 2014 1
3843 2242 2014 1690 1
2459 2014 2195 1969 1
2169 1796 254 1718 1
2056 813 1874 704 1
702 2015 617 572 1
2187 1223 2136 1787 1
3302 2228 147 3318 1
1253 1787 1223 2187 1
125 3181 3534 3884 1
3302 2228 3318 1773 1
1968 1914 587 2749 1
3895 3534 125 3181 1
1220 2625 1067 2394 1
2019 396 3046 2796 1
2103 3140 2437 3728 1
544 2019 2078 2003 1
2194 396 3046 2019 1
1840 2078 509 2019 1
73 2318 100 3410 1
2932 2908 3129 3317 1
2274 3749 3626 160 1
509 557 2021 500 1
561 592 1753 500 1
1688 1290 1753 2021 1
509 1688 2021 1290 1
249 2018 1998 252 1
2189 744 2869 3833 1
2625 1096 2394 2521 1
2625 2843 1096 2521 1
1571 1701 2022 3847 1
1986 1703 2022 2873 1
1724 3894 1327 1954 1
812 2499 829 968 1
2499 829 1055 804 1
812 2499 804 829 1
1414 607 2544 480 1
189 218 236 240 1
829 2499 1055 1139 1
2192 1071 1022 930 1
249 2018 3246 1998 1
2107 2302 2437 3140 1
3317 3129 3493 2908 1
940 1054 956 1007 1
2437 2302 3728 3140 1
1798 1699 2250 1702 1
2197 586 1292 542 1
2197 1292 586 2357 1
1702 2888 1699 2250 1
669 818 820 821 1
371 3046 2194 327 1
690 632 701 608 1
398 2194 327 1543 1
1798 2250 2001 1894 1
726 669 821 779 1
2019 1574 371 2194 1
1060 886 897 3273 1
3744 2001 2250 1894 1
3744 1702 2250 2888 1
2100 2568 3212 3538 1
371 2194 3046 2019 1
1359 2025 1281 1421 1
2908 2932 3129 3204 1
1281 2025 18 1421 1
2090 1953 2651 940 1
2025 1441 1281 18 1
1426 2130 1387 2026 1
1339 1282 1426 2026 1
1426 2026 3832 2130 1
3832 1426 1282 2026 1
1426 2026 1387 1339 1
1003 1098 1097 3060 1
714 1893 627 2757 1
789 2757 1765 2690 1
1904 2107 2086 3259 1
3259 2086 1098 2302 1
3848 3323 2118 3597 1
3259 1187 1098 2086 1
1904 2086 1078 3259 1
2908 3204 3129 3493 1
3854 2523 3779 1271 1
2199 741 737 2275 1
3684 2152 102 2131 1
1598 1547 1862 1982 1
58 76 79 1621 1
2523 973 967 1158 1
280 2455 231 269 1
1621 76 1581 2126 1
1036 2934 2608 1373 1
79 3463 1621 76 1
3848 3582 2118 3323 1
2379 2152 3846 3684 1
131 2571 2652 2039 1
1945 1745 797 3000 1
3833 662 658 706 1
3189 2050 3459 2686 1
2706 1745 2869 2970 1
2029 356 334 281 1
3459 1721 2050 3612 1
2050 3612 1721 2634 1
2172 3361 2896 2109 1
3245 3590 3169 2109 1
3169 2109 3309 3245 1
680 606 601 2444 1
554 479 2235 2080 1
1980 1148 2385 3670 1
2535 2110 1058 1980 1
670 601 680 606 1
490 446 532 2404 1
490 1289 446 2404 1
2535 1980 1058 3278 1
3693 2334 3688 3416 1
2110 2535 3662 2210 1
3188 2190 2309 2754 1
329 2299 1301 2832 1
2032 1792 675 2196 1
2299 3196 329 2156 1
2309 1886 2190 1884 1
2196 2032 1792 751 1
1959 603 760 751 1
406 495 1854 513 1
603 513 633 2032 1
2532 3077 190 191 1
603 751 2032 633 1
3676 3108 190 2532 1
2032 603 1959 751 1
3676 2532 2317 2458 1
2309 2190 1886 2754 1
2112 86 2072 3212 1
2112 3153 3379 3212 1
3188 2309 2190 3575 1
2045 1106 3294 1247 1
2050 2634 1699 3091 1
1699 2634 1594 3091 1
1309 1758 1504 1939 1
2146 2634 2050 3091 1
1100 1242 2212 1126 1
3518 2158 3644 3484 1
1100 1242 1226 2212 1
2309 1884 2190 3575 1
3890 2559 2261 3728 1
3890 3395 2559 3728 1
2477 2714 2219 1843 1
1585 3006 2169 1796 1
300 235 3077 2267 1
235 2267 300 311 1
171 3147 2411 2540 1
767 1871 779 904 1
1585 1796 2169 1718 1
134 2232 3022 2540 1
311 317 235 2267 1
2267 2510 3077 273 1
904 2643 1871 779 1
2267 317 235 2784 1
3153 3084 3254 1992 1
1774 1031 1127 1087 1
2037 516 584 619 1
2037 1769 700 2713 1
907 966 1087 1050 1
907 849 1087 966 1
2028 3594 140 1694 1
3254 1694 3578 2511 1
695 686 873 733 1
1058 1148 1330 3109 1
1058 1148 3109 2797 1
2119 1499 138 3439 1
681 649 594 3496 1
2627 3598 2512 3876 1
1667 3496 594 493 1
3496 1667 681 566 1
3024 3625 2119 1499 1
3410 2892 3436 2168 1
1667 594 3496 681 1
2168 2892 3436 1448 1
566 493 1667 536 1
3410 2892 100 3436 1
1667 594 681 740 1
3876 3439 2627 3598 1
172 2520 3029 2274 1
511 1292 542 456 1
511 586 525 542 1
586 525 635 511 1
586 635 525 647 1
3712 3864 1442 165 1
3436 2892 100 1448 1
2711 2217 1976 1313 1
2473 1089 881 868 1
398 2215 396 2194 1
3325 2809 2719 2215 1
2194 396 1574 2215 1
1777 1288 2056 463 1
1313 703 2711 2217 1
2711 1976 1795 1313 1
2666 3228 2965 1675 1
1702 2853 3189 2888 1
2776 2888 2853 1702 1
332 2528 2410 369 1
369 395 2528 2410 1
1940 2528 326 1605 1
1940 2528 395 326 1
2216 2387 3073 3543 1
323 2435 310 279 1
1551 383 2044 2435 1
2044 448 2435 383 1
2044 489 422 1289 1
323 1937 2044 1289 1
600 526 1854 2175 1
379 439 406 1854 1
2272 965 1995 1176 1
1348 3859 2046 1449 1
2961 2203 3584 135 1
3584 2203 2771 135 1
3859 2046 1349 1348 1
1463 1349 2049 2046 1
1176 965 1645 2272 1
3076 1937 401 338 1
135 2203 3163 2961 1
1257 1119 1194 3329 1
2123 3590 2955 3245 1
2095 1194 1257 1119 1
72 2213 3290 2429 1
2123 3563 3245 1790 1
2554 215 177 213 1
1964 245 192 210 1
1964 210 1605 245 1
1605 1964 3848 3368 1
403 1635 1290 467 1
1789 1635 1688 1290 1
213 2554 215 3222 1
180 2554 177 213 1
1443 180 213 2554 1
1443 2554 213 3222 1
2608 1106 1121 2807 1
2321 2120 463 342 1
2321 463 2120 481 1
2321 481 2120 411 1
1312 1324 1817 1632 1
123 1632 1328 1312 1
2112 3153 3212 1630 1
1328 137 1518 123 1
2112 2701 3550 2072 1
3825 1664 163 3565 1
2135 20 1866 2224 1
2926 336 361 372 1
1729 2765 372 361 1
336 361 372 3105 1
372 2765 3105 361 1
3800 3825 3565 3211 1
1729 372 2926 361 1
2125 3305 2427 2341 1
3825 3211 1664 3565 1
2900 2124 2056 720 1
2056 487 617 572 1
563 2056 2900 1777 1
2427 2341 3864 2125 1
3864 3712 1442 2125 1
3397 3712 2125 2930 1
3894 3892 2393 1710 1
3894 3892 1710 3642 1
3825 163 3800 3565 1
2117 2230 485 2602 1
2602 485 2081 2230 1
3038 3552 3825 3211 1
1152 970 1337 1192 1
1192 2990 1152 970 1
3825 3552 3038 2821 1
3800 3038 3825 3211 1
3825 3038 3800 2821 1
2342 1835 3436 135 1
1704 76 58 2126 1
2342 135 3436 2127 1
1621 76 2126 58 1
2612 1835 2342 135 1
3488 105 2283 3069 1
105 2501 2283 2478 1
2379 1580 2152 3684 1
3436 100 3618 108 1
2862 1547 1598 3802 1
2153 135 2771 2342 1
2342 2153 135 2127 1
2771 135 2612 2342 1
100 108 3316 3618 1
97 1621 2126 60 1
33 3252 3621 2655 1
3102 3168 1848 2288 1
65 109 106 3618 1
1940 2200 2242 395 1
387 1437 437 410 1
326 2242 1940 2386 1
326 1940 2242 395 1
2045 1247 1156 1106 1
2045 1247 3294 1203 1
387 2415 1437 2992 1
3565 163 2430 159 1
2430 159 163 2198 1
2198 159 163 2585 1
2566 3406 3776 136 1
2203 3580 154 2771 1
345 3407 2247 1610 1
2910 400 2765 1729 1
2910 453 400 1729 1
345 1610 357 3407 1
3750 1610 357 345 1
3899 1610 345 3763 1
387 437 1437 2415 1
345 3899 3750 1610 1
3884 85 3554 1595 1
3188 2866 3260 3575 1
1328 3360 1990 2244 1
2825 49 70 1595 1
1595 3554 2825 3537 1
3554 3884 1595 70 1
2702 2079 2351 3520 1
2902 2907 3234 2351 1
1417 2133 2705 1314 1
2138 3234 3108 3017 1
1688 2124 1635 1777 1
2138 3017 3108 2722 1
1635 467 2037 1290 1
562 3473 2066 1967 1
3017 2351 3520 2702 1
462 529 2066 562 1
1967 1700 1914 3236 1
185 1295 2222 217 1
2133 2705 3319 1417 1
3790 2133 3319 1417 1
1295 217 185 1955 1
3879 1295 217 1684 1
1192 3888 2033 1152 1
1213 1191 1265 1278 1
1295 217 1684 2222 1
1841 202 3150 241 1
2267 3132 300 311 1
311 317 2267 3132 1
2510 2784 1486 1746 1
3132 321 317 1746 1
2196 675 2032 1854 1
2328 1191 3555 1213 1
1191 1213 1265 3555 1
1955 3879 1295 217 1
2487 81 77 3562 1
401 427 1937 477 1
3562 2487 81 2456 1
3181 2674 3406 3891 1
3891 3406 3181 136 1
2708 1216 3516 3735 1
1650 1638 1783 2898 1
2674 3242 2352 2759 1
3895 3041 2364 3534 1
1423 1081 1170 1216 1
2695 3630 40 3729 1
3602 3729 2695 40 1
2375 3516 1118 3735 1
1081 3516 1216 3735 1
1081 3516 3735 1118 1
1423 1081 1216 3735 1
2231 162 3856 216 1
2661 1007 2030 3885 1
2661 2030 1007 1044 1
1044 1007 2661 2583 1
3602 2889 2695 3729 1
330 3137 2504 2978 1
2420 2253 240 1605 1
2253 245 240 1605 1
2695 2889 3630 3729 1
2417 2903 2624 3423 1
3588 1589 562 3473 1
562 1589 3588 3128 1
3575 2309 3436 2555 1
487 572 2124 584 1
628 1777 2900 2124 1
2900 1777 2056 2124 1
3575 2555 3436 3032 1
2056 2124 487 572 1
3575 1884 73 3436 1
3575 1884 3436 2309 1
2170 1819 62 2824 1
3630 33 1819 2655 1
3630 1819 2170 2655 1
2873 2311 3847 26 1
2889 3630 2170 2655 1
42 2820 35 2145 1
1135 1082 2798 2256 1
1870 2988 2857 1191 1
2482 2873 1703 1636 1
2653 42 34 2145 1
2762 2256 1082 1135 1
2798 3498 1082 1135 1
34 2145 42 35 1
2762 2485 2256 3223 1
2573 2820 2145 3072 1
2936 1905 1319 1344 1
2256 2563 2762 2651 1
3502 2573 2145 3072 1
1870 1191 2857 2972 1
554 479 2080 447 1
2291 3059 2297 3341 1
1889 1072 2258 1008 1
1169 2258 1072 1008 1
1296 1104 2259 1021 1
2786 2960 830 788 1
3065 1798 1923 2686 1
2786 2134 2960 788 1
2786 840 2134 788 1
1388 1741 1860 2777 1
937 2857 2988 1191 1
1388 1860 1741 2552 1
2219 1860 1388 2552 1
2022 2084 3847 1701 1
1378 1361 2084 2022 1
211 1691 3302 1773 1
3065 1721 1374 1699 1
34 2849 2206 2115 1
2729 3604 2830 1659 1
2729 273 1659 2093 1
2195 2959 2179 453 1
453 2179 400 2959 1
2843 2389 2193 2143 1
2228 168 147 1631 1
3849 3676 3417 3744 1
3360 123 168 2228 1
2843 2193 3656 2143 1
3639 168 3360 123 1
374 1760 1286 2225 1
3857 356 1760 374 1
3857 1286 374 1760 1
2687 2507 2322 909 1
2687 2089 2322 2507 1
1478 1866 2048 2135 1
2221 461 440 443 1
3160 2741 2254 1844 1
2146 3091 2050 2888 1
2740 2741 2254 3160 1
3351 210 2315 183 1
2512 2260 138 2119 1
2379 3684 1788 1660 1
246 1713 1872 2387 1
2741 3669 2254 1844 1
3024 2260 2119 3625 1
2020 560 2476 2042 1
508 2020 2476 2042 1
3277 1330 1148 2304 1
3109 1330 2304 1148 1
3277 1330 2304 1275 1
3024 2119 3230 1499 1
3186 3612 1721 3532 1
1419 1928 1721 2074 1
1721 1928 3612 3186 1
1893 2690 714 1375 1
84 2074 1721 95 1
789 2757 2690 714 1
1893 1765 598 505 1
2161 2202 426 1292 1
426 2942 2202 2262 1
2197 542 1292 2202 1
2270 1149 899 998 1
2716 354 1369 376 1
2716 363 354 376 1
2151 1953 1782 2331 1
3426 1763 2422 3147 1
2331 993 2385 2151 1
2535 1782 2110 2151 1
2331 2385 2110 2151 1
1818 1947 1545 1314 1
2394 1096 1200 2521 1
1818 3025 2629 1587 1
2331 993 2151 1953 1
1622 1580 2422 1763 1
1683 288 309 338 1
2272 3545 1116 1166 1
2097 1282 1307 1441 1
1282 1362 1394 2094 1
1307 1282 2094 1441 1
3290 2213 2392 2429 1
3529 3509 2300 151 1
2300 3509 133 151 1
2096 2097 1307 1432 1
2929 2033 3798 3495 1
1152 2033 1337 3495 1
2929 1268 3495 1218 1
1432 2130 1441 19 1
2026 1441 2097 2130 1
115 1300 2731 129 1
2097 2026 1282 1441 1
3488 105 111 2283 1
2195 488 1994 453 1
2195 1994 488 2175 1
379 331 1994 406 1
3005 94 2925 2154 1
133 2300 3466 3509 1
2249 2631 3061 2198 1
218 3850 1445 2273 1
3853 1445 204 2273 1
2154 3691 2668 2588 1
3853 231 2273 204 1
2273 231 1332 204 1
788 840 724 835 1
724 788 2711 840 1
2355 3514 1033 1084 1
1033 2346 3514 2355 1
3005 94 2154 1923 1
2928 3005 94 2925 1
2231 1707 1334 1895 1
2099 1924 2813 717 1
2300 2363 3466 3509 1
3529 3509 2363 2300 1
1807 1591 1227 2035 1
3811 2411 2951 184 1
1807 1776 1591 2035 1
3811 2951 3434 184 1
3434 2951 228 184 1
672 560 1873 622 1
1873 2894 1395 2275 1
1395 2102 2275 2894 1
2538 2206 3645 35 1
1448 3104 108 2127 1
2601 3160 3124 2163 1
2106 1671 1362 1305 1
2106 1775 1671 1305 1
2106 1440 1775 1305 1
3441 2163 3882 1693 1
1282 2106 1362 1305 1
2637 3760 3737 3734 1
2176 268 1718 267 1
1718 268 1796 267 1
1796 217 268 1665 1
3095 3612 80 3532 1
201 269 1332 299 1
2682 1752 1781 1888 1
3157 2920 2067 3231 1
1379 3157 3231 1930 1
551 611 2518 539 1
1379 2155 2682 2278 1
2053 2278 1379 3157 1
2740 2254 3074 3160 1
3891 2165 3106 3350 1
2540 2058 178 184 1
2166 2817 2422 3426 1
2165 2234 3891 3106 1
3604 3589 1784 321 1
1508 2675 2068 1418 1
1341 1549 2068 3860 1
2956 1052 1735 1047 1
1361 2229 2022 3859 1
1361 1701 2084 2022 1
2248 1047 3159 1735 1
1420 1925 1436 1431 1
1381 1426 1420 3832 1
1501 783 1700 3473 1
1566 783 1501 3473 1
1332 1895 1707 201 1
2559 3473 2494 1566 1
1535 1562 2422 2166 1
2162 1700 783 2444 1
3505 2325 317 250 1
2444 3473 2494 2559 1
3215 2281 2164 1981 1
59 2281 3004 3742 1
317 1386 2325 3505 1
311 1386 2325 317 1
3857 1968 356 462 1
1546 2386 3152 326 1
3839 3835 2201 3841 1
317 3875 250 2325 1
1546 2386 2282 3152 1
3875 317 311 2325 1
1535 2166 2422 3144 1
2168 3436 1835 135 1
2404 446 447 2225 1
2001 3324 3849 1445 1
1707 1798 2001 204 1
1660 1552 1622 1712 1
3499 835 724 806 1
1660 1622 2604 1712 1
806 3365 835 724 1
3053 1587 1545 37 1
176 2172 2896 2109 1
3053 36 1587 37 1
3645 2774 2105 1318 1
3590 2172 176 2109 1
2896 176 2622 2172 1
3894 2656 3384 162 1
154 3590 2172 176 1
3605 2176 1946 336 1
2669 2729 2830 1659 1
2669 2729 1659 2093 1
3299 3472 2647 2689 1
3299 3472 3690 2647 1
332 3850 2273 1332 1
3850 2458 1445 2273 1
3299 3690 3321 2647 1
1217 1139 2182 1267 1
3234 3299 2647 2689 1
3248 3562 2556 77 1
2634 1954 3041 3895 1
77 2556 2866 3562 1
2556 3562 3458 3193 1
300 1681 332 369 1
2556 3562 3193 2866 1
795 841 719 803 1
1681 369 1857 332 1
992 1368 2177 2630 1
3234 3299 3321 2647 1
2099 2289 2802 1534 1
2566 3406 2534 3776 1
2534 3897 3406 2566 1
2177 1503 1368 2541 1
2099 2289 2292 2802 1
2292 607 2289 1865 1
1368 2630 3315 1110 1
2177 1503 1111 3500 1
1884 3575 1916 2866 1
1916 3575 2855 2866 1
723 850 754 852 1
1987 484 452 1855 1
1855 484 452 3114 1
1884 73 1916 3575 1
2376 3211 1664 3087 1
2715 2122 697 2468 1
1916 3575 73 2855 1
1250 983 2947 3419 1
1410 3419 1250 2947 1
1414 2557 1303 732 1
2393 3892 2800 1710 1
3743 2871 3472 176 1
2871 3743 3169 176 1
3355 3743 2109 3169 1
2393 3892 3239 2800 1
3081 3056 3301 2941 1
1713 3892 2800 3239 1
2800 3699 3892 1713 1
3206 3809 3780 3248 1
2124 487 584 466 1
2941 3081 3742 3301 1
2702 3851 2079 2768 1
3851 2907 2351 2079 1
2961 2079 2907 3851 1
2929 1389 1384 2033 1
2186 1626 3393 3541 1
616 679 2055 577 1
3644 1723 3600 111 1
1723 2501 111 3644 1
1823 3158 3026 1178 1
2995 1098 3135 2302 1
2103 3140 3728 2878 1
3882 1616 1404 3514 1
3728 3140 3365 2878 1
2257 2868 2552 2550 1
1432 2130 2097 1441 1
3320 1013 1823 1178 1
3882 3045 3514 1404 1
2555 2342 3436 2127 1
2132 2522 2331 2485 1
2245 3356 2385 2331 1
3509 2363 3136 3070 1
1398 2609 2286 2076 1
2076 2609 2286 3346 1
1541 3494 1722 2362 1
1541 2320 1722 3494 1
2099 1293 1850 2594 1
1351 2714 1399 1625 1
2099 1293 2594 2699 1
2245 1184 1279 2304 1
532 2080 2404 447 1
2080 2404 447 2225 1
1916 77 1832 3179 1
3179 2487 77 1832 1
2981 1855 3456 3464 1
1865 2699 2594 3771 1
2278 2188 3157 2053 1
366 1678 2306 344 1
3214 392 366 344 1
390 2306 344 366 1
1681 1678 2306 1857 1
2060 2582 1865 3771 1
2780 2188 2053 2658 1
2278 2780 2188 2053 1
2307 1939 10 2675 1
2127 1448 3436 108 1
2308 2483 3695 2381 1
1448 100 3436 108 1
2320 1502 3310 3494 1
1290 1743 1809 433 1
2354 3875 3408 311 1
1743 2003 2082 2240 1
2339 3817 2537 2137 1
311 1386 2354 2325 1
3875 2325 311 2354 1
1386 311 2354 1298 1
274 2299 1301 297 1
2867 2248 2641 2431 1
2844 2867 2248 2641 1
1036 2665 1932 2310 1
1246 1156 2310 918 1
2310 1156 1036 2805 1
1997 1347 2174 3863 1
3337 3875 3408 2354 1
954 2010 2644 2703 1
954 2010 2218 2644 1
675 845 712 733 1
845 712 691 675 1
2644 2218 954 2990 1
2033 1337 1192 1152 1
691 712 845 2863 1
733 849 845 907 1
1558 1540 1798 1912 1
1502 3031 2320 3310 1
1502 3031 3167 2320 1
1337 2243 2033 1192 1
1825 3118 1394 2096 1
1502 3138 2320 3167 1
625 551 578 451 1
2515 3414 3723 1876 1
3886 2647 190 179 1
1420 1435 2312 2106 1
190 3886 3472 2647 1
3138 1502 2320 3494 1
620 625 684 678 1
2314 2259 1067 1104 1
620 684 804 678 1
1810 2314 1067 1104 1
2386 210 265 245 1
1605 210 2386 245 1
989 915 1083 1149 1
2386 265 1940 245 1
899 856 1744 789 1
1940 245 1605 2386 1
989 915 1744 789 1
2316 1354 2493 1583 1
989 915 1149 998 1
989 915 844 1006 1
3417 3234 2647 2689 1
989 915 1006 1083 1
989 791 861 844 1
3870 2469 3115 2590 1
989 915 789 844 1
2515 3723 226 1876 1
125 114 2804 2747 1
303 288 266 338 1
1711 1761 2229 3859 1
2143 2193 3656 1207 1
303 309 288 338 1
1702 3461 2263 2681 1
98 112 3696 3778 1
309 271 275 288 1
303 309 275 288 1
2207 155 2408 3195 1
3707 2207 3344 3694 1
1745 1373 2706 3264 1
3038 3694 2207 3522 1
296 1658 2459 2348 1
2459 296 1969 1658 1
1969 296 2962 1658 1
3322 2348 1658 296 1
3322 1658 2962 296 1
3833 744 1602 2189 1
2654 3392 3395 2964 1
2075 1813 2206 2538 1
3728 3388 3392 2654 1
2300 2142 2309 1965 1
2654 3392 3728 3395 1
1961 2023 2241 2271 1
3600 1723 1682 111 1
2729 1486 2498 3604 1
2309 1965 2142 1835 1
2614 469 2236 1369 1
913 2662 3015 2635 1
1769 2226 2814 913 1
377 331 1994 322 1
377 1287 2149 1994 1
377 1994 2149 322 1
2333 1561 2456 2137 1
2239 2157 700 2021 1
2705 1579 1321 1947 1
611 678 551 2518 1
782 678 698 611 1
700 2157 2160 1753 1
2137 3817 2456 2333 1
2219 2552 2324 1606 1
76 58 79 3794 1
3794 76 58 1704 1
3320 1618 2220 1864 1
1789 1688 1948 1290 1
3074 3669 1171 2396 1
2902 3851 3788 2356 1
2166 3144 2551 2422 1
1815 2989 2277 2326 1
2396 3669 3413 1844 1
455 508 420 433 1
2277 2219 1754 2326 1
2279 2576 2666 3747 1
2666 2576 2279 2301 1
3308 3305 2427 2666 1
508 2042 455 420 1
1340 1427 1364 1283 1
699 3086 739 2677 1
1618 2220 3558 1823 1
2220 1013 1120 1823 1
508 2476 455 2042 1
145 143 1875 144 1
1875 143 3146 3136 1
3340 3760 3737 2637 1
3737 3760 3340 2621 1
2196 633 609 513 1
2032 513 633 2196 1
2196 849 725 751 1
2032 751 2196 633 1
3659 3074 1171 2396 1
3146 2039 3136 3378 1
3644 3518 3600 1723 1
3891 3642 2165 3350 1
937 1160 1017 2328 1
937 2328 1017 944 1
937 1191 1160 2328 1
3518 2501 1723 3644 1
264 217 2018 252 1
1772 3269 3484 2854 1
1796 3006 254 3622 1
2018 217 2222 252 1
699 592 3086 2677 1
2018 185 3246 2222 1
2262 389 2161 426 1
2697 3365 2767 724 1
2819 2367 293 2161 1
3136 131 3208 2039 1
651 2697 2767 724 1
2262 2202 426 2161 1
3136 2039 3208 3378 1
2893 3373 1422 2492 1
3006 254 3622 3513 1
1649 3765 894 750 1
1534 3765 1649 750 1
3534 2794 1515 1661 1
3622 3821 1796 3006 1
3622 3821 3006 3513 1
2338 1029 804 1404 1
925 804 2338 1029 1
2338 804 2378 1404 1
925 1719 2338 804 1
761 920 2338 804 1
2556 3378 3227 3208 1
3001 2232 3422 3726 1
1287 1959 2162 691 1
2162 1287 486 530 1
1971 668 568 650 1
2232 171 2058 2540 1
752 655 2699 1971 1
1993 2060 1865 3771 1
1971 2699 752 2886 1
2504 284 240 229 1
2504 2420 284 2024 1
2024 3117 284 2504 1
2504 284 2420 240 1
3117 229 284 2504 1
2518 427 504 477 1
3147 171 2232 2540 1
2518 427 477 1937 1
1937 427 1291 2518 1
2518 1291 504 427 1
2060 1993 1802 3771 1
2754 2556 3227 3208 1
149 157 167 2448 1
1600 1856 2049 1848 1
2049 2046 1523 1856 1
157 2119 167 2448 1
3344 3668 2724 3121 1
3688 3147 3714 2232 1
1713 2800 2464 2656 1
3283 2119 2448 2627 1
2627 149 2448 3283 1
3199 3591 3016 3577 1
3290 67 3316 3401 1
1753 1290 1688 2124 1
1107 1195 1202 2679 1
2115 2881 1686 3508 1
1753 1688 2021 500 1
3508 2881 1686 2453 1
347 357 2336 394 1
1753 592 3086 2124 1
347 319 2336 357 1
3199 3780 3591 3577 1
67 65 3316 3401 1
2637 1327 2234 3068 1
1684 217 252 2222 1
2346 2963 2338 1808 1
1808 1719 2338 925 1
2346 920 2338 2963 1
1966 1728 1237 1130 1
1130 1803 1966 1728 1
1186 1130 1237 1728 1
3276 842 2728 843 1
1896 217 2018 264 1
1186 976 1130 1728 1
2018 185 2222 217 1
74 2568 3638 3212 1
2100 3292 3212 2568 1
1883 991 2488 1202 1
242 263 2343 2128 1
1753 592 2124 1688 1
242 263 205 2343 1
2810 2822 2645 1393 1
3825 263 233 2343 1
532 447 2404 446 1
446 2225 2404 1289 1
1753 1769 700 2037 1
532 2080 447 554 1
2080 479 1286 374 1
2332 263 2343 233 1
2343 263 2332 2128 1
2343 2821 3825 263 1
3650 2085 2345 622 1
809 824 2015 2327 1
2932 2379 2574 3523 1
3687 2379 2932 3523 1
592 1777 2124 1688 1
617 1288 2015 630 1
3846 2379 2932 3687 1
3514 2346 1317 2355 1
2021 1290 1753 700 1
1317 2346 1808 2525 1
1317 2346 2338 1808 1
2525 2355 1317 2346 1
1654 1074 1050 1199 1
1199 1654 1074 1797 1
462 1968 1914 2066 1
1962 1997 3858 2174 1
1997 1347 3858 2174 1
379 439 2175 380 1
1990 1944 1328 2244 1
1729 453 452 2910 1
379 1854 2175 439 1
1312 1992 1328 1990 1
1797 1198 1074 1199 1
1662 2683 2763 2419 1
3824 2938 3150 2348 1
2331 3356 1049 2522 1
2646 3841 3835 2347 1
2062 2782 3341 2333 1
452 1987 1729 2910 1
27 3835 3789 2646 1
1948 1290 2078 1809 1
2147 2689 190 3472 1
1643 1777 404 2200 1
1688 2200 1777 1643 1
2348 1658 2459 1577 1
2689 3472 2647 190 1
3417 2689 2647 190 1
145 2490 2621 2558 1
2147 2689 3108 190 1
3417 2689 190 3108 1
2638 3786 3517 3557 1
1057 3807 1152 3798 1
2936 1508 1905 1344 1
1508 1392 1905 1344 1
3807 954 1057 1152 1
2481 2350 2872 3866 1
3061 1903 2542 2249 1
145 143 2490 3146 1
2429 3290 100 2392 1
2199 737 741 881 1
116 2392 2769 3332 1
154 3690 2070 3580 1
838 737 2199 881 1
2987 3328 2350 1674 1
2008 2431 1215 1168 1
656 601 1869 680 1
2987 2053 2658 1858 1
2987 2188 2658 2053 1
2008 3721 1215 2431 1
3378 3199 2352 3248 1
2824 2889 2170 2655 1
3342 3754 2407 3619 1
2734 2889 2824 2655 1
3376 2889 2170 2824 1
3347 2889 2170 3376 1
2185 1921 1464 1750 1
1406 2185 1464 1640 1
3670 3277 1330 1148 1
1392 1430 1822 1344 1
3458 3009 2352 2759 1
1724 1878 3556 1594 1
1508 1430 1392 1344 1
1430 1344 1508 1316 1
3494 3174 1988 3414 1
2039 3458 2352 2759 1
2231 1724 3556 1594 1
1878 2290 1594 2634 1
991 2355 1033 1084 1
1033 2406 2355 991 1
2525 991 2355 2406 1
1084 2355 2525 991 1
2039 2652 3458 2759 1
1790 183 2315 210 1
2652 3009 3458 2759 1
75 3761 3009 3458 1
1968 1760 2029 2749 1
3857 356 1968 1760 1
3009 75 3562 3817 1
3458 3009 75 3562 1
3761 75 3009 3817 1
1756 2035 3852 1652 1
2127 106 3618 3269 1
1 4 1708 1531 1
3618 106 66 3269 1
76 79 1328 2445 1
3116 3742 2954 2831 1
2041 2658 31 3328 1
2804 2365 44 3554 1
3554 46 3627 2365 1
2159 2954 1717 2831 1
2831 3116 2159 2954 1
1067 2259 1297 1296 1
3554 3387 2804 2365 1
2263 1894 129 1702 1
482 1854 439 1288 1
2196 600 1854 1288 1
3774 2401 1804 1353 1
2775 2401 3774 1353 1
3370 3155 3548 1974 1
1297 1096 1908 928 1
781 2360 2209 776 1
2360 575 685 531 1
2468 2209 2236 640 1
331 2195 285 2014 1
2054 289 254 3513 1
322 2195 285 331 1
1994 331 2195 322 1
2149 1994 2195 322 1
2014 488 2175 2195 1
254 3700 1950 1859 1
2339 2537 3817 2454 1
347 319 2361 2336 1
2196 609 1288 482 1
3761 2454 3164 3817 1
1502 3704 3030 1988 1
2196 609 482 513 1
640 2197 2236 542 1
537 2197 426 469 1
3543 345 2247 3763 1
3155 3548 3341 3370 1
3310 2348 2362 3414 1
1502 181 3030 3704 1
3763 1610 345 2247 1
2196 2032 513 1854 1
482 2196 1854 1288 1
2977 3285 3621 3442 1
1893 1375 2916 512 1
3459 77 3232 3095 1
1407 1439 2201 1396 1
3729 3527 62 3630 1
3729 3527 3630 3465 1
2538 1412 2881 2967 1
2847 2326 1412 2967 1
2538 2967 2847 1412 1
530 550 2162 1959 1
530 2032 1959 1287 1
2967 1412 2881 3039 1
1123 1222 1811 2433 1
3325 2215 2400 485 1
1850 3325 2400 485 1
3039 2326 2967 1412 1
1968 2149 2749 2029 1
2614 426 2197 469 1
300 3077 235 2147 1
300 2147 235 247 1
2215 485 480 2400 1
2400 1850 485 2594 1
2356 2168 3410 2853 1
300 2118 2147 247 1
2118 2147 3582 300 1
550 601 2162 1869 1
2356 3410 3440 2853 1
300 2147 3582 3077 1
1752 1550 1781 2269 1
2278 1752 2682 1888 1
1359 3861 1281 2025 1
1445 204 1434 3853 1
2025 3861 1498 1359 1
1355 1498 1359 2025 1
2356 3410 2168 2892 1
1752 2269 1781 1888 1
1540 201 1798 1374 1
1912 119 1374 3065 1
1558 200 1798 1540 1
2494 1566 783 964 1
1733 2444 1869 783 1
911 1733 783 2494 1
911 964 2494 783 1
2494 3473 783 1566 1
2444 3473 1700 783 1
3456 2353 1814 2981 1
3440 2892 3410 2356 1
172 3753 3029 2520 1
2981 2353 493 1760 1
2353 302 242 263 1
2209 575 531 469 1
2209 2390 677 776 1
2209 2360 659 776 1
2360 575 531 2209 1
677 2390 2209 2197 1
3029 3753 3428 2520 1
2781 3035 3586 2738 1
3799 3802 3586 3035 1
2781 3035 3799 3586 1
1295 2447 2527 2214 1
3755 2742 2527 2214 1
1295 2447 185 2527 1
1295 2527 185 2222 1
1798 201 204 1707 1
1295 2527 2222 3195 1
1454 2279 2576 2619 1
1674 1804 3328 3569 1
2527 2742 3755 3195 1
3896 3497 2092 53 1
1690 2200 2465 404 1
1784 2247 2976 3475 1
2200 1690 1777 404 1
2371 1701 2229 1571 1
1570 3038 3289 1684 1
1989 1392 15 1826 1
1989 15 16 1826 1
1684 1960 1570 3038 1
297 2372 243 286 1
297 243 2372 269 1
1857 269 2879 2372 1
2372 2436 286 2299 1
3038 1570 3289 2207 1
2879 2436 1857 2372 1
2350 3569 1674 3328 1
3866 1911 3569 1824 1
3038 1960 1570 3694 1
3038 3694 1570 2207 1
2374 2714 32 1754 1
2277 2374 32 1754 1
2992 2415 1437 2384 1
3322 254 1950 2726 1
2298 2722 2702 3692 1
2722 3017 2298 2702 1
3850 2722 2298 3692 1
2499 2378 1065 1764 1
2722 3108 3850 2298 1
1404 2378 2338 1616 1
2395 976 772 992 1
772 2395 906 1803 1
803 772 992 2395 1
772 976 2395 1803 1
2896 2109 3743 176 1
176 3743 2896 2822 1
1994 1854 526 2175 1
3824 254 3322 2726 1
379 1994 1854 406 1
2526 1399 2578 1863 1
2109 3355 2896 3743 1
3231 3157 3557 3786 1
2890 665 719 657 1
348 3330 1828 1906 1
1856 3647 2862 3671 1
1840 2796 312 284 1
3346 3671 3647 1488 1
2000 1680 1597 324 1
1802 2230 1993 480 1
348 3117 3330 1906 1
254 3322 1950 3700 1
2292 2594 2400 1993 1
1284 27 3835 2626 1
1398 2609 2076 2873 1
2400 2594 485 1993 1
2400 480 1993 485 1
1525 2688 312 2455 1
1770 1565 821 904 1
254 3824 3322 3700 1
2883 2679 1202 2939 1
2679 1202 2939 3175 1
2890 652 727 665 1
1202 1107 2679 2883 1
211 1691 182 3302 1
2356 3851 3163 1836 1
176 3690 1748 2070 1
2070 3690 1748 3529 1
1836 2907 3851 3163 1
1731 134 3693 3688 1
211 182 3607 3302 1
3161 2883 2660 1107 1
1143 1735 2956 1052 1
3682 1735 2998 1143 1
1567 1492 1366 1768 1
2225 1289 370 316 1
302 2225 370 316 1
302 370 2225 374 1
1816 596 665 657 1
913 2226 2662 2635 1
1769 2635 2226 913 1
3161 1202 2883 1107 1
2713 700 2226 1769 1
1906 1941 3568 2543 1
1567 1168 1768 1366 1
1646 1941 3568 1906 1
1961 2191 2227 545 1
1816 570 652 546 1
2227 1375 2916 1893 1
1008 1768 1366 1871 1
1361 1711 2371 2229 1
1571 1701 2229 2022 1
1761 2371 2229 1470 1
232 3202 226 3723 1
1361 1701 2022 2229 1
866 2786 830 835 1
1711 1761 2371 2229 1
1456 1358 3480 3492 1
2207 3344 2408 3707 1
282 1833 232 226 1
3135 866 835 2786 1
1842 1456 3480 3492 1
2386 2242 1940 265 1
3008 2386 1546 210 1
1624 265 2242 2386 1
1833 2515 232 226 1
57 46 3036 1299 1
3606 46 2284 57 1
1299 3606 57 46 1
232 3723 226 2515 1
3546 258 3033 2639 1
282 232 2684 226 1
2468 531 522 1291 1
2684 226 232 3202 1
2468 2360 685 531 1
2468 2360 2209 781 1
3676 191 190 179 1
3871 3546 258 3033 1
2532 3676 2317 191 1
1287 530 2162 1959 1
299 2306 1681 344 1
1959 2162 1869 550 1
344 1678 2306 1681 1
2532 191 190 3676 1
2639 258 3033 2830 1
3871 3033 258 2830 1
593 574 562 3128 1
1735 1052 1157 1047 1
3697 2233 2308 3281 1
593 562 3588 3128 1
629 3782 2486 554 1
2080 649 3881 2486 1
2267 1746 2510 273 1
3132 321 1746 273 1
3811 171 2551 2411 1
87 121 70 3219 1
171 2551 1541 3811 1
2744 87 3897 3406 1
2614 2197 2236 469 1
619 2226 687 730 1
3897 87 2744 121 1
2238 643 629 532 1
2404 2486 649 2080 1
2919 705 854 2449 1
854 2449 705 643 1
273 1746 2510 1486 1
803 1656 1070 2946 1
1857 269 2372 1681 1
1656 2630 803 1070 1
509 557 2239 2021 1
509 2239 557 544 1
509 1290 2239 2078 1
509 2021 2239 1290 1
3884 87 70 3219 1
2392 3290 100 3019 1
3132 1746 2267 273 1
3748 2553 1324 2391 1
2585 159 163 1664 1
2521 1096 1200 3656 1
1312 3748 1324 2391 1
1430 1316 1508 1689 1
3565 1664 163 159 1
632 813 2056 2329 1
35 3601 2820 42 1
42 2751 3601 2820 1
617 2056 572 2015 1
1874 704 2015 2056 1
2019 1857 2455 2426 1
2019 2241 468 1857 1
2019 1293 524 2241 1
2846 2271 1293 2023 1
2023 2241 371 2426 1
2630 1368 1112 992 1
42 2820 54 2751 1
2867 927 3507 1926 1
2731 3226 2769 1331 1
2109 3361 2896 3563 1
1926 927 2643 2867 1
2643 2569 2867 927 1
3507 1490 927 2867 1
338 1937 363 1683 1
2896 3563 3355 2109 1
1294 3646 1179 2708 1
1331 2731 2213 2769 1
413 393 458 2397 1
2397 1732 393 458 1
551 2518 477 539 1
3898 1732 2397 458 1
2304 3277 1279 2245 1
1184 1279 2720 2245 1
2167 3646 1179 1294 1
80 2284 47 3232 1
2861 57 3232 3633 1
1185 3111 1207 1224 1
611 683 539 490 1
116 117 2392 3332 1
1577 3183 232 2348 1
2285 3513 1859 3489 1
1950 3349 2285 3174 1
3513 3489 2285 3349 1
2348 232 2459 2515 1
3332 2549 116 117 1
2938 1722 3811 3434 1
1436 1420 1431 1440 1
117 1448 3332 2549 1
2403 3647 2288 1917 1
2938 3811 1841 3434 1
1719 761 2338 804 1
1808 761 2338 1719 1
2653 2013 2695 1972 1
2584 3602 1972 2695 1
278 3875 250 247 1
3337 278 247 3875 1
152 3070 130 2294 1
2287 2702 3184 166 1
3445 3070 130 152 1
2287 2955 3520 3245 1
2227 2191 1292 511 1
3614 3605 2412 264 1
409 1292 2416 2864 1
3256 2416 2191 2864 1
2525 991 2406 1759 1
267 3614 2412 3075 1
264 2412 1946 3605 1
3614 3672 3605 264 1
2660 3161 991 2406 1
3851 3163 1448 2356 1
264 3075 1946 2412 1
2634 2290 3303 1878 1
1312 123 1817 1990 1
2137 2297 2849 2291 1
2137 2291 2849 3072 1
2137 3059 2297 2291 1
2567 2291 2137 3072 1
2333 3059 2137 2291 1
1623 1817 123 2413 1
1292 2864 2191 2416 1
2023 2271 1293 2241 1
1292 2227 621 1375 1
2779 2991 1944 2244 1
2241 371 1293 2023 1
3501 90 2445 76 1
332 2649 300 2410 1
1298 326 395 2410 1
332 2528 2649 2410 1
2410 395 2528 326 1
1298 326 2410 3408 1
3358 2445 90 3665 1
2031 2294 1944 130 1
1623 2413 123 3705 1
2413 3705 3444 123 1
1990 123 2413 3444 1
1817 123 2413 1990 1
1825 2312 1356 1394 1
2477 2257 2552 2374 1
3591 3509 3749 133 1
3749 133 3780 3591 1
2267 300 1847 3077 1
273 2267 1847 3077 1
3591 3780 3466 133 1
1292 465 442 1375 1
3466 3509 3591 133 1
3889 2261 2437 3394 1
3889 2261 801 2437 1
198 1444 244 1443 1
1746 317 2267 2784 1
253 230 259 258 1
253 2620 261 259 1
3573 2266 2898 1638 1
1489 1549 1939 2414 1
1720 1801 3213 3353 1
2503 2738 1982 2059 1
1801 3353 3288 3213 1
3749 1594 2290 3091 1
3586 2738 1982 1598 1
2262 341 2161 293 1
2819 389 2161 2262 1
160 3556 1878 1594 1
2262 2819 382 294 1
2262 341 293 294 1
160 1878 2290 1594 1
213 215 248 1853 1
1422 1863 3409 2251 1
2869 1745 755 1945 1
755 1745 797 1945 1
2436 2156 434 464 1
1940 2386 1605 326 1
1292 409 2416 442 1
3640 2419 1075 1010 1
1375 2416 2227 2916 1
1375 2416 1292 2227 1
1749 911 1032 1628 1
2650 3196 333 2370 1
3196 2650 1885 2264 1
2264 454 2650 2023 1
3527 71 2632 102 1
1980 2110 2385 2151 1
3392 2654 758 2964 1
1749 1032 911 1095 1
2654 3388 3392 758 1
2535 2151 2110 1980 1
2770 96 71 2632 1
97 107 2126 1621 1
620 951 799 903 1
2151 1980 2535 3278 1
3023 107 3253 2126 1
2770 96 2131 71 1
2632 96 71 3253 1
2126 107 1978 1621 1
1577 3434 2348 2938 1
3253 107 1978 2126 1
1679 2559 2261 801 1
2644 954 2703 1152 1
829 951 678 802 1
829 978 951 802 1
3598 1682 2512 111 1
2390 2357 689 2089 1
829 951 1046 1029 1
2644 954 1152 2990 1
3876 3335 111 2512 1
829 804 951 1029 1
2037 1290 467 516 1
1457 2777 1860 1411 1
97 107 3023 2126 1
3136 2754 3466 3227 1
640 2236 1291 542 1
2145 2820 35 2849 1
3072 2013 3435 3341 1
2202 2236 542 1291 1
838 2199 827 881 1
454 568 2846 2271 1
2019 1293 2003 524 1
2002 571 568 454 1
614 1642 2466 650 1
2300 2754 2142 3206 1
3360 2214 2678 2244 1
2016 2967 2881 3252 1
3341 3190 2967 2016 1
1152 3062 2033 3798 1
2678 2214 2341 2244 1
2620 2303 3753 230 1
2620 2303 230 1444 1
2298 3351 166 2287 1
1580 2411 1497 2422 1
2166 2817 1562 2422 1
166 1964 3351 2298 1
323 1937 401 3076 1
2044 1937 2435 448 1
323 310 2435 3076 1
1854 2175 439 1288 1
1867 757 765 792 1
537 575 2209 469 1
2197 2209 640 2236 1
2197 2209 469 537 1
2764 1870 2857 1367 1
2764 2988 2857 1870 1
2329 2124 2037 1769 1
2124 1290 1635 2037 1
2317 3077 1332 2532 1
2331 2245 2132 2305 1
622 2345 3650 2423 1
3077 3582 1332 2532 1
2385 2245 2305 3277 1
2385 2245 2331 2305 1
1282 1305 1362 2094 1
1880 2565 886 1073 1
1880 1838 928 1297 1
1880 928 2728 886 1
1880 2728 928 1838 1
241 1747 276 295 1
241 228 276 1747 1
1867 765 700 2157 1
930 2449 754 2276 1
1257 1060 2463 1185 1
1257 3689 2095 1060 1
1257 3689 1060 1185 1
1867 700 765 757 1
3798 2424 1152 1057 1
3798 1152 2424 3495 1
2424 1337 1152 1057 1
2190 2866 1886 2754 1
2399 2226 2713 700 1
371 2455 3412 2426 1
589 2226 687 619 1
2426 2455 2879 1857 1
2650 2426 371 3412 1
1790 183 210 2513 1
2513 1790 183 2330 1
2513 3597 2330 183 1
2513 210 3368 183 1
3347 2065 2170 3729 1
37 2791 52 2349 1
284 231 218 236 1
1346 1441 3861 2094 1
2094 3861 2025 1441 1
1346 1282 1441 2094 1
2513 3368 3597 183 1
214 231 236 218 1
2791 2537 52 2349 1
2791 3453 52 2537 1
3729 62 3527 2065 1
3474 2170 3347 2065 1
198 3528 1898 244 1
490 2404 532 2238 1
2238 649 2404 2486 1
2238 643 532 490 1
2659 899 856 909 1
87 3497 2092 3896 1
2659 856 789 714 1
668 1765 598 729 1
2234 3181 1954 2313 1
3897 1677 2975 3896 1
1954 3181 3895 2313 1
3895 3421 2313 3181 1
2381 3403 2057 1284 1
3307 3233 2901 2288 1
1284 2381 3695 2057 1
2816 2759 2039 2352 1
572 608 632 584 1
581 608 632 572 1
2438 2814 912 2329 1
3432 3292 3212 2100 1
2753 2447 185 3547 1
2438 912 997 995 1
1366 2431 2008 1168 1
2313 3421 3891 3181 1
499 457 462 352 1
533 2202 1683 458 1
533 2202 458 542 1
499 529 574 582 1
3030 3349 1988 3372 1
3372 2896 3030 3349 1
499 574 529 457 1
157 149 167 2315 1
1777 487 2124 466 1
2246 2537 2454 3009 1
49 2537 88 3681 1
3676 3108 2532 2458 1
1299 3606 3701 3791 1
3676 3108 2458 3849 1
1909 1579 1783 1507 1
3326 1963 2414 2358 1
3884 3421 113 125 1
3554 3884 113 125 1
3884 3554 3534 125 1
1959 603 2032 530 1
2444 783 2162 1869 1
2867 1085 2569 2643 1
1733 2444 783 2494 1
2444 3473 783 2494 1
100 3316 3374 2318 1
2318 3316 2159 2954 1
100 3812 2318 3374 1
2728 2438 1838 997 1
730 913 2438 2814 1
1520 1378 1676 1550 1
730 1838 3276 2438 1
1676 1378 1322 1550 1
274 2299 297 286 1
960 2439 3877 1028 1
2616 2562 133 2300 1
2562 1965 2300 2616 1
2300 133 2616 151 1
2562 2616 133 3620 1
831 960 2439 3877 1
339 2962 296 3322 1
2225 1760 302 374 1
3191 2616 2562 3620 1
313 304 2440 355 1
2433 3652 1168 1215 1
3620 133 151 2616 1
2202 2614 2197 2236 1
426 2197 1292 2202 1
3132 300 1847 2267 1
273 3132 1847 2267 1
390 2367 464 456 1
2392 100 101 2623 1
3846 1663 2152 3687 1
2769 2392 2213 2623 1
464 2369 456 2367 1
101 2892 2623 100 1
2623 2892 101 2994 1
2275 2199 741 1873 1
2751 1805 3601 2820 1
2037 467 584 516 1
2124 466 584 2037 1
35 1805 2137 2820 1
2751 2820 54 1805 1
330 1789 1941 2443 1
1569 76 3794 1704 1
2770 3051 107 96 1
1290 2078 1743 2239 1
1867 2239 2157 700 1
544 2239 1949 2003 1
1867 1949 2239 700 1
105 2478 2283 3069 1
2236 2209 531 469 1
2236 531 1369 469 1
1361 2371 1701 2229 1
1711 2524 23 2371 1
2197 2209 2236 469 1
2431 2248 1157 1047 1
65 105 3069 2478 1
209 1540 201 200 1
107 96 3051 3253 1
167 1739 1333 3024 1
200 201 1798 1540 1
1333 3563 3024 1739 1
2185 1640 1475 1750 1
2886 717 752 869 1
2518 678 551 620 1
1780 2739 1776 1756 1
556 2518 551 620 1
3456 2208 2353 1760 1
2208 2353 360 3456 1
3532 57 2284 3232 1
2906 2705 3319 2133 1
2470 909 998 899 1
2470 909 938 998 1
513 406 482 1854 1
2470 2270 899 998 1
1070 2946 2470 2270 1
2196 1854 513 482 1
3790 2906 3319 2133 1
813 824 939 945 1
1874 813 945 824 1
2330 3563 1546 1790 1
3674 3439 3411 3055 1
2019 468 2241 524 1
313 355 2440 368 1
2513 2118 2330 3597 1
1601 277 2384 2440 1
2330 2944 3309 3245 1
3876 3674 3439 3411 1
3245 3563 2330 1790 1
277 2440 1601 313 1
1742 3675 2450 1821 1
1333 1619 2282 1876 1
2185 1742 1397 2450 1
2830 230 239 3753 1
3851 1448 3082 2356 1
3318 123 2228 1631 1
3401 117 108 3019 1
701 702 834 818 1
2032 495 1854 1287 1
3401 65 3316 3618 1
2228 168 1631 123 1
2724 123 1631 168 1
3316 2607 2159 2954 1
1356 2312 1500 1362 1
2312 1671 1362 2106 1
2312 1671 1500 1362 1
1282 2312 1362 2106 1
2766 2741 3160 2163 1
2455 2688 280 1525 1
371 312 2688 2455 1
2416 2191 1292 2227 1
2460 22 1927 1983 1
2369 511 1292 2191 1
2191 2369 2860 2864 1
2224 20 2460 1983 1
1119 2463 1257 1060 1
1257 2095 1119 1060 1
52 53 3896 3453 1
1119 1335 2463 1060 1
2345 2399 1743 1534 1
52 3453 2246 2537 1
1060 1073 1119 1335 1
2095 1073 1119 1060 1
2537 3681 3009 88 1
235 3816 2510 2784 1
2277 1981 1799 32 1
2267 235 3077 2510 1
2267 2784 235 2510 1
2510 1746 2267 2784 1
3077 235 3816 2510 1
2298 3597 3351 2287 1
2334 3022 1731 3688 1
3351 1964 3597 2298 1
58 1621 79 2446 1
79 2828 2446 3463 1
3840 2989 2277 1815 1
2334 1731 3693 3688 1
690 632 608 661 1
2043 1493 1513 1834 1
3600 3598 111 1682 1
2043 1918 1348 1491 1
1918 1348 1761 3858 1
79 3463 2446 1621 1
3840 2277 3050 1815 1
2191 1292 2369 2864 1
2440 2992 2344 3256 1
1772 3129 1882 3493 1
1815 3050 3840 3285 1
1601 2440 2344 3256 1
1290 2078 1809 1743 1
3066 1815 3840 3285 1
2078 2003 2082 1743 1
778 2438 1336 3276 1
2078 2019 2082 2003 1
3066 2989 3840 1815 1
803 909 1656 2946 1
3714 3688 3022 2334 1
2321 463 1288 1777 1
2395 803 1656 2630 1
778 1611 1405 2329 1
806 2302 3135 3365 1
79 58 2446 2828 1
1659 3604 2639 2216 1
778 1336 2438 2814 1
2464 1659 2639 2216 1
867 2302 806 3728 1
2623 3226 3440 1331 1
3546 3033 3604 2639 1
2669 1659 2464 2216 1
320 2335 244 2663 1
1909 1285 1868 1716 1
3350 3241 3776 3266 1
3297 2759 3242 3776 1
690 608 597 661 1
701 834 702 1902 1
1902 701 834 1405 1
702 630 617 2015 1
906 816 2322 2539 1
689 714 708 2322 1
708 2322 816 689 1
2539 776 2390 906 1
2089 714 689 2322 1
2390 2089 689 2539 1
2323 3782 679 577 1
748 2670 2139 2323 1
2335 1898 244 2663 1
2335 1898 255 244 1
1898 3279 244 2663 1
2378 2337 1673 1764 1
3876 2921 111 3335 1
591 643 490 532 1
1616 920 2337 2378 1
1616 920 1877 2337 1
973 887 777 1766 1
591 604 490 643 1
470 591 490 532 1
3113 1877 2885 3581 1
2122 761 2489 641 1
2122 620 2489 761 1
591 470 490 407 1
2623 2892 2994 3440 1
779 630 2327 767 1
2234 3642 3891 2313 1
3164 2339 3817 2454 1
1067 1908 3221 3877 1
3453 54 3893 2454 1
2053 2780 2658 1858 1
1908 1096 963 928 1
3718 3651 1383 3225 1
340 380 331 2175 1
340 1690 380 2175 1
2463 1060 3572 1185 1
1937 1291 363 1683 1
1353 1804 1897 1655 1
3877 1067 1114 3221 1
1908 3877 832 963 1
3877 1067 960 1114 1
3877 1067 885 960 1
3895 3387 3534 2364 1
1405 661 2329 632 1
3044 1057 1109 3797 1
331 380 379 2175 1
331 1994 2175 379 1
1994 1854 2175 379 1
3642 2234 3891 2165 1
3797 1109 1218 3530 1
1772 3338 2854 2407 1
2637 3642 2234 2313 1
3530 1109 1057 3797 1
3642 2637 2234 2165 1
3622 3513 254 289 1
3717 2576 2666 2301 1
3254 130 1944 1992 1
3153 3254 1944 1992 1
2653 42 2145 3794 1
2653 3502 2145 2013 1
105 2501 111 2283 1
2653 2145 2849 2013 1
3129 3317 1730 2932 1
2225 2353 302 1760 1
668 571 2466 688 1
668 2466 571 568 1
3604 2729 1486 273 1
1174 1045 1376 1126 1
708 2322 714 856 1
152 143 3864 3712 1
1174 1236 1004 1147 1
3664 2341 2125 152 1
1174 1004 1076 1147 1
2125 152 3712 3664 1
1174 1376 1137 1126 1
1560 1575 2155 1482 1
2729 273 3604 1659 1
2332 3287 314 347 1
279 263 2332 233 1
2332 2353 422 360 1
3590 2079 2907 2961 1
3160 2254 2396 1844 1
2254 3669 2396 1844 1
1167 2184 1266 3433 1
2669 2093 3131 1334 1
21 2482 2311 1703 1
1266 3433 2785 1167 1
2562 2853 3191 2888 1
211 3506 1684 3879 1
2272 1778 1943 1053 1
331 340 2175 2014 1
2318 3812 100 3410 1
331 1994 2195 2175 1
331 2014 2175 2195 1
2636 3594 1694 1944 1
2234 3106 2674 3891 1
340 1690 2465 380 1
1690 2321 2465 380 1
2842 2636 1694 2031 1
2636 2028 1694 3594 1
343 2321 380 2465 1
380 343 2465 340 1
844 902 1971 752 1
2636 1944 1694 2031 1
2842 2028 1694 2636 1
760 656 603 1959 1
1971 902 2869 752 1
2878 2648 1589 1566 1
3181 2234 2674 3891 1
1778 2421 1943 1053 1
3143 159 2585 1664 1
2767 2878 2923 3365 1
3552 1998 3279 233 1
2142 3189 2562 2146 1
2146 3189 2562 2888 1
2142 3189 2853 2562 1
2767 2648 1589 2878 1
3138 3151 2712 3658 1
2562 3189 2853 2888 1
1010 2683 2419 1075 1
622 3650 2476 2423 1
2715 2122 2468 864 1
426 1292 2197 2357 1
2419 2683 2763 1075 1
1520 1488 2046 2022 1
239 3753 2498 2830 1
2014 1690 340 2175 1
2873 2022 1488 1550 1
3412 2455 333 329 1
1291 2468 531 2236 1
2468 2209 531 2236 1
2468 2360 531 2209 1
3412 2455 329 2426 1
371 2455 2688 333 1
3188 2309 3575 2555 1
542 533 1291 2986 1
542 1291 640 2986 1
640 642 542 2986 1
2986 533 642 542 1
2207 1570 168 2181 1
2853 2356 2168 1836 1
2207 2408 3344 2181 1
1457 1860 1412 1411 1
1412 1860 1457 2219 1
1892 2905 2549 3332 1
3588 593 1637 610 1
593 562 610 3588 1
610 1637 3588 1617 1
2893 1843 1860 1412 1
1412 1860 2893 1411 1
1412 1843 1860 2219 1
3473 562 3588 610 1
2905 2549 3332 3851 1
1617 610 3473 3588 1
1777 487 2056 2124 1
3181 3534 3884 1515 1
3181 1661 3534 1515 1
142 2905 1892 3332 1
142 3332 3148 2905 1
60 61 2359 3583 1
1994 1287 1854 406 1
3148 2905 3332 3851 1
2359 3602 58 2953 1
1059 1447 991 2488 1
2049 1463 2046 1856 1
1625 2714 1399 1754 1
1722 2491 3434 3183 1
61 3527 2359 3465 1
2359 3527 3729 3465 1
184 3434 2491 3183 1
2718 1991 3296 2872 1
60 2359 58 2953 1
2436 2156 464 2860 1
1807 1263 1776 2035 1
3467 2419 1161 3640 1
3415 2893 2492 1411 1
1813 2893 2492 3415 1
3327 3467 1161 3640 1
964 2494 1679 1041 1
1679 2494 1733 1041 1
1101 1212 1380 1165 1
3529 3367 2363 3070 1
1858 2780 1839 2155 1
101 72 3468 3733 1
2363 2945 2837 2300 1
2487 2968 2866 2633 1
1419 2747 1928 2074 1
2353 302 263 316 1
302 2225 316 2353 1
1067 1104 2259 1296 1
804 2499 814 920 1
804 1055 2499 2378 1
3247 1380 2642 1165 1
2046 1520 2022 3859 1
2046 1349 1520 3859 1
3041 1928 2364 3186 1
1101 994 1582 863 1
804 2378 2499 920 1
2046 1449 3859 2022 1
903 698 782 678 1
782 611 2518 678 1
2246 3453 2454 2537 1
804 2499 812 814 1
3703 1928 2747 2074 1
2364 2747 2804 3703 1
1928 3612 3186 3041 1
3787 3897 3896 88 1
2531 304 313 293 1
3752 88 3787 3896 1
2364 3387 3534 3791 1
1832 2487 2866 2633 1
77 2487 2866 1832 1
2111 1674 2500 1720 1
295 358 334 2029 1
356 2029 334 358 1
1968 2029 356 358 1
1968 2149 2029 358 1
2999 3362 3569 2481 1
1171 1389 1384 2882 1
683 611 2518 782 1
2804 93 44 2365 1
216 299 243 201 1
2365 3703 2804 93 1
3545 2502 1116 3400 1
2460 2738 2781 2836 1
2063 840 2502 835 1
1681 332 231 1332 1
1867 1924 544 1949 1
1867 2813 1924 3770 1
1949 1924 544 2003 1
100 101 3374 2429 1
103 69 3518 2158 1
269 1681 231 1332 1
299 269 1332 1681 1
2504 240 2178 229 1
3417 2853 2776 2888 1
1165 1032 863 1101 1
2504 245 240 2253 1
2504 2253 240 2420 1
1165 1017 825 985 1
2776 3417 2255 2853 1
1165 1032 825 863 1
685 575 2360 659 1
2967 3295 1815 3252 1
3518 69 2501 2158 1
1815 2326 2700 2967 1
196 180 206 2506 1
153 136 3617 1831 1
2776 2853 2570 1702 1
1815 2700 3295 2967 1
1094 2047 979 981 1
1011 902 1977 979 1
2776 2255 3440 2853 1
2869 2508 902 979 1
3039 2967 1815 3252 1
3039 2326 1815 2967 1
979 2706 2869 2970 1
2776 3440 2570 2853 1
979 3021 2869 2706 1
1675 2965 1996 2376 1
2965 1675 3228 2376 1
2376 3482 3565 3211 1
3015 3043 770 2662 1
3015 2662 770 2635 1
1682 2260 138 2512 1
3043 1021 935 1024 1
2796 396 327 362 1
398 327 396 362 1
2913 2796 327 362 1
3848 2118 2513 3597 1
3590 1499 2172 2109 1
2123 1499 3590 2109 1
3584 2933 1499 3590 1
2460 3035 2781 2738 1
2062 3341 2967 3059 1
2513 3368 3848 3597 1
2062 3295 2967 3341 1
3059 2062 2755 2967 1
2531 313 2367 293 1
1582 1101 3247 994 1
2367 2369 456 2161 1
3898 456 2161 2367 1
2967 2755 2700 2062 1
3295 2700 2062 2967 1
3677 3470 2070 2810 1
2788 1689 1489 1316 1
2514 1633 670 777 1
2514 777 670 796 1
924 773 794 766 1
3101 2818 1633 2514 1
924 794 972 800 1
924 766 794 800 1
2933 1499 3590 2123 1
2673 2668 3691 59 1
924 972 1068 800 1
924 892 794 773 1
924 1064 794 892 1
117 3560 116 3488 1
924 794 1064 972 1
2973 3584 1499 2172 1
1359 1421 2572 12 1
2572 14 1359 13 1
2172 3584 1499 3590 1
2572 1421 16 12 1
2272 1166 1943 1778 1
2576 3228 2666 1675 1
2475 2473 891 868 1
2622 154 2070 150 1
2186 2927 2442 2808 1
3822 1542 1535 1585 1
3700 254 3824 2169 1
2196 809 2380 849 1
2927 2906 2442 2808 1
2808 2927 2906 3790 1
313 2367 293 2819 1
2763 3467 1662 2419 1
2369 389 2161 2819 1
1805 54 3453 2339 1
2941 2318 3301 3116 1
2941 3301 3742 3116 1
3061 2631 159 2198 1
3132 317 2267 1746 1
2650 2479 2264 2370 1
1907 3763 253 3871 1
3077 2510 3816 273 1
3816 3886 1486 2784 1
244 253 261 1907 1
3763 328 2441 3098 1
2631 159 2585 3143 1
2735 2516 1210 1240 1
1536 2735 1176 1240 1
403 1635 466 1727 1
1635 1643 466 1727 1
2198 159 2585 2631 1
381 466 1727 403 1
3529 2837 2363 3367 1
2356 1448 2892 2168 1
3136 3070 3445 143 1
640 697 2468 781 1
2904 3416 3714 2980 1
595 735 654 660 1
3509 3070 3136 143 1
3416 2904 3540 2980 1
3540 3657 3371 3512 1
143 3445 152 3070 1
2390 2209 2197 537 1
2598 1991 2718 2872 1
767 630 2380 609 1
1288 630 609 2380 1
2196 2380 725 849 1
2196 609 2380 1288 1
2381 2403 3403 1284 1
2381 3403 2286 2057 1
2057 2381 3695 2286 1
979 3268 1094 2382 1
3246 3211 1998 3038 1
1048 3294 2382 1203 1
1996 3211 3246 3038 1
1738 1713 246 2387 1
1742 1530 1397 2519 1
2464 1713 1738 2387 1
1530 2171 1397 2519 1
54 2820 2339 1805 1
1805 2820 2339 2137 1
2744 87 3406 3884 1
2216 2639 2387 3543 1
136 2744 3406 3884 1
2387 1872 3524 3543 1
2387 1872 246 3524 1
3534 2794 85 1515 1
2782 2592 2062 2098 1
2592 2280 2062 2098 1
2098 2280 2062 3155 1
2393 1710 2800 2950 1
2788 3326 1963 2414 1
2800 3556 2656 2393 1
3239 2800 2656 2393 1
3326 2358 2414 3437 1
2782 2098 2062 3155 1
3556 2950 2393 2800 1
2522 1162 1049 1135 1
3490 2592 2782 2098 1
2522 2743 2256 1135 1
1384 1171 2882 3389 1
2743 1135 2522 1049 1
2523 1016 3779 1271 1
1113 973 1016 2523 1
1113 2523 1145 973 1
1113 1229 1145 2523 1
3854 1113 2523 1229 1
45 1916 3179 2941 1
2662 935 3015 3043 1
913 935 3015 2662 1
2882 3883 1384 3389 1
1515 3884 85 3534 1
3160 3074 2396 2254 1
286 274 2384 277 1
2147 2532 3077 190 1
2147 2532 3582 3077 1
3534 2794 3334 85 1
1702 3461 129 2263 1
3124 3160 2396 1844 1
2435 288 1683 338 1
2435 1683 288 3899 1
2435 310 288 338 1
383 2435 3899 1683 1
3567 2396 2750 3813 1
3884 3554 85 3534 1
341 354 1683 309 1
354 1683 2202 341 1
657 590 2390 2089 1
906 776 2390 673 1
657 2089 2390 2687 1
2196 725 609 633 1
3103 2398 3115 2985 1
767 2380 725 609 1
2196 2380 609 725 1
3399 3115 2398 2985 1
662 1602 3833 614 1
3341 2782 3370 2333 1
2999 3213 2296 3353 1
3353 3641 2999 2500 1
3250 3353 2296 3213 1
2842 2480 156 2548 1
2031 2548 156 2294 1
2842 2548 156 2031 1
1734 1622 2405 1552 1
232 285 219 1577 1
232 1577 2459 285 1
2009 1577 2459 1658 1
2625 2389 949 2843 1
659 590 537 2390 1
677 2390 2357 689 1
659 2390 537 2209 1
2669 2656 1334 2052 1
2231 3556 3894 2656 1
1734 2405 2422 2817 1
1622 1763 2405 1552 1
2405 1763 2422 2817 1
2782 3155 3341 3370 1
2764 2857 3727 1367 1
2764 3293 3727 2857 1
3195 2671 3755 2408 1
2181 3344 168 2408 1
1340 1429 1433 1428 1
1869 656 680 771 1
760 656 1869 771 1
2671 2408 3639 3755 1
2409 138 1938 2260 1
3824 1542 2169 1585 1
2384 2992 2344 2440 1
728 2529 710 2104 1
728 3057 710 2529 1
2271 1971 568 2699 1
3533 3625 2409 2260 1
3619 2880 1938 3754 1
3543 2247 1784 3546 1
3543 1784 2216 2639 1
2639 1784 3604 3546 1
2639 3543 1784 3546 1
30 2920 2723 29 1
2216 1784 3604 2639 1
2188 3157 2920 2278 1
3469 2824 2655 2707 1
516 589 1584 527 1
1290 1743 1584 2399 1
2977 3621 3469 3442 1
2486 629 554 532 1
2486 554 3782 2235 1
2080 479 2235 1286 1
2406 1759 1808 2525 1
2525 2406 2346 1808 1
1377 2171 3858 1962 1
2171 1377 1530 1962 1
564 3496 2404 649 1
564 2404 705 649 1
2704 3116 2159 2831 1
1530 1377 2171 2519 1
2318 3374 3116 2159 1
3681 49 2537 2456 1
3728 3365 806 2923 1
911 3629 880 783 1
3629 911 2694 1095 1
783 1749 911 3629 1
911 2694 880 3629 1
52 49 2537 88 1
2767 2923 806 3365 1
3724 2923 806 2767 1
2388 2537 52 49 1
3724 2923 3388 806 1
2923 806 3728 3388 1
3797 2939 3807 3798 1
3807 3797 2883 2939 1
2883 3797 2679 2939 1
2380 966 921 1889 1
2380 725 966 1889 1
1218 2679 2939 3175 1
3116 3374 2704 2159 1
1218 3797 2939 2679 1
556 2518 2122 504 1
2122 1291 504 2518 1
556 477 2518 504 1
2169 3700 2064 3824 1
342 2321 2465 404 1
343 2120 2321 342 1
3824 1542 1585 268 1
3824 3150 1542 268 1
3578 2417 2100 3686 1
1828 3330 2914 1906 1
3445 3648 2417 3683 1
2363 2417 3648 2945 1
3578 3683 2417 3686 1
986 1503 2541 1175 1
2177 1503 2541 986 1
2541 983 986 1175 1
2177 983 986 2541 1
3061 2542 1903 3093 1
3061 2249 2542 2631 1
2710 418 433 420 1
2303 3699 2800 230 1
3888 2418 3173 2703 1
1828 418 2914 433 1
3113 3887 2703 2418 1
3813 2418 3113 2885 1
3813 2418 2885 1171 1
3888 2703 3887 2418 1
151 3509 3749 2274 1
2274 151 3626 3749 1
2719 480 2544 607 1
2719 2544 480 1793 1
3626 151 3620 3749 1
3462 3737 3428 3029 1
160 3462 3428 3029 1
920 814 2683 1764 1
1764 814 2683 1662 1
3462 160 3428 2950 1
2218 920 814 2683 1
3113 920 2218 2683 1
3737 3462 3428 2950 1
1680 2000 359 2547 1
2622 176 154 2172 1
279 2332 263 2044 1
323 263 2044 279 1
1551 383 2332 2044 1
2978 1940 2253 2420 1
2978 1948 1940 2420 1
2083 1134 1935 1235 1
3408 3337 326 2118 1
2622 176 2070 154 1
1085 2008 1780 1123 1
1756 3852 1780 1123 1
1490 1780 1557 1123 1
2219 2477 1860 2552 1
2856 74 51 86 1
1490 1780 1123 1085 1
1123 2739 1780 1756 1
1123 1222 1780 2739 1
1557 1123 1780 3852 1
1846 1907 244 320 1
2655 3386 2707 2734 1
2707 3621 3386 2655 1
320 1907 3763 3899 1
3292 86 74 2856 1
3621 3252 3386 2655 1
45 2318 3116 2954 1
815 1565 904 821 1
2870 1790 3245 183 1
2315 2870 183 1790 1
3024 3034 1800 3533 1
717 655 2699 752 1
1961 2416 2227 2191 1
249 3483 314 3369 1
1782 1208 3400 2184 1
3400 2184 1208 1901 1
1901 1208 3400 3272 1
702 1874 2015 632 1
2124 632 2056 2329 1
632 1874 2015 2056 1
3188 2190 2866 3575 1
809 2327 2015 2380 1
3032 2153 2127 3269 1
702 630 2015 2327 1
702 779 630 2327 1
3763 253 258 1872 1
3763 1872 3899 1907 1
176 2896 2622 3677 1
2622 176 3677 2070 1
1303 1395 3127 2557 1
2220 3558 1919 1639 1
774 1873 1395 741 1
3645 2105 2774 2560 1
3645 2560 2075 2893 1
3114 2561 1760 2749 1
1760 2561 2029 2749 1
2125 3397 2930 3305 1
2981 3456 2561 3464 1
1442 2427 3864 2125 1
3305 2301 2930 2666 1
1996 1442 2427 3246 1
556 551 2518 477 1
2427 1442 3864 3246 1
101 3374 3812 100 1
2019 1857 1840 312 1
3316 2429 100 3374 1
141 163 2061 2430 1
155 3707 2430 3773 1
1567 2433 1123 1811 1
332 2528 369 1840 1
1123 2433 1567 2008 1
2414 1549 1939 3265 1
3265 1549 1939 1341 1
1222 2433 2008 1215 1
3265 1939 2414 1936 1
1937 638 538 1289 1
3761 2454 54 3164 1
2866 3575 2855 48 1
1941 1789 403 359 1
403 1789 1635 359 1
403 1635 1789 1290 1
1930 1650 1806 2434 1
3391 2434 1806 3418 1
1930 3477 1560 2434 1
1650 1930 1560 2434 1
3477 2434 3391 3418 1
54 2339 3164 2454 1
3654 2593 3761 2652 1
1772 1882 3338 3493 1
2652 3654 2593 3526 1
619 2226 730 2814 1
1336 730 2814 619 1
3638 3306 2153 1882 1
3638 1882 1772 3129 1
1544 2366 3671 1986 1
131 2652 3654 3458 1
2873 1544 3671 1986 1
131 3654 2652 3526 1
2652 3761 3654 3458 1
1844 2859 3045 2882 1
1200 1224 2565 2095 1
886 2565 1060 1073 1
2565 3273 886 1060 1
1529 1205 2595 2432 1
1956 1205 1147 1529 1
2565 2095 1224 1060 1
1073 1200 1880 2565 1
3033 2441 3589 239 1
3871 261 2441 239 1
1892 3398 2549 3336 1
2963 2529 728 2104 1
2529 2984 710 2104 1
135 1448 3436 2127 1
2168 1448 3436 135 1
293 3898 341 2161 1
2963 2529 3057 728 1
2051 2643 2569 2008 1
927 2569 1770 2051 1
2569 927 1770 3852 1
2867 1490 2569 1085 1
338 310 3076 2435 1
1557 2569 927 1490 1
2044 1937 323 2435 1
3852 927 1557 2569 1
1373 846 2599 3264 1
1448 135 3163 3587 1
1373 1745 846 3264 1
1448 3587 2127 135 1
2173 846 3264 1881 1
1881 846 3264 2599 1
2173 3264 846 1745 1
2173 2189 3264 1745 1
1312 1990 3526 1992 1
3163 135 1448 2168 1
58 3502 1972 2701 1
58 79 3502 2701 1
855 752 2508 1977 1
2770 96 1522 2131 1
2869 752 2508 1697 1
2632 2770 102 71 1
981 855 2508 1977 1
2653 3502 58 3794 1
3794 79 3502 58 1
58 2653 1972 3502 1
371 1293 2019 2241 1
1693 3045 3882 1404 1
3045 3244 1404 1142 1
1693 1142 3045 1404 1
2711 703 2581 2217 1
2144 703 2711 2789 1
2451 3439 1726 2973 1
2153 3055 3338 2457 1
576 606 2444 601 1
2451 3584 3439 2973 1
135 3055 2153 2771 1
3592 3381 2444 606 1
3353 2530 3641 2500 1
341 3898 2202 2161 1
3898 2161 293 2367 1
1168 1157 1366 2431 1
3453 2246 2454 3752 1
1713 2800 258 2464 1
3893 3453 2454 3752 1
2526 1399 1909 2578 1
3752 2246 2454 3009 1
1868 2477 2868 2578 1
1868 1399 2477 2578 1
258 1713 230 2800 1
2530 3353 3745 2500 1
656 550 530 1959 1
656 603 1959 530 1
2800 2464 2830 258 1
2800 258 2830 230 1
282 324 257 287 1
282 324 287 1586 1
324 1586 282 2034 1
2711 2144 2581 703 1
2581 1976 1795 2711 1
3898 309 341 1683 1
3845 3216 2581 2144 1
1949 1867 2239 544 1
2239 557 2157 2021 1
2771 2451 2457 150 1
1865 607 2289 3275 1
2582 607 1865 3275 1
2838 3596 3306 3566 1
1756 2739 2461 1120 1
2449 629 2238 643 1
2449 629 643 754 1
862 2919 2449 2276 1
2135 22 1983 1519 1
3360 1295 2742 2214 1
1663 1612 2725 2462 1
2462 1706 1612 69 1
1715 1706 2462 69 1
1715 69 2462 103 1
1663 1612 120 2725 1
2742 1295 2527 2214 1
2527 1295 2742 3195 1
2742 2671 1295 3360 1
2855 1916 2866 1832 1
3195 2671 1295 2742 1
3462 2274 160 3749 1
45 1916 1832 3179 1
160 3749 2290 3462 1
1721 2074 3119 83 1
1916 73 45 2855 1
3042 83 57 3119 1
2783 2918 3776 1903 1
3042 3119 2074 83 1
2645 3349 3372 186 1
2729 3428 2520 160 1
375 455 433 2586 1
1809 2586 375 433 1
375 2586 396 455 1
3349 3449 3372 186 1
3645 3053 1818 2538 1
2639 2464 2216 2387 1
1282 1362 2312 1394 1
3449 3349 2285 186 1
2464 2830 258 2639 1
1420 1825 2312 1435 1
1825 3118 2312 1394 1
3489 186 2285 3349 1
160 2950 3556 3428 1
2520 3428 3029 160 1
1313 1890 1795 1953 1
160 3556 2729 3428 1
2814 619 661 1336 1
2645 186 3489 3349 1
1769 2814 2329 912 1
1533 2155 1560 1930 1
1533 2155 1482 1560 1
1392 1822 15 1826 1
1392 1826 1905 1822 1
2299 2156 2344 2415 1
3867 2469 3869 3115 1
3667 3115 3869 2469 1
1968 1760 356 2029 1
537 2357 2390 590 1
1794 127 2471 118 1
537 2357 590 520 1
127 118 2536 2471 1
3414 3174 1619 296 1
3414 1619 1876 296 1
2515 3414 1876 296 1
2472 3560 3488 3335 1
2472 3560 3335 2895 1
1593 1742 1821 1696 1
117 2790 2472 3488 1
3414 3174 296 3322 1
629 3782 2276 2486 1
3474 2101 1772 3032 1
1502 3030 181 3414 1
2235 577 2323 1286 1
1502 1988 3030 3414 1
3471 3204 140 3814 1
3310 1502 181 3414 1
1502 3494 1988 3414 1
3439 2517 3411 3055 1
2101 3474 103 2158 1
673 590 2390 657 1
2390 2539 906 2687 1
3768 2480 2758 2912 1
2139 2323 1629 1286 1
1502 3310 3494 3414 1
2101 3474 1772 103 1
3385 3177 2872 2481 1
2999 3641 2481 3385 1
3385 2481 2999 3177 1
2530 2484 3250 1820 1
3718 2484 3288 2266 1
2782 1302 2333 2487 1
3490 3635 2782 2487 1
2242 1698 2014 1690 1
3401 108 109 3618 1
2766 2182 1572 1385 1
3480 1742 1593 3339 1
2034 2200 2465 1690 1
2766 1572 2741 1385 1
1610 3098 2497 328 1
1572 1751 2182 2766 1
3618 2127 108 109 1
1291 2468 2122 522 1
252 3878 3506 1684 1
1881 2805 872 918 1
2934 1036 2805 2599 1
2503 24 1538 1466 1
1881 3264 872 2599 1
2934 1036 2599 1373 1
3704 3151 2896 3372 1
1862 24 1538 2503 1
622 2275 2894 1873 1
2600 3273 2565 1060 1
2600 2565 1224 1060 1
3704 2896 3030 3372 1
680 3381 606 2444 1
1869 601 2444 680 1
2162 601 2444 1869 1
371 2846 444 2602 1
2117 444 2602 1543 1
371 1574 1293 2602 1
398 2117 2194 1543 1
2117 2602 2194 1543 1
371 2194 1574 2602 1
2846 371 1293 2602 1
107 96 124 2604 1
760 1749 1032 825 1
2186 2442 2505 2808 1
760 825 771 1869 1
760 1869 1749 825 1
3704 3563 2896 3361 1
1031 1032 760 1749 1
3634 3103 3615 2038 1
1688 496 500 592 1
3030 3563 2896 3704 1
1630 2511 140 3594 1
1688 592 1777 496 1
3704 2896 3151 3361 1
2511 1694 140 3594 1
2219 1843 1860 2477 1
1462 1464 1921 1750 1
2370 333 2650 2479 1
1426 1431 1282 1339 1
454 2479 2650 444 1
1154 994 944 3018 1
1772 2101 3269 3032 1
3032 2101 3269 66 1
2121 1154 1274 3112 1
3116 2831 1304 2935 1
3018 1154 2121 3112 1
3881 2235 2276 2323 1
3881 2486 2919 2276 1
1304 3116 2935 3192 1
3301 1304 3192 3116 1
3664 130 2294 152 1
2831 3052 1304 2935 1
130 2294 1944 3664 1
3664 2294 1944 2779 1
2483 2381 2286 3695 1
3018 944 936 994 1
1829 2686 3459 1721 1
3664 2294 2779 152 1
341 354 335 2614 1
341 2202 354 2614 1
2942 426 2202 2614 1
2686 2050 3459 1721 1
2882 2859 3045 3571 1
2132 2485 2331 3536 1
2441 328 3546 3589 1
2485 3282 2331 3536 1
2486 554 2080 532 1
2486 2080 554 2235 1
2238 629 2486 532 1
2486 2238 2449 629 1
2421 1053 1058 3109 1
1330 2421 1058 3109 1
1923 1912 1798 3065 1
1923 3065 1851 1912 1
1851 3691 2154 2588 1
3268 1094 2807 3263 1
893 1063 1373 1036 1
3263 3268 2706 2608 1
762 1313 2610 2983 1
742 1313 2610 762 1
2122 620 556 2489 1
2489 620 556 578 1
993 884 2797 2610 1
1778 1053 1058 2421 1
2840 2874 1553 1626 1
1166 2421 1058 1330 1
3342 2517 2407 2854 1
564 705 2404 683 1
1449 1571 2229 2022 1
1449 1761 2229 1470 1
3782 2276 2486 2235 1
2486 2235 2276 3881 1
2486 2449 2919 2276 1
2517 2407 2854 3338 1
584 632 572 2124 1
3526 1312 3665 2391 1
1166 1778 1058 2421 1
572 632 2056 2124 1
3748 2553 2391 3526 1
1327 160 3556 1878 1
3897 2092 118 1677 1
3372 3349 1988 3449 1
3311 118 2591 1677 1
2164 1799 1754 2277 1
2277 1799 1754 32 1
3054 3637 2398 3615 1
2590 3103 3115 2852 1
2590 2852 3115 2526 1
244 3528 1898 255 1
2680 255 1898 3528 1
3664 130 1992 1944 1
3697 3695 2780 2308 1
3672 2176 1718 3614 1
1768 3531 1366 1168 1
3201 3531 1768 1168 1
1865 3275 2289 2886 1
2289 1865 2886 2699 1
1494 1634 2618 1527 1
2507 2659 2322 909 1
1295 3547 2447 2214 1
2507 714 1375 2089 1
2590 3380 2852 2628 1
2566 2534 2918 3776 1
2918 3311 2534 2566 1
2534 3787 2909 2759 1
2909 3311 3787 2534 1
3776 2534 2918 2759 1
2963 1759 1808 2406 1
2346 2406 2963 1808 1
2852 2628 3380 2808 1
1782 2535 2210 3545 1
2535 840 1058 3545 1
2535 3662 2210 3545 1
2471 118 2536 2249 1
2471 2249 2536 1985 1
3360 1295 2214 3547 1
2536 127 126 118 1
1955 1295 3547 185 1
1798 2250 1894 1702 1
3744 1894 2250 1702 1
1773 1955 1295 3547 1
3744 2776 1894 1702 1
1295 185 2447 3547 1
1718 289 3622 254 1
1796 1718 3622 254 1
1096 963 2625 1908 1
180 3350 1444 3642 1
1297 1096 2625 1908 1
3093 2542 2566 136 1
617 1288 2056 2015 1
1276 1536 1568 1705 1
136 2566 3093 3776 1
3093 153 2542 136 1
1534 2289 1649 3765 1
1705 1536 1568 1176 1
3617 153 3093 136 1
2886 2582 1865 3275 1
3617 136 3093 3776 1
117 2790 2545 3401 1
67 2545 3401 3290 1
2842 3768 2480 2548 1
2549 3398 116 3560 1
737 2564 894 916 1
2777 1899 1860 1411 1
3398 2549 3336 3560 1
2549 2833 3336 3560 1
2300 1965 2795 2616 1
2493 2316 3373 1899 1
1420 1381 3832 1403 1
1899 2493 1354 1372 1
3067 3430 163 3707 1
3373 2316 2493 2251 1
2626 3839 3102 2901 1
2626 1284 3102 3839 1
2553 3624 2087 3526 1
3141 2909 3795 126 1
2909 3795 3624 3141 1
1112 992 1183 976 1
24 2135 1466 2503 1
2135 1519 2503 24 1
3248 2352 3378 2556 1
2754 3248 3227 2556 1
3614 1796 3622 264 1
3737 172 3029 2558 1
2558 3737 172 2621 1
2558 172 3029 2274 1
2562 2146 133 2142 1
2570 112 2834 2994 1
2834 112 2570 3217 1
2146 2888 2562 3481 1
2146 2562 133 3481 1
1249 1087 1199 1212 1
3217 3056 2834 112 1
1249 1212 1582 1087 1
3812 2994 2834 112 1
642 647 2546 640 1
264 1896 217 1796 1
1582 1249 1380 1212 1
3812 3056 112 2834 1
2568 3188 74 2555 1
2568 2309 3188 2555 1
264 1896 1796 3622 1
267 217 1796 3075 1
3675 1377 2524 1957 1
267 1796 3614 3075 1
2636 2991 2676 2244 1
2842 2917 3165 2636 1
1710 3737 2696 2303 1
3835 2626 3154 3170 1
3340 3737 2696 1710 1
2017 2873 26 2311 1
1398 2873 2017 2311 1
24 1466 1478 1472 1
3319 3080 1318 1417 1
2076 2017 2873 26 1
1398 2017 2873 2076 1
24 1478 1466 2135 1
2968 2333 3817 2567 1
3370 2333 2567 2291 1
2090 940 860 2670 1
933 940 860 2090 1
2333 2291 2137 2567 1
2333 3341 2291 3370 1
1840 509 2528 369 1
1436 1428 1283 1308 1
2567 3817 2137 2333 1
313 277 2440 304 1
2420 2528 1948 1940 1
2437 3660 932 3889 1
2761 801 887 1766 1
2437 1679 801 1766 1
2570 2994 3410 3440 1
3410 3217 2570 3189 1
3440 2892 2994 3410 1
2771 3055 2153 2457 1
3306 2771 2153 2457 1
2196 751 725 633 1
3399 3651 2898 2840 1
2898 3651 3573 2840 1
3399 2840 2898 2985 1
2898 3573 2874 2840 1
2949 1812 2377 92 1
1008 1169 3531 3201 1
2571 2652 3526 131 1
286 2265 3064 2531 1
286 277 313 2531 1
2265 2531 286 2860 1
286 313 2860 2531 1
2533 1108 1177 1232 1
42 2573 56 54 1
92 1812 2591 2949 1
3761 2573 3363 3164 1
338 1937 1683 2435 1
2004 2574 140 1592 1
2574 1630 140 1592 1
140 2574 3129 1630 1
3050 1900 1615 1852 1
3469 1615 1852 3050 1
2539 816 689 776 1
2390 689 776 2539 1
2539 816 2322 689 1
2089 689 2539 2322 1
2445 90 2577 76 1
76 1672 90 2577 1
110 1632 2577 76 1
775 744 763 872 1
688 744 763 775 1
2445 2577 1632 76 1
1312 1324 1632 2445 1
1672 76 110 2577 1
2459 1833 2014 2088 1
1621 1518 68 1581 1
1704 1581 2126 68 1
3531 1169 1008 953 1
1621 1581 68 2126 1
1235 1102 3237 2579 1
1080 1810 1273 1114 1
1810 1080 1067 1114 1
1292 2416 1375 442 1
3834 1102 1235 2579 1
3053 37 1545 2388 1
2223 2579 1072 1102 1
3542 3237 1102 2579 1
3834 2579 2223 1102 1
3542 1102 1072 2579 1
2547 359 2443 2543 1
2580 3267 3613 2377 1
2377 2949 2087 2580 1
2377 2087 3613 2580 1
2949 104 2580 2377 1
40 2584 3003 2695 1
589 687 3650 634 1
589 687 2085 3650 1
589 2085 2345 3650 1
589 2345 508 3650 1
3247 1380 3125 2642 1
1380 2642 1265 3125 1
1017 3247 994 1154 1
1160 3555 1265 2642 1
2642 1017 1160 3555 1
2953 3602 58 2584 1
2032 1959 1792 751 1
75 2968 2856 2866 1
2871 3299 3472 176 1
615 3782 543 2055 1
3299 2871 3520 3169 1
2624 2856 2866 75 1
1297 2625 2394 1067 1
1067 1297 2625 1908 1
2624 3193 75 2866 1
2303 3428 230 2800 1
3197 2734 1974 3631 1
3543 2976 1784 2247 1
2216 3543 1951 1784 1
1951 3543 2976 1784 1
2648 2139 1501 808 1
2139 2648 1757 808 1
2139 2648 2697 1757 1
2648 2139 1589 1501 1
1589 2139 2697 651 1
3428 2303 230 3753 1
2139 1589 2697 2648 1
1605 2528 326 2649 1
2800 230 2830 3428 1
2649 326 3408 2410 1
2649 2528 326 2410 1
2830 230 3753 3428 1
2959 1969 361 2926 1
3848 326 3408 2649 1
2009 1969 2195 2926 1
3848 326 2649 1605 1
3143 159 1664 2376 1
2477 1399 1860 2578 1
3376 2734 2824 2589 1
2589 3623 3575 74 1
2376 3087 1664 3143 1
2376 3565 159 1664 1
3311 2591 2975 1677 1
3171 2667 2592 2280 1
2811 41 3215 2592 1
2667 3215 41 2592 1
3490 3171 2592 2098 1
41 3490 2592 2811 1
2338 1616 1317 1404 1
3890 2559 3395 2818 1
1930 2987 2500 1533 1
1633 2818 2559 801 1
2111 1650 1533 1477 1
2892 1448 3332 100 1
3890 2818 801 2559 1
2559 3395 2818 3402 1
2500 2987 1674 1533 1
3882 1616 3514 2859 1
3589 2498 3033 239 1
2357 1375 520 1292 1
2357 1375 2089 520 1
520 2357 590 2089 1
270 1680 2000 324 1
270 2000 1680 2547 1
1873 1395 2557 774 1
3136 3445 131 143 1
131 3445 130 152 1
143 131 152 3445 1
3539 2597 1178 1261 1
239 2830 2498 3033 1
3871 3033 2830 239 1
2564 786 916 737 1
1618 2597 1261 1178 1
3871 2441 3033 239 1
2188 2718 2658 2780 1
2707 3621 3469 2667 1
2320 171 1541 1722 1
2188 2718 1991 2658 1
2598 2718 1991 2188 1
2464 2669 3073 2656 1
2638 3177 3385 3517 1
2861 3633 3232 78 1
2052 2669 2656 3073 1
225 1738 3073 2656 1
2656 2464 1738 3073 1
659 2390 673 590 1
225 216 2656 3073 1
216 3073 2052 2656 1
1910 985 1091 3828 1
1737 1165 1910 2988 1
2988 985 1910 3828 1
1091 1767 1910 3828 1
517 462 562 457 1
1967 517 462 562 1
562 3473 1967 3100 1
3100 610 562 3473 1
518 517 562 457 1
2658 1934 3328 1858 1
30 2718 2598 2188 1
2987 2658 3328 1858 1
1721 2861 78 3119 1
3786 2987 2188 2598 1
2320 171 3167 1541 1
2638 3177 2872 3385 1
2861 3119 3633 78 1
2979 3317 3493 2908 1
2667 1900 1852 2954 1
375 348 2710 362 1
1407 1350 1839 1917 1
3469 1852 2114 2667 1
2860 2369 1601 2864 1
313 1601 2369 368 1
463 487 1777 404 1
2344 2860 1601 2864 1
1852 3050 2667 3469 1
3050 1900 1852 2667 1
3846 2908 2932 3317 1
1690 2321 1777 404 1
2321 404 463 1777 1
279 310 248 2435 1
279 2435 2044 323 1
3846 2908 3317 2979 1
2435 248 288 310 1
2518 556 2122 620 1
2829 1811 3203 1102 1
3237 2829 3203 1102 1
3369 249 3287 314 1
347 314 3369 3287 1
3369 249 1898 3279 1
1359 1320 14 2572 1
1653 2663 3287 3369 1
1846 2663 244 3222 1
14 1319 1905 2572 1
14 1320 1319 2572 1
2640 1978 68 2126 1
1846 1853 2663 3222 1
3758 2182 3739 1385 1
2003 2664 2082 2240 1
2003 2664 1574 2082 1
1534 2240 2664 2003 1
2003 2664 1850 1574 1
2003 2099 2664 1534 1
2099 1850 2003 2664 1
1881 2665 2805 918 1
2599 1036 2805 2665 1
461 506 571 2575 1
568 2575 454 571 1
1431 1440 1282 1346 1
1282 1440 1305 1346 1
1435 1440 2106 1420 1
2106 1440 1305 1282 1
1431 1440 1420 1282 1
1036 2805 2665 2310 1
2374 2257 2552 1606 1
2552 1606 2219 2374 1
2404 2486 2080 532 1
2238 2486 2404 532 1
3715 249 2680 1898 1
3369 249 3483 3715 1
3851 2902 1836 2356 1
3348 3369 3483 3715 1
3483 249 2680 3715 1
3882 2859 1877 1616 1
3882 1616 1877 3404 1
3715 249 1898 3369 1
2071 3712 2571 131 1
205 3430 208 182 1
2211 32 2374 2714 1
3430 2693 182 2181 1
2669 2656 2800 3556 1
2112 86 2701 2072 1
2464 2669 2216 3073 1
1570 182 2181 205 1
86 2072 3347 2701 1
295 2029 334 281 1
2100 3212 2511 3538 1
2511 2100 3432 3212 1
167 3230 1739 3024 1
1739 3563 3024 3230 1
2612 3149 1835 135 1
2842 156 2917 2031 1
2612 1835 2555 2342 1
2153 2342 3306 2555 1
2612 2838 3596 3306 1
2612 2838 3580 3596 1
2725 120 3754 1723 1
2031 156 2917 2991 1
1944 2031 2636 2991 1
3584 3055 2961 135 1
3584 3439 2961 3055 1
1823 3026 2597 1178 1
320 3098 3079 319 1
1610 3098 3763 320 1
516 1584 2399 1290 1
516 2399 1584 589 1
2497 319 3098 320 1
1610 320 2497 3098 1
3763 3098 1907 320 1
2619 139 128 2793 1
3503 2620 261 244 1
3503 261 2620 239 1
198 1444 2620 244 1
2104 2660 2406 2010 1
2104 2010 2406 2963 1
2621 3241 3340 3266 1
3340 2621 3266 165 1
3889 867 2437 3660 1
3776 3297 2783 144 1
1570 2657 182 1691 1
2571 3297 3420 3712 1
1326 3591 2558 3462 1
2552 2374 2219 2477 1
3297 2783 144 3712 1
3188 3260 2866 2624 1
2624 2754 3193 2866 1
2098 2858 2280 2897 1
2098 2280 3155 2897 1
3188 2624 2866 2754 1
48 2897 1974 2734 1
2098 2858 2897 48 1
3199 3780 2340 3248 1
190 3886 179 1390 1
2693 2657 182 2181 1
2693 168 2657 2181 1
401 477 1937 424 1
1570 2657 1691 168 1
1529 2595 1205 1146 1
2146 3091 2888 3481 1
1529 2672 2595 1146 1
1442 159 3143 2376 1
1442 2376 3143 3087 1
11 13 14 2572 1
1961 2156 2241 1885 1
2756 3224 2385 2210 1
3670 2110 3662 2210 1
2210 2756 3662 3670 1
1442 2376 2965 159 1
2627 3335 2512 149 1
1657 3313 195 1665 1
159 2965 1442 3717 1
652 2690 598 1375 1
789 1765 729 2690 1
1893 598 2690 1375 1
2690 598 1893 1765 1
3313 3298 1535 195 1
1535 3313 195 1657 1
1573 1618 2597 1261 1
3606 80 3186 3532 1
1864 1618 1573 1261 1
3606 80 3532 2284 1
151 2647 3886 179 1
3886 2077 3472 2647 1
3886 151 179 1390 1
1575 2682 2155 1752 1
2390 590 2357 2089 1
2155 1752 2682 2278 1
78 3459 3232 2861 1
347 314 2332 360 1
2332 2353 263 2044 1
2044 316 2353 263 1
3232 3459 3532 2861 1
3459 1721 3532 2861 1
78 1721 3459 2861 1
3848 3408 326 2118 1
2603 3137 330 3585 1
2603 330 1906 3585 1
1916 2866 1832 77 1
2327 630 2380 767 1
1624 257 194 2684 1
2380 1288 630 2015 1
2380 2327 2015 630 1
1126 1259 2605 2212 1
1324 1623 1922 1672 1
2685 2073 3831 3446 1
1110 3831 1070 2685 1
2685 2630 1656 1070 1
2298 218 3848 3850 1
3850 3848 3582 332 1
3848 2649 300 332 1
2630 1070 2685 1110 1
3189 2146 2050 2888 1
1324 1623 1672 1913 1
2357 2390 2197 537 1
1324 1817 1922 1623 1
3420 3297 144 3712 1
144 3297 3420 2039 1
1324 1913 3748 1623 1
780 693 2122 2518 1
2562 2888 3191 3481 1
2562 3620 133 3481 1
1623 1324 1817 3748 1
3700 3551 1950 1859 1
2633 3611 2866 48 1
3700 3322 1950 3551 1
1832 2633 2866 48 1
2329 661 584 632 1
1892 2549 116 3332 1
1145 1709 1150 1201 1
3419 1503 1368 1410 1
2177 986 795 841 1
3803 1145 1229 1709 1
1892 3398 116 2549 1
2582 2060 1802 3771 1
1802 658 662 2582 1
2395 2630 3315 1112 1
2630 2685 3315 1110 1
662 658 706 2582 1
2688 327 371 1543 1
2177 1111 841 1070 1
1161 3659 2396 3074 1
2315 1315 2870 2123 1
2609 3083 2851 3346 1
2313 1710 1327 2637 1
1710 3734 2637 3737 1
2915 3012 2903 3423 1
1327 2637 2234 2313 1
2903 3020 2915 3208 1
1327 1710 2313 3894 1
30 3786 2638 3557 1
3557 3157 30 3786 1
2915 2903 3208 3423 1
2915 3020 2903 3654 1
2639 258 2387 3543 1
1510 1958 1530 1627 1
1742 1530 2519 1510 1
3480 1958 1530 1742 1
1510 1627 1530 1377 1
3480 1958 1742 3339 1
3543 3546 2639 258 1
1530 1377 2519 1510 1
791 627 655 2611 1
627 655 2611 1765 1
861 791 655 2611 1
258 2464 2639 2387 1
2952 2915 2903 3654 1
2915 3193 3012 3423 1
3074 3659 3640 1161 1
936 1134 865 2692 1
3042 3014 3352 64 1
3042 64 3352 57 1
3659 1075 3640 1161 1
865 2692 1074 879 1
865 957 2692 847 1
1542 2169 2064 3824 1
865 847 2692 879 1
936 2692 865 957 1
3822 2169 2064 1542 1
2842 2031 2917 2636 1
2636 2031 2917 2991 1
3312 2917 156 2991 1
2007 1597 1680 2200 1
2645 3513 3489 1393 1
2645 3489 3513 3349 1
2209 2360 575 659 1
2810 2645 3357 1393 1
2209 575 537 659 1
3357 3677 2645 2810 1
2680 220 249 262 1
249 2680 1898 220 1
2613 2572 1319 1320 1
2572 1320 2613 1822 1
1822 1320 2613 1887 1
2842 156 3383 2917 1
2396 3669 1171 3413 1
3715 1898 255 2335 1
3715 2680 255 1898 1
2614 425 376 335 1
2614 376 425 1369 1
1120 2461 1756 1919 1
354 2614 2202 1369 1
3312 3383 156 2917 1
1171 3669 2882 3413 1
871 782 2615 715 1
2615 782 683 715 1
3003 2695 3508 40 1
1105 1171 2882 3413 1
3502 3072 2145 2013 1
3097 2889 2695 3602 1
1661 2340 2674 3181 1
2206 2538 2115 2849 1
82 81 3334 2295 1
2327 2380 921 1871 1
3041 2340 1661 3181 1
2897 2824 2707 2734 1
2295 3248 3095 81 1
2589 2734 2824 2897 1
48 2734 2589 2897 1
2085 2564 2399 2345 1
2429 101 3374 2922 1
1452 782 683 2615 1
101 2922 3812 3374 1
2615 1452 958 736 1
72 2922 101 2429 1
2697 2581 724 651 1
1757 2670 1725 2139 1
2139 1629 2323 2730 1
2581 2697 1795 1725 1
2697 1725 2581 2730 1
2139 1725 2730 2323 1
2670 1725 2139 2323 1
1815 2326 2277 2700 1
2755 1754 2277 2164 1
2277 2326 1754 2755 1
2536 118 126 1903 1
2203 3149 3321 3580 1
3149 3321 1836 2203 1
2681 2263 1923 3005 1
2681 112 2205 3696 1
3649 3696 2681 94 1
2681 1923 3649 94 1
94 3166 2673 3192 1
2154 3691 63 2668 1
2927 1626 2467 2186 1
2467 2927 1579 1626 1
1985 3666 3061 2536 1
3717 3666 3061 1985 1
1985 2249 2536 3061 1
920 3057 814 761 1
319 3369 3715 2335 1
3369 1898 3715 2335 1
319 3715 255 2335 1
2442 1626 1579 2927 1
1626 2927 2442 2186 1
1788 1604 1730 2932 1
1730 3846 1788 2932 1
168 2207 2671 1570 1
1570 2207 2671 3289 1
2298 2702 2287 166 1
1295 1570 168 2671 1
3205 2702 2905 166 1
2961 3055 3587 135 1
1630 2932 1730 1604 1
1514 1318 2628 3319 1
1514 2628 2526 3319 1
3723 181 3815 3414 1
2406 2703 2660 3123 1
181 3030 3815 3414 1
3123 3161 2406 1033 1
2660 3161 2406 3123 1
1033 3883 3123 3161 1
2875 3070 2294 130 1
2031 2875 2294 130 1
1990 3360 2792 2678 1
2545 3069 2283 67 1
2279 3755 3305 2678 1
3360 3755 2792 2678 1
2586 2078 2082 1743 1
3401 3069 2545 67 1
255 2680 3738 3528 1
3417 3321 3234 1836 1
1829 1923 2681 2263 1
491 595 526 535 1
3189 2681 3217 1702 1
526 605 595 491 1
1702 3189 2681 1829 1
920 2683 2337 1764 1
2683 3813 1877 3567 1
1673 2337 2683 1764 1
3234 3321 3417 2647 1
3417 2150 3321 1836 1
3321 2150 3417 2647 1
2393 3556 2656 3894 1
717 2289 2099 3765 1
3643 2859 1877 3882 1
3643 3882 1877 3404 1
174 3426 1541 2712 1
85 3406 3681 88 1
2794 2759 2674 2352 1
75 2856 50 89 1
3292 89 2856 3012 1
1798 2686 1699 1702 1
2686 1923 1829 2263 1
806 3135 835 3365 1
2888 2050 2686 1699 1
2686 1798 1923 2263 1
2302 2063 1098 3135 1
1085 1780 2823 1490 1
1570 1295 1691 3879 1
2725 3754 3092 1723 1
1691 1773 3879 1295 1
1828 418 433 2710 1
3832 3118 1400 2097 1
2096 3118 2097 1400 1
1905 2572 1319 2613 1
2572 2613 1905 1822 1
1644 14 1319 1905 1
2711 2144 724 2581 1
2635 757 770 700 1
770 1769 2635 700 1
2635 2226 757 700 1
1769 700 2226 2635 1
3084 3379 89 2691 1
3153 2112 3379 2691 1
2691 89 3502 51 1
2112 2691 2701 86 1
3084 3153 3379 2691 1
3041 3210 2340 3181 1
2415 2191 2416 1961 1
2415 2156 2191 1961 1
3041 1954 3210 3181 1
1022 2090 2651 933 1
2798 1082 3498 2090 1
3498 2090 1953 2798 1
1022 1082 2651 2090 1
516 2399 2037 1290 1
516 2713 2399 589 1
619 589 2713 516 1
2999 2296 3362 2481 1
3704 1988 1502 3138 1
2898 1687 2985 1553 1
3580 146 2070 154 1
3694 3430 205 2181 1
2985 1285 1687 3399 1
1365 945 1555 2643 1
702 779 2327 2643 1
1779 2643 904 779 1
2643 1047 1555 1365 1
3580 3529 146 2838 1
3529 146 2070 3580 1
801 807 722 2717 1
3889 2964 830 2717 1
2150 2168 1835 3149 1
2168 1836 3149 2150 1
2150 1965 1835 2168 1
198 2696 3753 2620 1
198 1607 2696 1444 1
198 2696 2620 1444 1
198 2696 172 3753 1
198 165 172 2696 1
2853 1836 2168 2150 1
2746 2720 3390 2245 1
2150 2853 1965 2168 1
1549 1341 2068 2675 1
333 2650 371 3412 1
2542 121 2566 136 1
3196 2264 2370 2650 1
136 2744 2566 3406 1
2566 2744 136 121 1
1136 1022 2651 1054 1
1022 2651 1054 933 1
1022 1082 1136 2651 1
2085 2564 2226 2399 1
2085 2564 687 2226 1
2696 3737 172 2303 1
172 3737 3029 2303 1
3029 3737 3428 2303 1
84 3119 57 2861 1
2701 51 86 2691 1
2701 43 3628 51 1
84 57 3532 2861 1
2077 2616 2150 3191 1
3502 2691 51 2701 1
1663 1612 2462 102 1
2948 3416 3540 2980 1
3690 2077 3580 2732 1
2880 2334 2948 2980 1
3580 2795 2732 2077 1
1633 3381 680 2444 1
102 1663 1612 2131 1
1663 102 2152 2131 1
3377 2880 2948 2980 1
3416 2948 2334 2980 1
2948 3540 3377 2980 1
992 2630 2177 803 1
803 2630 2395 992 1
3459 1721 3612 3532 1
3367 3648 2363 3070 1
361 336 2726 3105 1
1408 1479 1834 1468 1
2726 3088 3105 336 1
3367 2837 2363 3648 1
1479 1483 1487 1929 1
1718 3088 2726 336 1
1707 1895 2231 201 1
2295 3334 2794 2815 1
2815 3248 2295 81 1
1390 2729 3626 191 1
1516 2669 2729 3556 1
2771 3584 154 2203 1
2669 2830 2729 3428 1
2860 313 2369 2367 1
2280 2667 3295 2707 1
2322 2659 714 856 1
2089 714 2322 2507 1
2507 714 2322 2659 1
646 651 2581 2730 1
2139 1629 2730 651 1
2697 2730 2581 651 1
2581 3845 651 646 1
1416 1413 1758 1309 1
1309 1450 1413 1758 1
1309 1418 1413 1450 1
1508 1418 1413 1309 1
1416 1413 1309 1989 1
1989 1392 1413 1309 1
2280 2858 2667 2707 1
3012 2915 2903 2952 1
3012 2952 2903 89 1
75 3458 3193 2952 1
2731 1331 3468 2876 1
3458 3761 2952 75 1
2662 757 770 2635 1
3690 2077 2732 2752 1
2662 2226 757 2635 1
2662 3043 770 757 1
2952 3761 89 75 1
2859 3581 1105 1877 1
2859 2346 1616 3514 1
103 1772 3484 2709 1
103 3518 2709 3484 1
426 2357 537 520 1
426 2357 2197 537 1
3657 3610 3658 3540 1
2821 3694 163 3430 1
3694 3430 2821 205 1
3321 2732 2752 3690 1
45 2954 41 3171 1
3364 3547 3298 1535 1
1535 195 3559 3304 1
3723 3414 3815 1876 1
3304 1535 3364 3559 1
3547 3298 3312 3364 1
3414 3030 3815 1876 1
2735 1210 1098 3284 1
2231 216 201 2052 1
2735 1098 1210 1116 1
1150 3284 1240 2735 1
1098 2735 3491 1116 1
3284 3257 2735 1150 1
3149 2150 3321 2732 1
2734 2889 3376 2824 1
3376 3631 2889 2734 1
929 1447 1001 858 1
929 1064 972 1059 1
3100 1967 3236 3473 1
929 1059 972 1001 1
929 1059 1001 1447 1
2721 3705 3609 3444 1
2279 2721 1454 3444 1
1623 3748 2413 2839 1
2066 1700 1967 3473 1
1967 1700 3236 3473 1
3675 2519 2450 2524 1
3675 1377 2519 2524 1
2519 1532 2450 2524 1
1710 2800 2950 2303 1
1176 2272 1645 1568 1
241 2926 295 281 1
2672 1012 1146 1529 1
2672 1012 1529 905 1
238 2208 2926 281 1
2950 3428 2303 2800 1
2321 411 380 481 1
3128 1589 2767 651 1
1589 2697 2767 651 1
3254 130 3578 1694 1
1589 2767 3588 3128 1
2166 1537 2974 3521 1
2331 993 2743 1049 1
2798 2256 2651 3282 1
1341 1549 1939 2675 1
1939 1758 2675 1309 1
2826 3521 2974 1537 1
2331 2743 2256 2522 1
2151 993 3278 1953 1
2798 2651 1953 3282 1
1663 2725 103 2462 1
2743 2522 2331 1049 1
2462 1612 2725 69 1
1537 2826 2004 2974 1
2673 3192 3649 94 1
2420 2528 1940 1605 1
3254 130 3020 3578 1
2535 1058 3662 3545 1
699 592 2677 561 1
1058 1166 3662 3545 1
1753 2677 561 2160 1
2859 1105 2882 1844 1
2673 59 3649 3192 1
914 1118 942 2745 1
1119 2745 942 1118 1
3883 2882 2859 1105 1
3883 3571 2859 2882 1
2245 1162 2746 1184 1
1184 1088 2746 1226 1
1184 2720 2746 2245 1
3397 3712 2727 2071 1
2301 2071 2727 3795 1
2727 2930 3712 3397 1
3795 2727 2301 3574 1
2752 2077 2732 2150 1
1826 1281 1822 15 1
587 535 3096 2749 1
3756 2749 587 3096 1
3474 3317 1772 103 1
2749 535 3002 2149 1
2749 2149 3002 2029 1
1054 2563 2583 2651 1
3114 2561 2749 452 1
1541 3144 1542 2938 1
2938 3144 1542 1841 1
3321 2732 2150 2752 1
3453 2339 54 2454 1
3878 205 1960 2343 1
2647 2077 2752 2150 1
3321 2752 2150 2647 1
108 3401 3316 3618 1
2867 2641 1085 2431 1
2808 2505 2852 2442 1
2852 2808 2442 2736 1
2526 2628 2736 3319 1
2852 2628 2808 2736 1
1216 2867 3048 2248 1
2736 2442 2526 3319 1
2764 3293 2857 2988 1
2760 1158 2764 2988 1
1690 2175 600 1288 1
563 1288 1690 600 1
2460 1983 1927 2738 1
2224 2738 2460 2836 1
125 113 114 2812 1
125 114 162 2812 1
3898 1683 341 2202 1
1740 2812 162 114 1
2329 584 2124 632 1
2329 2037 2814 1769 1
2224 1983 2460 2738 1
657 719 2089 2687 1
2089 719 657 2890 1
2460 1927 3035 2738 1
772 2687 719 657 1
2696 2303 172 3753 1
2740 3074 3327 1161 1
172 2303 3029 3753 1
3029 2303 3428 3753 1
3472 3886 235 3460 1
467 516 418 494 1
2147 190 235 3472 1
418 467 429 403 1
386 429 403 418 1
2087 2391 91 1324 1
3743 3460 3472 235 1
2147 3472 235 3743 1
2593 2391 91 2087 1
190 235 3472 3886 1
2593 2391 2087 3526 1
1561 2164 1754 2755 1
1419 114 93 3014 1
2755 2277 2700 2164 1
2690 789 714 2659 1
2700 2326 2277 2755 1
93 114 1419 2747 1
2385 2305 2756 3277 1
1330 2756 3071 1275 1
2150 3191 3417 2647 1
1836 3417 2150 2853 1
3417 2853 3191 2150 1
1036 1131 1063 1121 1
893 1063 1036 1131 1
880 911 1039 2694 1
2268 759 857 889 1
1801 3288 2898 3651 1
3891 3406 3776 2674 1
2753 156 2425 2779 1
2753 3280 185 2425 1
2268 834 701 1405 1
1364 1358 1456 1357 1
1113 932 887 2761 1
1113 3803 932 2761 1
2761 2437 1090 1150 1
2753 3396 2425 156 1
3803 1150 932 2761 1
2651 3172 2563 2762 1
1082 1188 2762 1242 1
2762 1136 1082 2651 1
3651 1801 3288 3213 1
3174 278 1950 3349 1
1988 3349 3030 3174 1
2648 2767 3365 2878 1
2425 2447 185 2753 1
2753 2425 2447 2779 1
53 1812 92 3479 1
2377 1812 3479 92 1
3453 3893 3479 92 1
3479 3893 2377 92 1
3681 3562 81 2456 1
53 3453 3479 92 1
909 856 2322 938 1
372 2765 1987 378 1
652 2507 2690 1375 1
3529 2795 2077 2616 1
372 2765 378 3105 1
3529 2616 2077 151 1
3690 3529 3580 2077 1
3580 2795 2077 3529 1
1990 3664 3748 3526 1
2405 2974 1537 2004 1
90 1324 1672 3519 1
2577 1672 90 1324 1
2405 2974 2817 1537 1
2681 3005 1923 94 1
1672 2577 1922 1324 1
2842 2480 3768 2912 1
3784 3796 2758 3616 1
3299 154 2203 3690 1
3588 2767 758 3255 1
2224 1983 2503 2135 1
2203 3321 3299 3690 1
2224 1983 2738 2503 1
3698 2065 99 1730 1
2970 2869 2508 1697 1
2869 2970 2508 979 1
3527 3698 2065 99 1
136 3406 3181 3884 1
3891 175 136 3421 1
3196 2415 1438 2264 1
3302 168 2319 147 1
136 3181 3421 3884 1
3302 168 147 2228 1
1764 2763 1673 1065 1
1673 2601 1065 1161 1
1065 3467 1662 2763 1
1065 1662 1764 2763 1
1742 1397 2450 2519 1
3344 147 2319 168 1
39 47 2284 3232 1
3723 3310 181 3414 1
1703 21 3847 2311 1
3086 720 2124 628 1
1909 2985 1626 2442 1
2702 2768 2079 3184 1
2768 3133 2955 1315 1
3205 3336 2905 2768 1
1070 3831 2997 2270 1
3205 2905 2702 2768 1
3564 3336 2768 2833 1
279 215 233 1853 1
279 1853 233 1551 1
146 3367 2838 3529 1
3361 2973 2622 3725 1
213 215 1853 3222 1
2774 1514 2105 1318 1
2241 2271 1293 507 1
2271 655 1293 1920 1
3527 2632 99 102 1
2748 1514 2105 2774 1
3527 99 2632 3051 1
2318 3010 3116 3374 1
3301 2318 3812 3010 1
2918 2571 3297 2759 1
3893 3752 3452 92 1
3301 3010 3116 2318 1
3757 3226 3238 2776 1
1702 2776 129 3238 1
3374 3812 2318 3010 1
3116 3374 3010 2704 1
3332 3440 3226 3082 1
2777 1741 1860 1372 1
2147 2772 3743 247 1
1710 2303 2950 3737 1
2772 2147 3520 3323 1
2147 2118 2772 247 1
3848 2298 3323 3597 1
3520 3323 2287 2944 1
871 903 905 782 1
1026 905 958 871 1
1026 987 903 871 1
871 905 903 1026 1
3870 3867 2778 3719 1
2950 3428 3737 2303 1
2778 3867 3047 3719 1
1971 668 650 744 1
3883 1879 1384 3123 1
3883 1879 3123 3161 1
3883 1033 1883 3161 1
3883 1879 3161 1883 1
1604 1660 3511 1552 1
1407 1839 2201 1917 1
619 516 2713 2037 1
2037 1769 2713 2814 1
2814 2713 2226 1769 1
589 2226 619 2713 1
3463 1604 3511 1552 1
1730 99 1788 3846 1
1625 32 2714 1754 1
3846 2152 102 3684 1
2211 2374 2477 2714 1
2219 2714 2374 1754 1
2477 2374 2219 2714 1
3846 99 1788 2770 1
2530 2500 3517 3385 1
3177 2500 3517 3786 1
2530 3385 3641 2500 1
781 697 2468 2715 1
697 745 828 2596 1
2715 908 864 781 1
2715 2468 781 864 1
799 828 908 2715 1
2932 3317 1730 3846 1
154 3584 3590 2203 1
427 351 2716 408 1
351 2716 408 376 1
2716 427 1291 363 1
146 154 150 2070 1
2698 2035 1591 2461 1
1120 2220 1919 950 1
1591 2035 1776 2461 1
2779 2294 156 152 1
2781 2851 1343 2609 1
2461 2739 1776 1591 1
2763 2750 1075 2683 1
2915 2952 3012 3193 1
3664 2341 152 2779 1
2425 152 2779 156 1
3012 89 2856 75 1
75 3193 3012 2952 1
75 2952 3012 89 1
3012 3193 75 2624 1
3187 3304 174 173 1
2848 3304 3187 3094 1
3012 2856 2624 75 1
3304 1393 173 3187 1
3635 3490 2782 2098 1
1075 1161 2750 2763 1
2712 1541 3138 3167 1
317 235 2784 250 1
1442 2783 3666 2930 1
2783 1442 3712 2930 1
3638 132 1882 3538 1
132 3538 3471 2982 1
3886 151 2077 2647 1
3538 1882 2982 132 1
2279 2721 3444 2413 1
1990 2413 2279 3444 1
2210 3224 3433 2785 1
2854 105 3549 106 1
788 840 835 2786 1
3484 105 2854 106 1
2854 3269 106 3549 1
3484 3269 106 2854 1
3780 3248 3612 2340 1
2683 2763 1673 1764 1
3436 73 100 3410 1
3545 1116 2502 2786 1
2502 2786 835 840 1
936 1134 2692 2787 1
936 1134 2787 1159 1
936 2787 2692 957 1
936 1159 2787 957 1
73 2941 2318 3410 1
1673 2750 2763 2683 1
2763 1161 2750 1673 1
2790 105 3448 3488 1
2790 109 122 3448 1
2790 105 3488 3069 1
2790 109 105 3069 1
3444 2792 2279 1990 1
1990 2792 2279 2678 1
2860 2436 390 464 1
2265 2860 390 2367 1
2865 868 2733 797 1
881 975 2733 1042 1
390 2367 2860 464 1
464 2860 2369 2367 1
2792 3755 2279 2678 1
3713 3639 2792 3444 1
2265 390 2860 2436 1
3713 3639 3755 2792 1
3303 3780 3612 2340 1
97 2126 3023 60 1
3310 2348 3183 1722 1
1722 3310 2348 2362 1
2340 3303 3041 3612 1
264 3661 2799 252 1
264 252 2799 1946 1
1860 1399 1863 2578 1
1282 1420 2312 2106 1
1589 2878 1566 3473 1
3118 1825 2312 1420 1
3605 1946 2799 318 1
1420 1440 2106 1282 1
1589 1566 1501 3473 1
249 3483 3661 2799 1
1617 2878 3588 3473 1
3588 2878 1589 3473 1
3064 299 3073 2265 1
3073 1951 3194 2265 1
3194 390 2265 1951 1
2559 3473 1566 2878 1
1794 3178 127 2801 1
2591 2801 104 1812 1
2591 3178 3141 2949 1
2591 3178 2801 127 1
2047 3263 979 2970 1
2674 2794 3406 2759 1
736 2737 681 705 1
681 2737 740 649 1
2737 649 681 705 1
757 770 765 3043 1
1534 2399 1743 1949 1
3430 2181 182 205 1
2181 2657 182 1570 1
2181 168 2657 1570 1
2798 2256 3282 2743 1
3051 97 107 3023 1
2798 1082 2651 2256 1
2651 1082 2798 2090 1
253 230 2620 259 1
2620 253 261 244 1
2798 2090 1953 2651 1
617 2056 463 487 1
463 487 2056 1777 1
2798 3282 1953 2743 1
3196 2415 2832 1438 1
2800 2669 2830 2464 1
3239 2393 2656 3894 1
3428 2800 2669 2830 1
3894 3892 3239 2393 1
2574 1604 1630 1592 1
1630 2574 3129 2932 1
3195 2222 3038 1996 1
2341 185 2222 3246 1
1996 3246 2222 3038 1
2449 629 754 2276 1
1996 2427 2341 3246 1
2486 629 2449 2276 1
3864 185 2341 3246 1
2341 2427 3864 3246 1
2713 516 2399 2037 1
589 2226 2713 2399 1
1025 913 997 1024 1
2815 3681 3562 81 1
1025 997 913 912 1
3248 2815 3562 81 1
2794 3681 2815 3334 1
2292 2289 607 2802 1
3242 2759 3297 2816 1
607 2289 1970 2802 1
1025 912 2884 1415 1
144 1875 2816 2039 1
144 145 2816 1875 1
3297 2759 2039 2816 1
3364 1537 1734 2817 1
1734 2405 2817 1537 1
3364 1537 2817 2166 1
3364 1734 1562 2817 1
2343 205 2821 263 1
2803 1023 3261 2045 1
1179 3852 3457 969 1
875 2141 2803 872 1
927 821 1779 2051 1
2821 3038 3694 1960 1
3453 54 3479 3893 1
3255 2767 758 3011 1
3130 582 651 646 1
186 3151 3677 2712 1
3518 2158 2501 3644 1
3372 3138 3151 186 1
265 2386 3008 210 1
186 3138 3151 2712 1
3126 3371 3354 2826 1
3677 3372 3151 186 1
325 3875 3337 2354 1
2446 2828 97 3463 1
641 522 504 2122 1
2511 1694 3578 140 1
79 2112 2828 3463 1
522 2468 2122 641 1
3463 2112 2828 1630 1
392 369 3214 1386 1
369 311 3214 1386 1
2652 2909 2759 2571 1
2619 139 2793 127 1
3261 918 2805 1156 1
2310 1156 2805 918 1
872 2805 1881 2599 1
2599 2805 1881 2665 1
2805 918 2665 2310 1
2652 2909 3787 2759 1
3033 3546 3604 3589 1
2793 127 139 1794 1
138 3625 2409 2880 1
138 2880 3730 3625 1
138 2880 1938 3619 1
138 3619 2931 2880 1
2802 2289 1970 1534 1
138 2409 1938 2880 1
2265 2860 286 2436 1
3254 3578 3020 2903 1
63 2673 2668 3691 1
1851 1923 2154 3691 1
791 627 2611 2757 1
627 1765 2611 2757 1
2757 2690 1893 1765 1
627 791 714 2757 1
1851 3561 1923 3691 1
1580 2411 2422 3147 1
730 786 2226 687 1
2647 2077 3690 2752 1
3407 2247 328 3475 1
398 396 2809 405 1
2082 2809 396 455 1
2082 2809 1574 396 1
398 2809 396 2215 1
1574 396 2809 2215 1
2809 455 405 396 1
3405 3004 47 2811 1
2592 2782 2062 2811 1
41 3004 2811 3215 1
2811 2592 3215 2062 1
3490 2782 2811 2487 1
2245 3356 2331 2522 1
2833 1448 3851 3163 1
1831 164 3421 175 1
894 2733 881 975 1
966 921 1889 1008 1
2865 1395 3127 2733 1
2258 1889 1008 966 1
2721 3609 1454 3444 1
1722 171 2491 3183 1
184 2491 171 3183 1
2743 3498 2798 1135 1
1971 2869 2886 752 1
42 2820 2145 2573 1
1782 3545 1167 2005 1
809 695 1288 704 1
704 1288 809 2015 1
809 2380 2015 1288 1
809 695 2196 1288 1
2196 2380 809 1288 1
2262 389 382 2819 1
2262 382 335 294 1
722 3402 3101 2818 1
3794 42 2145 2573 1
294 341 335 2262 1
42 2573 54 2820 1
2836 2738 2781 3586 1
171 3183 3031 2058 1
3031 171 1722 3183 1
1722 2348 3434 2938 1
171 184 3183 2058 1
3822 3006 3700 2169 1
1874 813 917 945 1
1874 704 824 2015 1
1859 3006 3700 3673 1
2727 2918 1903 126 1
1902 813 1874 632 1
1874 1902 917 813 1
1903 2536 2727 126 1
853 824 2773 939 1
945 824 939 2773 1
3006 3700 3673 3822 1
697 2546 2596 781 1
2715 2596 908 781 1
3822 3673 2064 3700 1
3822 3700 2064 2169 1
3450 2074 95 3703 1
2074 1928 1721 95 1
1583 2775 2587 2040 1
3631 2734 3376 3197 1
3143 2631 159 3061 1
2958 2825 70 3554 1
2074 3703 1928 95 1
2825 3554 44 46 1
2364 1928 3703 95 1
159 1442 3061 3717 1
29 30 2920 2188 1
159 1442 3143 3061 1
2963 3057 761 728 1
2284 39 46 38 1
3663 46 38 2284 1
3663 3701 46 2284 1
3723 3815 226 1876 1
2419 1075 1161 3640 1
1161 2419 2763 1075 1
2447 2779 2341 2244 1
2447 2991 2779 2244 1
2753 2779 2447 2991 1
2829 3158 1811 1102 1
2829 1222 1811 3158 1
3479 2850 2377 3218 1
3717 2301 2930 2727 1
2377 2850 3613 3218 1
2780 29 2718 28 1
3267 2850 1913 3519 1
2526 2852 2442 2736 1
2526 2628 2852 2736 1
2590 2852 2526 2628 1
2526 2852 2985 2442 1
2309 2142 3436 1835 1
1739 2123 3563 3230 1
157 2933 2123 3230 1
157 3230 2119 2933 1
45 1916 2855 1832 1
3030 3349 278 3174 1
2856 3611 3260 2866 1
2624 3260 2866 2856 1
2459 2014 1969 2088 1
459 541 617 644 1
1969 2014 3844 2088 1
581 459 617 644 1
2903 89 3292 3012 1
2148 3844 2014 2088 1
2903 3292 2624 3012 1
2858 45 3171 2954 1
2098 2858 2855 3171 1
620 951 903 678 1
2858 3575 2855 73 1
620 782 678 903 1
73 45 2858 2954 1
2858 73 2855 45 1
2667 2858 2280 3171 1
3645 3025 1818 3053 1
2829 1811 2433 3203 1
2829 1222 2433 1811 1
2415 2384 2344 2299 1
3237 2829 3652 3203 1
3720 3122 128 2839 1
3447 1275 3277 2304 1
2839 3720 2721 128 1
134 3147 2411 1580 1
3147 134 2411 2540 1
1040 995 889 886 1
1306 889 942 886 1
134 3147 2232 2540 1
1306 1040 889 886 1
1782 3545 2005 3400 1
3688 134 3147 2232 1
3688 1580 3147 134 1
77 3459 2941 3809 1
77 2941 2142 3809 1
1855 536 2981 445 1
3502 43 2701 51 1
2553 3624 3526 3795 1
2653 3502 2013 1972 1
727 729 652 2690 1
2147 2871 2689 3472 1
2331 993 1953 2743 1
729 1765 598 2690 1
2716 376 1369 416 1
2716 416 408 376 1
3520 2871 3017 2147 1
2147 2871 3108 2689 1
256 1648 2547 1680 1
3103 2505 3380 2038 1
256 2547 1648 3740 1
155 3195 3755 2408 1
3707 3344 2408 3668 1
3541 2505 3103 2038 1
284 327 2796 312 1
1870 2988 1191 1160 1
1278 2972 1191 1265 1
2848 3187 3304 174 1
3304 2848 174 2166 1
2848 1541 3673 174 1
2848 1541 174 2166 1
3673 3187 2848 174 1
98 112 3778 2876 1
115 2876 2928 2205 1
58 1621 2446 60 1
1642 2081 3771 1802 1
82 47 2284 3663 1
60 1621 2126 58 1
2446 58 60 2828 1
58 3550 60 2828 1
82 47 80 2284 1
1965 2853 2150 2562 1
3653 2301 3664 2279 1
2409 3001 3022 2880 1
3664 3653 2071 2301 1
1274 2841 1213 3125 1
1971 2271 2575 1765 1
2575 1971 568 2271 1
2083 1134 1249 1159 1
115 2731 2876 129 1
2731 2876 3468 115 1
2562 2853 2150 3191 1
2928 2876 115 3468 1
2837 2568 2309 2945 1
2837 2309 2568 2555 1
2837 3648 2568 2945 1
3664 3526 2071 3653 1
1722 171 3811 2491 1
2926 2029 295 281 1
184 3811 171 2491 1
2906 3319 2442 2736 1
2385 2110 3670 2210 1
3581 3389 2885 3123 1
1105 1171 3813 2885 1
2210 2756 3670 2385 1
1171 2885 3389 3123 1
3887 2990 2845 3113 1
2655 3621 3469 2707 1
3819 1161 2891 3467 1
3697 3535 3695 2308 1
3544 2891 2740 3732 1
1754 2755 2326 2847 1
3732 3819 3544 2891 1
2891 3467 1161 3327 1
2538 3053 1818 2847 1
540 533 642 2806 1
1293 2081 2594 2699 1
2606 2986 693 533 1
1173 2608 2383 2807 1
2699 568 2271 1293 1
2699 2081 568 1293 1
2340 3016 2352 2674 1
2674 2794 2352 2340 1
3003 2849 34 2115 1
2822 1748 176 3743 1
2849 2206 2538 35 1
792 894 916 874 1
792 959 894 874 1
2653 2145 34 2849 1
34 2849 2145 35 1
792 916 757 874 1
2822 1748 3743 3460 1
2822 176 1748 2070 1
3191 2616 151 2077 1
894 3765 792 750 1
3748 2279 3653 3664 1
792 894 2373 3765 1
1455 3765 855 717 1
1769 700 2160 1753 1
750 3770 792 1867 1
2373 3765 1455 792 1
2352 3199 2340 3248 1
2340 2352 3248 2815 1
792 750 3765 3770 1
2340 2794 2352 2815 1
1867 750 1949 757 1
2230 485 2081 1993 1
750 792 757 1867 1
729 915 1006 844 1
729 915 876 1006 1
763 729 1006 844 1
2352 3199 3016 2340 1
544 468 524 555 1
1557 1780 1263 3852 1
2813 2003 1293 524 1
2870 3245 2287 183 1
2375 1294 1193 1179 1
2498 2520 1486 2729 1
2375 2708 1294 1179 1
2287 3351 2870 183 1
2375 2708 3735 1294 1
3351 2315 2870 183 1
3417 2902 3788 2356 1
2902 3417 1836 2356 1
1836 3234 3417 2902 1
2814 584 661 619 1
584 2037 619 2814 1
2037 2814 2713 619 1
3417 2902 3234 2138 1
619 2713 2226 2814 1
3788 2902 3417 2138 1
1663 3679 102 3085 1
1715 2462 102 3085 1
1715 102 3679 3085 1
1663 2462 3085 102 1
2609 3083 2781 2851 1
2609 3307 3346 2851 1
2819 304 293 313 1
2819 304 294 293 1
313 389 2369 2819 1
293 2819 2161 2262 1
2927 2705 2906 2133 1
2262 293 2819 294 1
883 1164 1209 1995 1
1164 883 1209 971 1
3790 2927 2906 2133 1
3507 2867 1216 2844 1
2823 1263 3646 1179 1
1703 2311 3847 2873 1
2927 2705 2442 2906 1
3822 3094 3673 3006 1
3421 113 125 2812 1
1831 2812 113 3421 1
2351 2907 3299 2079 1
3590 2079 3299 2907 1
186 1859 3094 3489 1
1836 3321 3234 2907 1
2385 2331 3356 1049 1
3234 2907 3299 2351 1
3673 3006 3094 1859 1
3094 1859 3006 3366 1
3673 3823 3187 174 1
3094 1859 3366 3489 1
2623 2994 101 1331 1
1600 2237 1856 2862 1
1331 2731 3468 2213 1
2385 1980 3670 2110 1
3588 2878 3724 2767 1
3588 3724 758 2767 1
2614 426 2835 2942 1
101 1331 3733 3468 1
2835 425 2614 335 1
504 502 578 556 1
2827 502 578 504 1
2623 2994 1331 3440 1
409 1292 2864 368 1
2864 1292 2369 368 1
2864 2369 1601 368 1
2344 2864 1601 3256 1
2865 741 774 1395 1
774 741 2865 868 1
741 868 2733 2865 1
741 1395 2865 2733 1
3386 3295 2707 2734 1
2745 1335 898 2463 1
3324 189 3692 1445 1
3849 1445 3324 3692 1
2399 2345 2564 1534 1
2866 48 3260 3575 1
3324 189 3148 3692 1
3849 3692 3324 3148 1
2383 1121 1241 1931 1
3630 1819 62 2170 1
3155 2707 3295 2734 1
2385 993 2331 1049 1
117 100 2392 3332 1
2170 3729 62 3630 1
3332 1448 117 100 1
1926 3048 3159 2998 1
2998 3682 3048 3159 1
117 100 1448 108 1
2733 868 3000 797 1
1014 1089 868 893 1
2392 3019 100 117 1
1945 797 2733 3000 1
3019 117 108 100 1
3641 2999 2296 3353 1
3295 3386 3548 2734 1
3155 3295 3548 2734 1
3353 3250 3641 2530 1
2650 2023 1885 2264 1
3000 893 1063 1373 1
2426 2023 1885 2650 1
2500 3641 2999 3385 1
3748 3122 2839 1623 1
594 2080 649 3881 1
3177 2987 2350 1674 1
2999 2350 1674 3177 1
2486 2080 2235 3881 1
2413 3748 2721 2839 1
584 2124 2037 2329 1
2329 584 661 2814 1
2226 786 916 2564 1
2290 1327 3210 1878 1
3834 2579 1235 1198 1
3834 1198 1235 1199 1
160 1327 2290 1878 1
3822 3094 3304 2848 1
103 2725 69 2462 1
3304 3822 2848 2166 1
3822 1541 3673 2848 1
3822 1541 2848 2166 1
3104 122 108 2127 1
3483 3570 3110 2799 1
2942 426 2835 382 1
442 2416 2916 437 1
1961 2416 2916 2227 1
3332 1892 2769 116 1
3104 3587 2833 3037 1
3168 2862 1848 3647 1
1856 1523 2049 1848 1
2862 1856 1600 1848 1
3104 122 2127 3587 1
2687 2390 657 673 1
2833 3560 3104 3037 1
1100 1061 1259 2877 1
772 657 673 2687 1
1100 1061 2877 961 1
2279 3664 1990 2678 1
297 2879 329 2455 1
297 269 2879 2455 1
2879 269 297 2372 1
2299 2436 2879 2372 1
570 546 442 450 1
2300 1965 2309 2795 1
2309 2795 1965 1835 1
570 612 546 450 1
748 787 836 740 1
570 652 546 612 1
2309 2754 2142 2300 1
1816 665 546 652 1
2279 3305 3664 2678 1
2279 3664 3305 2301 1
546 423 442 450 1
1816 546 665 596 1
570 520 546 1816 1
570 465 546 520 1
2814 661 2329 778 1
3628 1972 43 2701 1
1972 3628 43 3097 1
1080 1153 1273 1810 1
2921 3600 111 105 1
342 2321 343 2465 1
3488 105 2921 111 1
3600 3549 2854 105 1
2921 3549 3600 105 1
3448 105 2921 3488 1
1080 1153 1197 1273 1
3138 2712 3167 3658 1
3275 1666 1395 1649 1
1303 1666 1395 3275 1
1970 3275 1395 1649 1
607 3275 1395 1970 1
1135 1126 1082 1242 1
1135 1100 1126 1242 1
1303 3275 1395 607 1
3037 3439 3587 2961 1
3872 3439 3037 2961 1
2844 1085 3721 2823 1
2844 2867 2641 1085 1
3645 2538 2893 2075 1
2115 3415 1686 2881 1
3415 1412 1686 2881 1
2881 1412 1686 2453 1
3749 3091 2146 3481 1
419 402 435 377 1
365 402 377 301 1
377 435 406 402 1
2614 426 2202 2197 1
377 402 406 301 1
3780 3303 2146 2290 1
2367 2819 2369 2161 1
313 2369 389 368 1
313 2860 2369 1601 1
3468 3764 2928 98 1
2925 94 63 2154 1
2650 454 444 2846 1
2023 371 1293 2846 1
568 2846 2271 1293 1
454 2846 568 444 1
98 2928 3781 3764 1
2856 74 3197 51 1
50 2856 3197 51 1
622 560 3107 2476 1
89 2856 50 51 1
3823 3494 1541 2362 1
1081 889 942 1306 1
2928 3778 98 3781 1
2928 2876 98 3778 1
1081 942 889 955 1
942 1118 1081 1306 1
2533 1203 1108 1189 1
98 2876 2928 3468 1
2930 3712 2125 1442 1
2869 752 902 2508 1
2125 2930 1442 2427 1
3479 54 2377 3893 1
2427 2930 2965 2666 1
3893 2377 91 54 1
2887 78 3119 3561 1
3754 2407 3619 2931 1
2887 3561 83 2588 1
3843 432 496 2943 1
1786 1726 2931 3512 1
20 22 1983 2135 1
20 22 2460 1983 1
2632 61 3051 3023 1
2861 57 3532 3232 1
3606 57 2284 3532 1
3439 2933 2627 2119 1
1753 561 2677 592 1
3439 2933 1499 3584 1
3086 2677 1753 2160 1
1150 1240 1164 1176 1
1150 2735 1240 1176 1
3257 1150 1164 1176 1
1298 2410 369 311 1
391 369 395 431 1
2735 3257 1176 1150 1
391 431 395 471 1
391 395 432 471 1
3823 2064 3700 2362 1
391 432 395 346 1
3673 3823 2064 3700 1
3823 1541 2064 2362 1
3673 3823 1541 2064 1
3786 2188 30 2598 1
2922 101 3812 3733 1
1561 2847 2755 1754 1
2053 2188 3157 3786 1
3001 3730 3533 3736 1
3024 3034 3533 3704 1
2981 3456 1760 2561 1
2981 501 1855 3114 1
72 3733 101 2922 1
158 3736 3726 3599 1
3107 1970 2894 622 1
2894 1970 2102 622 1
3578 3254 3432 2903 1
2468 685 2360 728 1
3107 622 2894 1873 1
1931 1121 1036 1156 1
2894 2102 2275 622 1
2895 3564 2833 3336 1
2895 3335 149 3398 1
2100 3578 2903 2417 1
371 3412 2455 333 1
3578 2903 3432 2100 1
2863 735 3629 691 1
691 712 2863 735 1
2733 881 1042 868 1
868 3000 1042 2733 1
1063 1042 893 3000 1
2190 1884 2866 3575 1
2896 3151 3677 3372 1
2948 3540 2908 3493 1
1525 231 214 280 1
2896 2172 2622 3361 1
2276 2235 3782 2323 1
286 297 2372 2299 1
2948 3416 2908 3540 1
2948 3540 3493 2931 1
2643 945 2327 1874 1
2948 2931 3377 3540 1
3540 3204 2908 3493 1
2948 3416 3687 2908 1
2898 1638 1783 2874 1
670 3101 3381 1633 1
3498 2798 1953 2743 1
723 850 716 643 1
670 3101 1633 2514 1
670 3101 553 3381 1
3825 3800 163 2821 1
1860 2493 1372 2868 1
2493 3258 1372 2993 1
902 3021 2869 979 1
1886 2866 77 2754 1
2979 2908 3493 3775 1
3775 2948 2908 3493 1
2842 156 2912 161 1
3809 2754 77 3248 1
2142 3809 2754 77 1
693 715 871 2606 1
3768 2912 2758 161 1
871 693 2606 745 1
1497 148 2422 2411 1
2842 2912 3768 161 1
3144 148 2411 2422 1
1542 1541 2938 2064 1
1537 1734 3547 3364 1
1734 1537 3547 3594 1
3594 3547 2676 1537 1
3547 1537 3312 2676 1
855 869 981 2508 1
3547 3364 3312 1537 1
2362 3823 3551 3700 1
1179 3852 969 927 1
927 3852 969 1770 1
2330 2118 2944 3597 1
1179 969 895 927 1
2772 2147 3323 2118 1
2772 2118 2944 2330 1
892 773 952 2496 1
3355 2772 2330 2118 1
3597 2944 3323 2118 1
892 952 773 924 1
892 2496 952 1057 1
1933 2114 3316 3618 1
1057 952 970 2496 1
319 3348 3715 3369 1
1681 269 2372 299 1
3618 1933 2114 3469 1
2667 3215 2592 2062 1
824 813 790 704 1
2062 2164 3215 2811 1
2361 3348 319 3369 1
1900 2954 2667 3215 1
2768 3336 3851 2833 1
3205 3336 3185 2905 1
2363 2754 2945 2300 1
2610 2789 3007 2983 1
993 2610 2797 3007 1
3007 2789 840 2983 1
993 3007 2797 3278 1
695 600 733 675 1
2892 3812 101 2994 1
3226 1331 3238 3440 1
3148 3332 3226 3082 1
873 809 695 849 1
733 695 849 873 1
780 693 871 745 1
3445 2417 3648 2363 1
2945 2754 2309 2300 1
167 3024 1333 1800 1
689 621 2357 586 1
715 693 871 782 1
559 538 693 638 1
693 559 638 715 1
1296 1021 1141 1024 1
642 2986 697 745 1
715 693 782 638 1
3755 2527 2341 2214 1
2858 3469 2114 2667 1
642 534 533 540 1
642 542 533 534 1
453 2910 400 491 1
2103 1566 3140 2878 1
2884 913 1024 3015 1
912 2884 1769 913 1
2884 912 1769 1415 1
1893 505 512 2916 1
2341 3755 3308 3195 1
2858 3618 2114 3469 1
1734 1552 2405 3594 1
2341 2527 3755 3195 1
3755 2214 2341 2678 1
1552 2004 2405 1592 1
1552 1763 2405 2004 1
1552 1592 2405 3594 1
3305 2341 3755 3308 1
3787 3311 2975 3897 1
3305 3755 2341 2678 1
1812 104 2591 2949 1
3409 2778 3249 3719 1
3897 2975 1677 3311 1
3115 2251 3719 3409 1
1008 1103 945 1555 1
1008 1047 1103 1555 1
2773 1008 1103 945 1
3833 2886 658 650 1
3133 3590 3584 2961 1
3133 3590 2955 2123 1
2886 2289 1666 3275 1
2886 706 3833 658 1
2886 3771 650 2699 1
3584 3133 2933 3590 1
1710 2950 3734 3737 1
3133 2933 3590 2123 1
2393 1710 2950 1327 1
282 1624 2684 257 1
3556 1327 2393 2950 1
2360 929 1759 746 1
781 929 1759 2360 1
659 2360 685 746 1
128 2721 2839 3609 1
2262 341 2202 2161 1
1865 2582 2886 3771 1
658 2582 2886 706 1
2839 2721 3705 3609 1
2839 2721 2413 3705 1
60 2359 2953 3583 1
2955 3590 3520 3245 1
1939 2307 10 1936 1
2079 2955 3590 3520 1
505 3180 2916 461 1
2734 2889 2957 3631 1
3097 2889 2957 2695 1
3386 3252 2957 2889 1
2916 505 512 3180 1
2916 442 3180 512 1
720 2329 2124 2056 1
720 813 2329 2056 1
2889 3252 2957 2695 1
2239 2021 700 1290 1
3723 3202 226 3815 1
194 167 3008 1333 1
3163 135 2961 3587 1
3748 3122 3720 2839 1
2961 2833 3851 3163 1
1173 3263 2608 2807 1
3748 3122 1623 1913 1
3302 1773 3318 1563 1
3251 3122 3748 2580 1
2464 2669 2656 2800 1
3251 3720 3748 3122 1
3122 3267 3748 2580 1
3239 2800 1713 2656 1
3748 3267 3122 1913 1
613 597 661 753 1
844 655 861 752 1
2386 326 1546 3156 1
752 655 1971 844 1
1971 655 1765 844 1
2611 861 844 655 1
1765 655 2611 844 1
3657 169 3677 2712 1
2794 3681 2759 2352 1
3104 3587 3037 122 1
3037 2472 3104 122 1
2301 3795 3653 2071 1
2219 1843 2714 1754 1
2965 1442 1996 2376 1
2901 3839 3102 3049 1
2219 1843 2326 1412 1
3113 2683 1075 3813 1
3813 2683 1075 2750 1
2965 1442 2427 1996 1
3659 2396 3813 2750 1
2968 3611 2866 2633 1
2968 3817 75 3363 1
1075 3659 3113 3813 1
3683 3070 2875 130 1
3146 1326 145 3016 1
3024 1499 3230 3563 1
3146 145 1326 2558 1
1333 1546 3563 1790 1
3070 3445 130 3683 1
2329 2037 584 2814 1
3542 1072 3201 2969 1
3578 130 3020 3683 1
3445 3683 3020 130 1
2468 781 1759 2360 1
3888 3887 2703 1152 1
3665 1324 90 91 1
2780 3359 2180 2269 1
2780 3281 2180 3359 1
2445 1324 90 3665 1
2731 3226 3757 2971 1
1792 1749 845 1031 1
845 1749 1095 1031 1
3757 3226 2776 2971 1
2776 2971 3226 3148 1
208 263 205 242 1
3874 2813 655 2036 1
2391 1312 3665 1324 1
555 2813 567 524 1
2622 2172 154 2973 1
1312 2445 3665 1324 1
2391 3665 91 1324 1
208 263 227 197 1
2821 3825 263 197 1
1609 3839 1284 2201 1
2646 27 3835 1284 1
2201 1284 2646 3835 1
3839 1284 2201 3835 1
211 281 2208 238 1
150 154 2973 2622 1
211 238 268 202 1
2201 2646 1858 1396 1
208 227 263 251 1
2451 154 3584 2973 1
208 263 242 251 1
1773 1535 1657 3879 1
3606 57 3532 84 1
1718 268 1585 1796 1
2909 2975 3452 3787 1
2975 2591 92 1677 1
2909 2949 3452 2975 1
2975 92 2591 2949 1
1589 2878 3588 2767 1
3210 3016 2340 2674 1
2116 3293 985 2988 1
2979 103 1663 3092 1
2407 2709 2979 3092 1
2963 3057 920 761 1
2010 2218 2963 2104 1
761 3057 814 709 1
2218 3331 2984 954 1
3846 3687 2932 2908 1
3679 1663 3846 2979 1
3076 401 2911 308 1
3076 384 2911 401 1
1763 2974 2405 2004 1
3714 3416 2904 3688 1
2473 827 891 868 1
2493 1354 2316 1899 1
2316 3719 2493 2251 1
1042 868 893 3000 1
1014 1122 1089 1144 1
3210 2234 3016 2674 1
2473 827 868 881 1
1803 1130 1068 924 1
1144 1131 1231 1063 1
454 2575 461 571 1
1063 1089 893 1042 1
1144 1231 1089 1063 1
3013 891 2617 2473 1
2473 881 947 838 1
868 827 741 881 1
1075 3659 3813 2750 1
1130 1068 1206 1966 1
1130 1206 1237 1966 1
864 1808 2122 1759 1
2122 1759 2468 864 1
3566 2982 3814 150 1
1075 3659 2750 1161 1
1763 2974 2817 2405 1
2166 1537 2817 2974 1
236 327 2913 284 1
3882 3404 3643 1844 1
3882 2859 1844 3643 1
3045 2859 1844 3882 1
1998 2018 2222 252 1
3409 3870 3115 2526 1
3870 3115 3719 3409 1
1998 2018 3246 2222 1
1809 1290 433 2914 1
1844 3404 2163 3882 1
2163 1844 3882 1693 1
1844 3045 3882 1693 1
2525 1311 864 925 1
2098 2897 1974 48 1
3261 2805 2934 1156 1
3587 3439 3674 3055 1
2525 1084 1311 1317 1
2098 2897 3155 1974 1
1106 1156 3261 2934 1
2934 3264 3608 1373 1
872 2934 2805 2599 1
3264 2934 2599 1373 1
3547 3312 2753 2991 1
864 1447 929 781 1
2991 2294 156 2779 1
2294 156 2031 2991 1
343 2321 2120 411 1
1805 3053 35 2137 1
2636 2917 2676 2991 1
343 411 380 2321 1
3053 36 1805 35 1
3037 3439 3674 3587 1
2753 156 2779 2991 1
3547 2676 3312 2991 1
2038 2186 2505 2808 1
2038 2505 3380 2808 1
2013 2695 3097 2996 1
2695 2013 2849 2996 1
2996 3252 2016 2695 1
2695 2996 2849 2016 1
3097 2957 2996 2695 1
1757 748 2139 808 1
1757 748 2670 2139 1
2957 3252 2996 2695 1
705 2919 901 2737 1
901 2737 2919 862 1
649 705 2919 2238 1
1859 3700 3823 3673 1
778 2329 1405 661 1
778 1336 2814 661 1
3700 3551 1859 3823 1
650 1642 568 3771 1
908 1311 864 2525 1
2489 684 578 645 1
2525 1311 1084 908 1
684 620 2489 578 1
3545 1166 1167 1116 1
3662 1166 1167 3545 1
1979 1167 1166 1116 1
2383 1121 1063 1131 1
1979 2785 1166 1167 1
2383 1121 1131 1241 1
3822 195 3094 3006 1
3094 3006 195 3366 1
1973 2000 342 324 1
3063 565 2924 522 1
186 3357 3187 173 1
2939 3062 3807 3798 1
3357 2645 186 3489 1
3357 3489 186 3187 1
1268 2940 1172 1252 1
1172 1252 2940 2966 1
1585 195 3006 1796 1
1796 1665 1585 195 1
1796 195 3006 3821 1
73 2941 3410 2142 1
3366 3006 3821 3513 1
3812 3056 3301 98 1
1859 3006 3366 3513 1
3061 3722 3143 2631 1
3822 195 3006 1585 1
3578 3538 3471 3686 1
3578 3471 2511 140 1
2071 2571 3526 131 1
1180 1253 1232 1214 1
3374 3812 3010 3162 1
3419 983 2541 1175 1
1180 1111 1253 1214 1
2922 3162 3812 3374 1
3010 3374 3162 2704 1
2517 2931 3338 1786 1
1688 1643 1635 1789 1
1726 2973 3730 3512 1
3493 3338 2931 1786 1
2354 311 3408 1298 1
1789 1688 1643 2007 1
2931 1726 3730 3512 1
1688 2200 1643 2007 1
2973 3730 3512 3725 1
3512 3730 3540 3725 1
3512 2931 3540 3730 1
3415 1412 2893 1411 1
1860 1863 2893 3373 1
3624 2593 3526 2652 1
3624 2087 3526 2593 1
325 3337 326 2354 1
3165 1537 2028 2676 1
1061 1376 1137 1005 1
2614 2236 2202 1369 1
1161 3074 2396 3160 1
3165 2917 2676 2636 1
1502 3599 3167 158 1
1061 1137 1100 1259 1
3165 2917 3312 2676 1
2999 3058 3362 2296 1
3165 3312 1537 2676 1
2999 2296 2481 3641 1
841 1079 899 2946 1
841 899 909 2946 1
2946 899 2470 2270 1
2946 899 909 2470 1
2946 1079 899 2270 1
3165 2028 2636 2676 1
2947 983 992 3419 1
3599 3658 3167 158 1
2773 853 790 824 1
1985 2727 2536 3574 1
3860 1644 2936 1508 1
2536 3574 127 1985 1
2619 3574 1985 127 1
1905 1644 14 2937 1
14 11 1905 2937 1
850 930 2449 754 1
2276 862 930 2449 1
2449 643 850 754 1
3819 1845 1151 1065 1
3819 1845 1065 3467 1
1998 2222 3246 3038 1
94 63 2673 3166 1
2234 145 3016 2674 1
3016 3427 2352 2674 1
3764 3166 63 94 1
3017 2871 3108 2147 1
1380 1265 1165 1737 1
2298 2722 3108 3017 1
565 3120 641 645 1
3120 728 641 645 1
3017 3299 3234 2871 1
728 3120 710 645 1
1737 1165 2988 1160 1
3234 3299 3017 2351 1
3108 3323 2298 3017 1
2154 94 63 3691 1
3401 2545 117 3019 1
3019 116 117 2392 1
3249 2316 2251 3719 1
2545 116 117 3019 1
63 94 2673 3691 1
3574 2727 2536 126 1
2536 126 127 3574 1
3254 3084 3020 3382 1
3220 126 3574 127 1
154 3584 2973 2172 1
154 3584 2172 3590 1
2906 2705 2442 3319 1
2942 341 2202 2262 1
341 2942 2614 335 1
341 2942 2202 2614 1
2262 341 335 2942 1
563 569 488 2943 1
1690 2943 563 488 1
432 569 2943 2027 1
3843 2943 1690 488 1
3843 2027 2943 488 1
73 45 2954 2318 1
2954 1900 1717 3052 1
2207 168 2408 2181 1
45 3116 3742 2954 1
2546 745 642 697 1
2546 642 640 697 1
2703 2660 954 2010 1
1365 2956 1009 1926 1
1690 2321 404 2465 1
1690 1777 2321 1288 1
1365 1009 2956 1052 1
2998 1009 1143 2956 1
2998 1926 1009 2956 1
3625 3001 3533 2409 1
3625 3001 2409 2880 1
3625 3730 3533 3001 1
44 2825 2958 3554 1
1871 2643 2327 779 1
2643 945 1008 2327 1
1729 2959 400 361 1
1723 1938 3342 1682 1
2196 675 600 695 1
3600 1723 3342 1682 1
2926 2959 1969 2195 1
2196 675 1854 600 1
2926 361 2959 1729 1
2525 1311 925 1317 1
3503 261 3176 255 1
2723 3557 2638 2899 1
3824 1658 2726 3322 1
3739 2601 3124 2163 1
3737 3029 3462 2558 1
2601 2163 3739 2766 1
1624 3008 194 257 1
1084 1317 2525 2355 1
287 340 1586 2465 1
287 2465 324 342 1
3008 257 1624 265 1
3001 158 3726 3422 1
2282 1624 2386 3008 1
937 2988 1160 1191 1
1990 2279 3748 3664 1
3889 3394 867 2964 1
3748 3720 2279 2721 1
1101 863 1017 994 1
3247 1017 2642 1154 1
1101 3247 994 1017 1
2674 3406 3776 2759 1
3776 2759 3242 2674 1
3720 3748 2279 3653 1
1312 3748 2391 3526 1
2170 2065 62 3729 1
3474 62 2170 2065 1
1106 3268 2608 3608 1
3340 165 3266 1607 1
2282 2386 2242 3152 1
2783 1442 3266 3712 1
3712 3266 165 1442 1
3350 2783 1442 3266 1
1601 2440 368 313 1
2934 3608 1106 2608 1
3748 3267 1324 2580 1
1324 3267 3748 1913 1
1601 2384 2344 2440 1
1312 1817 1324 3748 1
2580 2553 1324 3748 1
1923 94 2154 3691 1
1590 740 748 1668 1
1590 1668 748 860 1
2909 3624 2571 2652 1
2488 1447 991 1084 1
1447 864 2525 908 1
3042 3119 57 84 1
991 1447 2525 1084 1
60 61 3550 2359 1
3624 3526 2571 2652 1
84 57 3036 1299 1
93 3042 3036 3450 1
2909 3624 3795 2571 1
3624 3526 3795 2571 1
3178 127 2591 126 1
3674 3037 3876 3439 1
3037 2895 2833 3560 1
2591 3178 126 3141 1
2970 1745 1945 3000 1
2970 1945 1697 962 1
2706 1745 2970 3000 1
979 2706 2970 3263 1
962 2970 2508 1697 1
2970 2047 2508 979 1
2379 3693 3688 3416 1
1948 1688 1940 2528 1
2379 3693 1580 3688 1
3314 3688 2379 1580 1
3184 2079 2702 3520 1
2287 3520 3184 2702 1
375 3330 2914 1828 1
186 3187 174 173 1
2904 3688 2379 3314 1
3303 2634 3041 3612 1
2379 3416 3688 2904 1
2634 1954 3303 3041 1
3042 2074 1419 83 1
186 3094 3187 3489 1
2966 970 1057 952 1
3042 84 2074 3119 1
3042 57 3036 84 1
3823 186 3187 174 1
3042 57 3352 3036 1
3094 1859 3823 3673 1
1396 1804 2646 1858 1
2484 3353 3250 3751 1
3213 3353 3751 3250 1
3823 3449 3494 3551 1
3551 3449 1859 3823 1
3578 3020 2417 3683 1
3824 254 2726 1718 1
3578 3020 2903 2417 1
2871 2772 3520 3169 1
3309 2772 3169 3520 1
2719 480 607 2400 1
2417 3020 3208 3445 1
504 578 2489 556 1
2489 2827 578 504 1
2871 2147 3520 2772 1
3445 3683 2417 3020 1
3837 1396 3836 3842 1
2096 2097 1432 1952 1
2130 2097 3832 1432 1
2903 3020 3208 2417 1
382 2819 389 355 1
382 304 2819 355 1
2036 655 682 567 1
3874 2036 655 682 1
2595 1155 1076 2432 1
3714 3147 3422 2232 1
3422 3714 2904 3147 1
3837 1371 3836 1396 1
1529 2595 1076 2432 1
2023 2426 371 2650 1
2023 1961 1885 2264 1
330 3137 2978 2443 1
330 2443 2978 1789 1
3051 2770 107 97 1
3459 2050 2146 3612 1
1932 1373 893 846 1
3118 1307 1394 2096 1
3118 1282 2312 1394 1
2146 3612 2050 2634 1
1282 3118 2312 1420 1
2146 3612 3303 3780 1
3050 3621 2667 3469 1
2146 3809 3612 3780 1
3459 3612 2146 3809 1
2469 3054 3667 3115 1
2590 3103 2852 3380 1
3549 3055 2854 2153 1
3055 3338 2854 2153 1
856 714 708 663 1
856 791 714 663 1
2395 2630 1112 992 1
3549 3055 2153 2127 1
2793 3178 127 1794 1
1044 2651 2563 3282 1
3178 2793 3251 3122 1
2793 3122 3178 1794 1
2793 3720 3251 3122 1
2983 3498 1953 993 1
2794 2295 1661 3534 1
993 3498 1953 2743 1
884 2983 2610 993 1
2612 3596 2771 3306 1
2610 2983 3007 993 1
3007 2983 3278 993 1
3498 993 2983 884 1
3443 3696 3056 3217 1
2612 3596 3580 2771 1
3189 3056 3410 3217 1
3056 3696 3649 3766 1
3591 3462 1326 3068 1
1860 2477 2578 2868 1
3424 1987 452 1855 1
1729 1987 452 3424 1
2053 2987 2188 3786 1
3177 3786 3517 2638 1
954 2104 2496 2984 1
2218 2984 2104 954 1
1907 3871 253 261 1
2290 3591 3068 3462 1
3871 2441 261 1907 1
160 1327 3556 2950 1
2526 2985 1909 2442 1
2290 3462 3068 1327 1
3786 2987 3177 2500 1
3786 2987 2598 3177 1
3737 3462 2950 3734 1
1302 2098 3370 1974 1
642 2806 2986 745 1
2606 2806 745 2986 1
2897 2734 3155 1974 1
533 693 1291 2986 1
1302 2098 2782 3370 1
2219 2324 2989 1606 1
1229 3828 2760 1204 1
3634 3541 3103 2038 1
2555 2153 2342 2127 1
785 772 992 803 1
2555 2153 2127 3032 1
2857 2116 2988 3293 1
3331 2990 954 2218 1
3028 2198 159 2430 1
2024 2420 284 2796 1
3028 2576 3717 1985 1
754 762 2090 1736 1
2940 1337 2424 2966 1
2993 3837 1371 3838 1
1613 2993 1868 2868 1
2993 2868 2550 3838 1
1953 1890 2090 762 1
3413 3669 2882 1844 1
1150 3259 2437 1090 1
3603 3669 1171 3074 1
3660 2437 2995 867 1
1529 941 2595 2672 1
2995 3257 2437 3660 1
2995 965 3660 866 1
642 533 2986 2806 1
2606 533 2806 2986 1
3074 3669 2396 2254 1
65 3069 109 3401 1
3488 3069 2283 2545 1
3069 2478 2283 67 1
65 3069 67 2478 1
3401 3069 2790 2545 1
2065 62 1715 103 1
1715 3679 2065 103 1
3474 62 2065 103 1
88 85 3406 87 1
85 3406 2794 3681 1
2997 1214 1111 1079 1
1253 1111 2997 1214 1
1975 1275 3270 3071 1
3474 3317 103 2065 1
2065 103 3679 3317 1
3195 155 3755 1675 1
3308 3755 1675 3195 1
784 944 936 957 1
2651 2563 2583 1044 1
957 2121 944 936 1
936 944 3018 2121 1
1896 3821 3313 1796 1
2794 2295 2340 1661 1
2340 2295 3041 1661 1
3638 1882 2153 1772 1
2500 2999 1720 1674 1
3638 1772 2153 3032 1
3687 2948 2334 3416 1
2340 2295 3612 3041 1
1861 3667 3804 3399 1
98 3595 3793 3767 1
2774 2105 2748 2560 1
3612 3248 2295 2340 1
2852 3380 2505 2808 1
2560 2893 2105 2748 1
2295 2815 2794 2340 1
2340 3248 2295 2815 1
2290 3591 3210 3068 1
3133 2955 3590 2079 1
962 3263 2970 3000 1
2768 2955 3133 2079 1
3024 3704 3533 3730 1
2290 3068 3210 1327 1
2768 3872 3133 1315 1
3518 3342 3600 1723 1
3391 1806 3517 3418 1
1327 2234 1954 2313 1
453 3002 452 535 1
2012 452 453 3002 1
3512 2982 1786 150 1
2029 2561 2012 3002 1
2749 535 452 3002 1
3092 3518 1723 3342 1
3518 2854 3600 3342 1
2687 2089 2390 2539 1
2749 3002 2561 2029 1
3003 2653 34 2849 1
1534 1924 1949 2003 1
1924 544 2813 1867 1
544 2813 2003 1924 1
2813 524 544 2003 1
2709 3342 2854 3518 1
3009 2652 3787 2759 1
59 3004 39 3232 1
2281 39 3004 2164 1
3004 2281 2164 3215 1
59 2281 39 3004 1
3518 3092 2709 3342 1
3004 1561 2811 2164 1
3885 940 1446 956 1
1730 2065 99 3679 1
2072 2065 1730 3317 1
3679 99 1730 3846 1
244 3079 1907 261 1
255 261 3079 244 1
522 2827 565 641 1
1907 2441 261 3079 1
504 2827 641 2489 1
2451 2973 1726 1786 1
2141 1006 902 844 1
157 2119 2448 3283 1
1818 2629 1314 1587 1
3283 149 2448 157 1
168 3344 2724 3121 1
1855 501 2981 536 1
78 3649 59 3081 1
3283 2933 157 2119 1
3232 59 3081 78 1
3459 3081 78 3232 1
2575 505 573 598 1
2575 571 573 506 1
2575 598 1765 505 1
2777 1372 1860 1899 1
2530 3745 2484 3525 1
2672 905 1529 941 1
3525 3745 2484 3418 1
788 840 3007 2789 1
2890 652 2507 727 1
1931 1156 1036 2310 1
2530 3525 2484 1820 1
1546 3008 2282 2386 1
2737 3881 2919 862 1
3881 649 740 2737 1
705 2919 2737 649 1
909 856 938 998 1
3228 2430 3028 159 1
909 856 998 899 1
1881 846 2599 1932 1
2599 1036 1932 1373 1
3008 1546 1333 1554 1
1624 3008 265 2386 1
3717 3028 2666 2576 1
1784 321 3475 344 1
2761 2437 801 1766 1
72 3793 3702 3733 1
3889 830 867 3660 1
1145 887 1766 2761 1
72 3702 3468 3733 1
1861 3804 3213 3399 1
1861 3058 2296 3804 1
1024 3015 935 3043 1
1769 913 3015 2635 1
2614 2942 2835 335 1
2634 3895 3041 1928 1
335 2942 2835 382 1
2942 382 335 2262 1
3612 2634 3041 1928 1
2778 3047 3249 3719 1
3890 3728 2261 3394 1
1502 3599 3034 3704 1
3845 651 646 3011 1
3295 3190 2967 3341 1
303 309 338 363 1
3130 651 3011 646 1
338 1683 363 309 1
3034 178 3726 181 1
3407 328 2247 1610 1
3763 328 1610 2247 1
847 1037 3375 1013 1
847 957 2692 1037 1
371 2650 1669 444 1
454 2479 2264 2650 1
879 1013 847 3375 1
2692 1037 3375 847 1
3726 3599 3034 1502 1
2692 847 3375 879 1
1712 2604 124 137 1
3890 2559 801 2261 1
3407 1610 2497 328 1
3655 2625 2843 2389 1
1497 1622 2604 1660 1
3082 2892 3440 2356 1
3332 2892 3440 3082 1
3082 3226 2255 3440 1
3761 2573 3164 54 1
2573 3164 54 2820 1
2534 2909 2918 2759 1
2918 3311 2909 2534 1
3648 2417 2568 2945 1
1535 3822 3304 2166 1
93 3014 3352 3042 1
1419 3014 93 3042 1
3042 119 1419 3014 1
582 616 2730 646 1
616 2730 1629 582 1
616 582 1629 1692 1
3304 2166 3364 1535 1
651 582 2730 646 1
582 2730 1629 651 1
3686 2417 2568 3648 1
2290 1594 2634 3091 1
3302 1691 182 2657 1
2290 2634 2146 3091 1
2657 2319 182 3302 1
1502 3138 3167 3599 1
3018 936 1134 994 1
1663 103 2725 3092 1
158 3599 3726 1502 1
3389 3883 1384 3123 1
163 141 3067 3707 1
1741 2868 3838 2550 1
3707 141 3067 3668 1
3082 1448 2892 2356 1
964 926 808 880 1
1904 926 1003 808 1
3332 1448 2892 3082 1
3819 1262 1255 1845 1
3095 2295 3612 3248 1
2553 2087 1324 2391 1
3819 2891 1262 3467 1
2553 2087 2391 3526 1
2580 2087 1324 2553 1
3819 1262 1845 3467 1
3817 2968 3562 2487 1
3817 2487 3562 2456 1
693 559 715 2606 1
828 697 2715 799 1
2895 3439 3876 3037 1
2120 459 463 342 1
3628 2889 3097 3602 1
3021 3268 3608 2706 1
3628 2889 2957 3097 1
2627 3439 3876 2895 1
1613 2993 2868 2550 1
3873 3021 1048 2141 1
3268 3608 1048 3021 1
1907 3098 3079 320 1
945 939 1103 2773 1
1868 2211 2477 2714 1
1290 2239 1743 2399 1
2239 2399 1949 1743 1
828 697 2596 2715 1
2371 23 3182 1891 1
1571 1891 2371 3182 1
780 697 828 799 1
3028 1985 139 2576 1
1985 2198 3028 139 1
559 533 2606 693 1
284 2796 327 2913 1
1120 1123 2739 3158 1
1120 3158 2739 3026 1
629 754 2276 3782 1
2829 1222 3158 3026 1
676 723 629 754 1
3782 676 629 754 1
3120 728 685 641 1
2468 685 728 641 1
1188 1182 2605 1126 1
2590 2469 3115 3054 1
1112 1186 976 1183 1
3079 320 244 1907 1
1948 1809 2078 375 1
3634 2398 3637 3615 1
556 2122 2489 504 1
2852 3103 2985 2505 1
1809 2078 375 2586 1
375 2078 396 2586 1
404 342 1830 2465 1
1830 342 404 2000 1
3634 2985 3103 3541 1
404 2200 2465 1830 1
2384 2344 2299 1601 1
3580 146 3596 2838 1
3117 236 284 229 1
3117 284 236 2913 1
324 1597 2200 1680 1
641 3120 523 531 1
2690 2507 652 727 1
2669 3428 2729 3556 1
2890 2089 719 2507 1
1499 3730 3361 3704 1
3556 2800 2669 3428 1
2178 2504 245 240 1
2603 2504 2178 229 1
3618 2127 3436 108 1
3857 364 356 374 1
3117 229 2504 2603 1
2760 3828 1158 2988 1
2988 985 3828 1158 1
3618 2127 109 106 1
765 874 757 3043 1
3032 3436 3618 2127 1
3540 3730 3736 3658 1
2127 3269 3618 3032 1
3730 3658 3540 3725 1
3377 3730 3736 3540 1
565 641 3120 523 1
3308 1996 2341 3195 1
2341 2222 3195 1996 1
1996 3246 2341 2222 1
2008 1492 1366 1567 1
2793 128 2619 3720 1
2796 327 3046 312 1
371 312 3046 327 1
2019 3046 312 2796 1
2617 947 900 838 1
371 3046 312 2019 1
1840 2019 312 2796 1
2008 1168 1567 1366 1
3618 3269 66 3032 1
2724 1631 147 168 1
168 147 2724 3344 1
1860 1899 3373 1411 1
3618 66 106 65 1
2617 2473 947 838 1
1117 3855 2617 1062 1
2617 2473 1062 1122 1
1860 3373 2893 1411 1
1315 2955 2287 2870 1
2288 3102 3168 3233 1
3837 2993 2550 3838 1
3106 2165 3241 3350 1
2165 2234 3106 145 1
3809 3459 2941 3189 1
990 982 1183 976 1
1351 2211 1868 2714 1
2234 145 2674 3106 1
3106 3241 3776 3350 1
345 3524 3898 3899 1
2263 1798 1894 1702 1
2901 3102 2288 3233 1
3645 3053 2538 35 1
3053 3025 1818 1587 1
1152 3807 3062 3798 1
3053 36 37 1805 1
3200 2265 3194 3898 1
2840 3573 3515 3225 1
3224 2132 2305 2331 1
1109 1057 3044 892 1
249 3483 262 3661 1
2840 3541 3515 3393 1
2967 3039 2881 3252 1
3793 2831 1304 3116 1
2868 2993 2578 2493 1
2318 2159 3116 2954 1
2578 1868 1285 2993 1
3530 1218 3798 3495 1
1868 2578 2868 2993 1
3570 3605 3110 2799 1
2693 2319 182 2657 1
1639 3558 2204 1864 1
1639 2220 3558 1864 1
2617 3040 900 1117 1
2780 2308 2180 3281 1
3697 2308 2780 3281 1
2780 3697 28 2658 1
709 761 3057 645 1
1022 933 2192 930 1
1919 2461 2698 1639 1
3462 3029 160 2274 1
3591 2274 3462 3749 1
2985 2840 1553 1626 1
1639 2461 2698 3454 1
2637 3068 2234 1326 1
2898 2985 2840 1553 1
3737 3340 172 2621 1
2145 2820 2849 3072 1
2887 3119 78 3633 1
3119 78 1721 3065 1
1721 84 2861 3119 1
3065 3119 78 3561 1
3228 2430 2576 3028 1
3093 153 3722 2631 1
2637 1326 3734 3068 1
1326 3462 3734 3068 1
3733 3793 3702 98 1
3733 3702 3468 98 1
2146 3809 3780 3206 1
1675 3243 3228 3773 1
3044 1057 954 892 1
3466 3780 3227 3206 1
408 522 504 3063 1
3063 408 502 504 1
408 3063 2924 522 1
3064 3073 225 2265 1
3064 2265 225 2531 1
277 304 313 2531 1
3064 2531 225 199 1
216 199 209 3064 1
199 277 2531 304 1
3044 1057 3797 3807 1
2883 3044 3797 3807 1
1057 3797 3807 3798 1
3773 2430 3243 3228 1
2794 3681 2352 2815 1
691 595 654 636 1
691 595 735 654 1
1369 416 523 2924 1
2924 2716 1369 416 1
2924 416 408 2716 1
3634 2398 2985 3399 1
3865 3048 1926 2998 1
3865 1081 3048 2998 1
2852 3115 2985 3103 1
3634 2985 2398 3103 1
1741 3838 2868 1372 1
2548 2480 156 3070 1
2793 128 3720 3122 1
2548 2875 2294 2031 1
3636 3050 3840 2108 1
3235 1537 140 2028 1
2780 28 3359 29 1
138 3439 2517 3598 1
3235 1537 2028 3165 1
3741 3165 1537 3235 1
2931 2517 2407 3619 1
3876 3598 3600 3411 1
3742 2935 2281 3052 1
140 3235 2826 1537 1
2826 3235 3741 1537 1
138 2931 3730 2880 1
2265 2531 2860 2367 1
2860 313 2367 2531 1
2735 1116 1210 2516 1
2735 2516 1536 1116 1
3377 2931 3730 3540 1
1568 1645 1176 1536 1
1276 1705 1568 1827 1
3240 146 2480 3145 1
2931 1726 138 3730 1
753 661 613 1336 1
3730 2931 3377 2880 1
3521 1393 170 161 1
3240 3145 2480 2548 1
3073 2387 3524 3543 1
3384 3239 2656 3894 1
1675 2576 3228 3243 1
3200 225 3073 2265 1
3200 3073 3194 2265 1
3559 170 3521 1393 1
3521 3304 1393 173 1
3243 2430 2576 3228 1
155 2430 2576 3243 1
1675 155 2576 3243 1
3559 3521 3304 1393 1
3371 3657 3540 3426 1
3521 173 1393 161 1
3138 3658 3167 3599 1
3075 217 252 260 1
267 2412 260 3075 1
3075 260 1946 2412 1
3006 254 3700 2169 1
1964 218 3848 2298 1
3848 3368 1964 3597 1
1859 254 3700 3006 1
292 310 3076 308 1
3076 338 308 310 1
323 310 3076 292 1
2435 1937 3076 338 1
323 1937 3076 2435 1
1767 1165 1910 1737 1
3075 252 1946 260 1
3134 150 3814 3512 1
3725 2622 150 2973 1
3167 3658 3610 158 1
3025 36 3053 35 1
3377 2931 2948 2880 1
728 710 3057 645 1
3075 260 267 217 1
2963 2218 3057 2529 1
3134 2622 150 3725 1
3804 3869 3667 1861 1
1561 2062 2755 3059 1
2137 1561 3053 3059 1
3725 3512 150 3134 1
1003 3060 1097 1034 1
120 3022 1731 2334 1
2216 2669 3131 3073 1
1938 2880 3022 120 1
2880 2334 3022 120 1
459 617 541 463 1
541 2120 459 463 1
2939 3123 2703 3062 1
3888 2703 3173 3062 1
2409 3022 1938 2880 1
3657 3512 3134 3078 1
43 50 3072 3139 1
3657 3134 169 3078 1
3755 155 3747 1675 1
169 3354 3078 3134 1
3134 3814 3078 3512 1
812 999 2499 968 1
2499 999 812 814 1
3354 3814 3078 3134 1
3308 3747 1675 3755 1
212 3008 257 194 1
507 2271 627 1961 1
2525 864 1759 1808 1
864 2525 1759 929 1
2468 1759 781 864 1
3843 3844 400 2179 1
3022 134 1731 3688 1
2054 3513 1859 2285 1
2021 561 2157 1753 1
3570 318 3605 2799 1
500 561 2021 1753 1
3065 3476 119 1374 1
3065 83 3119 3561 1
3476 1721 1374 3065 1
1912 119 3065 1851 1
3561 83 1851 3065 1
3513 2285 2054 3349 1
3367 3070 2480 3145 1
2827 3063 502 504 1
1786 2973 3512 150 1
2457 2451 1786 150 1
3196 2299 329 2832 1
2451 2973 1786 150 1
2919 649 2238 2486 1
2737 3881 649 2919 1
1875 143 145 3146 1
649 2919 3881 2486 1
3427 2816 3378 2352 1
3146 2490 2558 3509 1
3146 2558 3591 3509 1
3075 3614 2412 264 1
2560 2893 2748 3868 1
3469 66 3618 65 1
3645 2893 2105 2560 1
403 466 429 381 1
381 466 429 441 1
386 381 403 429 1
1933 3772 3469 65 1
3075 217 1796 264 1
3752 3787 88 3009 1
2430 3028 139 2576 1
3147 2411 2422 2551 1
1550 2780 2180 2269 1
1752 2269 1888 2780 1
3028 2198 2430 139 1
3426 3147 2551 3167 1
3075 1796 3614 264 1
2919 2238 2449 2486 1
169 186 173 3357 1
173 174 186 169 1
186 169 3677 3357 1
186 2712 169 174 1
3558 2204 3454 1639 1
3454 3558 2739 2204 1
3579 2783 3061 1442 1
3776 2566 1903 2918 1
2277 2219 2374 1754 1
3311 126 1903 2918 1
1903 118 126 3311 1
2700 2326 2755 2967 1
2377 3893 91 2087 1
2651 2256 2563 3282 1
3149 2168 1835 135 1
2168 1836 3163 3149 1
2795 3149 1835 2612 1
3149 2795 3580 2612 1
117 2790 108 3104 1
117 3104 2472 2790 1
3614 3605 2176 2412 1
3360 2214 3755 2678 1
360 1517 2208 336 1
2618 1634 2293 1527 1
360 2208 1517 2128 1
314 2128 2332 360 1
1673 2337 3739 3124 1
2280 3295 2062 3155 1
2280 3295 3155 2707 1
1161 2601 3124 1673 1
103 69 2725 3518 1
2706 3264 2869 1745 1
2869 1745 3264 2189 1
2897 2707 3155 2734 1
3092 103 2725 3518 1
1848 1523 2049 1917 1
2288 1848 1917 3647 1
2709 103 3092 3518 1
1662 2683 1764 2763 1
2358 3099 2414 3437 1
2278 2067 1379 3157 1
2278 2920 2067 3157 1
127 2793 3251 3178 1
127 2619 3220 2793 1
127 3220 3251 2793 1
3039 3066 2453 3455 1
3441 3739 2378 3404 1
3441 3739 3404 2163 1
2652 3752 3893 2454 1
2652 3009 3752 2454 1
2652 2454 3761 3009 1
3017 3234 3108 2871 1
3234 2351 3017 2138 1
2871 3234 3108 2689 1
3417 3234 2689 3108 1
3417 3234 3108 2138 1
540 2806 2606 533 1
3754 120 3345 2334 1
559 533 540 2606 1
3345 3754 2334 3775 1
1776 1756 2739 2461 1
2035 1756 1776 2461 1
2880 2334 120 3754 1
3754 2334 2948 2880 1
2970 3000 1945 962 1
2706 3000 2970 3263 1
3754 2334 3775 2948 1
169 186 3677 2712 1
3717 2301 2727 1985 1
2105 1318 3080 1818 1
2105 1514 3080 1318 1
3080 1318 1514 3319 1
602 595 636 526 1
602 526 605 595 1
3717 2576 2301 1985 1
3732 3160 2740 3544 1
2740 3160 3074 1161 1
3104 2790 108 122 1
2766 3160 3544 2601 1
2619 2301 2576 1985 1
3104 122 2472 2790 1
2887 3119 83 3561 1
2472 3560 3104 117 1
2887 57 83 3119 1
2167 1807 1227 3852 1
2696 2303 3753 2620 1
2538 2297 35 3053 1
2696 2303 2620 1444 1
2301 3220 3574 2619 1
1985 2727 3574 2301 1
2297 2538 35 2849 1
3503 2620 3753 239 1
192 1964 189 240 1
1964 192 189 166 1
3574 2619 1985 2301 1
3686 3648 2568 2837 1
2885 2418 3113 2703 1
412 1678 2306 366 1
1502 3422 158 3167 1
390 366 412 2306 1
292 3076 2911 308 1
3581 2885 3113 2703 1
2168 3163 135 3149 1
3422 3726 1502 158 1
1836 2907 3163 2203 1
323 384 292 3076 1
1653 233 2332 3287 1
292 384 2911 3076 1
2833 1448 3163 3587 1
3726 1502 3031 3422 1
2961 2833 3163 3587 1
3031 3422 1502 3167 1
1058 1980 2797 3278 1
2203 2961 2907 3163 1
3061 159 1985 2198 1
159 3717 3061 1985 1
159 3028 3717 1985 1
500 561 557 2021 1
2157 561 2160 1753 1
54 3164 2339 2820 1
1985 2198 159 3028 1
2014 3844 2179 2195 1
934 930 1071 901 1
3240 2480 146 2758 1
3784 2758 3240 146 1
3113 2845 3887 3810 1
3113 3887 2418 3659 1
3843 3844 2014 2148 1
2195 2014 3844 1969 1
3843 3844 2179 2014 1
3624 3795 2553 3141 1
89 3084 2903 3379 1
2306 2436 434 390 1
2306 2436 1857 434 1
3441 1385 1142 3758 1
98 112 2876 1331 1
1385 1693 3441 1142 1
98 1331 2876 3468 1
1385 2766 3739 2163 1
98 1331 3468 3733 1
1385 2163 3441 1693 1
3441 3739 1385 3758 1
3023 60 61 97 1
3023 61 3051 97 1
2123 1499 2109 3563 1
3245 2123 2109 3563 1
61 60 3550 97 1
1996 3087 3246 3211 1
3051 3698 97 61 1
61 3550 3698 97 1
1663 2725 3754 3092 1
3754 3345 120 1663 1
72 2213 2429 101 1
101 2429 100 2392 1
3121 123 168 3639 1
2429 2213 2392 101 1
3444 123 3121 3639 1
1145 1229 3828 3089 1
3117 2603 2504 330 1
3089 1145 973 3828 1
2523 3089 1145 973 1
2523 1229 1145 3089 1
3832 1420 3118 1282 1
3832 1282 3118 2097 1
2096 1307 2097 3118 1
1100 2212 1226 3090 1
1100 2877 3090 1226 1
3609 3444 3121 1454 1
1063 1121 2383 2608 1
1663 3754 3345 3775 1
2383 2608 1121 2807 1
1663 2725 120 3754 1
3092 1663 3775 3754 1
1991 2350 3296 2872 1
2598 2350 1991 2872 1
2188 1991 2987 2658 1
2446 3463 97 1621 1
2598 1991 2987 2188 1
2657 2319 3302 168 1
2712 3426 3167 3610 1
1169 1072 2258 2969 1
1792 849 675 2196 1
695 2196 675 849 1
3302 168 1691 2657 1
675 1792 845 849 1
2196 751 1792 849 1
675 845 733 849 1
695 675 733 849 1
2796 2913 284 2024 1
3361 3730 2973 3725 1
2024 284 3117 2913 1
1169 2969 2258 1797 1
1033 2346 2355 2406 1
2525 2406 2355 2346 1
3730 3658 3151 3599 1
3361 3730 3151 3704 1
3730 3599 3151 3704 1
3361 3730 3725 3151 1
3169 3590 176 2109 1
176 2109 3743 3169 1
2420 1840 284 2796 1
3299 2871 3169 176 1
2871 2772 3169 3743 1
3355 2772 3743 3169 1
484 3096 585 535 1
2317 1895 1332 3077 1
501 585 484 3096 1
3096 535 452 2749 1
3114 2749 3096 452 1
3756 3096 501 3114 1
3299 3590 176 3169 1
3730 3658 3725 3151 1
2627 3283 3872 2895 1
3890 3394 3395 3728 1
3591 3068 1326 3016 1
2290 3591 3577 3210 1
2681 3696 3005 94 1
775 2189 744 872 1
2173 2189 872 3264 1
2928 3005 3778 94 1
41 2667 2592 3171 1
3490 41 2592 3171 1
2954 2667 41 3171 1
264 2799 3661 3110 1
769 1915 2496 892 1
769 2984 2496 1915 1
249 3483 2799 314 1
3778 3696 94 3005 1
2496 2104 1915 2984 1
3068 1326 3016 2234 1
3369 3483 314 3348 1
2969 1198 2258 1797 1
3173 2418 2885 2703 1
2969 3207 2258 1198 1
1849 1175 1503 1253 1
1849 1250 1175 1253 1
3685 3207 2969 1198 1
3344 3668 3121 2408 1
562 3100 1967 517 1
517 1967 3236 3100 1
2022 1550 26 25 1
2873 1550 2076 26 1
3101 553 610 3806 1
3381 3592 3101 553 1
2921 2472 3488 3335 1
2921 3488 111 3335 1
3344 3121 168 2408 1
1609 3102 1917 1284 1
3639 168 3121 2408 1
1609 1600 1848 3102 1
3043 757 935 916 1
916 1021 935 3043 1
2662 757 935 3043 1
2226 935 2662 757 1
1609 1848 1917 3102 1
3839 3049 1609 3102 1
3839 3102 1609 1284 1
3639 3121 1454 2408 1
3668 1454 3121 2408 1
3157 3231 3557 2920 1
3878 1960 1684 3038 1
2795 2150 1835 3149 1
2332 2343 3287 233 1
3287 2343 2332 2128 1
3287 2128 2332 314 1
2795 2150 1965 1835 1
2616 1965 2795 2150 1
2077 2795 2150 2616 1
2732 2795 2150 2077 1
2150 2795 2732 3149 1
3177 2350 2872 2481 1
3177 2481 2999 2350 1
2873 2609 2076 3346 1
3730 2880 3377 3001 1
3625 2880 3730 3001 1
2598 2350 2872 3177 1
2949 104 2591 3178 1
3178 104 2580 2949 1
2591 104 2801 3178 1
2726 3105 3088 353 1
353 3105 361 2726 1
421 3142 517 548 1
518 3142 517 421 1
353 2765 361 3105 1
2724 123 168 3121 1
3178 104 3122 2580 1
3444 123 2724 3121 1
607 2802 1970 3107 1
2562 2150 2616 3191 1
607 1970 2894 3107 1
2338 2346 1317 1616 1
2963 920 2338 761 1
3609 3444 2724 3121 1
2561 452 3424 2012 1
169 3126 2826 3710 1
2561 452 2012 3002 1
169 3126 3354 2826 1
2749 3002 452 2561 1
3657 3078 169 3126 1
3148 2255 2776 3788 1
2356 3082 3788 2255 1
3148 2255 3788 3082 1
3184 2079 3520 2955 1
2287 2955 3184 3520 1
2287 2702 3017 3520 1
2287 3184 1315 3504 1
3520 3299 3017 2871 1
169 3354 3126 3078 1
3205 3184 2702 166 1
3126 169 3657 3710 1
155 2408 3755 1454 1
3849 3417 3676 3108 1
3849 3417 3108 2138 1
2871 3299 3234 2689 1
3184 2768 2955 1315 1
3205 2702 3184 2768 1
3639 3444 1454 3121 1
3782 577 2235 554 1
3782 577 2323 2235 1
3668 1454 3609 3121 1
155 3668 2408 1454 1
2408 1454 3639 3755 1
3441 1385 3739 2163 1
3186 3612 2295 3041 1
3186 80 3612 3532 1
2853 3410 2142 2168 1
2715 697 2596 781 1
697 745 2596 2546 1
2142 3436 1835 2168 1
3410 3436 2142 2168 1
2945 3188 2309 2754 1
3111 3273 1060 897 1
1185 3111 1060 3572 1
1213 3112 1154 944 1
3018 1154 3112 944 1
3018 3112 2121 944 1
2568 74 3188 3292 1
2945 2624 3188 2754 1
3887 1152 1192 2990 1
3114 1760 3756 2749 1
2202 542 1292 456 1
3114 2981 2561 3464 1
1855 3114 3464 2981 1
3114 3096 501 484 1
3114 3756 3096 2749 1
115 129 2205 2263 1
2837 3648 3367 3145 1
3461 129 2263 2205 1
115 129 2876 2205 1
160 1594 3749 3626 1
160 1594 2290 3749 1
2837 3367 2838 3145 1
3461 2876 129 2205 1
1133 1232 1254 1177 1
1133 1125 1232 1177 1
1768 1072 1008 3201 1
1768 1008 3531 3201 1
69 2725 3518 1723 1
3190 3252 2016 2996 1
3190 3252 2967 2016 1
3295 3252 2967 3190 1
2688 1543 371 1669 1
3386 3252 3190 2957 1
2957 3252 3190 2996 1
568 3771 1642 2081 1
3295 3252 3190 3386 1
3201 1072 1169 2969 1
843 756 3276 842 1
3823 3449 3138 3494 1
1150 932 2437 3257 1
3372 1988 3138 3449 1
3372 3449 3138 186 1
3284 2995 3257 2437 1
3823 186 3138 3449 1
1988 3494 3138 3449 1
3132 344 1847 1681 1
1166 1116 1568 1979 1
1979 3270 1166 3071 1
2785 3662 1167 2210 1
151 3191 2647 179 1
179 3620 151 3191 1
1300 2731 129 2971 1
2728 843 842 928 1
2671 2207 2408 3195 1
2909 126 3141 3311 1
3311 3141 2591 126 1
1393 3357 2810 161 1
3276 886 2728 842 1
59 3192 2935 3742 1
3796 3357 161 2810 1
3404 3739 3124 2163 1
2758 3796 161 2810 1
3823 1541 2712 174 1
95 3186 1721 84 1
1721 1928 3186 95 1
3823 2712 186 174 1
3186 1928 2364 95 1
2364 3186 3791 3534 1
3823 3138 186 2712 1
3823 1541 3138 2712 1
3125 2841 1213 1265 1
95 3186 84 3606 1
2903 3423 3012 2624 1
1303 3127 797 732 1
797 2865 774 3127 1
3127 774 797 732 1
3127 1303 797 1666 1
3366 3513 3821 1393 1
2733 3127 797 1666 1
2865 3127 797 2733 1
75 3193 3458 3562 1
1161 2891 3327 2740 1
2891 1262 3327 2740 1
658 3771 650 2886 1
2207 3522 3195 3038 1
3846 3687 2908 2979 1
2671 2207 3195 3289 1
3038 2207 3289 3195 1
574 582 651 3130 1
574 651 3011 3130 1
2056 1288 704 2015 1
1895 2093 3131 299 1
2052 1895 3131 299 1
2052 3131 3073 299 1
1847 2093 299 273 1
2216 3131 299 3073 1
369 300 3132 311 1
311 3214 317 3132 1
3065 1829 1721 2686 1
1979 1975 3071 2785 1
2856 74 3623 3197 1
2638 3525 2530 2899 1
2530 2638 3385 3517 1
1488 2022 1520 1550 1
1488 1986 2022 2873 1
2631 3143 177 3722 1
867 806 3135 866 1
2063 2502 3135 835 1
867 3135 806 2302 1
2302 2063 3135 3365 1
3248 2754 3227 3206 1
3136 143 3146 3509 1
3136 2754 2363 3466 1
3137 245 256 2178 1
3137 2504 245 2178 1
256 1648 245 3137 1
3137 2504 2178 2603 1
3137 245 2504 2253 1
3137 245 2253 1648 1
3137 2253 2978 1648 1
192 245 2178 256 1
192 212 245 256 1
3011 3845 724 3499 1
3011 3499 2767 758 1
3061 2631 2542 3093 1
3882 3045 2859 3514 1
3259 2086 2302 2107 1
1757 3140 1003 808 1
1757 3140 3365 1003 1
3140 1003 2302 3365 1
1904 808 1003 3140 1
593 574 3128 3255 1
3255 593 1637 3588 1
593 3128 3588 3255 1
1800 3034 3818 178 1
2951 3811 3144 2411 1
2166 3144 1535 1541 1
1541 3144 2938 3811 1
3811 1841 2951 3144 1
2166 2422 2551 3426 1
2117 2602 2215 2194 1
2194 2215 1574 2602 1
707 648 716 591 1
3034 178 1800 3533 1
707 716 648 764 1
2473 881 1089 947 1
707 716 643 591 1
1089 1080 881 1038 1
178 3034 3818 181 1
3136 3199 3146 3378 1
1711 1647 2524 2371 1
2352 3199 3427 3016 1
3378 3199 3427 2352 1
707 850 716 764 1
3620 3481 179 3626 1
3186 3532 1721 84 1
2861 1721 3532 84 1
3186 3532 84 3606 1
1915 2104 2660 2406 1
3201 1072 1168 1768 1
166 3148 2702 2905 1
142 3148 166 2905 1
3783 1072 3201 3542 1
2702 2905 3148 3851 1
1072 3203 1567 1102 1
1567 3203 1811 1102 1
3203 3237 1102 3542 1
1063 3000 1373 2608 1
3203 1102 1072 3542 1
3177 2987 2598 2350 1
2982 3471 3814 3204 1
3129 2574 140 3204 1
2982 3204 3814 3512 1
1016 971 1113 1256 1
3129 2932 2574 3204 1
3540 3204 3523 2908 1
3416 2379 3687 3523 1
3151 2896 2622 3361 1
3657 3512 3078 3371 1
79 2691 2701 2112 1
3502 79 2691 2701 1
1312 1328 1992 3153 1
2701 58 2112 3550 1
3564 3336 3205 2768 1
1536 2516 2735 1240 1
3564 3336 3185 3205 1
1176 2735 1536 1645 1
1315 3184 3205 3504 1
1315 3205 3184 2768 1
1315 3205 3185 3504 1
1726 2973 3512 1786 1
3835 2626 27 3154 1
3403 3154 2057 2626 1
2142 2146 3206 3809 1
2300 3206 2142 133 1
2258 1072 2223 3207 1
2292 2099 1850 2594 1
2223 3207 1072 2579 1
3542 2579 1072 3207 1
3020 131 3458 3208 1
1605 210 3156 2386 1
1546 2513 210 3156 1
2386 3156 1546 210 1
3156 3368 3848 2513 1
3156 1605 3848 3368 1
1878 1327 3210 1954 1
1123 1222 2739 3158 1
1954 1327 3210 2234 1
1880 928 886 2565 1
886 2565 928 3273 1
242 2343 205 2128 1
3430 2181 3344 2693 1
3129 3471 2982 3204 1
3493 3204 2982 3512 1
3250 3353 3641 2296 1
3213 3353 3288 3751 1
3250 3213 2296 3804 1
1383 3804 3751 3250 1
1926 2867 1047 3159 1
3159 2248 2867 1047 1
3159 2956 1735 1047 1
3159 1926 2956 1047 1
2027 2179 400 491 1
453 400 2179 491 1
3843 2179 400 2027 1
3618 2824 3032 66 1
3463 107 97 1621 1
107 3463 1518 1621 1
2719 2042 2544 1793 1
107 3463 1712 1518 1
1818 2629 1318 1417 1
1818 2629 1417 1314 1
1818 1318 3080 1417 1
3463 3511 107 1712 1
3161 3123 2660 2883 1
107 97 3511 3463 1
3161 1202 3123 2883 1
3347 86 2701 51 1
51 2701 3347 3628 1
3301 3081 3742 3192 1
3179 3081 3742 2941 1
1833 296 2515 1876 1
282 1624 2242 1833 1
2282 2242 2386 1624 1
2318 3316 3374 2159 1
3132 1681 300 369 1
3793 3116 2704 2831 1
3010 3793 3116 2704 1
300 3132 1847 1681 1
39 2284 57 3232 1
39 3232 57 3633 1
2967 3059 2297 2847 1
3217 2681 3461 1702 1
3443 3649 3056 3696 1
3443 3649 3696 2681 1
3540 3204 3493 3512 1
3523 2932 2908 3204 1
2481 3866 3569 2350 1
3854 1256 3709 1280 1
2872 2350 3296 3866 1
2481 3569 2999 2350 1
2350 2041 3296 3866 1
3479 54 55 3218 1
3218 55 91 54 1
1324 91 3613 3519 1
3479 2850 3218 55 1
1534 2240 2802 2664 1
3613 2850 3267 3519 1
2664 2099 2802 1534 1
3554 125 113 2804 1
3107 622 2476 2423 1
3554 3534 125 3387 1
3168 1600 1848 2862 1
2851 3168 2862 1360 1
3720 3748 3653 3251 1
3220 3795 2301 3574 1
3795 3220 3653 3251 1
3084 2691 89 3665 1
3170 3839 2626 2901 1
3170 2626 3154 2901 1
2264 1961 437 461 1
461 454 2264 1961 1
1961 2916 437 461 1
461 2271 1961 2916 1
215 193 279 263 1
215 233 263 279 1
1615 3050 3469 2977 1
3050 3621 3469 2977 1
1054 3172 2651 1136 1
2651 1136 3172 2762 1
2498 2830 3753 3428 1
2868 3838 2993 1372 1
2993 1372 3838 3258 1
2256 2485 2331 2522 1
3174 3494 2362 3414 1
3224 2305 2385 2331 1
3227 3378 3136 3208 1
2754 3227 3136 3208 1
3227 2754 3466 3206 1
1533 2053 2155 1930 1
3301 3010 3812 3793 1
3175 2929 3798 1218 1
3798 1218 2939 3175 1
3301 3812 98 3793 1
1304 3793 3116 3301 1
3301 3793 3116 3010 1
1304 3301 3595 3793 1
3800 3694 163 2821 1
3885 1007 2030 940 1
3800 3038 3694 2821 1
733 907 873 849 1
157 3230 167 2119 1
3321 3299 3234 2907 1
3717 2666 2930 2301 1
873 686 695 809 1
1916 77 3179 2941 1
3238 3440 2994 2570 1
1702 3238 129 3461 1
2916 442 437 3180 1
92 2591 1812 1677 1
2617 838 3013 2473 1
2591 2801 1812 1677 1
2475 891 2473 1062 1
1710 2637 3642 3340 1
2473 838 3013 827 1
3642 2165 3340 2637 1
3642 3340 2165 3350 1
670 3381 553 606 1
3642 1444 3340 3350 1
3642 1710 3340 1444 1
670 606 680 3381 1
3241 3242 3776 144 1
2621 145 3241 144 1
3106 2165 145 3241 1
2514 2818 1633 801 1
2058 3183 181 178 1
3427 3242 2816 2352 1
2674 3427 2352 3242 1
3241 3242 3106 3776 1
145 3242 144 2816 1
145 3242 2674 3106 1
3776 3242 3106 2674 1
3399 3225 2840 3634 1
2898 2840 2874 1553 1
2840 3573 2874 3515 1
142 166 3185 2905 1
3589 328 1784 321 1
3546 328 1784 3589 1
1784 328 3475 321 1
2182 3739 2378 3758 1
2073 2685 1092 1656 1
3315 1219 1110 2685 1
1092 2073 1219 2685 1
3162 3812 3010 3793 1
2922 3733 3812 3793 1
2922 3793 3812 3162 1
360 445 385 378 1
3456 1855 2981 445 1
3456 445 2981 1814 1
3443 3696 3217 2681 1
2142 3410 2853 3189 1
3443 3649 3081 3056 1
3189 2941 2142 3410 1
2123 3245 2955 2870 1
2371 3182 1701 1571 1
3169 3245 3309 3520 1
1361 2371 3182 1701 1
920 2683 1877 2337 1
3113 1877 2683 3813 1
230 258 2830 259 1
230 2830 239 259 1
2199 743 672 737 1
1877 3813 3113 2885 1
3896 52 3497 53 1
3141 3795 3251 126 1
3795 3220 3251 126 1
2553 3795 3251 3141 1
2793 2619 3220 3720 1
230 3699 1713 1872 1
2176 3506 260 1517 1
1517 3506 2208 2176 1
3073 1951 3543 3194 1
3743 3355 250 247 1
3524 3194 345 3898 1
3524 3073 3543 3194 1
75 50 2856 2968 1
2105 2526 1399 3080 1
2526 2705 3080 3319 1
3611 2968 2856 50 1
3412 2650 2426 3196 1
3301 2941 3056 2318 1
2318 2941 3056 3410 1
3254 130 1694 1944 1
3153 1944 3254 2511 1
3153 2511 3432 3212 1
3153 3254 3432 2511 1
670 548 583 601 1
670 606 553 548 1
670 601 606 548 1
1534 2240 2003 1743 1
1534 2240 1743 2423 1
1534 2345 2423 1743 1
3260 3623 2856 74 1
3188 3260 74 3575 1
2426 2455 329 2879 1
3188 74 3260 3292 1
3292 74 3260 2856 1
3260 3623 74 3575 1
3161 1202 991 1883 1
2406 1033 3161 991 1
3591 3210 3068 3016 1
2289 2594 1865 2699 1
1216 3682 2248 3048 1
932 971 887 3198 1
801 807 2717 3198 1
3312 170 3396 156 1
3312 3741 3383 3165 1
3312 156 2753 2991 1
3312 2676 2917 2991 1
1537 3165 3741 3312 1
195 3298 3559 3821 1
3366 3821 3559 1393 1
2472 117 3488 3560 1
3335 3560 3398 2895 1
2593 3665 91 2391 1
91 3665 3761 2573 1
2593 3761 91 3665 1
3208 131 3458 2039 1
3053 3025 1587 36 1
3208 2039 3458 3378 1
1303 706 1666 3275 1
2556 3378 3208 3458 1
3055 135 2127 3587 1
1303 706 3275 2582 1
2886 2582 3275 706 1
2886 3275 1666 706 1
3587 3055 3549 2127 1
246 225 3073 3200 1
3549 2127 106 122 1
126 3251 3178 127 1
3723 3202 3815 178 1
3220 3251 126 127 1
2684 3202 194 226 1
3095 3248 77 81 1
2167 1263 1179 3646 1
3171 2858 2855 45 1
1048 872 2141 3021 1
2667 2858 3171 2954 1
3266 3241 3776 144 1
2621 3241 3266 144 1
3266 2621 144 165 1
238 2926 3150 241 1
3776 2783 3266 144 1
2377 104 3267 2850 1
3267 104 1913 2850 1
2580 104 3267 2377 1
3676 3744 1707 2888 1
3849 3676 3744 1707 1
3122 104 3267 2580 1
3267 104 3122 1913 1
2215 2400 480 2719 1
2215 480 485 2117 1
2719 1793 480 2215 1
3269 2127 106 3549 1
1129 1238 3209 1118 1
1118 3209 1228 1238 1
1537 3364 3741 3521 1
1434 3324 1445 189 1
1836 3321 2907 2203 1
2203 3590 3299 2907 1
2203 3321 3690 3580 1
3321 3299 2907 2203 1
1166 1276 1943 3270 1
1166 3270 2421 1330 1
1276 3270 1979 1975 1
1975 3270 1979 3071 1
1330 3071 1166 3270 1
1166 3270 1943 2421 1
914 942 898 2745 1
1119 2745 1335 942 1
2300 2309 2837 2795 1
2837 2795 2309 2612 1
3095 80 2295 82 1
3095 80 3612 2295 1
82 3095 80 77 1
3817 75 3562 2968 1
3726 178 2058 181 1
3389 1171 2882 1105 1
2882 3883 3389 1105 1
1900 3215 3052 2954 1
3215 3004 2811 2164 1
41 3742 3004 3215 1
2730 679 3216 616 1
1790 2123 1739 2315 1
2647 179 3417 190 1
3191 179 2888 3417 1
3191 179 3417 2647 1
3417 179 3676 190 1
3676 179 3417 2888 1
2995 3284 1098 2302 1
2700 2164 2277 3215 1
1561 2062 2164 2755 1
2755 2164 2700 2062 1
3768 2480 3240 2758 1
3784 2758 3768 3240 1
3298 3312 3280 2753 1
1831 136 3421 3219 1
2753 3396 3280 2425 1
3884 70 113 3219 1
3884 3219 3421 136 1
2676 2028 2636 3594 1
3146 2490 145 2558 1
2625 963 3221 1908 1
2625 963 1018 3221 1
3877 1908 3221 963 1
3877 3221 1018 963 1
3026 1222 3158 2739 1
2621 2490 172 2558 1
2570 2834 3410 2994 1
979 2508 1977 981 1
3222 3143 215 3087 1
3222 2663 244 3279 1
3410 2834 2570 3217 1
3222 215 1853 233 1
244 3222 3279 1443 1
3217 3056 3410 2834 1
3335 3488 3398 3560 1
2245 3223 3390 1162 1
2123 1315 3872 3283 1
3223 1162 2522 1135 1
2123 3872 2933 3283 1
157 149 1315 3283 1
2384 2299 274 286 1
1335 1306 1119 942 1
1306 886 942 1335 1
2555 2309 3436 1835 1
3077 190 235 2147 1
2446 60 97 2828 1
2701 79 2112 58 1
79 2112 58 2828 1
1570 3289 1295 1684 1
1295 3195 2222 3289 1
2222 1295 3289 1684 1
3289 1570 1295 2671 1
2761 932 2437 1150 1
3340 1607 2696 165 1
1444 3579 1607 3350 1
1442 2783 3350 3579 1
3579 2783 3350 3093 1
3453 2537 2339 2454 1
3453 92 3752 3893 1
2294 2031 1944 2991 1
1944 2636 2244 2991 1
3292 74 3212 2568 1
3012 3423 3193 2624 1
3292 86 3212 74 1
3292 86 2856 89 1
3420 3297 2571 2039 1
144 3297 3242 3776 1
3242 3297 144 2816 1
2883 3797 3044 1107 1
144 3297 2039 2816 1
3232 3405 3004 47 1
3179 47 3405 3232 1
3179 77 47 3232 1
3298 2753 185 3547 1
1343 3233 2851 1360 1
2851 3233 3168 1360 1
3233 3049 3168 3801 1
1955 3298 185 3547 1
3298 1955 185 3313 1
3298 185 3280 3821 1
3298 3313 185 3821 1
3707 141 3668 155 1
115 3005 2925 2154 1
115 2263 3005 1923 1
115 3005 2154 1923 1
2928 115 3005 2925 1
3236 1700 2162 2444 1
2444 3236 1700 3473 1
3654 1992 3665 3526 1
3100 3236 2444 3473 1
3654 3084 3665 1992 1
130 3526 1992 3382 1
3254 3382 1992 3084 1
3382 1992 3654 3526 1
3542 3237 2579 3576 1
3239 206 225 246 1
225 1738 2656 3239 1
2664 2099 2292 2802 1
2099 1850 2664 2292 1
398 2809 1793 405 1
1793 455 2042 405 1
1793 455 405 2809 1
3809 3612 3780 3248 1
2803 2045 1048 1108 1
2045 1203 1048 1108 1
1106 3261 1156 2045 1
3649 3192 3301 3595 1
3649 3766 3595 3301 1
665 2890 1816 657 1
3303 2290 3577 3210 1
3303 3780 3577 2290 1
3304 173 3521 174 1
652 598 570 1375 1
174 2166 3521 3304 1
2890 652 1816 2089 1
652 2089 2507 1375 1
97 3463 2828 3680 1
3664 3397 2125 3305 1
2890 2507 652 2089 1
1311 3244 1317 1084 1
3279 3246 1443 3087 1
1816 2089 657 2890 1
3306 2342 2153 2771 1
2690 2659 714 2507 1
3248 3562 77 81 1
1675 2965 3308 1996 1
3308 2666 2965 1675 1
3169 2109 3355 3309 1
3355 2772 3169 3309 1
2109 3245 2330 3309 1
2778 3047 3711 3249 1
3309 2109 3355 2330 1
1422 3409 3711 3249 1
2772 2944 3309 2330 1
884 762 2610 2983 1
902 1011 861 989 1
742 762 2610 884 1
3355 2772 3309 2330 1
2568 3188 2309 2945 1
2568 2624 3188 2945 1
2384 1601 2299 286 1
3381 3592 1617 3101 1
3402 3101 1617 1637 1
3101 1637 610 1617 1
3381 1617 3402 3101 1
3474 2072 2065 3347 1
2701 2072 3347 3550 1
1338 3603 1192 3888 1
2072 2065 3347 3550 1
563 704 2900 2056 1
2566 121 118 3897 1
563 1288 2056 1777 1
1690 1777 496 2200 1
563 1690 1777 496 1
563 1777 628 496 1
3552 3211 3038 1998 1
589 508 503 3650 1
1113 1016 887 971 1
1113 887 1016 973 1
2523 1158 3089 973 1
3552 3878 3038 1960 1
3828 3089 2760 1158 1
1939 3265 2307 1936 1
2567 3363 3817 2968 1
3072 3341 3435 3370 1
3139 50 2567 1302 1
3494 3310 2362 3414 1
107 96 3253 1978 1
181 3310 3183 3031 1
1722 3494 3310 2362 1
3446 909 938 2470 1
1070 2470 2946 3446 1
1656 909 938 3446 1
1656 2946 3446 1070 1
3128 574 651 3011 1
2909 3141 2949 3311 1
574 3128 3255 3011 1
3256 387 409 3262 1
3311 2949 2591 3141 1
409 2416 3256 2864 1
409 2864 3256 368 1
823 990 992 976 1
2909 126 3311 2918 1
992 990 1183 976 1
3311 2591 118 126 1
3257 965 1164 3660 1
1098 3491 2735 3284 1
965 3257 1164 1176 1
2735 965 1176 3257 1
2995 965 3257 3660 1
1098 3491 3284 2995 1
1762 1354 1371 2452 1
3312 170 3280 3396 1
3312 3364 3741 1537 1
3259 1187 1090 1150 1
3313 1665 1796 195 1
3313 195 1796 3821 1
195 3313 3298 3821 1
2685 2395 1656 2630 1
2415 2191 2344 3256 1
2156 2191 2344 2415 1
1583 1354 1762 2452 1
2493 3258 1762 1354 1
194 167 212 3008 1
212 257 3008 265 1
212 265 3008 210 1
3543 2976 345 3194 1
3543 345 2976 2247 1
2247 3407 345 2976 1
1096 2193 949 928 1
345 390 3194 2976 1
3274 2193 928 949 1
2600 3273 1060 3111 1
3274 882 3273 3111 1
1096 928 2600 2193 1
3300 390 345 2976 1
2045 1048 3261 2803 1
872 918 2805 3261 1
872 2805 2934 3261 1
1106 3261 3608 2934 1
409 3262 355 368 1
3262 355 368 2440 1
3066 1388 2324 2219 1
3066 2324 2989 2219 1
3701 3186 3716 3534 1
3066 1388 2219 1457 1
3384 206 225 3239 1
225 3239 2656 3384 1
3186 3612 80 2295 1
3314 2379 1763 1580 1
3147 1763 2422 1580 1
329 1301 333 2832 1
3196 2832 333 2370 1
2832 2370 3196 1438 1
1988 3494 1502 3138 1
2608 3268 2706 3608 1
2934 872 3608 3264 1
872 2934 2599 3264 1
1939 1341 2307 3265 1
3314 2379 2004 1763 1
3314 1580 1763 3147 1
2004 3371 3523 3314 1
3314 3688 1580 3147 1
2697 1757 3365 1795 1
3314 3371 3523 3540 1
2648 3365 2697 1757 1
2839 2413 1623 3705 1
3705 123 1623 1631 1
2709 3317 1772 2407 1
2709 3317 2407 2979 1
3846 2979 3317 3679 1
3579 1442 3061 3143 1
933 2090 2651 940 1
933 2651 1054 940 1
1630 140 2511 3129 1
3272 1097 1208 1044 1
1003 2063 1044 3272 1
2502 3272 1116 3400 1
1044 3272 1097 1003 1
2063 3400 1044 3272 1
2381 1382 2076 26 1
1134 1154 1159 3018 1
1134 1154 3018 994 1
3247 1134 1154 1249 1
1154 3247 994 1134 1
1154 1134 1159 1249 1
3273 842 882 928 1
2600 928 2565 3273 1
2600 1207 2193 3274 1
2600 928 3273 3274 1
1873 607 3107 2544 1
2894 1873 607 3107 1
3763 3098 2441 1907 1
1448 3587 2833 3104 1
1448 3104 2127 3587 1
3549 3587 2127 122 1
3111 1207 2600 3274 1
882 3274 928 949 1
2150 3321 1836 3149 1
3321 3690 2752 2647 1
253 3699 1846 1444 1
3425 1444 1846 3699 1
3129 1882 3493 2982 1
3129 3204 2982 3493 1
3432 3379 3212 3292 1
3520 2772 3323 2944 1
2944 2772 3323 2118 1
3108 2147 3323 3017 1
3017 2147 3323 3520 1
3323 2147 3582 2118 1
3323 3108 3582 2147 1
1577 285 219 228 1
1577 184 228 219 1
1330 3277 2756 1275 1
2535 3278 1058 840 1
3007 2983 840 3278 1
3316 3290 100 2429 1
867 3135 2995 866 1
867 2995 3135 2302 1
2437 2302 2995 867 1
2995 3660 867 866 1
3307 3746 2901 3233 1
3081 3459 78 1829 1
3081 3443 3459 1829 1
2609 1343 3307 2851 1
3459 3081 2941 3443 1
2901 3049 3233 3746 1
3369 249 3279 3287 1
3279 3222 3087 1443 1
3438 3665 3153 2445 1
2445 1328 3153 79 1
3153 79 2112 2691 1
52 2246 3453 3896 1
79 3153 2112 3463 1
3776 136 3406 3891 1
2780 28 3281 3359 1
79 3153 3463 1328 1
3153 3438 2691 3665 1
2359 40 3729 3602 1
88 52 49 87 1
40 3602 2584 2695 1
2359 3602 2953 40 1
40 3602 2953 2584 1
3554 44 46 2365 1
2313 175 3891 3421 1
3282 2485 2563 3536 1
2743 2256 3282 2331 1
2743 3282 1953 2331 1
1782 3282 2563 3536 1
2331 2485 2256 3282 1
92 3452 2377 2949 1
3136 3199 3378 3227 1
3284 1098 2302 3259 1
1210 3284 1240 1187 1
1098 1187 3259 3284 1
3284 1210 1240 2735 1
3893 3452 2377 92 1
1444 3699 3425 3892 1
91 2573 3761 54 1
3695 1934 1897 31 1
1934 3697 2658 31 1
91 56 2573 54 1
2295 81 3334 2815 1
3534 2794 2295 3334 1
3534 2295 3716 3334 1
2620 261 259 239 1
3878 252 3287 3552 1
3334 3663 81 82 1
3716 3663 3701 3334 1
3455 2881 3508 2453 1
3232 3532 3459 3095 1
3459 3532 3612 3095 1
3095 77 3232 80 1
2881 1412 2453 3039 1
2881 3039 2453 3455 1
2995 3491 866 3135 1
1772 2153 2854 3338 1
1772 1882 2153 3338 1
1327 3068 3210 2234 1
1158 985 967 3293 1
1158 1196 3293 967 1
2116 967 985 3293 1
3268 1094 2382 3294 1
3527 1706 102 1715 1
3527 71 102 1706 1
2667 2700 2062 3295 1
2667 3621 3295 2707 1
2165 3340 3241 3350 1
3340 3241 3350 3266 1
1797 1654 1074 2258 1
2258 1198 1074 1797 1
3350 1607 1444 3340 1
3350 3340 3266 1607 1
3600 3342 2854 2517 1
3714 3688 2232 3022 1
2826 3741 3521 1537 1
693 2986 745 697 1
2559 1566 2494 2103 1
2103 2559 1679 2494 1
745 828 871 780 1
693 2606 745 2986 1
1679 2559 2103 2261 1
3784 3768 2758 3796 1
2103 2261 2559 3728 1
2559 2878 1566 2103 1
3521 3741 2826 3343 1
1861 3804 2296 3213 1
3196 2426 1885 2650 1
1885 2426 2241 2023 1
3196 1885 2415 2264 1
2264 1885 2415 1961 1
1720 3213 2999 3353 1
2535 1953 840 1782 1
3545 2502 3400 840 1
1788 99 3698 2770 1
1782 3545 3400 840 1
1861 3719 1285 2587 1
3869 1861 3708 3115 1
3869 3708 3867 3115 1
390 366 3300 412 1
3300 2976 3475 366 1
3300 390 2976 366 1
2040 2775 2401 3774 1
3051 99 2770 3698 1
3379 86 3212 3292 1
3379 86 3292 89 1
3273 928 886 842 1
634 3650 2020 560 1
622 560 3650 634 1
3345 1731 2152 2334 1
3345 1731 120 1663 1
3345 2152 1731 1663 1
1663 3345 3687 3775 1
3687 3345 2334 3775 1
541 481 2120 463 1
481 1288 482 439 1
437 440 461 3180 1
481 1288 609 482 1
481 609 1288 630 1
3180 437 2916 461 1
3364 3298 3559 1535 1
3298 195 3559 1535 1
481 463 1288 2321 1
3649 3766 3301 3056 1
89 51 3510 3502 1
481 463 617 1288 1
3292 2856 2624 3012 1
2255 2356 3440 2853 1
920 814 3057 2218 1
2963 920 3057 2218 1
2472 122 3876 2921 1
1891 23 2474 2524 1
3283 149 3564 2895 1
3283 2627 149 2895 1
2112 3379 86 3212 1
3379 2112 86 2691 1
117 2790 3488 2545 1
2851 3233 3307 3346 1
117 3488 116 2545 1
2286 2609 3307 3346 1
1261 3320 1618 1178 1
2851 1343 3307 3233 1
1261 1608 3320 1178 1
3320 1618 1864 1261 1
1837 2345 2423 1534 1
149 2448 167 2512 1
2448 2119 167 2512 1
2448 2119 2512 2627 1
2627 149 2512 2448 1
375 2024 348 2913 1
375 2913 2796 2024 1
375 2913 348 362 1
348 2024 3117 2913 1
2796 2913 375 362 1
181 3818 3030 3704 1
181 3030 3818 3815 1
1780 1263 2823 1557 1
3516 2708 1179 1216 1
165 2490 2621 144 1
2526 2705 1399 3080 1
165 2490 144 143 1
3211 1998 3552 233 1
3211 3552 3825 233 1
1541 3823 3138 3494 1
2320 3138 1541 3167 1
1161 3467 1065 2763 1
3819 1065 2601 1161 1
3819 1161 3467 1065 1
3353 1720 1650 2500 1
3353 1650 1806 2500 1
400 2959 3844 361 1
400 3844 2959 2179 1
1926 2867 2643 1047 1
2998 1009 1040 1143 1
2956 1009 1143 1052 1
1732 345 393 390 1
2998 2956 1735 3159 1
2395 2685 1092 3315 1
169 3796 3677 3357 1
1092 1219 3315 2685 1
3187 3357 1393 173 1
3357 2645 3489 1393 1
3796 169 173 3357 1
3834 3375 879 2692 1
2252 38 47 3663 1
2456 3663 2252 47 1
2388 38 1561 2252 1
124 110 1518 3318 1
3438 3665 3358 3502 1
3358 2573 3794 3502 1
2445 3438 3665 3358 1
1514 3319 2526 3080 1
1318 2628 3319 3790 1
3319 2705 3080 1417 1
3319 2628 2736 3790 1
2736 2906 3319 3790 1
3704 3563 3361 1499 1
2172 1499 3361 2109 1
2109 1499 3361 3563 1
3603 1384 1171 1389 1
3361 2172 2973 1499 1
2999 3362 3058 3569 1
3362 3286 3058 3569 1
3874 717 655 2813 1
3320 950 1013 1037 1
1171 3603 3062 1384 1
3123 2885 2703 3062 1
3062 1384 3123 1171 1
3874 738 717 1455 1
3173 2703 2885 3062 1
3173 3603 3062 1171 1
3417 2853 2888 3191 1
273 3816 2093 2729 1
2216 2093 3131 2669 1
2356 3417 1836 2853 1
1446 2670 860 940 1
2567 3363 3164 3817 1
3363 2573 3072 3164 1
3363 2573 3510 3072 1
3510 3502 3072 2573 1
3538 2511 3129 3212 1
3471 3129 140 3204 1
3322 2362 2348 3414 1
2362 3174 3414 3322 1
3471 2511 3129 3538 1
3638 3538 1882 3129 1
3212 3538 3638 3129 1
1851 3561 3691 2588 1
3719 3409 2251 3249 1
3870 3719 2778 3409 1
1422 3373 1863 2251 1
1422 3409 3249 2251 1
1434 3324 1300 3553 1
3324 2001 3553 1434 1
3849 1707 3744 2001 1
2001 3744 3849 3324 1
3364 1562 3547 1535 1
1574 2215 3325 485 1
1535 3364 1562 2166 1
1850 1574 3325 485 1
2664 3325 1850 1574 1
2082 2664 1574 2809 1
1574 2809 3325 2215 1
2166 3364 1562 2817 1
8 3326 2414 7 1
3157 2188 30 3786 1
2788 8 3326 2414 1
2188 30 2920 3157 1
2891 1262 2740 3732 1
3732 3819 2891 1262 1
1262 3467 2891 3327 1
3304 3094 195 3366 1
195 3006 3821 3366 1
3657 3610 3540 3426 1
2658 1934 31 3328 1
2350 1991 2041 3328 1
3610 3540 2904 2980 1
3657 2712 3151 3658 1
757 1867 700 1949 1
146 3367 2480 3145 1
2768 2833 3851 2961 1
3851 3336 2768 2905 1
3851 2768 2961 2079 1
2299 2415 2832 3196 1
2191 2415 2416 3256 1
2377 91 3613 2087 1
3331 970 2984 954 1
970 2990 954 3331 1
1033 3581 2346 2406 1
89 2573 3510 3363 1
89 3502 3510 2573 1
2703 3123 2406 3581 1
2573 89 3502 3665 1
3387 3534 3791 3627 1
3554 3387 3627 3534 1
1302 1974 3370 3139 1
137 123 1328 3360 1
123 3360 1990 1328 1
2098 3155 3370 1974 1
1302 2333 2567 3370 1
2782 1302 3370 2333 1
515 584 597 608 1
2098 3155 2782 3370 1
515 597 584 521 1
2567 3370 3139 1302 1
954 2660 2104 2010 1
3081 3649 59 3192 1
515 584 429 521 1
487 584 515 572 1
2010 2218 2104 954 1
3192 3081 3742 59 1
3027 213 207 248 1
2842 2028 140 1694 1
180 175 3892 206 1
3705 123 1631 2724 1
3027 288 3899 248 1
2385 1049 3333 1148 1
3705 2724 3444 123 1
2721 3705 3444 2413 1
3327 3074 3640 1161 1
1338 3074 3640 3327 1
3051 96 2632 3253 1
107 124 96 1978 1
2632 61 3527 3051 1
1580 1522 134 2131 1
1422 3373 2251 2316 1
3876 3598 111 3600 1
3876 111 3598 2512 1
3876 2472 2921 3335 1
2895 3564 3336 3398 1
3336 2549 3851 2833 1
3625 138 2119 1499 1
3625 2260 2119 138 1
1202 3062 1384 3123 1
2118 3355 3337 1546 1
3337 278 1546 3355 1
300 247 3337 2118 1
3010 3162 3793 2704 1
3623 3376 74 2589 1
2170 3474 3376 2824 1
51 3376 74 3197 1
3039 1412 2453 3066 1
3066 1457 1412 2453 1
3347 3474 74 3376 1
3197 3376 74 3623 1
3339 1510 1742 1696 1
3339 1742 1593 1696 1
51 3347 74 3376 1
3377 2880 2980 3001 1
2148 296 2242 3152 1
2148 2088 2014 2242 1
2088 1833 2014 2242 1
2948 2931 3775 3754 1
2282 2242 296 3152 1
2333 1561 2137 3059 1
2062 2333 3059 1561 1
3370 3341 2291 3072 1
2816 2039 3378 2352 1
3146 2816 3378 3427 1
3378 3199 3146 3427 1
3227 3248 3378 2556 1
3378 2039 3458 2352 1
2556 2352 3378 3458 1
3378 3199 3248 3227 1
3379 86 89 2691 1
3654 131 3020 3382 1
130 3382 3020 131 1
1422 2316 2251 3249 1
130 3526 3382 131 1
131 3382 3654 3526 1
3458 3654 131 3020 1
3055 2451 1786 2457 1
3306 2612 2837 2555 1
2837 2309 2555 2612 1
409 3262 423 355 1
3256 3262 409 368 1
3694 2181 3344 3430 1
3707 3067 3430 3344 1
3383 161 170 156 1
2316 3719 1583 2493 1
161 156 3383 2842 1
2842 2917 3383 3165 1
3312 3383 2917 3165 1
3383 156 170 3312 1
3403 3346 2288 2403 1
3614 1718 1796 267 1
3614 2176 1718 267 1
267 3614 2176 2412 1
3346 3233 3307 2288 1
3403 3346 3307 2288 1
220 2018 3246 249 1
249 1898 3246 220 1
3813 2683 2750 3567 1
1673 2337 2750 2683 1
2837 2945 2309 2300 1
2989 2219 2277 2326 1
2734 3386 2957 2889 1
2734 3386 3548 2957 1
2989 2219 1606 2277 1
3529 2837 2795 2300 1
2734 2655 3386 2889 1
2643 1366 2008 1492 1
2051 1492 2643 2008 1
3895 2804 3387 2364 1
2364 2804 3387 3703 1
3554 3387 125 2804 1
2555 2127 3436 3032 1
2837 2838 2612 3306 1
2365 3387 3703 3627 1
3554 2365 3627 3387 1
3895 125 3387 2804 1
2646 3328 1804 1897 1
1171 2885 1105 3389 1
51 74 3347 86 1
3796 3343 161 173 1
3483 3570 2799 314 1
2795 2838 3580 2612 1
3677 2645 3372 186 1
3174 3349 2285 3449 1
2619 2279 2576 2301 1
2576 1985 139 2619 1
1930 2434 1806 3391 1
3477 2434 1930 3391 1
3340 3737 172 2696 1
1930 1806 2500 3391 1
3231 1930 3391 3477 1
2264 2415 437 1961 1
1930 2500 3786 3391 1
3231 1930 3786 3391 1
2415 2416 437 1961 1
1961 437 2916 2416 1
2574 2379 2932 1604 1
1630 2574 2932 1604 1
2376 1442 1996 3087 1
3246 1442 1443 3087 1
1443 1442 3143 3087 1
1996 1442 3246 3087 1
192 1964 3351 166 1
2467 1626 2874 3393 1
3507 2823 1216 1179 1
2708 3646 1179 1216 1
2840 3515 2874 3393 1
2619 3220 3574 127 1
1660 3684 1788 2770 1
3846 1663 3679 102 1
3846 102 99 2770 1
2847 1754 1843 2326 1
2219 1843 1754 2326 1
93 3014 44 3352 1
2517 1726 1786 2451 1
3055 2517 1786 2451 1
2499 1764 999 814 1
3160 2741 1844 2163 1
1332 1847 3077 1895 1
273 1847 2093 3077 1
3160 2163 1844 3124 1
672 622 1873 2275 1
634 672 622 560 1
3520 3590 3169 3245 1
3309 2944 3520 3245 1
2772 3355 3743 247 1
3356 1162 1049 2522 1
3397 2301 3664 2071 1
2301 3397 3305 2930 1
2301 3397 2727 2071 1
2727 2930 3397 2301 1
2301 3397 3664 3305 1
2780 3359 1888 29 1
3303 2634 2146 2290 1
2146 3612 2634 3303 1
3360 3594 3547 2244 1
1889 2223 1074 2258 1
879 2223 1074 1889 1
2258 2223 1074 1198 1
879 2223 3834 1074 1
3834 1198 1074 2223 1
3116 2831 2935 3742 1
2935 3116 3742 3192 1
3301 3116 3192 3742 1
965 1995 883 830 1
47 39 2284 38 1
57 2284 39 46 1
47 38 1561 39 1
3004 39 47 1561 1
3004 1561 47 2811 1
3232 3004 39 47 1
2831 3052 2935 3742 1
1601 2440 3256 368 1
3256 2864 1601 368 1
2440 3262 3256 368 1
3608 2706 1373 3264 1
3000 2706 1373 2608 1
3365 2063 3135 835 1
3871 258 259 2830 1
2639 3033 3604 2830 1
2669 2830 2464 1659 1
3278 2983 1953 993 1
2287 3597 3351 183 1
2930 2783 3666 2727 1
2783 2930 3712 2727 1
1737 1165 1160 1265 1
2394 2259 1067 2314 1
2394 1297 1067 2259 1
1605 1964 3368 210 1
3368 3351 3597 183 1
3156 210 3368 2513 1
3156 1605 3368 210 1
3549 3411 2854 3055 1
3411 2517 2854 3055 1
3369 3279 2663 3287 1
347 3287 3369 1653 1
3413 1171 2396 3813 1
1105 1171 3413 3813 1
330 2978 1948 1789 1
3034 3599 3533 3704 1
330 1948 2024 3330 1
3818 3704 181 3034 1
3185 149 3398 3564 1
2895 149 3564 3398 1
1315 3564 149 3185 1
720 912 2329 813 1
2299 2415 3196 2156 1
2299 2156 329 2879 1
2299 2436 2156 2879 1
2779 2294 1944 2991 1
3474 3317 2065 2072 1
3543 2247 3546 3763 1
3543 3763 3546 258 1
2403 1917 2288 1284 1
1917 1550 1284 2403 1
1085 1047 2431 1366 1
3739 1673 2182 2378 1
1366 2431 1157 1047 1
2378 2337 3404 3739 1
1443 3143 3222 3087 1
400 432 353 339 1
3328 31 3774 1897 1
3328 31 1897 1934 1
2478 105 2501 66 1
3403 2901 2626 2288 1
3403 3307 2901 2288 1
3128 3011 651 2767 1
3065 78 1721 1829 1
3255 3128 2767 3011 1
3691 3649 1923 94 1
3065 3561 78 1829 1
3011 724 651 2767 1
2692 3834 1074 879 1
2727 3712 2571 2071 1
2999 3569 1674 2350 1
2500 2987 3177 1674 1
2999 3177 1674 2500 1
2124 1769 720 3086 1
311 3214 3132 369 1
3214 311 317 1386 1
2727 2071 2571 3795 1
3420 131 3712 143 1
1875 143 131 3420 1
3420 1875 2039 131 1
720 2124 2329 1769 1
3420 2571 131 2039 1
131 2571 3420 3712 1
3422 2232 171 2058 1
3422 2058 171 3031 1
1143 2998 3682 1170 1
3894 3384 175 162 1
164 225 162 3384 1
175 3384 164 162 1
198 2620 3753 3503 1
1414 607 2582 1303 1
2363 3423 2945 2754 1
1303 2582 3275 607 1
3193 3423 3208 2754 1
3423 2754 3193 2624 1
1769 2329 720 912 1
2945 3423 2624 2754 1
3406 3884 87 85 1
3193 2556 3208 3458 1
3208 3423 2417 2363 1
3143 1664 177 215 1
2811 2333 2062 1561 1
2308 3695 2780 2381 1
2780 2180 2381 1550 1
1541 3144 2551 2166 1
2052 1334 2669 3131 1
3144 2411 2551 2422 1
3811 2551 3144 2411 1
2551 3144 1541 3811 1
3588 2878 3388 3724 1
3388 758 3588 3724 1
2816 145 3146 1875 1
3016 145 3427 2674 1
145 2816 3146 3427 1
3427 3146 145 3016 1
3390 1162 1242 2746 1
2746 2720 1242 3390 1
3390 3223 1242 1162 1
1743 508 455 433 1
3146 3199 3016 3427 1
145 3242 2816 3427 1
2240 455 1743 508 1
2674 145 3427 3242 1
3054 2398 3115 3103 1
3054 3667 3115 2398 1
3231 3429 3786 3557 1
3231 3391 3429 3477 1
3517 3557 3786 3429 1
3231 3391 3786 3429 1
2548 3145 2480 3070 1
3768 3240 2480 2548 1
3145 3070 2548 2875 1
3500 2997 1111 1070 1
3153 3254 3084 3432 1
1253 3500 1111 1503 1
1253 1111 3500 2997 1
3153 3084 3379 3432 1
3084 3379 3432 2903 1
1987 378 1855 3456 1
372 378 3456 360 1
378 1855 3456 445 1
378 445 3456 360 1
78 59 3649 3691 1
3691 78 59 3561 1
3691 1829 78 3561 1
78 3649 1829 3691 1
2184 3433 1782 1208 1
1782 2184 2210 3433 1
1135 2762 3223 1242 1
1135 2762 2256 3223 1
2256 2762 1082 2651 1
3662 2785 2756 2210 1
2695 2849 3003 2115 1
74 2072 3638 3474 1
1003 3060 1034 926 1
2636 2676 3594 2244 1
2244 1944 1328 3594 1
3029 2520 160 2274 1
2548 3070 2294 2875 1
1073 1194 2095 1119 1
2095 2565 1073 1060 1
2548 3070 156 2294 1
152 3070 2294 156 1
1974 2734 3548 3631 1
2013 3097 43 3435 1
3072 2013 43 3435 1
801 3198 2717 3889 1
1782 1208 1044 3400 1
840 2502 3400 2063 1
3072 3435 43 3139 1
3400 1208 1044 3272 1
2502 3272 3400 2063 1
3139 1974 3435 43 1
2734 2957 3548 3631 1
43 3628 3435 3097 1
3403 2403 2288 1284 1
3246 1898 249 3279 1
3270 1275 1943 2421 1
2874 1626 2840 3393 1
1797 1654 2258 1169 1
41 3004 3405 2811 1
3742 41 3004 3405 1
3179 3405 41 3742 1
2591 118 2801 1677 1
3406 2759 2794 3681 1
3406 3787 2534 2759 1
2534 3897 3787 3406 1
3407 1610 357 2497 1
3407 345 2976 3300 1
300 3408 3337 3875 1
2410 311 3408 300 1
300 3337 3408 2118 1
2649 3408 300 2410 1
3848 3408 300 2649 1
3848 300 3408 2118 1
336 360 378 372 1
372 2208 360 3456 1
2208 360 336 372 1
2356 3163 2168 1836 1
3163 2168 1448 2356 1
3501 2445 90 3358 1
79 3438 3153 2445 1
1863 3409 3115 2526 1
3409 3115 2251 1863 1
3153 79 2691 3438 1
3794 3438 3358 3502 1
2445 3501 3438 3358 1
79 3438 3502 2691 1
1404 3441 1142 3758 1
3758 3739 2378 3441 1
3871 2830 259 239 1
3758 2378 1404 3441 1
3812 2892 3410 2994 1
2853 2570 3410 3440 1
3812 3301 3056 2318 1
3410 2570 2853 3189 1
3189 2941 3410 3056 1
2978 3137 2504 2253 1
2978 2253 2504 2420 1
3189 3443 3056 3217 1
3189 3443 3217 2681 1
2274 3509 2558 2490 1
2520 1390 2729 3626 1
329 3196 333 3412 1
3189 3443 2941 3056 1
2681 3189 3443 1829 1
3443 3189 3459 1829 1
329 3412 2426 3196 1
3459 3443 2941 3189 1
329 2426 2156 3196 1
2426 2879 329 2156 1
3748 2721 2279 2413 1
1990 2413 3748 2279 1
3603 2033 3888 3062 1
1152 2703 3888 3062 1
123 2792 3444 1990 1
3444 3639 2792 123 1
2085 687 2564 622 1
2102 1970 2564 622 1
2085 2564 2345 622 1
1546 1790 210 2513 1
2513 1546 1790 2330 1
2345 1837 2564 1534 1
1970 1534 2564 1837 1
2115 2881 3508 2695 1
3414 3174 3030 1619 1
1686 3415 2492 1411 1
1813 3415 2492 1686 1
1686 1412 3415 1411 1
3479 104 2377 2850 1
2377 104 3479 1812 1
3191 179 3481 2888 1
1836 2907 2902 3851 1
3585 3137 256 2178 1
256 1648 3137 3585 1
256 3740 1648 3585 1
131 3445 3020 130 1
3020 131 3208 3445 1
3477 2402 2434 3418 1
3199 3780 3227 3466 1
2541 1503 1368 3419 1
3136 3509 3591 3466 1
3419 1410 1368 992 1
992 983 2541 3419 1
2961 3590 3584 2203 1
2203 3590 2907 2961 1
3213 1861 2999 2296 1
1720 1861 3213 1801 1
154 3590 3299 2203 1
2790 122 2472 3448 1
2898 1687 3399 2985 1
2790 3448 2472 3488 1
2472 122 2921 3448 1
2472 3448 2921 3488 1
3823 3551 3494 2362 1
84 1299 3450 95 1
3450 84 2074 3042 1
84 2074 95 3450 1
84 3036 3450 1299 1
3450 3042 3036 84 1
3036 3450 1299 93 1
2341 2425 3864 152 1
2425 3864 185 2341 1
2425 2341 185 2447 1
2447 2425 2341 2779 1
2779 2341 152 2425 1
1583 2452 1762 2775 1
1396 2401 1804 2587 1
2452 1762 2775 2401 1
2040 2587 1804 2401 1
3173 2418 1171 2885 1
3123 1171 2885 3062 1
3173 2885 1171 3062 1
3421 162 164 2812 1
162 3421 3895 125 1
3534 3716 3701 3334 1
3369 3279 1898 2663 1
1538 2366 2503 2048 1
1285 3115 1861 3399 1
3399 1285 3115 2985 1
1987 2765 372 1729 1
3208 3423 2363 2754 1
3424 372 2012 1729 1
372 1987 3424 3456 1
1729 1987 3424 372 1
372 2561 2208 3456 1
2208 2561 372 2029 1
3208 2754 2363 3136 1
2909 3452 3624 2652 1
3452 2909 3624 2949 1
1171 3669 1389 2882 1
213 3425 206 180 1
1444 1443 180 3425 1
1443 1444 1846 3425 1
3892 180 206 3425 1
1444 3425 180 3892 1
3371 3710 3657 3426 1
141 139 128 2619 1
2712 3426 1541 3167 1
74 3347 2072 3474 1
141 2576 139 2619 1
2576 141 139 2430 1
1591 2461 2739 3454 1
3167 3147 2551 171 1
3714 3688 2904 3147 1
2729 3428 2830 2498 1
1541 2551 171 3167 1
42 3794 56 2573 1
2653 2145 3502 3794 1
3502 2145 2573 3794 1
995 1040 3431 1138 1
995 3431 1030 1138 1
3431 1138 1040 1194 1
2214 3547 2447 2244 1
3360 2214 2244 3547 1
2182 1139 3758 2499 1
2499 2378 1055 3758 1
2115 2695 3508 3003 1
3461 112 2205 2681 1
3461 112 3217 2570 1
3217 2681 112 3461 1
3238 2570 112 3461 1
3461 3238 129 2876 1
3462 3591 2558 2274 1
198 220 1898 3528 1
2680 3528 1898 220 1
3528 2680 3738 220 1
2098 2858 48 2855 1
1859 3449 2285 186 1
1859 3449 186 3823 1
1980 1058 1148 3670 1
2110 1058 3670 3662 1
3670 1980 1058 2110 1
61 3465 2359 3583 1
2359 3465 3729 40 1
3729 3465 3630 40 1
133 3780 3466 3206 1
1795 940 2030 1044 1
1446 1795 940 2030 1
3466 3206 2300 133 1
2090 940 2670 1890 1
1795 940 2670 1446 1
2110 1058 3662 2535 1
1295 3360 168 2228 1
3755 2671 2742 3360 1
3755 3639 2671 3360 1
3107 2423 2476 2802 1
150 146 2070 3470 1
3677 2622 2070 3470 1
3134 2622 3677 3470 1
3436 73 3618 100 1
3134 3796 3784 3470 1
2612 2771 2342 3306 1
2612 2771 3580 135 1
3149 2612 3580 135 1
3565 2430 3228 159 1
1873 3107 560 2544 1
622 1873 3107 560 1
2207 1570 2181 3694 1
3538 3129 3471 2982 1
3037 3872 2895 3439 1
3226 3440 3238 2776 1
3332 3226 3440 2623 1
3538 3578 3471 2511 1
2655 33 3442 3621 1
3058 3869 3804 1861 1
1580 2379 1552 1660 1
3332 142 2769 1892 1
339 2962 3322 2726 1
50 2856 3611 3197 1
339 361 2962 2726 1
3021 3264 2869 2706 1
3241 145 3242 144 1
3241 3242 145 3106 1
3891 3181 3421 136 1
1537 140 2004 2826 1
2847 2326 1843 1412 1
3196 329 333 2832 1
3506 252 260 1517 1
2073 1656 938 3446 1
217 252 3506 1684 1
3044 1109 892 1064 1
3044 892 2660 1064 1
3044 892 954 2660 1
2134 840 3278 3007 1
2134 840 1058 3278 1
2829 1695 3158 1102 1
2829 3158 1695 3026 1
1996 3482 3038 3522 1
3773 3800 3565 3482 1
3522 3038 3800 3482 1
264 3110 3661 262 1
1144 1014 1131 1063 1
1118 3735 1228 3209 1
451 424 460 539 1
451 401 477 399 1
451 477 424 539 1
451 424 477 401 1
2945 2417 2624 3423 1
2364 3703 3791 95 1
2364 3186 95 3791 1
2443 1648 2978 2007 1
2443 2007 2978 1789 1
3791 3186 3606 3701 1
1794 104 3178 2801 1
3122 104 3178 1794 1
2295 3095 82 81 1
82 3095 77 81 1
3474 3376 2824 2589 1
3347 3550 2065 3729 1
3896 2246 3453 3752 1
2339 3453 2791 2537 1
2018 3485 249 220 1
2495 262 3485 220 1
3485 249 220 262 1
185 3485 2018 220 1
2523 1229 3089 1271 1
3059 2847 2755 1561 1
2847 3059 3053 1561 1
2527 2447 185 2341 1
2527 2341 185 2222 1
2903 3379 3292 89 1
2527 2341 2222 3195 1
3550 2359 3729 3602 1
2214 2447 2341 2244 1
3252 3039 3455 33 1
2949 2909 3624 3141 1
3153 1944 3594 1328 1
3456 1855 1987 3424 1
1179 3457 1193 969 1
2949 3624 2087 2580 1
2580 3624 2087 2553 1
2580 2553 3251 3141 1
2285 3489 1859 186 1
3357 3489 3187 1393 1
3187 3094 3304 1393 1
2119 2260 167 2512 1
3187 3094 1393 3489 1
3876 2895 3335 2627 1
1772 3493 3338 2407 1
1661 2295 3041 3534 1
2364 3041 3186 3534 1
2277 1755 1606 2108 1
3186 3041 2295 3534 1
2108 2277 3840 1606 1
2374 2219 2277 1606 1
32 2374 2277 1606 1
3840 2989 1606 2277 1
851 1023 872 875 1
851 918 872 1023 1
2803 872 1023 875 1
872 1023 918 3261 1
2803 1023 872 3261 1
2784 235 3460 250 1
2822 250 3460 3743 1
1985 2249 2198 139 1
2061 2430 163 2198 1
2392 100 2623 3332 1
2769 2392 2623 3332 1
3421 162 2812 125 1
3263 1173 2608 1063 1
3332 2892 2623 3440 1
2623 2892 3332 100 1
806 3392 867 3728 1
3197 51 3631 43 1
3394 3392 3728 867 1
3394 3728 2437 867 1
2437 2302 867 3728 1
806 2302 3365 3728 1
3197 3631 1974 43 1
3631 2889 2957 3628 1
1974 3631 3435 43 1
3631 3628 3435 43 1
1722 2320 3310 3494 1
75 50 3363 89 1
3464 1855 3424 452 1
3464 3424 2561 452 1
3114 501 1855 484 1
3114 3464 2561 452 1
1855 3114 452 3464 1
3363 50 3510 89 1
1096 2625 2394 1297 1
2521 2843 1096 3656 1
3655 2521 2843 2625 1
2521 3655 2394 2625 1
176 3590 3299 154 1
3299 154 3690 176 1
1161 3467 2763 2419 1
3868 2893 2748 3409 1
3199 3227 3136 3466 1
3136 3466 3591 3199 1
3602 2584 1972 58 1
3772 1615 2607 3469 1
1615 2977 3469 3772 1
2977 3442 3469 3772 1
3649 3081 78 1829 1
2290 3780 3577 3591 1
3462 3749 2290 3591 1
2416 409 437 442 1
437 409 3256 387 1
3256 409 437 2416 1
437 409 387 442 1
2852 3380 3103 2505 1
79 3501 2445 76 1
79 2445 3501 3438 1
3501 3794 3438 3358 1
1831 3421 113 3219 1
3884 3219 113 3421 1
76 3794 3501 1569 1
3501 79 3438 3794 1
2790 3069 3488 2545 1
2790 109 3069 3401 1
454 1559 2479 444 1
3153 3665 1312 2445 1
3153 3665 1992 1312 1
2147 2871 3472 3743 1
3460 250 235 3743 1
3153 3665 3084 1992 1
3665 89 3502 2691 1
3438 3665 3502 2691 1
3084 3153 2691 3665 1
2664 2809 2082 2240 1
2664 2809 3325 1574 1
1312 3526 3665 1992 1
2240 2809 2082 455 1
2593 3665 2391 3526 1
2593 3654 3665 3526 1
3141 3178 2580 2949 1
3251 3178 3122 2580 1
3141 3178 3251 2580 1
3180 387 450 442 1
2287 3323 2298 3597 1
2947 1183 990 1548 1
2298 2702 3017 2287 1
3017 3323 2298 2287 1
410 1437 437 1438 1
3597 2287 3323 2944 1
3300 2976 3407 3475 1
3065 83 119 3476 1
3632 2402 3418 1806 1
83 119 3476 1419 1
2822 3513 2645 1393 1
2054 3513 254 1859 1
2822 2645 3513 3349 1
1806 2402 1650 3632 1
2266 1638 1650 2898 1
2738 3035 2059 1927 1
2738 1927 2059 1983 1
2719 3325 2400 2292 1
1850 2594 2400 2292 1
2738 1983 2059 2503 1
3528 3503 3738 255 1
198 3528 244 3503 1
198 2620 3503 244 1
166 2287 3351 3504 1
2287 3184 3504 166 1
3504 3184 3205 166 1
3504 3205 3185 166 1
1930 1379 1560 3477 1
3429 3391 3418 3477 1
277 2531 3064 199 1
1930 1379 3477 3231 1
2358 1341 3265 3099 1
2358 1549 3265 1341 1
2840 3225 3515 3634 1
3225 3804 3651 1383 1
3634 3637 2398 3399 1
3225 3637 3634 3399 1
1542 268 3150 202 1
3150 1841 241 1577 1
2000 381 359 3478 1
2231 1724 162 3894 1
1380 1737 1165 1942 1
1380 1165 1212 1942 1
3481 3191 3620 179 1
2971 1300 3148 3324 1
2698 1652 2035 1919 1
1770 1652 1919 1756 1
105 3484 3644 66 1
3590 2123 2109 3245 1
3872 2833 2768 2961 1
3518 3644 2854 3484 1
1166 2421 1943 1778 1
3726 2058 3031 181 1
3607 211 188 203 1
70 52 3497 87 1
3896 52 87 3497 1
3627 3534 3791 3701 1
3554 3627 3701 3534 1
182 1460 3229 205 1
3229 208 205 242 1
3603 3888 2033 1192 1
1875 2039 3146 2816 1
3146 2039 3378 2816 1
2581 3216 679 703 1
2144 3216 2581 703 1
2581 2730 679 3216 1
3216 3845 2581 646 1
804 814 761 920 1
89 51 50 3510 1
3363 3510 50 3072 1
50 3510 51 43 1
43 50 3510 3072 1
2592 3490 2782 2811 1
41 3490 2811 3405 1
1552 1660 3511 1712 1
3491 2735 965 1116 1
3491 965 2735 3257 1
3491 965 3257 2995 1
3511 1788 1660 1604 1
2346 3514 1317 1616 1
3463 1552 3511 1712 1
3491 965 2995 866 1
3511 97 3680 3463 1
3651 3399 3213 3804 1
3399 1801 2898 3651 1
3399 3651 2840 3225 1
2840 3651 3573 3225 1
3225 3399 3651 3804 1
49 3537 38 3663 1
65 105 2478 66 1
3409 2893 2526 1863 1
2487 3562 77 2866 1
2487 3562 2866 2968 1
426 389 382 2262 1
426 382 2942 2262 1
1992 3664 3526 130 1
3664 130 152 131 1
130 3526 131 3664 1
3515 3634 3225 3792 1
3393 3541 3515 2038 1
3664 2341 2779 2244 1
1003 926 1034 3885 1
2030 940 1446 3885 1
3461 2205 2263 2681 1
3145 3070 2875 3683 1
1829 2263 2681 1702 1
2686 2263 1829 1702 1
2686 1798 2263 1702 1
3525 3745 3418 3517 1
2395 976 1112 1803 1
2530 3525 3517 3745 1
3525 3429 3517 3418 1
1806 3745 3517 3418 1
3429 3391 3517 3418 1
1268 1218 3530 3495 1
772 2687 673 906 1
772 719 2687 803 1
3704 3599 3138 1502 1
142 3185 1892 2905 1
1101 863 1165 1017 1
91 55 3519 90 1
3519 1913 1672 55 1
2216 2093 299 3131 1
90 3519 1672 55 1
3519 2850 1913 55 1
3519 91 3218 55 1
3218 2850 3519 55 1
3247 1165 2642 1017 1
758 3499 806 830 1
1103 3531 1008 953 1
3407 2976 2247 3475 1
1658 2140 2926 2009 1
3824 2926 1658 3150 1
2247 1784 328 3475 1
2140 1747 2926 2009 1
2177 1110 3500 1070 1
2177 1503 3500 1110 1
2487 2456 3817 2333 1
2333 2968 3817 2487 1
1302 2487 2968 2333 1
3259 2302 2437 2107 1
163 3430 3694 3707 1
2207 2181 3344 3694 1
3707 3430 3694 3344 1
2591 127 118 126 1
2166 3521 3426 174 1
1582 1101 1087 1212 1
2648 1589 2697 2767 1
2362 3174 3322 3551 1
2648 2767 2697 3365 1
3551 3322 1950 3174 1
65 3069 3401 67 1
1569 3501 56 3794 1
3247 1249 1582 1134 1
1199 1087 1249 1134 1
3247 1249 1380 1582 1
1380 1165 1265 2642 1
1675 2376 1996 3482 1
3522 155 3195 1675 1
1996 3195 1675 3522 1
1996 3482 3522 1675 1
3773 3522 3800 3482 1
2004 2574 2379 3523 1
2004 3523 2379 3314 1
3314 3523 2379 2904 1
3204 2932 2574 3523 1
3247 1101 1582 1380 1
3416 2379 3523 2904 1
1836 3234 2902 2907 1
2702 3851 2351 2079 1
1863 2578 2493 1860 1
2493 2578 2868 1860 1
3373 2493 1899 1860 1
3391 1806 2500 3517 1
3115 1861 3719 1285 1
3353 1806 3745 2500 1
2530 2500 3745 3517 1
1806 2500 3517 3745 1
2207 168 2671 2408 1
168 2408 3639 2671 1
2671 168 1295 3360 1
2671 3639 168 3360 1
2012 372 2926 1729 1
2208 2029 372 2926 1
398 2809 2215 1793 1
3589 2498 3604 3033 1
3033 2830 2498 3604 1
2602 485 2117 2215 1
2215 1793 480 398 1
3510 3502 51 43 1
3729 2065 3527 3550 1
3557 3525 3517 2638 1
3517 3525 2530 2638 1
2427 2930 1442 2965 1
3031 171 3422 3167 1
3031 171 3167 2320 1
3263 2047 979 1094 1
576 517 3236 3100 1
3128 574 529 651 1
3128 529 1589 651 1
2859 2346 1877 1616 1
3517 3177 3385 2500 1
2153 2457 3338 1882 1
2457 150 1786 2982 1
3148 142 166 189 1
1300 3148 189 142 1
3324 1300 3148 189 1
2982 3566 2457 150 1
244 3503 3528 255 1
962 3263 3000 1042 1
3263 1042 1063 3000 1
1106 2807 3268 3294 1
1048 2382 1189 1203 1
1048 3268 3294 1106 1
3268 3294 2382 1048 1
3232 3095 80 3532 1
3263 1042 1173 1063 1
3701 3716 3186 3606 1
80 3532 2284 3232 1
2208 211 268 3506 1
260 3506 268 217 1
3506 3879 211 268 1
40 2695 3508 3630 1
3701 3716 3606 2284 1
2906 2736 2442 2808 1
2736 2628 2808 3790 1
3153 3432 3379 3212 1
2808 2906 2736 3790 1
3271 591 490 407 1
2973 3512 150 3725 1
3271 490 552 460 1
604 3271 648 591 1
2563 1208 1097 1044 1
591 490 604 3271 1
2563 1097 2661 1044 1
2243 3603 2033 1192 1
3271 604 648 552 1
1152 2033 3062 3888 1
2866 2968 2856 3611 1
3193 75 2866 3562 1
3809 2941 2142 3189 1
2968 3562 2866 75 1
2707 3469 2824 2858 1
2858 2824 2707 2897 1
2734 2655 2824 2707 1
437 1438 1437 2415 1
2100 3686 3538 3578 1
2859 3883 3581 2346 1
3581 1877 2885 1105 1
2885 1877 3813 1105 1
2859 2346 3581 1877 1
3581 1105 2885 3389 1
1105 3883 3389 3581 1
2979 3687 2908 3775 1
2852 2985 3115 2526 1
3870 3115 2526 2590 1
3416 3523 2908 3540 1
3326 3437 2414 7 1
2667 3215 2062 2700 1
2700 2164 3215 2062 1
2612 2795 2309 1835 1
2612 2309 2555 1835 1
753 3276 842 778 1
273 1486 3604 321 1
3393 1626 2840 3541 1
3541 1626 2985 2505 1
3569 3286 3058 1861 1
2840 1626 2985 3541 1
2871 2147 2772 3743 1
2523 1271 3089 1158 1
843 730 935 1838 1
3340 1607 1444 2696 1
3340 165 172 2621 1
2893 1863 3409 1422 1
3340 2696 172 165 1
1161 2891 2740 3544 1
3544 3819 1161 2891 1
3544 3160 2740 1161 1
3544 3160 1161 2601 1
3136 3146 3591 3509 1
3819 2601 3544 1161 1
997 1880 886 1073 1
2822 3513 250 3349 1
3185 3336 1892 2905 1
3398 3185 3336 1892 1
2895 3398 3336 3560 1
1336 694 619 613 1
3876 2472 3335 2895 1
2782 3155 2062 3341 1
3155 3295 2062 3341 1
694 730 756 1336 1
997 1838 1880 1297 1
1880 928 1096 1297 1
3524 246 3899 1872 1
3073 2387 246 3524 1
246 3073 3524 3200 1
2496 1915 2104 892 1
2707 3621 3295 3386 1
892 2104 2660 1915 1
3621 3252 3295 3386 1
694 1336 756 753 1
1880 1096 928 2565 1
1739 2123 1790 3563 1
730 786 935 2226 1
1404 2378 1616 3882 1
3882 1616 3404 2378 1
730 843 935 786 1
157 1315 2315 2123 1
3547 2753 2447 2991 1
3547 2676 2991 2244 1
2226 935 913 2662 1
3748 3653 3526 3664 1
1907 3098 2441 3079 1
3550 3602 58 2359 1
61 3527 3550 2359 1
3550 3527 3729 2359 1
3558 3026 1573 1618 1
2204 3558 2739 1573 1
3580 2838 2795 3529 1
3558 3026 2739 1573 1
3530 1172 2424 1057 1
3495 2424 2940 1337 1
3495 2424 1172 2940 1
3530 1109 1268 1172 1
3530 1057 1109 1172 1
1268 3495 1172 2940 1
997 1880 2728 886 1
2728 3276 2438 886 1
2728 3276 1838 2438 1
997 2728 1880 1838 1
3542 3207 1072 2969 1
1072 3207 2258 2969 1
3155 2734 3548 1974 1
3386 3190 3548 2957 1
2318 3056 3812 3410 1
2438 730 1838 913 1
3024 3533 3625 3730 1
2766 3732 3819 3544 1
3732 1572 2741 2766 1
3291 762 884 837 1
2766 1751 3819 3732 1
3544 3732 3160 2766 1
3445 2363 3070 3136 1
2573 3072 3164 2820 1
2903 3379 3432 3292 1
1919 3558 2461 1639 1
3549 3448 122 106 1
2921 122 3549 3448 1
3535 2483 3695 2308 1
2233 2308 2483 3535 1
3876 122 3549 2921 1
90 91 56 3358 1
56 91 2573 3358 1
3358 2573 56 3794 1
2573 3358 91 3665 1
91 90 3665 3358 1
3445 3648 3070 2363 1
3648 3070 3367 3145 1
2256 3223 2522 1135 1
3070 3445 3683 3648 1
3648 3070 3145 3683 1
2709 103 2979 3092 1
103 3317 1772 2709 1
103 3317 2709 2979 1
3268 3263 2807 2608 1
3268 1094 3294 2807 1
3663 2284 38 47 1
3701 3537 46 3554 1
3537 3554 2825 46 1
2768 2833 3872 3564 1
30 3557 2723 2920 1
3551 1950 2285 3174 1
1235 1695 1178 3539 1
3494 3449 3174 3551 1
1592 3463 1630 3594 1
3551 3174 2285 3449 1
3017 3299 3520 2351 1
2902 3851 2907 2351 1
3466 2754 2300 3206 1
3466 2754 2363 2300 1
1179 1263 2167 3852 1
1300 2971 129 3553 1
1227 2167 3852 3457 1
129 2971 2776 3553 1
1792 751 1959 760 1
155 2207 3707 3694 1
155 2207 2408 3707 1
155 3707 2408 3668 1
2563 2661 2583 1044 1
3321 3580 2732 3690 1
3783 3237 3203 3542 1
3783 3203 1072 3542 1
518 517 610 562 1
553 610 3142 576 1
576 610 517 3100 1
517 610 562 3100 1
518 3142 553 610 1
3543 3763 3524 345 1
1979 2785 3071 1166 1
3524 3543 345 3194 1
2060 2292 2400 1993 1
2756 3662 3071 2785 1
2060 480 1993 2400 1
3771 2582 2886 658 1
2895 3872 2833 3564 1
2895 3336 2833 3560 1
1057 2966 1172 2424 1
1172 2940 2424 2966 1
3530 2424 1172 3495 1
1268 3495 3530 1172 1
2638 3557 3525 2899 1
840 3545 2502 2786 1
1782 840 2535 3545 1
3441 2378 1404 3882 1
3021 3608 872 3264 1
2461 1120 2739 3558 1
1317 1142 1404 3244 1
3364 3559 3521 3304 1
3559 3821 170 1393 1
3298 3280 170 3821 1
3312 3559 170 3741 1
3298 170 3280 3312 1
1899 2493 1372 1860 1
2909 2949 2975 3311 1
3311 2975 2591 2949 1
2549 1448 3104 117 1
3560 117 2549 3104 1
1315 3564 2768 3872 1
2328 1160 1017 3555 1
2328 1154 1017 944 1
1017 2328 3555 1154 1
1926 2867 3159 3048 1
1315 3564 3205 2768 1
3048 2248 2867 3159 1
1315 3564 3185 3205 1
3834 1134 1074 1199 1
3834 1199 1235 1134 1
3628 3602 3347 2889 1
2701 3550 3347 3602 1
3168 3049 1600 3801 1
3895 3041 3534 3181 1
3041 1661 3534 3181 1
3548 2957 3341 3435 1
2013 3072 2849 3341 1
3435 2957 3341 2996 1
3714 2334 3416 3688 1
2593 91 3893 2087 1
3822 2064 1541 1542 1
3825 2343 233 3552 1
3287 2343 3552 233 1
2590 3054 3103 3380 1
2619 3609 1454 2721 1
1126 1259 1137 1243 1
1126 1259 1243 2605 1
2509 1243 1137 1259 1
2509 1239 1243 1259 1
3054 3615 3103 3380 1
3054 3615 2398 3103 1
2590 3054 3115 3103 1
3283 1315 3872 3564 1
576 3236 2444 3100 1
3592 576 3100 610 1
3592 2444 3100 576 1
1494 2048 1512 1866 1
1494 2048 1866 2224 1
3283 149 1315 3564 1
3555 1213 1265 3125 1
3555 3125 1265 2642 1
2642 1017 3555 1154 1
2558 3737 2621 3760 1
145 2621 2490 144 1
3659 2396 2750 1161 1
3132 3214 317 321 1
2376 3228 3565 3482 1
3132 3214 321 344 1
2376 3228 3482 1675 1
2376 3565 1664 3211 1
2838 3566 3306 132 1
3471 2982 3814 3566 1
2982 132 1882 3566 1
2544 2476 560 2042 1
3107 560 2544 2476 1
508 3650 2476 2020 1
3567 2337 2750 3124 1
2337 3567 1877 3404 1
3000 1063 3263 2608 1
3000 3263 2706 2608 1
3567 3124 3643 3404 1
1877 3567 3643 3404 1
3567 3404 2337 3124 1
3306 2342 2612 2555 1
1851 3561 2588 83 1
3570 318 2799 314 1
437 387 3180 442 1
1330 1058 3662 3670 1
2909 3452 2652 3787 1
3818 3024 3563 3704 1
2109 3563 2330 3245 1
1033 3883 3581 3123 1
3141 126 3251 3178 1
3143 1664 215 3087 1
3657 3078 3126 3371 1
3017 3323 2287 3520 1
3309 2772 3520 2944 1
3883 3514 2859 3571 1
155 2430 3243 3773 1
3795 2727 3574 126 1
3220 3795 3574 126 1
3273 842 897 882 1
3111 882 3273 897 1
897 3273 886 842 1
1317 3244 3514 1084 1
1235 2579 3576 1198 1
3850 3692 218 1445 1
189 3692 1445 218 1
3850 218 3692 2298 1
3542 3576 2579 3685 1
1646 403 386 3568 1
1861 3569 2587 1720 1
2999 3569 1861 1720 1
330 1789 2914 1941 1
330 1789 1948 2914 1
3330 2914 330 1948 1
2859 3883 1105 3581 1
2341 3305 2427 3308 1
3577 3210 3016 2340 1
3199 3577 3016 2340 1
3199 3780 3577 2340 1
3303 3577 2340 3210 1
3303 3780 2340 3577 1
3482 2376 1996 3211 1
1368 1112 3315 2630 1
1996 3482 3211 3038 1
2395 2685 3315 2630 1
1121 1063 1036 2608 1
1036 1063 1373 2608 1
1200 3656 1096 2565 1
3739 2766 1385 2182 1
1096 2565 3656 2600 1
2766 2741 2163 1385 1
3522 3694 2207 155 1
2207 155 3195 3522 1
3883 1879 3571 1384 1
1879 1883 3883 3571 1
3800 3522 3773 3694 1
2620 1444 253 244 1
2256 2485 2762 2563 1
3282 2256 2563 2485 1
3643 3124 3413 1844 1
3643 2859 1105 1877 1
2463 1060 897 3572 1
3572 3111 1060 897 1
2998 1926 2956 3159 1
3048 2998 1081 1170 1
1216 3507 1081 3048 1
3306 3566 1882 132 1
1216 1170 3048 1081 1
3638 132 3306 1882 1
3638 2568 2555 3306 1
3583 2359 2953 40 1
444 2081 1642 2230 1
2230 2081 1642 1802 1
2186 1626 2467 3393 1
2681 1923 1829 3649 1
834 927 818 2643 1
2266 1650 3288 2898 1
3573 2266 3651 2898 1
232 219 3202 3723 1
2833 2961 3037 3587 1
2961 3439 3587 3055 1
2684 3202 232 219 1
1081 1040 1170 2998 1
830 835 3499 806 1
2589 2897 2824 2858 1
180 3579 1443 1444 1
1444 180 3579 3350 1
3048 1216 3507 2867 1
3722 3093 3061 3579 1
3722 3579 3061 3143 1
180 3579 3350 3722 1
180 1443 3579 3143 1
3596 154 3580 2771 1
2440 387 3256 3262 1
2440 387 2992 3256 1
2415 3256 2992 387 1
2063 835 3365 724 1
3600 3342 138 1682 1
3077 300 1332 3582 1
300 332 1332 3582 1
3848 3582 300 2118 1
3582 3848 300 332 1
3807 3044 954 2660 1
2660 2703 954 3807 1
3584 2771 3055 135 1
3584 2451 3055 2771 1
2771 2451 3055 2457 1
2349 3053 2183 2388 1
2837 2838 2795 2612 1
3233 3102 3168 3049 1
2626 3102 2288 2901 1
2901 3102 3233 3049 1
3584 2451 3439 3055 1
2451 154 2771 3584 1
3439 3584 1499 2973 1
1343 1360 2851 3586 1
2781 3586 1343 2851 1
3083 3586 2781 2851 1
2646 1934 27 1284 1
1284 2057 3695 27 1
2057 2626 27 1284 1
3695 1284 27 1934 1
2954 3052 1717 2831 1
2831 3742 2954 3052 1
3356 1049 1162 3333 1
2245 3356 1162 3333 1
3356 2245 2385 3333 1
2331 2522 2132 2245 1
30 2598 2638 3786 1
3284 2302 2437 3259 1
3411 2517 3600 2854 1
1953 3282 1044 1782 1
1044 3282 2563 1782 1
3411 3549 2854 3600 1
3462 3029 2274 2558 1
2286 3346 3403 2076 1
2286 3346 3307 3403 1
3154 2901 2626 3403 1
3154 3307 2901 3403 1
3462 160 2950 1327 1
3617 3093 3350 3776 1
1772 2153 3269 2854 1
1772 3269 2153 3032 1
180 3143 177 2554 1
1443 180 2554 3143 1
2914 330 1941 1906 1
3279 3552 233 3287 1
2591 2801 118 127 1
3617 175 136 3891 1
3595 3192 3166 94 1
3649 3192 3595 94 1
3093 2542 153 2631 1
3033 3546 3589 2441 1
3649 3766 94 3595 1
180 3722 3350 3617 1
3642 3617 175 180 1
180 3350 3642 3617 1
3722 2631 3061 3093 1
3138 2320 1541 3494 1
3534 3334 3701 85 1
289 3088 1718 3672 1
2726 289 353 3088 1
1718 289 2726 3088 1
705 643 604 707 1
3596 150 2457 3566 1
3596 2771 2457 150 1
705 643 707 854 1
3556 1327 3894 2393 1
1724 3894 3556 1327 1
328 1784 2247 3546 1
1541 2551 3167 3426 1
3763 328 3546 2441 1
3299 3590 3169 3520 1
3591 2558 2274 3509 1
3758 1217 1139 2182 1
1158 1196 1271 3593 1
3758 1217 2182 1385 1
2119 138 2512 3598 1
3598 3439 2119 138 1
1552 1592 3594 3463 1
3360 3594 2244 1328 1
3876 3439 3598 3411 1
3373 2493 1863 2251 1
3598 138 2512 1682 1
3598 138 1682 3600 1
3726 3034 181 1502 1
3599 3658 3151 3138 1
1634 2460 1636 2836 1
2224 2460 1634 2836 1
2836 3586 2781 3083 1
1636 2460 2781 2836 1
43 3510 3502 3072 1
3761 2454 3893 54 1
3288 1650 3632 3353 1
2484 3632 3288 2266 1
3632 1650 3288 2266 1
2726 2926 361 1658 1
2726 1658 361 2962 1
2484 3353 3288 3632 1
1650 1806 3632 3353 1
3597 3368 1964 3351 1
1112 1368 1219 1233 1
1112 1219 3315 1092 1
2395 3315 1092 1112 1
2412 2176 1946 3605 1
264 3605 2799 3110 1
264 1946 2799 3605 1
3678 3588 1617 3388 1
2176 3672 3605 3614 1
2832 2384 2415 2299 1
1301 2384 2299 274 1
1861 3708 3719 2587 1
3238 1331 2994 3440 1
1298 3408 2410 311 1
3238 2876 1331 3731 1
3439 1726 138 2517 1
35 36 1805 3601 1
2584 1972 58 2653 1
1299 84 3606 95 1
1299 3606 84 57 1
2824 3474 3032 2101 1
106 66 3269 3484 1
1772 3484 3269 2101 1
2101 3484 3269 66 1
3604 321 1486 3589 1
2980 3610 3736 158 1
2409 3001 3533 3022 1
3533 2409 3022 2260 1
2979 1663 3846 3687 1
3181 3210 2340 2674 1
3303 3210 2340 3041 1
3721 2008 1215 1222 1
3347 2170 3474 3376 1
2125 3305 2930 2427 1
2427 3305 2930 2666 1
3488 3560 116 3398 1
2549 3560 116 117 1
3392 3394 3728 3395 1
3610 2980 2904 158 1
3426 2004 2974 1763 1
2166 2974 3426 3521 1
3426 2974 2817 1763 1
2166 2974 2817 3426 1
2826 3521 3426 2974 1
2974 2826 2004 3426 1
191 3077 1895 2317 1
2532 2317 3077 191 1
2678 2341 3664 2244 1
3664 3305 2341 2678 1
2245 2522 3223 1162 1
3611 3623 48 3197 1
3356 1162 2522 2245 1
2220 1120 3558 1823 1
1098 1097 1210 3272 1
1116 1210 3272 1098 1
2220 1120 1919 3558 1
1919 1120 2461 3558 1
3764 2925 94 63 1
1353 3774 1897 1804 1
3328 3774 1804 1897 1
1941 403 3568 359 1
381 359 3568 403 1
3392 758 806 830 1
2637 3068 3734 1327 1
2165 3760 145 3241 1
3760 145 3241 2621 1
2558 3760 2621 145 1
830 835 806 866 1
2356 3851 3788 3082 1
3760 2558 1326 145 1
3613 3267 1324 3519 1
2580 3267 1324 3613 1
3613 2087 1324 2580 1
2832 1437 1438 2415 1
3613 91 1324 2087 1
1722 3811 3434 2491 1
3595 3192 3301 1304 1
3595 98 3793 3301 1
3254 3084 3432 2903 1
3254 3020 3084 2903 1
3254 130 3382 3020 1
2965 2427 3308 1996 1
3308 2666 2427 2965 1
2681 3443 3649 1829 1
1702 3189 2686 2888 1
3101 2818 3381 1633 1
3402 3381 3101 2818 1
1748 3886 3472 3460 1
2828 1630 1730 1604 1
1630 3212 2112 2072 1
3342 3092 2407 3754 1
2828 3463 1630 1604 1
3361 2172 2622 2973 1
2776 129 1894 1702 1
1894 3553 129 2776 1
2987 1991 2350 3328 1
2987 1991 3328 2658 1
3350 3617 3776 3891 1
1742 1958 1530 1510 1
3339 1958 1742 1510 1
3470 146 2070 3616 1
3784 3616 2758 146 1
3678 2654 3395 2964 1
3402 3388 2654 3678 1
3871 259 258 253 1
3871 258 3763 253 1
3678 1617 3402 3388 1
3592 3100 3473 610 1
3470 3616 3784 146 1
1410 3419 2947 992 1
3654 3382 3020 3084 1
3654 3020 2903 3084 1
2947 1183 992 990 1
2952 3654 2903 89 1
3592 3101 553 610 1
2833 3560 2549 3104 1
2644 2010 3113 2703 1
3037 3560 3104 2472 1
2644 2010 2218 3113 1
3113 2218 2644 2990 1
788 2144 724 2711 1
3583 3465 2359 40 1
3592 2444 3473 3100 1
3578 2100 2511 3538 1
3617 2506 1831 175 1
2511 3578 3432 2100 1
3254 3578 3432 2511 1
886 833 842 778 1
842 778 833 753 1
73 100 3316 3618 1
2851 2862 3586 1360 1
3586 2862 3802 1360 1
742 1313 2789 2610 1
2789 703 1313 742 1
3591 3509 2274 3749 1
3072 50 3363 2567 1
2968 3363 75 50 1
2567 50 2968 1302 1
3620 2616 151 3191 1
3481 3191 2562 3620 1
3664 1944 1990 2244 1
3619 3342 1938 138 1
1990 3664 3526 1992 1
3342 3619 2407 2517 1
3876 3335 2512 2627 1
2625 949 1096 2843 1
2057 3403 2626 1284 1
186 1859 3823 3094 1
3673 3094 3822 2848 1
3673 2848 3187 3094 1
3673 3187 3823 3094 1
112 2994 1331 3812 1
2802 1837 1970 3107 1
2475 891 1062 1014 1
2617 891 1062 2473 1
3050 3285 3621 2977 1
3776 2918 2783 3297 1
2571 2918 3297 3712 1
37 2349 52 2388 1
2918 2783 3297 3712 1
1330 1166 3071 3662 1
788 835 724 3499 1
2658 3697 2041 31 1
3695 3697 1934 31 1
1896 3821 1796 3622 1
2826 3343 173 3521 1
173 161 3521 3343 1
3809 77 3459 3095 1
3095 3248 3809 77 1
3809 3095 3612 3248 1
3459 3612 3809 3095 1
3024 1800 2260 3533 1
1333 1800 3818 3815 1
3614 1718 3622 1796 1
1859 3551 1950 2285 1
232 3723 2515 2348 1
3723 232 3183 2348 1
1861 3058 2999 2296 1
58 2701 3602 3550 1
3610 3147 2904 3426 1
2654 3678 758 2964 1
3610 3167 3147 3426 1
3392 2964 758 830 1
3205 2905 3185 166 1
2904 3147 3314 3426 1
1356 3486 1435 1825 1
3697 3281 2780 28 1
1167 2210 2184 3433 1
1167 3433 2785 2210 1
2177 1368 992 2541 1
2541 1368 992 3419 1
576 517 3142 548 1
3142 610 517 576 1
518 517 3142 610 1
2586 455 433 1743 1
2586 2082 396 455 1
1743 2240 2082 455 1
2586 1743 2082 455 1
1302 2333 2968 2567 1
2520 2729 160 3626 1
160 3556 3626 2729 1
2567 3363 2968 50 1
2589 48 3575 3623 1
3895 1419 162 2747 1
3895 162 125 2747 1
3260 48 3611 3623 1
1096 2843 949 2193 1
3260 48 3623 3575 1
2843 2193 1096 3656 1
48 3376 3623 2589 1
3197 3376 3623 48 1
1096 2193 2600 3656 1
1864 3558 2204 1573 1
2013 2996 3097 3435 1
3097 2957 3435 2996 1
2549 1448 3332 3851 1
2905 3336 2549 3851 1
3452 3624 2087 2949 1
2949 3624 2580 3141 1
2580 3624 2553 3141 1
3625 138 2409 2260 1
3672 264 3614 3622 1
3614 3672 3622 1718 1
3672 3088 1718 336 1
336 318 3672 3088 1
3493 1786 2931 3512 1
3775 2948 3493 2931 1
3540 3736 3610 3658 1
3775 2948 3687 2908 1
3717 2930 1442 3666 1
1167 1782 2184 2210 1
2803 1048 872 2141 1
3608 1106 1048 3261 1
3608 872 1048 3021 1
3717 1442 3061 3666 1
2887 57 3119 3633 1
3666 2783 1903 2727 1
2210 3662 1167 3545 1
1903 2536 3666 2727 1
1129 3209 2375 1118 1
2375 1118 3209 3735 1
2517 1726 138 2931 1
138 2517 2931 3619 1
1710 3642 2313 3894 1
3894 2313 175 3642 1
3894 3421 175 2313 1
3600 3342 2517 138 1
3894 175 3892 3642 1
1722 3183 3434 2348 1
3342 3619 2517 138 1
1615 3636 3050 2977 1
2622 150 2070 3470 1
1615 3050 3636 2108 1
3796 3134 3677 3470 1
3627 1299 46 3701 1
3627 46 1299 2365 1
3387 3703 2804 2365 1
2370 2221 2264 1438 1
1283 1363 3451 1435 1
1438 2370 3196 2264 1
3435 3628 2957 3097 1
3631 51 3628 43 1
3631 3628 2957 3435 1
1721 2634 3612 1928 1
2634 2091 3895 1928 1
2838 2837 2795 3529 1
3615 3103 3380 2038 1
3050 2277 3840 2108 1
1283 1364 3451 1363 1
3487 3451 1283 1357 1
51 3631 3376 3197 1
59 2887 78 3633 1
51 3347 3376 3631 1
2887 78 3561 59 1
3347 3628 2889 3631 1
3638 3306 2555 2153 1
3638 2153 2555 3032 1
3638 3474 1772 3032 1
2792 3639 3360 123 1
372 3424 2561 3456 1
2561 3424 372 2012 1
3055 2517 2854 3338 1
3338 3055 2517 1786 1
3810 3640 2845 1338 1
1364 1283 1357 1340 1
3632 2402 1650 2266 1
3787 3897 88 3406 1
3642 3891 175 3617 1
3617 3350 3642 3891 1
3585 1648 3137 2443 1
2443 3137 2978 1648 1
1105 3413 2882 1844 1
3713 3444 1454 3639 1
2858 3575 48 2855 1
2858 48 3575 2589 1
3338 3055 1786 2457 1
3338 2457 1786 1882 1
2772 2118 3355 247 1
2701 3602 3347 3628 1
3347 51 3628 3631 1
3635 1302 2782 2487 1
1302 3635 2782 2098 1
2602 2846 444 2081 1
1283 3451 3487 3486 1
3173 3659 1171 2418 1
3647 2862 1848 1856 1
3671 3647 2862 2851 1
3173 3603 1171 3659 1
3659 3603 1171 3074 1
2403 3346 3647 1488 1
3346 2851 3647 3671 1
3659 1171 3813 2396 1
3813 3659 2418 1171 1
3238 2994 112 2570 1
3238 1331 112 2994 1
3866 3569 2350 1824 1
724 2697 3365 1795 1
724 2697 1795 2581 1
724 2581 1795 2711 1
150 154 2451 2973 1
150 154 2771 2451 1
3650 2345 508 2423 1
3650 508 2476 2423 1
103 2158 3518 3484 1
2709 3518 2854 3484 1
1048 872 3261 2803 1
3608 3261 872 2934 1
872 3608 1048 3261 1
2433 1168 2008 1215 1
2839 3748 2721 3720 1
2903 89 3654 3084 1
3654 3084 89 3665 1
3260 3623 3611 2856 1
1356 3451 1435 3486 1
1702 3217 3189 2570 1
1702 3461 3217 2570 1
3238 2570 3461 1702 1
2530 3353 2484 3745 1
3740 2547 1648 2443 1
3740 2547 2443 2543 1
3740 2443 1648 3585 1
3740 2443 3585 2543 1
2483 2428 2381 2308 1
2483 2428 2308 2233 1
2308 2180 2381 2780 1
2680 262 3762 220 1
2495 262 220 3762 1
1164 3660 883 932 1
3257 3660 1164 932 1
2417 3423 2945 2363 1
3567 3124 3413 3643 1
1877 3567 1105 3643 1
2252 38 1561 47 1
3663 3537 38 46 1
85 3663 3701 3537 1
3663 46 3701 3537 1
1283 3451 1364 1357 1
2033 3495 1152 3798 1
2859 1105 1844 3643 1
3536 1208 2563 1782 1
1782 3536 1208 3224 1
105 66 3644 2501 1
1044 2563 1208 1782 1
3644 105 2854 3484 1
3644 111 3600 105 1
3644 2501 111 105 1
3644 105 3600 2854 1
1315 149 2315 3351 1
3072 3164 2137 2567 1
3164 2137 2339 2820 1
2287 3351 1315 2870 1
3504 2287 3351 1315 1
3351 2315 1315 2870 1
3664 3305 2125 2341 1
3529 2795 2616 2300 1
2502 1116 3491 2786 1
2786 1116 3491 965 1
2502 3135 835 2786 1
3135 3491 866 2786 1
3491 2786 3135 2502 1
3893 91 3761 54 1
1748 2077 3529 3690 1
3529 2300 2616 151 1
2593 3761 3893 91 1
2783 3776 3093 1903 1
1442 2783 3061 3666 1
3686 3683 2417 3648 1
3263 2706 3268 979 1
979 3263 1094 3268 1
2458 3108 2532 3850 1
2147 3108 2532 190 1
3295 3190 3548 3386 1
2568 3292 3188 2624 1
3188 3292 3260 2624 1
2624 3292 3260 2856 1
2838 3367 2837 3529 1
3529 3070 2363 3509 1
3303 1878 3210 1954 1
3303 2290 3210 1878 1
3451 1356 1435 1363 1
3648 2945 2837 2363 1
2568 3292 2624 2903 1
2100 2903 2568 2417 1
3083 3671 2851 3346 1
2873 3671 3083 3346 1
2417 2903 2568 2624 1
2568 2417 2624 2945 1
2903 3292 2100 2568 1
2903 3292 3432 2100 1
3651 2266 3288 2898 1
3718 2266 3288 3651 1
1168 2433 3203 3652 1
3888 3603 3173 3659 1
3653 2553 3748 3526 1
2553 3653 3748 3251 1
2018 264 3661 3485 1
2018 252 3661 264 1
264 3661 3485 3777 1
3473 3592 610 1617 1
1617 2878 3473 2559 1
3422 3147 171 2232 1
1696 1742 1821 3675 1
1696 1957 3675 2474 1
1742 2519 2450 3675 1
1696 3675 1821 2474 1
3167 171 3422 3147 1
3763 2441 3546 3871 1
3725 3540 3657 3658 1
3676 179 2888 1707 1
3150 1658 2348 1577 1
3150 2938 1577 2348 1
3150 2926 1658 2140 1
3725 3512 3134 3657 1
3677 2070 2822 2810 1
3677 3134 169 3657 1
176 2896 3677 2822 1
3677 2896 2645 2822 1
3677 176 2822 2070 1
722 1637 3402 3678 1
3678 2964 3395 722 1
3657 3677 3151 2712 1
3678 3588 1637 1617 1
3452 2975 92 3752 1
1825 3118 2096 1400 1
3452 2949 92 2975 1
3395 3678 722 3402 1
3113 2845 3810 1010 1
1010 3640 2845 3810 1
1075 3810 3640 1010 1
1075 3113 3810 1010 1
3730 3736 3658 3599 1
3483 3348 3570 314 1
347 2361 3369 314 1
2361 3348 3369 314 1
1435 1403 1825 3486 1
3468 3764 2925 2928 1
2928 2925 94 3764 1
3483 249 262 2680 1
3486 1435 1283 3451 1
3663 2456 3681 81 1
85 3663 3681 3334 1
3681 3663 81 3334 1
3661 249 2799 252 1
3483 3110 3661 2799 1
3682 2998 3048 1170 1
1216 1170 3682 3048 1
3328 1991 2041 2658 1
2041 3296 1991 2350 1
2658 3697 28 2041 1
1464 1842 1406 1402 1
1410 1175 1849 1250 1
3419 1503 1410 1175 1
3492 1401 1340 3487 1
1340 1401 1402 1459 1
3487 1340 1283 1401 1
2216 3543 3073 1951 1
3543 1951 2976 3194 1
1357 1340 3487 3492 1
128 3122 2793 1794 1
128 2793 139 1794 1
1842 1456 1402 1464 1
1283 3486 3487 1403 1
2240 2423 2476 508 1
2240 508 1743 2423 1
2547 2000 359 3478 1
3496 594 2080 649 1
3496 649 564 681 1
564 3496 493 2225 1
3707 3067 3344 3668 1
3124 2396 2750 3567 1
2404 3496 2080 649 1
3498 1082 1135 870 1
1015 870 1088 961 1
3124 3413 2396 3567 1
3498 1135 2743 1049 1
1331 3812 101 3733 1
3498 837 884 762 1
3812 2994 1331 101 1
2165 1326 2234 145 1
3498 1049 1088 1135 1
1326 145 3016 2234 1
3498 1135 1088 870 1
2165 145 3760 1326 1
2881 2297 2538 2967 1
3498 2983 762 884 1
1954 2234 3210 3181 1
3303 1954 3210 3041 1
2652 2593 3893 3452 1
2652 3761 3893 2593 1
3893 3761 2652 2454 1
1557 1123 2569 1490 1
3852 2569 1557 1123 1
3452 2593 3893 2087 1
3452 3893 2652 3752 1
3670 2385 3277 1148 1
3402 2878 1617 2559 1
1330 1058 3670 1148 1
1617 2878 3402 3388 1
3588 2878 1617 3388 1
3732 1262 1255 3819 1
3688 134 2232 3022 1
2954 41 2667 3215 1
2954 3215 3052 3742 1
3822 3673 1541 2064 1
3689 1224 2095 1060 1
3689 1224 1060 1185 1
3529 3580 2070 3690 1
3299 176 3690 3472 1
3238 2776 2570 1702 1
3238 3440 2570 2776 1
3876 122 3674 3549 1
3037 3674 122 3587 1
122 3037 3876 3674 1
122 3674 3549 3587 1
3527 3698 3051 61 1
2828 3759 3550 97 1
3550 2065 3698 1730 1
60 3550 97 2828 1
2040 2587 3569 1804 1
3527 3550 2065 3698 1
120 1731 3345 2334 1
3507 1216 3516 1179 1
195 3559 3304 3366 1
2040 3569 3328 1804 1
195 3821 3559 3366 1
1570 182 205 211 1
182 211 1570 1691 1
2695 2881 3455 3252 1
2881 3039 3455 3252 1
1715 3527 2065 3679 1
3148 189 166 3692 1
1715 102 3527 3679 1
2065 3679 1730 3317 1
3317 1730 3846 3679 1
3051 3023 107 3253 1
3146 143 2490 3509 1
3680 2828 1730 1604 1
3680 1604 1730 1788 1
3680 3463 2828 1604 1
3511 3680 1788 1604 1
3511 3680 1604 3463 1
3539 1695 1178 3026 1
3385 2999 2500 3177 1
160 3462 2290 1327 1
1193 955 1129 2375 1
1179 895 1193 955 1
3670 2756 3277 2385 1
3322 296 339 1950 1
3322 296 1950 3174 1
3030 3174 278 1619 1
45 3179 41 3742 1
45 2941 3179 3742 1
1179 927 1557 3852 1
1179 1490 1557 927 1
1257 2463 1119 2745 1
2437 3284 2995 2302 1
927 955 1179 3507 1
2961 3133 3590 2079 1
2768 3133 2961 2079 1
2770 1522 3684 2131 1
1522 1580 3684 2131 1
3682 2248 3048 3159 1
2379 1580 3684 1660 1
3687 3775 2334 2948 1
2308 2233 2180 3281 1
2381 2428 2180 2308 1
3685 3576 2579 1198 1
3685 2579 3207 1198 1
1957 1711 2524 23 1
2474 1957 2524 23 1
3686 3538 3471 132 1
3464 3456 2561 3424 1
3200 3194 3524 3898 1
3200 3073 3524 3194 1
30 3557 2638 2723 1
3320 1037 1013 1178 1
253 1872 1846 3699 1
3425 3699 1846 246 1
1216 1081 3507 3516 1
946 986 931 841 1
795 665 785 719 1
3546 3763 3871 258 1
3543 1872 3524 3763 1
3676 3417 190 3108 1
2177 983 2541 992 1
3559 3298 170 3821 1
2458 3108 3850 3849 1
795 803 2177 841 1
3559 170 3298 3312 1
3554 3701 3537 85 1
3554 3701 85 3534 1
85 2794 3334 3681 1
3687 2152 2379 3693 1
3011 724 2767 3499 1
2732 2795 3580 3149 1
3149 2732 3321 3580 1
150 154 3596 2771 1
3284 3491 2735 3257 1
3284 3491 3257 2995 1
3634 2398 3615 3103 1
501 3756 3114 2981 1
493 536 2981 3756 1
501 3756 2981 536 1
1580 134 2152 2131 1
2632 99 2770 3051 1
788 2144 2711 2789 1
2711 788 2789 840 1
3527 99 3051 3698 1
1044 1007 2583 2651 1
2651 1007 940 1044 1
2030 940 1007 1044 1
75 3363 3761 89 1
3761 75 3817 3363 1
3134 150 2622 3470 1
3649 1923 1829 3691 1
3527 102 99 3679 1
1393 173 3357 161 1
3796 173 161 3357 1
3072 3370 3139 2567 1
3370 1974 3435 3139 1
80 3232 47 77 1
3072 3435 3139 3370 1
30 2598 2718 2872 1
30 2598 2872 2638 1
2119 3598 2512 2627 1
2627 3439 2119 3598 1
3195 2671 3289 1295 1
3206 3780 3227 3248 1
3227 3780 3199 3248 1
3466 3780 3591 3199 1
58 1972 3602 2701 1
3230 2123 3563 1499 1
3230 2933 2123 1499 1
3230 1499 2119 2933 1
2627 2933 3283 2119 1
3312 3396 2753 156 1
3312 3396 3280 2753 1
3854 1256 1264 3709 1
2792 3639 3755 3360 1
1910 2760 1737 2988 1
3290 116 3019 2392 1
3887 2644 2703 1152 1
2880 120 1938 3754 1
3377 3730 3001 3736 1
2931 3754 2948 2880 1
2760 3828 1767 1204 1
2379 3687 3693 3416 1
3693 2152 1580 134 1
3687 2334 3693 3416 1
2379 2152 1580 3693 1
1731 134 2152 3693 1
131 143 152 3712 1
2334 1731 2152 3693 1
406 301 402 350 1
350 439 379 380 1
2543 3568 359 1941 1
482 415 478 411 1
379 415 350 406 1
350 406 415 402 1
3533 178 3726 3034 1
350 379 406 331 1
350 379 331 380 1
2832 1437 2415 2384 1
3726 3599 3533 3034 1
350 315 380 331 1
3056 112 3696 98 1
1034 2661 2030 3885 1
3217 3696 3056 112 1
3217 3696 112 2681 1
1034 2030 2661 1044 1
3308 1996 3195 1675 1
3458 2952 2915 3193 1
2915 3020 3458 3208 1
3193 2915 3208 3423 1
3458 3020 2915 3654 1
253 2620 230 1444 1
244 1846 1443 1444 1
2952 3458 2915 3654 1
3458 3193 2915 3208 1
3204 3523 2574 3371 1
3298 3559 3312 3364 1
2303 1444 3699 230 1
244 1846 3222 1443 1
3691 59 3649 2673 1
3461 112 2876 2205 1
3461 3238 2876 112 1
3238 112 1331 2876 1
3787 3311 3897 2534 1
1874 2327 2015 824 1
3166 3764 3767 3595 1
3138 3151 3704 3372 1
3704 1988 3138 3372 1
2055 3782 577 679 1
3093 2542 1903 2566 1
762 2055 676 742 1
679 703 2055 742 1
1179 2823 1216 3646 1
3386 2655 3252 2889 1
3051 3698 2770 97 1
3550 3698 97 3759 1
3527 3550 3698 61 1
3796 3470 3677 2810 1
2896 2622 3677 3151 1
3638 132 2568 3306 1
132 3306 2837 2568 1
139 127 1985 2471 1
127 2471 2536 1985 1
2619 127 1985 139 1
2820 3164 2137 3072 1
3846 3679 99 102 1
2333 3059 2291 3341 1
2062 2333 3341 3059 1
2330 2944 3245 183 1
2123 2955 1315 2870 1
183 3245 2287 2944 1
49 1595 2825 3537 1
85 1595 3537 3554 1
2365 1299 3703 93 1
1299 3703 3450 95 1
1299 3791 3703 95 1
3627 1299 3703 2365 1
1626 2442 2505 2186 1
3541 1626 2505 2186 1
49 87 85 88 1
3534 3186 3791 3701 1
3624 3452 2593 2652 1
49 85 3537 3663 1
3164 3817 2339 2137 1
2537 3817 2456 2137 1
2744 87 3219 121 1
2744 121 3219 136 1
2287 2870 2955 3245 1
2287 1315 3184 2955 1
1220 2625 3655 2389 1
3405 3490 2811 2487 1
1216 2867 2248 2844 1
1216 3507 2844 2823 1
199 3856 216 209 1
3456 1855 3424 3464 1
180 3722 153 177 1
3722 3143 177 180 1
180 3579 3722 3143 1
180 153 3722 3617 1
3215 3742 2281 3052 1
3181 2234 3210 2674 1
93 2074 3703 2747 1
2364 2747 3703 1928 1
2364 3703 3387 3791 1
3703 3387 3791 3627 1
1762 2452 1371 2401 1
1762 2587 2775 2401 1
2826 140 2004 3371 1
3204 140 3814 3371 1
3604 3546 1784 3589 1
2004 140 2574 3371 1
3204 2574 140 3371 1
3354 3371 140 2826 1
3550 2065 1730 2072 1
3354 3814 140 3371 1
3818 1800 178 3815 1
3183 3723 181 178 1
3643 3413 1105 1844 1
3567 3413 1105 3643 1
2709 3092 2407 3342 1
3724 2878 2923 2767 1
3724 806 758 2767 1
3724 2878 3388 2923 1
3388 758 3724 806 1
2454 2537 3817 3009 1
2703 2406 2660 2010 1
3773 3707 3694 155 1
3113 3581 2703 2010 1
2559 2444 3381 1633 1
1633 3381 2559 2818 1
3290 3401 3316 3019 1
3401 2545 3019 3290 1
2559 2818 3381 3402 1
3493 3540 3512 2931 1
1617 3473 2444 2559 1
1617 2444 3592 3381 1
1617 2444 3473 3592 1
3381 1617 2444 2559 1
3247 2642 3125 1154 1
1253 1175 2187 1250 1
3555 1213 3125 1154 1
3555 1154 3125 2642 1
2320 3031 1722 3310 1
3133 2123 2955 1315 1
157 3283 1315 2123 1
2109 3563 3355 2330 1
1502 3310 181 3031 1
2764 3727 3593 1367 1
2719 2544 3107 607 1
2764 1158 3727 3293 1
3458 3761 3654 2952 1
2719 2476 2544 2042 1
2719 3107 2544 2476 1
3107 2476 2719 2802 1
3710 3521 2826 173 1
169 3710 2826 173 1
173 174 3710 3521 1
173 174 169 3710 1
2889 3729 2170 3630 1
3602 3729 3347 2889 1
581 644 617 702 1
3347 3729 2170 2889 1
3550 3729 3347 3602 1
3872 3133 3584 2961 1
3872 3133 1315 2123 1
3584 3872 2933 3133 1
3872 2933 3133 2123 1
3727 1158 1196 3293 1
655 2271 1971 1765 1
2764 1158 3293 2988 1
3293 985 2988 1158 1
72 3793 3733 2922 1
2115 2538 1813 3415 1
2115 2538 3415 2881 1
2538 1412 3415 2881 1
132 3686 2568 2837 1
3686 2568 3538 132 1
2568 132 3638 3538 1
3654 3761 89 2952 1
3654 89 3761 3665 1
1974 3548 3435 3631 1
3548 2957 3435 3631 1
668 1765 1971 2575 1
1490 1085 2844 2823 1
1490 2569 927 2867 1
1490 2867 3507 2844 1
1765 844 2611 789 1
103 1663 3679 2979 1
1646 2914 1941 1906 1
3679 2979 3317 103 1
3755 1454 3713 2279 1
3001 3714 3422 2232 1
3001 3714 3022 2880 1
2880 3714 2980 3001 1
3001 2980 158 3714 1
3001 3714 2232 3022 1
3001 3714 158 3422 1
2632 3023 3051 3253 1
3062 1202 2939 3123 1
2165 3760 3340 2637 1
2165 2637 2234 1326 1
3760 3462 3737 3734 1
3045 1084 3514 3244 1
3776 2674 3106 3891 1
1033 1084 3514 3883 1
3883 1084 3514 3571 1
2165 1326 3760 2637 1
1673 2763 1161 1065 1
1301 2384 2832 2299 1
1454 2619 141 3609 1
3707 141 2430 163 1
3896 1677 92 53 1
2975 1677 92 3896 1
3752 2975 92 3896 1
3896 92 3752 3453 1
3896 53 92 3453 1
3752 3896 3787 2975 1
3889 2964 3890 3394 1
3394 3890 3395 2964 1
30 3157 3557 2920 1
3231 3157 3786 1930 1
985 937 825 817 1
985 825 937 1017 1
985 937 1160 1017 1
3717 2727 2930 3666 1
2375 3516 2708 1179 1
2375 3516 3735 2708 1
82 2284 3716 3663 1
2295 82 80 3716 1
82 3663 3716 3334 1
2295 82 3716 3334 1
82 2284 80 3716 1
140 2511 3129 3471 1
3270 1275 2421 1330 1
2421 1330 1275 2304 1
1330 3071 3270 1275 1
3818 3563 3030 3704 1
3818 3030 1333 3815 1
2540 171 2058 184 1
3718 2266 3651 3573 1
184 3434 3811 2491 1
1486 3816 273 2729 1
3028 3228 2666 2576 1
2660 3123 2703 2883 1
159 3028 2965 3717 1
3876 2921 3600 111 1
3742 2281 3004 3215 1
1894 3744 3553 2776 1
3744 3553 2001 1894 1
3751 2484 3288 3718 1
3751 3718 3288 3651 1
3618 2114 3316 73 1
3541 2985 3103 2505 1
1726 1499 138 3730 1
1726 1499 3730 2973 1
1499 3730 2973 3361 1
3730 138 3625 1499 1
3730 3625 3024 1499 1
3448 106 105 109 1
2790 109 3448 105 1
3549 105 3448 106 1
3728 3388 2654 3402 1
2921 3448 3549 105 1
3307 1343 3746 3233 1
3746 3049 3233 3801 1
2279 3713 2792 3444 1
1906 330 1941 2443 1
2543 2443 1906 1941 1
3585 2443 1906 2543 1
1906 330 2443 3585 1
2279 3713 3755 2792 1
2279 3444 1454 3713 1
1312 1990 3748 3526 1
2279 2619 1454 2721 1
1817 2413 3748 1990 1
3795 2553 3653 3526 1
2553 3795 3653 3251 1
3804 3213 3751 3250 1
3439 3872 2933 3584 1
151 3749 3509 133 1
3749 3780 2290 3591 1
3620 151 133 3749 1
133 3481 3620 3749 1
3780 2290 2146 3749 1
2709 3342 2407 2854 1
2165 3760 3241 3340 1
3760 3241 3340 2621 1
3113 3887 2644 2703 1
3113 2644 3887 2990 1
3887 2644 1152 2990 1
3720 2619 2279 2721 1
3521 2166 3364 3304 1
518 517 457 421 1
3716 3186 80 2295 1
3716 80 3186 3606 1
3716 80 3606 2284 1
3429 3525 3517 3557 1
3523 2932 3687 2908 1
3523 2908 3687 3416 1
3523 3371 3204 3540 1
3872 3439 2961 3584 1
3439 3872 2627 2933 1
2013 2145 2849 3072 1
3304 3094 3366 1393 1
1393 3094 3366 3489 1
3484 2101 103 2158 1
3484 2101 1772 103 1
2638 2598 3177 3786 1
2638 2598 2872 3177 1
2603 2178 3137 3585 1
3752 3787 3452 2975 1
256 265 270 212 1
256 1680 270 265 1
256 2547 270 1680 1
2407 3317 1772 3493 1
2407 3317 3493 2979 1
2119 3024 167 2260 1
2177 1070 841 803 1
2630 1368 2177 1110 1
146 3596 150 154 1
146 3596 154 3580 1
2475 2473 1089 1122 1
947 1080 1089 1122 1
2473 2475 1062 1122 1
2617 1122 947 2473 1
2473 947 1089 1122 1
1798 1707 2001 2250 1
1798 2231 1707 1699 1
1699 2888 1594 1707 1
3744 2001 1707 2250 1
3744 2250 1707 2888 1
3151 2622 3677 3725 1
3151 3677 3657 3725 1
3361 3725 2622 3151 1
3151 3725 3657 3658 1
3677 3725 3134 3657 1
2576 2279 1454 3747 1
3726 2058 3422 3031 1
2965 3717 2666 2930 1
159 3028 3228 2965 1
1442 3717 2965 2930 1
2153 2127 3269 3549 1
3028 2666 2965 3717 1
3124 1161 2396 3160 1
2601 3160 1161 3124 1
1673 3124 1161 2750 1
3876 3549 3411 3600 1
3124 2396 1161 2750 1
3876 3549 3600 2921 1
3518 3644 3600 2854 1
3662 3071 2785 1166 1
2330 2944 183 3597 1
3552 2821 3825 2343 1
2282 296 2242 1833 1
3414 3030 1876 1619 1
3597 183 2287 2944 1
3804 3651 3751 3213 1
210 1964 3368 3351 1
3368 210 3351 183 1
2938 1722 2348 2362 1
2731 3226 3731 3757 1
3723 2348 3310 3414 1
2876 2731 3731 129 1
3723 2348 3183 3310 1
3238 2876 3731 129 1
3226 3238 3731 3757 1
1552 1580 1763 2379 1
3478 381 359 3568 1
3210 3068 3016 2234 1
3798 3797 1218 3530 1
1218 1109 1268 3530 1
3812 3733 98 3793 1
1710 1327 2637 3734 1
1710 2950 1327 3734 1
3295 3621 1815 3252 1
3734 3462 2950 1327 1
3068 3462 3734 1327 1
3804 3399 3667 3637 1
3756 587 1286 594 1
3548 3190 3341 2957 1
2957 3190 3341 2996 1
155 141 3668 1454 1
1914 654 535 1287 1
158 3736 3001 3726 1
2980 3736 3001 158 1
3610 3736 158 3658 1
623 643 629 723 1
3736 158 3658 3599 1
492 537 590 520 1
492 590 537 558 1
3330 330 2914 1906 1
3330 3117 2024 330 1
3330 3117 330 1906 1
3502 3072 2013 43 1
3077 1895 1847 2093 1
3710 174 3426 3521 1
3763 3524 3899 1872 1
3710 174 2712 3426 1
3710 169 2712 174 1
1660 1788 3511 107 1
1660 2770 1788 107 1
98 3696 3781 3778 1
1384 2929 2033 3062 1
3062 3175 1202 1384 1
3752 2652 3787 3009 1
226 3815 3202 194 1
3183 219 3723 178 1
3723 219 3202 178 1
3493 1882 1786 2982 1
1788 3684 3846 2770 1
2379 3684 3846 1788 1
3846 3684 102 2770 1
2349 2537 52 2388 1
3812 1331 98 3733 1
1331 3812 98 112 1
3812 112 3056 98 1
3812 2994 3410 2834 1
3812 3056 2834 3410 1
2838 3367 146 3145 1
3505 325 2325 250 1
2325 1386 325 3505 1
2354 1386 325 2325 1
2325 3875 250 325 1
3875 2325 2354 325 1
253 230 3699 1444 1
258 230 1713 1872 1
1872 253 230 3699 1
1160 1191 1265 3555 1
2328 1191 1160 3555 1
3226 3238 1331 3731 1
3741 3521 170 161 1
3741 161 170 3383 1
3741 3383 170 3312 1
3741 3364 3559 3521 1
3312 3364 3559 3741 1
3662 1166 2785 1167 1
3848 3582 3323 2298 1
3146 3591 1326 3016 1
3146 3591 3016 3199 1
2298 3108 3582 3323 1
3146 1326 3591 2558 1
2620 230 3753 239 1
3549 3674 3411 3055 1
3549 3674 3055 3587 1
3059 2967 2297 3341 1
3126 3354 3371 3078 1
2186 3541 3393 2038 1
3541 3634 3515 2038 1
3250 3353 2484 2530 1
2840 3541 2985 3634 1
2484 3353 3632 3745 1
1815 3621 3050 3285 1
3632 1806 3745 3353 1
2909 2918 2571 3795 1
2727 2571 2918 3795 1
2918 2909 126 3795 1
3795 2918 2727 126 1
98 3595 3767 3764 1
1304 3166 3767 3595 1
3747 2576 2666 1675 1
2576 3747 155 1675 1
3208 2903 2417 3423 1
155 2430 141 2576 1
3428 3753 2498 2520 1
2498 2729 3604 2830 1
3589 1486 3604 2498 1
3707 141 155 2430 1
2415 437 2416 3256 1
437 3256 2415 387 1
2698 2461 1591 3454 1
3764 94 3595 3166 1
98 3781 3595 3764 1
2793 3220 3251 3720 1
2484 3745 3632 3418 1
2403 3346 2288 3647 1
3346 3233 2288 3647 1
3643 3404 3124 1844 1
1445 204 2001 1434 1
3484 2158 3644 66 1
2880 3714 3022 2334 1
2334 3714 2980 2880 1
3728 2302 3365 3140 1
49 2456 3681 3663 1
85 3663 49 3681 1
1383 3250 3751 2484 1
1383 2484 3751 3718 1
3599 3730 3533 3704 1
1333 3030 3818 3563 1
3736 3599 3533 3726 1
1859 254 3006 3513 1
3649 3443 3081 1829 1
3553 2971 2776 3324 1
3744 3324 3553 2776 1
3324 3553 2001 3744 1
48 2734 1974 3197 1
48 2734 3376 2589 1
3197 2734 3376 48 1
48 2897 2589 2858 1
3714 2980 158 2904 1
2904 3714 3422 158 1
158 3422 2904 3610 1
158 3167 3422 3610 1
3726 3022 2232 2058 1
3726 2232 3422 2058 1
3629 1749 1095 845 1
1663 3679 3085 103 1
1715 2462 3085 103 1
1715 3085 3679 103 1
1749 1031 1032 1095 1
1663 2462 103 3085 1
1802 2081 3771 1993 1
3167 3658 2712 3610 1
2549 1448 2833 3104 1
2833 1448 2549 3851 1
2481 3866 3362 3569 1
129 3757 3238 2776 1
2731 3757 129 2971 1
3636 3285 3050 2977 1
129 3757 2776 2971 1
2731 3757 3731 129 1
3757 3238 3731 129 1
186 3677 2645 3357 1
2695 2881 3508 3455 1
2896 3349 2645 2822 1
3677 2645 2896 3372 1
3021 3608 3264 2706 1
3009 3817 3562 2456 1
3681 3009 3562 2456 1
3184 2768 2079 2955 1
3499 724 2767 806 1
806 3365 724 2767 1
3551 3449 2285 1859 1
2573 3502 3358 3665 1
3761 89 3363 2573 1
3401 3019 108 3316 1
3316 3019 108 100 1
2517 1726 2931 1786 1
2568 3538 3638 3212 1
3759 2828 1730 3680 1
3759 3680 1730 1788 1
2655 3621 3442 3469 1
2828 1730 3550 3759 1
1730 3698 3759 1788 1
3550 3698 3759 1730 1
2560 3868 2075 2893 1
1326 3462 3760 3734 1
1326 2558 3760 3462 1
3313 1955 1535 3298 1
3632 1806 3418 3745 1
3776 3406 2534 2759 1
2534 3897 2566 3311 1
3776 2759 2918 3297 1
3776 2783 3350 3266 1
3350 2783 3776 3093 1
3613 91 3218 3519 1
3531 1157 1366 1168 1
3218 2850 3613 3519 1
821 904 779 1779 1
3306 3596 2457 3566 1
3306 2771 2457 3596 1
3306 3566 2457 1882 1
3503 3176 3738 255 1
1365 945 2643 1874 1
235 311 300 3875 1
1386 2354 325 1298 1
235 3875 300 247 1
2643 1008 1047 1366 1
1008 1047 1555 2643 1
2643 1085 1047 2867 1
325 326 1298 2354 1
3337 3408 326 2354 1
701 702 818 669 1
701 632 1902 702 1
701 632 1405 1902 1
2764 3727 1158 3593 1
2652 3761 3458 3009 1
3155 3295 3341 3548 1
3295 3190 3341 3548 1
1013 1120 3158 904 1
3611 2856 3623 3197 1
3148 3082 3788 3851 1
2776 3324 2971 3148 1
3720 3653 3220 3251 1
1256 3779 1280 3854 1
1256 1113 2523 3854 1
3720 3653 2279 3220 1
3305 2301 2666 2279 1
60 3550 58 2359 1
1637 593 3806 610 1
3101 3806 610 1637 1
3678 3255 1637 3588 1
2758 3768 161 3796 1
58 2112 3550 2828 1
132 2982 3471 3566 1
3642 3892 1710 1444 1
2100 2417 2568 3686 1
3463 3153 3594 1328 1
3463 3153 2112 1630 1
3463 3153 1630 3594 1
2388 2183 2349 2537 1
3609 141 128 2619 1
141 1454 2576 2619 1
128 3609 2619 2721 1
2183 2252 2456 2537 1
3817 3009 2537 2456 1
1828 418 1646 2914 1
1828 2914 1646 1906 1
2892 100 101 3812 1
3876 3549 3674 3411 1
1987 2910 2765 1729 1
484 1987 452 2910 1
2726 1658 2962 3322 1
1366 2431 1085 2008 1
2231 3894 3556 1724 1
1985 3666 2536 2727 1
3391 2500 3786 3517 1
2053 2987 3786 1930 1
1930 2987 3786 2500 1
3157 2053 3786 1930 1
3429 3391 3786 3517 1
3195 2671 2742 3755 1
3763 328 2247 3546 1
2979 1663 3687 3775 1
3338 1786 3493 1882 1
2517 2931 2407 3338 1
3692 3148 3849 3788 1
2722 3849 3788 3692 1
3849 3788 3417 2138 1
2655 1819 2824 3442 1
3469 2655 2824 3442 1
3789 2646 2347 1655 1
2646 1897 1655 3789 1
1353 1804 1655 1370 1
97 3680 3759 1788 1
3511 97 1788 3680 1
3759 3698 97 1788 1
1788 3698 97 2770 1
1788 107 97 3511 1
1390 2520 2274 3626 1
3620 3481 3626 3749 1
3245 3520 2287 2944 1
3645 3025 3053 35 1
2965 3228 159 2376 1
3228 3773 3565 3482 1
3228 3565 159 2376 1
3647 2288 3168 3233 1
2851 3647 3168 3233 1
3647 3168 2862 2851 1
3696 3781 3766 98 1
3630 2695 3508 3455 1
3056 3696 3766 98 1
3766 98 3595 3301 1
3766 98 3301 3056 1
3766 98 3781 3595 1
2939 3175 1202 3062 1
155 1454 3755 3747 1
2576 3747 1454 155 1
3124 2396 3413 1844 1
3567 3413 2396 3813 1
3741 3559 170 3521 1
45 3742 41 2954 1
3742 41 2954 3215 1
3514 1033 3883 2346 1
3695 3697 2780 1934 1
3710 3521 3426 2826 1
2598 1991 2350 2987 1
2530 3525 1820 2899 1
3651 3399 1801 3213 1
76 3501 90 1569 1
1569 3501 90 56 1
56 3501 3358 3794 1
1886 1916 77 2866 1
3751 3651 3288 3213 1
77 1916 2142 2941 1
2461 3558 3454 1639 1
2573 3761 89 3665 1
3454 2461 2739 3558 1
3167 3422 3610 3147 1
2823 1085 3721 1780 1
3653 3795 3526 2071 1
3795 2301 3653 3220 1
1864 3558 1573 1618 1
2220 1618 3558 1864 1
3826 878 896 923 1
1002 1147 896 996 1
1002 996 896 805 1
3895 125 3534 3387 1
133 3749 2146 3481 1
133 3780 2146 3749 1
3616 3796 2758 2810 1
2362 3551 3322 3700 1
3797 1109 3044 1107 1
3768 2842 161 3343 1
150 3470 3784 146 1
150 3134 3784 3470 1
3371 3126 3657 3710 1
3346 3233 3647 2851 1
3540 3371 3204 3512 1
1920 2271 655 627 1
1343 1360 3586 3799 1
2781 3799 1343 3586 1
1961 507 2241 2156 1
545 507 627 1961 1
3129 1882 2982 3538 1
1961 2271 2241 507 1
568 2081 2846 1293 1
3204 3371 3814 3512 1
3078 3814 3371 3512 1
3354 3814 3371 3078 1
3426 3540 2904 3610 1
3314 3540 3523 2904 1
2846 2081 568 444 1
3426 3540 3314 2904 1
2575 668 568 1971 1
3705 2724 3609 3444 1
3668 3609 2724 3121 1
264 252 1946 3075 1
267 2176 260 2412 1
2412 260 1946 2176 1
2693 168 2319 2657 1
3800 3773 163 3694 1
3800 3038 3522 3694 1
3800 163 3773 3565 1
2980 3610 3540 3736 1
2790 109 108 122 1
2790 108 109 3401 1
3768 3343 161 3796 1
3712 3664 152 131 1
2770 3684 102 2131 1
3377 3736 3001 2980 1
1343 3801 3233 1360 1
3746 3801 3233 1343 1
2660 3807 2883 2703 1
2703 3807 2883 2939 1
2828 2112 3550 2072 1
3754 3092 1723 3342 1
190 3077 3816 191 1
3077 235 190 3816 1
235 190 3816 3886 1
1675 155 3243 3773 1
3707 2430 3773 163 1
1675 3522 155 3773 1
3773 3522 155 3694 1
3773 3707 163 3694 1
3233 3801 3168 1360 1
3775 2979 1663 3092 1
3579 3093 3350 3722 1
3350 3093 3617 3722 1
2407 2979 3775 3092 1
3092 3775 2407 3754 1
131 3208 3445 3136 1
3799 1360 3586 3802 1
3775 2407 3754 2931 1
3493 2407 2931 3338 1
2979 3493 2407 3775 1
3775 2407 2931 3493 1
3422 3147 2904 3610 1
3208 2417 3445 2363 1
3208 2363 3445 3136 1
2233 2308 3535 3697 1
3739 2601 2182 1673 1
3739 2601 2766 2182 1
2601 1065 2182 1673 1
2998 1143 1735 2956 1
3682 3159 2998 1735 1
2532 3108 3582 3850 1
2147 3108 3582 2532 1
3777 262 264 3661 1
3777 262 3661 3485 1
3720 128 2619 2721 1
2619 3720 2279 3220 1
2895 3560 3037 2472 1
3718 3751 1383 3651 1
3778 112 3696 2205 1
3778 112 2205 2876 1
2928 2876 3778 2205 1
3388 806 3392 758 1
2878 2923 3728 3388 1
3728 806 3392 3388 1
2666 3308 3747 1675 1
3308 3305 2666 3747 1
3747 3305 2666 2279 1
3619 3754 2931 2880 1
2125 2341 3864 152 1
3864 3712 2125 152 1
1663 3345 2152 3687 1
2152 3345 2334 3687 1
2152 3687 2334 3693 1
3470 3796 3784 3616 1
3470 2810 3796 3616 1
897 1335 898 886 1
897 1060 1335 886 1
2463 1335 898 897 1
897 1060 2463 1335 1
2457 2982 1786 1882 1
2982 1882 2457 3566 1
3308 3755 3305 3747 1
3225 3637 3399 3804 1
2895 3037 3876 2472 1
3876 3037 122 2472 1
2637 1326 3760 3734 1
3781 2928 94 3764 1
2928 3778 3781 94 1
3781 3696 94 3778 1
3781 94 3595 3764 1
3434 228 1841 1577 1
1841 2951 228 3434 1
3696 94 3766 3781 1
3766 3781 94 3595 1
3658 2712 3610 3657 1
3657 3710 2712 3426 1
3081 3056 2941 3443 1
3796 3677 3134 169 1
3677 2622 3134 3725 1
278 325 250 3875 1
3337 278 3875 325 1
3634 3515 2840 3541 1
2559 3728 3395 3402 1
2103 3728 2559 2878 1
1383 3804 3651 3751 1
2783 2918 1903 2727 1
2918 2783 3712 2727 1
3579 2783 3093 3061 1
2719 455 2042 1793 1
2240 2476 2719 455 1
3741 3165 3235 2842 1
2240 2719 2809 455 1
2842 3383 3741 3165 1
2719 455 1793 2809 1
140 2842 2826 3235 1
2719 455 2476 2042 1
3286 3708 3867 3869 1
2826 2842 3741 3235 1
3343 3741 2826 2842 1
2842 2028 2636 3165 1
2878 3388 3728 3402 1
3375 1037 3805 1013 1
1178 1037 1013 3805 1
2038 3541 2505 2186 1
2950 3556 3428 2800 1
2377 3452 3893 2087 1
2377 3452 2087 2949 1
3708 3706 3867 3719 1
1168 1072 3201 3783 1
3652 3237 3203 3783 1
1168 3203 1072 3783 1
3710 169 3657 2712 1
2348 3723 2515 3414 1
3598 3411 2517 3600 1
3717 2727 3666 1985 1
2100 2568 3538 3686 1
3595 1304 3793 3767 1
3649 3056 3301 3081 1
606 576 3592 553 1
3592 606 2444 576 1
3592 553 576 610 1
3521 161 3741 3343 1
161 3383 3741 2842 1
3343 161 3741 2842 1
1168 3652 3203 3783 1
184 228 3434 1577 1
2301 2279 3653 3220 1
2568 3306 2837 2555 1
2837 132 2838 3306 1
3718 3651 3225 3573 1
1877 3813 1105 3567 1
1675 3773 3228 3482 1
1675 3522 3773 3482 1
3654 3665 3761 2593 1
3773 2430 3228 3565 1
1299 3791 3627 3703 1
1299 3606 3791 95 1
3791 3186 95 3606 1
1143 1170 3808 1040 1
1143 3431 1040 3808 1
3469 3618 2824 2858 1
3515 3634 3792 2038 1
2545 116 3019 3290 1
3290 3316 100 3019 1
115 2205 2928 3005 1
2681 2205 2263 3005 1
115 2205 3005 2263 1
2681 3696 2205 3005 1
3164 3817 2137 2567 1
2928 2205 3778 3005 1
3778 3696 3005 2205 1
3482 3800 3565 3211 1
3344 2319 2693 168 1
3482 3038 3800 3211 1
3868 2778 3711 3409 1
3575 3436 3618 3032 1
1224 2600 1060 3111 1
2600 3111 1224 1207 1
2600 928 3274 2193 1
1185 1224 1060 3111 1
3806 553 610 518 1
1152 954 2703 3807 1
2939 3062 2703 3807 1
1152 2703 3062 3807 1
3888 3603 3062 3173 1
3702 3793 3767 98 1
3702 3764 3468 98 1
3702 3767 3764 98 1
3617 136 3776 3891 1
2566 1903 3093 3776 1
3347 3631 2889 3376 1
1306 1081 3808 1423 1
1306 3808 1081 1040 1
3659 1338 3603 3074 1
3573 1638 2898 2874 1
3329 1119 1306 1118 1
1118 3329 2745 1238 1
1194 3329 1119 1306 1
3867 3870 2469 3115 1
593 610 562 518 1
593 3806 610 518 1
1338 3659 3887 3810 1
3810 3887 1338 2845 1
2767 806 758 3499 1
2509 1174 1239 1005 1
3659 3113 3887 3810 1
3640 3659 3810 1075 1
3659 3810 1338 3640 1
3813 3659 3113 2418 1
3889 3890 2964 2717 1
3811 3144 2938 1841 1
3811 2951 1841 3434 1
2348 3434 1577 3183 1
184 1577 3434 3183 1
758 3588 3678 3388 1
3678 3388 2654 758 1
2883 3044 3807 2660 1
3255 3128 3588 2767 1
3787 3897 2975 3896 1
3883 1384 3571 2882 1
1100 1376 961 870 1
1100 961 1376 1061 1
2566 2744 3897 3406 1
3897 2744 2566 121 1
121 2566 118 2542 1
1100 1061 1376 1137 1
870 1126 1376 1045 1
870 1126 1045 1082 1
1022 1045 754 930 1
1376 1005 852 819 1
3659 1075 3113 3810 1
1004 1005 819 996 1
870 1082 1045 1022 1
1045 754 930 850 1
870 1135 1126 1082 1
1004 1005 1376 819 1
1004 819 1376 850 1
3416 3523 3540 2904 1
3426 3371 3314 3540 1
2904 3688 3314 3147 1
2532 3582 1332 3850 1
3402 2559 1617 3381 1
1870 1265 1191 2972 1
1737 1160 1870 1265 1
1870 1160 1191 1265 1
3760 2558 3737 3462 1
2768 3872 2961 3133 1
3394 3395 3392 2964 1
2064 1541 2938 2362 1
2298 3692 2702 166 1
166 3148 3692 2702 1
2702 3692 3788 3148 1
194 1800 1333 3815 1
3723 178 3815 181 1
2559 3728 3402 2878 1
1338 3659 3640 3074 1
3732 2741 3160 2766 1
3160 2163 2601 2766 1
3816 3077 2093 191 1
3816 191 2093 2729 1
3681 2537 3009 2456 1
3761 3009 2454 3817 1
1780 1222 1123 2008 1
1085 3721 2008 2431 1
3721 1780 2008 1222 1
1085 1047 2867 2431 1
1085 2641 3721 2431 1
2844 1085 2641 3721 1
1490 1085 2867 2844 1
3818 3704 3034 3024 1
3818 3815 178 181 1
383 1551 3899 2435 1
383 448 2435 1683 1
3747 3755 3305 2279 1
3065 3561 1829 1923 1
1923 3561 1851 3065 1
3756 587 501 3096 1
73 3436 2142 3410 1
3410 3812 100 2892 1
594 3756 493 2225 1
493 1667 3756 594 1
2225 3756 1286 594 1
587 1286 594 667 1
3758 1217 1142 1190 1
3758 1217 1190 1139 1
3758 1217 1385 1142 1
3827 1205 1528 1147 1
3826 1002 878 1181 1
3826 1528 896 1147 1
1041 1204 1039 1095 1
3770 1455 3765 792 1
2813 3770 1867 555 1
896 1076 941 3769 1
3769 805 819 716 1
3769 896 805 764 1
727 915 789 899 1
727 899 789 2659 1
727 2659 2690 2507 1
3765 2373 1455 855 1
3765 894 2373 855 1
3874 3770 2813 2036 1
3874 655 738 682 1
885 1080 947 960 1
885 1080 960 1067 1
1330 3071 2756 3662 1
2756 3670 3277 1330 1
2785 3224 2756 2210 1
2245 3333 1162 1184 1
3670 2756 3662 1330 1
3224 2305 2756 2385 1
993 884 1049 2797 1
1049 1184 1162 3333 1
1611 1405 2268 778 1
2268 889 995 778 1
921 907 849 873 1
953 873 907 921 1
953 907 966 921 1
921 849 907 966 1
921 849 809 873 1
1083 3820 1232 1214 1
1083 1214 1232 2129 1
1083 1189 1232 1108 1
1083 1111 1214 1079 1
1180 1111 931 986 1
1133 931 948 946 1
1180 931 1133 946 1
1180 931 946 986 1
1590 2670 2276 860 1
615 623 629 676 1
3782 543 577 554 1
475 532 629 623 1
1410 1183 992 2947 1
1410 1409 2947 1250 1
1368 992 1410 3785 1
3782 554 629 615 1
1257 1238 2745 3329 1
1200 1714 1073 1138 1
1200 1138 1073 997 1
3044 954 1057 3807 1
3530 3797 1057 3798 1
3798 3175 2939 3062 1
3175 2929 3062 3798 1
2929 3495 3798 1218 1
2679 1107 3797 2883 1
3798 3797 2939 1218 1
1218 1107 1109 3797 1
1202 2883 2939 3123 1
367 397 370 446 1
367 397 446 407 1
367 370 397 316 1
3505 1386 325 346 1
3888 1338 3603 3659 1
3120 624 523 531 1
685 624 531 575 1
710 624 746 769 1
685 624 746 710 1
685 531 624 3120 1
1525 312 327 284 1
1525 231 312 284 1
1525 312 231 2455 1
231 284 1525 236 1
214 231 1525 236 1
583 656 549 692 1
3803 1264 1113 1164 1
1113 1211 1264 1256 1
3516 1081 955 1118 1
1081 955 3507 3516 1
3507 1179 1490 2823 1
1926 927 3507 3865 1
3507 955 1081 3865 1
827 868 774 839 1
891 1014 868 893 1
827 891 868 839 1
891 2475 868 1014 1
2445 1328 1312 3153 1
3441 3404 3882 2163 1
690 632 661 1405 1
701 632 690 1405 1
640 642 2986 697 1
533 1291 1683 2202 1
533 1291 2202 542 1
2986 693 1291 697 1
2297 3059 3053 2847 1
590 657 674 596 1
1469 772 674 673 1
674 673 637 766 1
637 590 673 674 1
657 673 590 674 1
657 596 721 674 1
666 687 831 786 1
749 666 831 786 1
1151 968 1163 910 1
1151 829 968 910 1
829 1139 910 1151 1
804 812 684 814 1
2499 1065 999 1764 1
761 709 814 684 1
804 812 829 684 1
1767 1032 1212 1095 1
3819 2182 2601 1065 1
3819 2601 2766 3544 1
3819 2601 2182 2766 1
1109 1064 1195 1221 1
1107 1195 1109 1064 1
1107 1195 2679 1218 1
1109 1221 1195 1218 1
1107 1202 991 3161 1
1107 1195 991 1202 1
1223 946 1133 948 1
1214 1180 1111 3820 1
841 3820 876 1083 1
1079 1083 1111 841 1
3829 876 1125 1133 1
3820 1180 931 3829 1
1083 3820 1111 841 1
931 1180 1133 3829 1
1111 3820 931 841 1
810 923 878 1043 1
3521 2166 1537 3364 1
3673 1541 3823 174 1
3822 1535 195 1585 1
197 193 3825 263 1
3694 1570 2181 205 1
1766 1090 1041 1145 1
1679 964 1041 1090 1
911 964 1041 2494 1
199 1740 162 3856 1
216 286 209 243 1
216 3064 209 286 1
216 199 3064 225 1
3064 277 286 2531 1
3064 286 277 209 1
277 209 199 3064 1
3826 878 1002 896 1
3826 1528 923 896 1
1270 1181 1002 3827 1
3826 1528 3827 1181 1
3826 3827 1002 1181 1
1270 1002 1147 3827 1
3826 3827 1528 1147 1
3826 1002 3827 1147 1
3826 1002 1147 896 1
923 1069 1528 1181 1
3827 1205 1270 1181 1
3827 1205 1147 1270 1
923 896 1528 1529 1
1246 1023 918 1035 1
1246 918 1023 1156 1
1246 1023 1035 1177 1
1091 1145 1204 3828 1
1091 1767 1032 1165 1
1091 1767 1204 1032 1
1204 1091 1041 1145 1
1091 1204 1767 3828 1
3163 2961 2907 3851 1
931 3820 1111 1180 1
3820 876 3829 931 1
3829 1232 3820 1180 1
3829 1133 1232 1180 1
1223 946 1180 1133 1
1223 986 946 2136 1
1180 986 946 1223 1
3820 1232 1125 1083 1
3820 1232 1214 1180 1
662 706 3830 2582 1
732 3830 797 1303 1
662 2582 3830 1414 1
662 3830 755 747 1
662 755 706 3833 1
2466 650 668 671 1
568 668 2575 571 1
609 478 481 482 1
541 609 630 618 1
609 478 579 618 1
478 618 609 541 1
481 482 478 411 1
1420 1403 3832 1400 1
819 3769 850 1004 1
3769 716 850 764 1
819 850 3769 716 1
819 850 852 1376 1
755 2189 2869 3833 1
3833 2886 755 706 1
3834 2692 1074 1134 1
1074 1134 2692 865 1
1074 1889 966 865 1
1935 1235 3834 1178 1
1074 1889 2258 966 1
3834 1198 2223 2579 1
3834 879 1102 2223 1
487 515 581 572 1
617 459 581 487 1
581 702 669 644 1
581 572 632 702 1
581 617 572 702 1
871 903 782 780 1
871 2615 905 958 1
871 780 782 693 1
376 1453 354 335 1
363 1453 309 354 1
351 1453 363 376 1
351 2716 363 427 1
862 2276 860 1590 1
862 2276 933 860 1
2919 705 2449 2238 1
862 2919 854 2449 1
2449 2238 705 643 1
3843 496 1690 2943 1
3843 496 432 395 1
2148 3152 2242 395 1
3843 2014 488 1690 1
3843 432 339 395 1
496 2943 432 569 1
496 528 432 471 1
496 432 528 569 1
496 471 432 395 1
3845 651 724 2581 1
3845 724 651 3011 1
3846 2152 2379 3687 1
2702 3788 3851 3148 1
3850 3849 2722 3692 1
3788 3851 2902 2702 1
3148 3332 3082 3851 1
2768 2905 2702 3851 1
3849 3108 3850 2722 1
326 3156 3848 2513 1
117 108 1448 3104 1
3850 3849 3692 1445 1
326 1605 3848 3156 1
3332 1448 3082 3851 1
3848 240 1964 1605 1
3848 3850 218 332 1
3848 2649 332 1605 1
1445 2458 2001 204 1
1160 2642 1265 1165 1
1165 1017 1160 2642 1
1101 3247 1017 1165 1
2735 1176 965 1645 1
1098 3491 3135 2502 1
3284 3257 1150 2437 1
1164 1176 1240 1277 1
1164 1277 2069 1264 1
1098 3491 2995 3135 1
1164 1264 2069 3803 1
1123 1770 1756 3852 1
1770 3852 1652 1756 1
1179 969 1193 895 1
1263 1557 3852 1179 1
955 927 1179 895 1
2167 1263 1807 3852 1
718 573 734 598 1
718 668 573 598 1
729 826 3880 711 1
848 718 763 851 1
608 632 584 661 1
1274 1213 1154 3125 1
2841 1278 1213 1265 1
897 833 842 886 1
3853 218 214 189 1
3853 1445 2273 218 1
3853 231 218 2273 1
3853 200 231 204 1
3853 204 1434 200 1
3853 214 231 200 1
1558 1434 1894 1798 1
1558 1434 1798 200 1
3853 189 1445 218 1
3853 218 231 214 1
1036 1131 1932 893 1
1036 1121 1241 1131 1
3779 1271 1280 3854 1
1016 1113 2523 1256 1
3854 2523 1271 1229 1
1229 3803 1264 1113 1
3854 1229 1264 1113 1
3854 1264 1256 1113 1
3854 2523 1256 3779 1
1122 1128 3855 947 1
947 1128 3855 1117 1
1117 1128 1273 1028 1
1122 1197 3855 1128 1
2617 3855 947 1122 1
1117 1128 1028 900 1
1117 1128 900 947 1
729 598 734 711 1
734 573 711 598 1
3880 795 841 727 1
729 598 718 734 1
729 668 763 718 1
729 734 718 848 1
729 718 763 848 1
2857 2116 937 2988 1
3896 87 52 88 1
2231 201 216 1374 1
2231 1707 201 1798 1
1374 2091 1721 1419 1
3856 2231 216 1374 1
2747 114 1419 162 1
83 3042 119 1419 1
1374 119 3856 1419 1
3856 216 209 1374 1
216 1374 201 209 1
3857 1286 428 374 1
3857 1286 1760 1968 1
428 1286 577 479 1
529 428 1629 499 1
1084 1447 2525 908 1
1311 1142 1317 3244 1
492 537 430 558 1
430 537 547 558 1
430 537 492 417 1
430 537 469 547 1
430 537 426 469 1
3898 3750 345 3899 1
677 2209 640 2197 1
677 2390 2197 2357 1
3861 1320 1359 1281 1
3861 1320 1281 1345 1
578 551 625 620 1
761 620 2489 684 1
761 804 620 684 1
620 625 578 684 1
2357 586 2197 677 1
2357 586 677 689 1
1151 1163 1139 910 1
1163 968 1151 1255 1
1163 968 1056 910 1
1056 910 968 890 1
2703 3581 2406 2010 1
2660 3161 1107 991 1
2010 3581 2406 2963 1
2859 3514 3883 2346 1
3571 1084 3514 3045 1
799 908 864 2715 1
799 2122 2715 864 1
780 745 828 697 1
828 2596 908 2715 1
3397 3712 3664 2125 1
3865 820 955 857 1
3865 2998 834 889 1
3865 1081 2998 889 1
3865 3507 1926 3048 1
3865 1081 3507 3048 1
1810 1220 1067 2314 1
1153 1080 1067 1810 1
211 1773 188 202 1
211 3607 188 3302 1
211 3302 188 1773 1
3115 3870 3719 3867 1
3868 3870 3409 2748 1
3868 3409 3711 2893 1
3869 3286 3708 1861 1
3867 3706 3047 3719 1
3870 3409 2778 3868 1
3399 3115 3667 2398 1
1861 3058 3569 2999 1
3286 3869 3058 1861 1
3115 3708 3867 3719 1
632 701 581 702 1
608 515 584 572 1
608 701 581 632 1
3871 3546 3033 2441 1
3871 259 261 239 1
3871 261 259 253 1
3871 3763 2441 1907 1
3872 2895 2833 3037 1
3873 1048 1006 2141 1
1159 936 1134 3018 1
957 2121 1159 1234 1
1385 2182 1267 1217 1
3770 2813 717 3874 1
2835 426 430 382 1
2835 2614 469 426 1
1009 889 1040 995 1
1009 889 834 2998 1
1009 1040 889 2998 1
1067 1153 1104 1000 1
917 1902 1874 834 1
834 1874 917 1365 1
834 1365 917 1009 1
1365 917 945 1874 1
1902 1405 2329 632 1
1902 1405 1611 2329 1
1611 1405 1902 834 1
834 1611 2268 1009 1
834 1611 1405 2268 1
3875 311 300 3408 1
247 235 3875 250 1
3875 311 317 235 1
317 250 3875 235 1
2144 3845 724 2581 1
724 3845 2144 788 1
2581 646 2730 3216 1
289 1950 339 278 1
2627 2895 3335 149 1
1908 832 3877 885 1
3877 1028 888 1018 1
3877 1114 1028 1018 1
3877 1018 888 963 1
3877 1114 1018 3221 1
855 752 861 738 1
1857 434 507 468 1
3878 252 314 3287 1
3879 3506 217 268 1
3506 3879 217 1684 1
260 252 3506 217 1
3287 2343 3878 3552 1
3878 2343 3287 2128 1
1517 314 252 1946 1
3878 2128 3287 314 1
3878 1960 3552 2343 1
211 1773 3879 1691 1
3879 1535 1955 1773 1
202 1535 1657 1773 1
3879 1773 211 1657 1
3880 841 826 876 1
3880 876 915 841 1
826 841 3880 795 1
729 826 711 734 1
729 3880 826 876 1
729 876 826 848 1
439 411 415 482 1
439 406 415 379 1
439 379 415 350 1
218 2273 231 332 1
332 231 1332 2273 1
472 549 530 510 1
419 530 472 486 1
419 530 435 495 1
419 530 495 510 1
279 193 248 237 1
248 193 207 237 1
279 193 215 248 1
279 263 193 237 1
237 263 193 227 1
1075 2683 3113 1010 1
2919 862 3881 2276 1
3881 2080 2235 594 1
748 3881 2323 594 1
748 1590 860 2670 1
748 2670 2323 1590 1
748 2323 3881 1590 1
2235 2323 3881 594 1
3881 2276 1590 2323 1
3881 2276 862 1590 1
1123 1222 3158 1811 1
3389 3883 3123 3581 1
2415 3256 2344 2992 1
1438 461 440 2221 1
3704 3599 3151 3138 1
809 790 824 2773 1
873 921 953 2773 1
3542 2579 3207 3685 1
513 415 406 495 1
513 510 415 495 1
513 415 498 482 1
3884 2744 3219 136 1
3554 3884 70 113 1
2744 3884 3219 87 1
1096 928 2565 2600 1
3656 2565 1224 2600 1
3656 2600 1224 1207 1
3656 2193 2600 1207 1
2565 1200 1880 1096 1
3655 1220 2394 2625 1
1067 2625 3221 1908 1
1297 843 1067 1296 1
1067 1296 843 1000 1
1000 1067 1296 1104 1
1297 1838 1296 997 1
1000 1296 935 1021 1
1880 1200 1297 1096 1
843 935 786 1000 1
1297 997 1141 1200 1
1096 1200 1297 2394 1
3816 1486 3886 1390 1
1390 190 3886 3816 1
235 3886 3816 2784 1
2784 3816 2510 1486 1
364 428 499 476 1
364 352 499 428 1
640 822 776 677 1
781 2209 2468 640 1
2209 2390 776 659 1
1172 977 952 924 1
1172 952 977 1252 1
1172 2966 952 1252 1
1105 3413 3567 3813 1
3888 2418 3887 3659 1
1192 3888 1152 3887 1
3887 1338 1192 3888 1
2845 1338 1192 3887 1
3887 2990 1192 2845 1
1948 1688 509 1290 1
1948 1290 509 2078 1
1840 509 1948 2528 1
1712 137 124 1518 1
107 1518 1978 1621 1
876 763 1006 875 1
876 915 729 3880 1
876 915 1083 1006 1
876 915 841 1083 1
1083 915 841 1079 1
364 3857 352 428 1
529 457 462 499 1
2437 3394 867 3889 1
3394 2964 3392 867 1
3395 3402 722 2818 1
3890 722 2964 2717 1
3889 883 830 3660 1
801 2717 3890 3889 1
2964 722 3890 3395 1
3395 2654 3678 3402 1
3402 2654 3728 3395 1
801 777 2514 807 1
3889 3198 2717 883 1
801 3890 722 2818 1
3890 3395 722 2818 1
3889 2964 867 830 1
3889 2717 830 883 1
162 175 3894 3421 1
2645 3677 2822 2810 1
3313 217 185 1896 1
3891 3106 3776 3350 1
3899 288 3027 271 1
213 3425 1443 1846 1
3894 3892 3384 3239 1
1419 1374 3476 1721 1
3856 162 2231 2091 1
3895 1954 3041 3181 1
3036 93 1299 2365 1
3898 1683 2202 458 1
1443 3143 2554 3222 1
3899 383 3750 320 1
3899 1653 383 320 1
3897 1677 118 3311 1
83 64 3042 57 1
93 3042 3352 3036 1
82 3663 81 47 1
3334 3663 3701 85 1
1299 3701 3606 46 1
3476 119 1374 1419 1
3896 2092 87 3897 1
3898 309 271 293 1
3892 3642 175 180 1
3579 1443 1442 3143 1
3898 2202 456 458 1
213 248 3899 1853 1
1846 213 1853 3222 1
3897 2092 87 121 1
3073 216 299 3064 1
2783 3061 3666 1903 1
180 1444 3892 3642 1
3027 213 248 3899 1
1846 3899 320 1853 1
1846 213 3899 1853 1
3617 3722 3093 153 1
213 3222 1846 1443 1
85 3681 49 88 1
3899 383 1683 3750 1
3899 3750 1683 3898 1
1419 162 3856 2091 1
1374 2231 2091 3856 1

End
