MeshVersionFormatted 1
Dimension 3

Vertices
876
-0.033939283341169357 -0.058432683348655701 -0.011408444494009018 1
-0.032043814659118652 -0.06442965567111969 -0.0027145217172801495 1
-0.031122397631406784 -0.031355269253253937 -0.01547615323215723 1
-0.030915606766939163 -0.065521664917469025 0.049799274653196335 1
-0.030642442405223846 -0.038079474121332169 -0.0064855413511395454 1
-0.030594061249648908 -0.064753955808150132 0.036652611587305511 1
-0.030540414154529572 -0.052268605679273605 -0.018265055492520332 1
-0.029895465206597308 -0.042280830459854146 0.033902031061204367 1
-0.029916906729340553 -0.067814111709594727 -0.018520660698413849 1
-0.029910530894994736 -0.020048357546329498 -0.0098398979753255844 1
-0.029715783894062042 -0.053568366914987564 0.044181756675243378 1
-0.029355924410003533 -0.034897858651436915 0.04464984873861088 1
-0.029469294473528862 -0.026135699823498726 0.0047704130411148071 1
-0.029229491949081421 -0.050009913742542267 -0.011175764724612236 1
-0.028744343668222427 -0.026210490614175797 0.024048896506428719 1
-0.02849934995174408 -0.055792298167943954 0.051126908510923386 1
-0.028242398053407669 -0.016361039131879807 0.020737858489155769 1
-0.026931528002023697 -0.021240975707769394 0.041546247899532318 1
-0.026884375140070915 -0.035453025251626968 0.027147013694047928 1
-0.026438133791089058 -0.062849946320056915 0.0028887898661196232 1
-0.026397213339805603 -0.035057276487350464 0.00055300653912127018 1
-0.025909492745995522 -0.0087896240875124931 -0.0033591312821954489 1
-0.025774544104933739 -0.037494387477636337 0.0098772561177611351 1
-0.025580482557415962 -0.062150381505489349 0.030078629031777382 1
-0.025520181283354759 -0.04624379426240921 0.02899586595594883 1
-0.025393186137080193 -0.066221646964550018 -0.028343044221401215 1
-0.025305990129709244 -0.068015754222869873 0.043858729302883148 1
-0.024664491415023804 -0.0094500966370105743 0.025250602513551712 1
-0.023963460698723793 -0.043512698262929916 -0.024006487801671028 1
-0.023246882483363152 -0.011829505674540997 0.043336324393749237 1
-0.023190738524510146 -0.0090104760002165715 -0.013927926211277393 1
-0.023011861369013786 -0.03423016145825386 0.048604033887386322 1
-0.022939540445804596 -0.051994785666465759 -0.027522770687937737 1
-0.022688809782266617 -0.063798896968364716 0.060047339648008347 1
-0.022548377513885498 -0.029263965785503387 -0.023048851639032364 1
-0.020248070359230042 -0.018028529360890388 -0.0241685900837183 1
-0.020204508677124977 -0.067513734102249146 -0.0020360080525279045 1
-0.019285585731267929 -0.0045016799122095108 0.047247521579265594 1
-0.019233604893088341 0.0010189727181568742 0.0084371333941817284 1
-0.01916920393705368 -0.021714795380830765 0.05146244540810585 1
-0.019135558977723122 -0.044746089726686478 0.0047816392034292221 1
-0.01900063082575798 -0.066398739814758301 0.028690803796052933 1
-0.018828094005584717 -0.045207057148218155 0.018230943009257317 1
-0.018239274621009827 -0.0019957665354013443 0.05609280988574028 1
-0.018151408061385155 -0.044906534254550934 -0.0011131434002891183 1
-0.017609545961022377 -0.007255032192915678 -0.02465527318418026 1
-0.017559224739670753 -0.027021104469895363 -0.028351537883281708 1
-0.017023370479665699 0.0094450753174653811 0.053244717779949602 1
-0.016692176461219788 -0.051340129226446152 -0.001386899733915925 1
-0.016327981679591756 -0.001372952442828001 0.020955796758825179 1
-0.016179481521248817 -0.0132625512778759 -0.032907333225011826 1
-0.015837842598557472 -0.048619061708450317 0.051414556801319122 1
-0.015686262398958206 0.059368357062339783 0.069105841219425201 1
-0.015611981973052025 0.047560364007949829 0.07151273638010025 1
-0.015059796161949635 0.012172865681350231 0.066363491117954254 1
-0.015036109834909439 0.034914214164018631 0.069847375154495239 1
-0.015028419904410839 -0.0081894407048821449 0.060622666031122208 1
-0.014944670721888542 0.046502172946929932 0.060410171747207642 1
-0.01474482286721468 -0.066811077296733856 0.058083932846784592 1
-0.014679312705993652 0.039511419832706451 0.085220903158187866 1
-0.014678036794066429 0.049936436116695404 0.084270291030406952 1
-0.014590741135179996 0.025825511664152145 0.070916667580604553 1
-0.014557411894202232 -0.066357403993606567 -0.02765912190079689 1
-0.01436991523951292 0.0023256395943462849 -0.0081145418807864189 1
-0.014035729558839236 -0.00085571198848146714 -0.019022539641200487 1
-0.013934420421719551 0.023861050605773926 0.060350954532623291 1
-0.013861359097063541 -0.047321241348981857 0.027907470241189003 1
-0.0137289147824049 -0.05991208553314209 0.059888478368520737 1
-0.013500342145562172 0.0036222308408468962 0.065049335360527039 1
-0.012830340882158404 -0.019426731525278389 -0.046079375816059177 1
-0.012762736529111862 -0.028769409283995628 -0.039621185511350632 1
-0.012447147630155087 -0.065059743821620941 0.004795844666659832 1
-0.012269593775272369 -0.03763049840927124 -0.025828400626778603 1
-0.01219735573977232 -0.049755934625864029 0.014607339166104794 1
-0.011973951724131241 -0.0019110259412869098 0.036354708140632172 1
-0.011777709496694636 0.060640915469686703 0.064777149892535066 1
-0.01193021666054752 0.057813905979227379 0.065404659722915023 1
-0.011271115207157987 0.060723532719964474 0.079370490852382986 1
-0.011657677755063749 0.061860362885636511 0.067755149620320948 1
-0.010948611423373222 -0.035958018153905869 0.049429208040237427 1
-0.010925004258751869 0.051753628998994827 0.065346136689186096 1
-0.010785712860524654 -0.06768200546503067 0.034054119139909744 1
-0.010581618661002809 0.059735621330043745 0.063280233924623105 1
-0.010089745825529085 0.061799203747642514 0.062807227936145155 1
-0.010307277171488858 -0.054009190602049853 -0.026011859881311085 1
-0.010398749262094498 0.051215067505836487 0.089309163391590118 1
-0.010230625048279762 -0.023795625194907188 -0.060112439095973969 1
-0.0096403583316249566 0.056738989950010699 0.06331958156931447 1
-0.0094994607092102144 0.0020490705537160622 0.01754469552242963 1
-0.0096092801541090012 -0.023263130336999893 0.05943390354514122 1
-0.0095619577749764921 0.06366734961052764 0.066444411092873287 1
-0.0095268711447715759 -0.068572267889976501 -0.0090082995593547821 1
-0.0095158014446496964 0.010286516509950161 0.047250378876924515 1
-0.010416090571611695 0.06294302401059057 0.065244152003233316 1
-0.009067569175366736 0.063168784033157191 0.068842529695877883 1
-0.0094882341888384708 0.063514084524136691 0.067832189751681329 1
-0.0090233618393540382 -0.04956495389342308 -0.00050271820509806275 1
-0.0088340425863862038 0.0055624446831643581 0.0062059150077402592 1
-0.0088222688063979149 0.052343674004077911 0.053685512393712997 1
-0.0087696863313360927 0.064383124353745991 0.060994285567368245 1
-0.0086412923410534859 0.064030073583126068 0.065193995833396912 1
-0.0076238898294991387 0.063962574020525423 0.068599668896443311 1
-0.0078829724997450928 -0.010992304785169608 -0.042365685008654792 1
-0.0075459917251576962 0.064313936330538973 0.067113350242754402 1
-0.0077535565942525864 -0.034160595387220383 -0.052351865917444229 1
-0.0077076880261301994 -0.014161812141537666 -0.050222840160131454 1
-0.0076009449549019337 0.019984014332294464 0.075946234166622162 1
-0.0070879354075241013 0.063713319932268309 0.07182655897708809 1
-0.0072641121223568916 -0.02403411827981472 -0.077170349657535553 1
-0.0070913918316364288 -0.032037906348705292 -0.066148899495601654 1
-0.0070071285590529442 -0.047692041844129562 -0.0086549017578363419 1
-0.0068092052824795246 0.0042136996053159237 -0.013126388192176819 1
-0.0032092986254477242 0.064753326947108975 0.063839452439003255 1
-0.0063614216633141041 0.0060945702716708183 0.068534612655639648 1
-0.0060800169594585896 -0.06723359227180481 0.050059475004673004 1
-0.0060286428779363632 0.022701214998960495 0.051240961998701096 1
-0.0055681434459984303 -0.0429537333548069 -0.022218896076083183 1
-0.0055284011177718639 -0.00048628149670548737 -0.023948090150952339 1
-0.0053667486645281315 -0.022396361455321312 -0.08897785097360611 1
-0.0053262906149029732 0.03724956139922142 0.058845419436693192 1
-0.005284847691655159 -0.043882414698600769 0.042310554534196854 1
-0.005253972951322794 -0.065143011510372162 -0.00025263434508815408 1
-0.0049880845472216606 -0.0094044236466288567 0.066232539713382721 1
-0.0049773422069847584 0.050010208040475845 0.061503138393163681 1
-0.004778797272592783 -0.053701121360063553 -0.014665732160210609 1
-0.0045991553924977779 0.042615983635187149 0.053566202521324158 1
-0.0045940373092889786 -0.038140751421451569 -0.035255171358585358 1
-0.0045334622263908386 0.064336039125919342 0.067342028021812439 1
-0.020447352787151291 -0.027569828080786184 -0.0066704086147119758 1
-0.0042155683040618896 -0.060382254421710968 0.053185466676950455 1
-0.0041614896205065064 -0.065844784498558892 -0.019188075910928637 1
-0.0040070777758955956 -0.0056861587800085545 -0.035259492695331573 1
-0.0039181197062134743 -0.053316075354814529 0.039044000208377838 1
-0.0038424727972596884 -0.062279831618070602 0.031905487179756165 1
-0.0031282627023756504 -0.041158698499202728 -0.045385424047708511 1
-0.002948421286419034 -0.051179327070713043 -0.035532262176275253 1
-0.0027112870011478662 -0.048294171690940857 0.033265825361013412 1
-0.0022931955754756927 -0.017487112432718277 -0.064081601798534393 1
-0.0020589346531778574 0.034419097006320953 0.055876906961202621 1
-0.0017564716981723905 0.0013164655538275838 0.03351491317152977 1
-0.0016222194535657763 0.04494207352399826 0.091772809624671936 1
-0.0014974825317040086 -0.033602848649024963 -0.082218185067176819 1
-0.00064775592181831598 -0.017243485897779465 0.063868768513202667 1
9.543884516460821e-05 0.031535204499959946 0.087479233741760254 1
0.00040062495122306259 0.064672594159052313 0.066205910214623798 1
0.0010646058595301711 0.065228704243767269 0.066041917326522398 1
0.00091279926709830761 0.064478721469640732 0.067405685782432556 1
0.001195030752569437 0.065006330609321594 0.064193382859230042 1
0.0013336032553204317 -0.035494709861383443 -0.072389412450550805 1
0.0018381801796049657 0.065346901253977449 0.067439879860565322 1
0.0018491559894755483 -0.036619938910007477 -0.063071705400943756 1
0.021100073765083421 -0.056882259728392191 -0.019506180805424416 1
0.0018977089147991883 -0.020578340226718905 -0.091675533255019523 1
0.0020274857524782419 0.065921545028686523 0.064307153224945068 1
0.0016301557841620282 0.004276255183379732 0.010780603022374137 1
0.0023757684975862503 -0.06175372377038002 -0.015182323753833771 1
0.0027218607719987631 0.013872513547539711 0.072859272360801697 1
0.002774995984509589 0.065222948789596558 0.062920648604631424 1
0.002788055338896811 0.064154874533414841 0.069441966712474823 1
0.0028556226752698421 0.06609344482421875 0.066978789865970612 1
0.0029307424556463957 -0.064583182334899902 0.039533544331789017 1
0.003175793681293726 -0.016351234167814255 -0.060616455972194672 1
0.0035058607561213144 0.064952114374210196 0.069080631904463299 1
0.0035513913714083087 0.06574046816047549 0.063052918136569241 1
0.0034459461458027363 0.065625838935375214 0.068424589931964874 1
0.0035038229543715715 -0.051182299852371216 -0.04393262043595314 1
0.0039525497704744339 0.0053733061067759991 -0.0092363487929105759 1
0.0040073925629258156 -0.041679702699184418 -0.025029821321368217 1
0.0040130340494215488 -0.045143056660890579 -0.014440118335187435 1
0.0040413588152831874 0.065695112524353505 0.060077864822409247 1
0.0040730531327426434 -0.05732320249080658 0.039615612477064133 1
0.00408525625243783 0.018024137243628502 0.047105543315410614 1
0.0041408790144693928 0.066370227186247285 0.064140355780179806 1
0.0041490523144602776 0.065263539552688599 0.062716126441955566 1
0.0041821938939392567 -0.066158726811408997 0.027789460495114326 1
0.0043306113220751286 -0.062008600682020187 -0.0059079057537019253 1
0.0043601407669484615 -0.040785323828458786 -0.032157678157091141 1
0.0046015069907530057 0.0067179573747638468 0.043246149560974688 1
0.0045819920487701893 -0.03627459704875946 -0.043783385306596756 1
0.004706744420518192 0.064129603495763979 0.069656722341428709 1
0.0052095536399948709 0.065229711754371353 0.062962142186848979 1
0.004940548911690712 -0.035759437829256058 0.050169896334409714 1
0.0051926774904131889 -0.047522928565740585 0.033176634460687637 1
0.0055276025765542891 0.048247544443930514 0.062868340246171037 1
0.0054757907055318356 0.06590038537979126 0.063718691468238831 1
0.0054910997860133648 -0.064398519694805145 -0.024532048031687737 1
0.0057561595721602752 0.065837269258382028 0.067961002152205741 1
0.0056855443748898768 0.066208706211122223 0.066762949467753893 1
0.0057554556988179684 0.026963671669363976 0.052656054496765137 1
0.0058400086127221584 0.057486101984977722 0.08749699592590332 1
0.0059537198394536972 -0.055279891937971115 0.025539951398968697 1
0.0058062369042866692 0.065294749873795105 0.068686975226525268 1
0.0061662029474973679 -0.020993085578083992 -0.073307782411575317 1
0.0061791969928890467 0.064184404909610748 0.069368544965982437 1
0.0064195352325598131 0.064600755267391466 0.062616369845130929 1
0.0062716426327824593 -0.056411493569612503 -0.025359233841300011 1
0.0063979290425777435 0.025485947728157043 0.080142393708229065 1
0.0064862738363444805 -0.011827188543975353 -0.045552588999271393 1
0.0065463036298751831 -0.048569265753030777 0.024389976635575294 1
0.0065882098861038685 -0.026862965896725655 -0.084978222846984863 1
0.0064057656957378127 0.066025815962262674 0.06530901171404635 1
0.0068813392364812558 0.065497524572288621 0.064037280304681768 1
0.0068967456209973865 0.044605979000119499 0.053279853034177711 1
0.0070688612759113312 -0.049605660140514374 0.00668333750218153 1
0.0071988390701761664 0.053852510703472058 0.062839031314879973 1
0.0071041320916265293 0.064117155969142914 0.068960528820753098 1
0.0068387630287243158 0.0004279004825108023 0.025289811919418103 1
0.0075800845486488997 -0.068560795812409508 -0.009155298039487279 1
0.0076047549955546856 -0.044497124850749969 0.039280001074075699 1
0.0076294494792819023 0.065603367984294891 0.06641136109828949 1
0.0076875821687281132 0.064793765544891357 0.068185746669769287 1
0.007779434675386959 0.063987511340430112 0.063408680784417637 1
0.0080570755526423454 -0.023868799209594727 0.058735866099596024 1
0.0082498956471681595 -0.0038579145912081003 -0.029549060389399529 1
0.0084931980818510056 0.064590543508529663 0.064760513603687286 1
0.0086095994338393211 0.0038158369716256857 0.067056290805339813 1
0.0087096559390459141 0.063548730208962706 0.064606872149511663 1
0.0089315264699146475 0.063353303805734326 0.067978433752353448 1
0.0088474956222545816 -0.058903860847744224 -0.00084562722913283581 1
0.0088287172839045525 -0.035492289811372757 -0.036444146186113358 1
0.0090239737182855606 -0.031334765255451202 -0.058164898306131363 1
0.0090988479399015578 0.062979156237792433 0.076289853630156321 1
0.0090979023373440777 0.063326205091704335 0.066446088825849611 1
0.009153430350124836 0.063795015215873718 0.066132932901382446 1
0.0095723113045096397 0.053425818681716919 0.055134337395429611 1
0.0098450489482121463 -0.019697763904472317 -0.057268390703364452 1
0.010071959998223296 -0.061582206967487355 0.019679735337956073 1
0.0099316071718931198 -0.010054722428321838 0.062413152307271957 1
0.0099730044603347778 0.047099661082029343 0.089895389974117279 1
0.010654404759407043 -0.065320700407028198 0.0017607725458219647 1
0.010818617418408394 0.034789044409990311 0.065484672784805298 1
0.010858871042728424 0.0013345123734325171 -0.018057890236377716 1
0.011406101286411285 -0.05229756236076355 -0.0072728046216070652 1
0.01147201843559742 -0.060124896466732025 0.048988085240125656 1
0.011556512676179409 -0.068805351853370667 -0.024458257481455803 1
0.011692570522427559 0.017480168491601944 0.070240743458271027 1
0.01191315520554781 -0.039588373154401779 -0.028193602338433266 1
0.011992894113063812 -0.047313004732131958 -0.0041695055551826954 1
0.012003428302705288 -0.029362024739384651 -0.041304178535938263 1
0.012287655845284462 0.0027464358136057854 -0.0093879038468003273 1
0.012334478434419045 0.0031916740563839594 0.0099875018689369391 1
0.012451180256903172 -0.06609499454498291 -0.030448151752352715 1
0.012663450092077255 -0.01720607653260231 -0.046258576214313507 1
0.013662686571478844 -0.050615064799785614 0.043643292039632797 1
0.013852127827703953 -0.047056090086698532 0.019606009125709534 1
0.01404950674623251 -0.035440810024738312 0.043416328728199005 1
0.014156014658510685 0.020260164514183998 0.060488194227218628 1
0.014307699166238308 0.039125677198171616 0.083790265023708344 1
0.014429817907512188 0.043643470853567123 0.060853615403175354 1
0.014519066549837589 0.047234106808900833 0.06834680587053299 1
0.01456689102184938 0.051690310610044157 0.085553447950670741 1
0.014680538326501846 -0.067351885139942169 0.033998481929302216 1
0.01470986008644104 0.033730544149875641 0.075010761618614197 1
0.014716514386236668 -0.032345935702323914 -0.030575618147850037 1
0.014792663757326189 0.0092023273217396225 0.062826007424462163 1
0.014994962140917778 -0.010353480465710163 -0.033209044486284256 1
0.015402706161304652 0.060568837436754605 0.067203758068893532 1
0.015590131282806396 -0.023590756580233574 -0.037229966372251511 1
0.015732539817690849 0.007821931503713131 0.051323030143976212 1
0.015858069062232971 -0.066429182887077332 0.049112305045127869 1
0.016204545274376869 -0.0027460036799311638 0.039850883185863495 1
0.016081876418730507 -0.020705366554104394 0.052227040508559856 1
0.016880575567483902 -0.0059567922726273537 0.055865969508886337 1
0.018252047844274394 -0.065390592965366548 0.0004962430031028647 1
0.019591256976127625 -0.005170079879462719 -0.01350646186619997 1
0.019667575135827065 -0.012871124781668186 -0.027128290385007858 1
0.019697839394211769 -0.051428951323032379 -0.0067504202015697956 1
0.019716592505574226 -0.051306962966918945 -0.030439632013440132 1
0.019726861268281937 -0.0059007196687161922 0.025108015164732933 1
0.019750166684389114 -0.010235661640763283 0.046538915485143661 1
0.019990295171737671 -0.042610578238964081 -0.0026094962377101183 1
0.020347734913229942 -0.040287397801876068 -0.026228073984384537 1
0.020530020818114281 -0.0046551972627639771 0.013277178630232811 1
0.020758423954248428 -0.004185632336884737 -0.0033328304998576641 1
0.020895787162206282 -0.056422027210543665 0.019333285294265722 1
0.020946590229868889 -0.067942306399345398 -0.029923815280199051 1
0.020981071516871452 -0.02487407810986042 -0.027252839878201485 1
0.021798968315124512 -0.012593184597790241 -0.018301188945770264 1
0.021855147555470467 -0.025131091475486755 0.042165141552686691 1
0.022519787773489952 -0.012435900047421455 0.036703452467918396 1
0.022742251153653067 -0.012615578381107623 -0.0083295390395930757 1
0.023397397249937057 -0.050589527934789658 0.042538244277238846 1
0.02342667244374752 -0.0432911217212677 0.019754158332943916 1
0.023558743298053741 -0.059605922549962997 0.05007244274020195 1
0.024018848314881325 -0.034386556595563889 -0.00065455870935693383 1
0.024252211675047874 -0.0094566252082586288 0.002121160039678216 1
0.024285051618471921 -0.012344664650249316 0.026414286038422621 1
0.024797715246677399 -0.034194793552160263 0.016985179856419563 1
0.025244586169719696 -0.017529724165797234 0.0054712374694645405 1
0.025657111778855324 -0.032523207366466522 0.041752655059099197 1
0.025852840939346713 -0.067220525762127267 0.034386675765078395 1
0.026018092408776283 -0.063679933547973633 -3.0541850719600916e-05 1
0.026445323601365089 -0.01940063014626503 -0.016678748652338982 1
0.026562241837382317 -0.023660076782107353 -0.0059313997626304626 1
0.027166228741407394 -0.033390834927558899 0.019268941134214401 1
0.027670344337821007 -0.021632429212331772 0.0078690405935049057 1
0.028300631791353226 -0.066045790910720825 0.047930166125297546 1
0.028624340891838074 -0.046372201293706894 -0.020791254937648773 1
0.028704151511192322 -0.064281843602657318 0.022220604121685028 1
0.028758512809872627 -0.059827599674463272 -0.0058350875042378902 1
0.028828546404838562 -0.0498092882335186 -0.014841308817267418 1
0.028833718970417976 -0.02029833197593689 0.030018843710422516 1
0.029366340488195419 -0.036084689199924469 0.038178626447916031 1
0.029706114903092384 -0.058420602232217789 -0.02598104253411293 1
0.030004609376192093 -0.029260756447911263 -0.017298609018325806 1
0.030486064031720161 -0.042470809072256088 -0.0090921344235539436 1
0.030750727280974388 -0.065915852785110474 -0.023478522896766663 1
0.030869362875819206 -0.033129502087831497 0.025526629760861397 1
0.030984372239825149 -0.066899515176331401 -0.0091207123189620889 1
0.031279075890779495 -0.050924066454172134 0.029024627059698105 1
0.031539928168058395 -0.056200318038463593 -0.014559710398316383 1
0.031994741410017014 -0.056297454982995987 0.038594547659158707 1
0.034405902028083801 -0.066254451870918274 0.03468773141503334 1
-0.025566437109644728 -0.060003535180699882 -0.010438520816481311 1
-0.0020063622423784839 -0.0087133435377661356 0.055810111502173576 1
-0.0078216239344328642 0.0048880721442401409 -0.0034602365922182798 1
-0.021771753705866981 -0.048288170796992366 0.03937533965471663 1
-0.012157156767013198 -0.061434885109061574 -0.0096591920212360325 1
-0.0057631993545229866 -0.029883061717167779 -0.025361848859346857 1
-0.0063817120730093584 -0.03292242296554173 -0.0067535311919095301 1
-0.0094117265649343862 -0.030871027677135038 0.0093692749113836703 1
-0.008111955721526596 -0.033464611654358156 0.024375475564469031 1
-0.0087821970439440188 -0.030652646697889124 0.037655361673937147 1
-0.0046612814815182963 -0.016492432870847527 -0.038142059715524416 1
-0.0077206046871623087 -0.01488247034810955 -0.025455426594410548 1
-0.0049673077299194112 -0.014972728179447732 -0.009095551137780435 1
-0.0078533193208344485 -0.016977583958807576 0.0094883561169665665 1
-0.0063306278736557225 -0.016443458437551219 0.024248493441325486 1
-0.012195627259900537 -0.018506770097739118 0.040216146911156568 1
-0.0057761180308419958 -0.0031069514783674829 -0.008406821152233214 1
-0.0062420111004558489 -0.0029444038600301807 0.0084245591542029645 1
0.015520552819124206 -0.048494064793968443 -0.021557956374648996 1
-0.0075586039982277007 -0.0029057336898152208 0.044774495451605549 1
-0.0078396486538808673 0.0010018262600522217 0.056043809862326793 1
-0.0064713984034831286 0.011754787265443269 0.057974137760618508 1
0.00042339731327260057 -0.020897276680236731 -0.026058814880119057 1
0.01039358988172585 -0.032104044314343987 -0.023407611248461881 1
0.0073827800592468776 -0.032549807694357211 -0.009965408209902854 1
0.0071650307246947783 -0.035145346450860836 0.007964607429243771 1
0.0050415075685132952 -0.034370189946741861 0.024438345462615616 1
0.0085386330775066924 -0.029714257990291006 0.040813629626460977 1
0.010772300886297903 -0.017925531129799215 -0.023204565750726418 1
0.0094588414509924959 -0.016760835281337021 -0.0079757458728002602 1
0.0091826751105369385 -0.016359880933731804 0.011495132695369375 1
0.0057947918615533483 -0.016910269313113058 0.025954063862902187 1
0.0092065898571300191 -0.017678654680962538 0.039049593786171538 1
0.0068733999302791988 -0.015848747757597561 0.051047699048309289 1
0.010193313441453097 -0.0047208764060006165 0.0080801264235787137 1
0.0073484551530532587 0.012974181526820758 0.057373446785661475 1
0.0064514063314675936 0.02780208071638304 0.067898041042695173 1
0.0074362095750172587 0.043970812106933932 0.070717318806267748 1
8.7108283319773085e-05 -0.024106998336035516 -0.016338837019474469 1
-0.0097133296377645631 -8.6791457782854989e-05 0.026510722785910577 1
0.00025471762813604606 -0.024644645737477842 0.00024181699063630593 1
0.00031895029427299885 -0.026002763798158239 0.015613633654750282 1
-0.022226297628951494 -0.056426711956207139 0.02884173887792504 1
-0.0012036963228406589 -0.024591494505807329 0.032317566663251709 1
0.0015291723304175794 -0.0094468359697811866 0.00076490237591012044 1
0.00053662653443361965 -0.0097876153740078919 0.045633884107056037 1
-0.0045144121449924605 -0.065700831480523719 -0.011608314687792278 1
-0.029269597811137749 -0.032967662283476036 0.036606927643479149 1
-0.012074858961554157 -0.0093619549611276224 -0.034685143329203687 1
0.017787473325146123 -0.05738748170465352 -0.0040029312765869282 1
-0.00057578445683280789 0.058740220118706922 0.061919511454652326 1
-0.0048742701860885976 -0.064564156278006407 0.040276824626867505 1
-0.010522831655076731 0.028448103240323167 0.080040703746312114 1
-0.021779789665804197 -0.0038892839484055176 0.01631986098853614 1
0.0067856666900568477 -0.00056821180146957159 0.036580160372073518 1
0.014244115245872787 -0.065416202464486747 0.025623229889709886 1
-0.029165539083913363 -0.018339500671349974 0.002096893885071751 1
0.0042884209430865648 -0.028808844405027508 -0.029690682591410548 1
-0.0038773444389742389 0.028377407496658378 0.063531488089474106 1
-0.010310476071631427 -0.057902776827840251 0.044672843611082667 1
0.020513535857282269 -0.041022397116712871 0.0361813139124234 1
0.0029843190622394437 -0.0096290722439185267 -0.020593636845828798 1
0.00010607044472240348 -0.039570014635606346 0.016370897488144215 1
0.004447589917567849 -0.0012666833193614329 0.058028244990174414 1
-0.019460995027038866 -0.021162511905082768 0.015125528841007499 1
-0.016654177415536667 -0.059086379878578732 0.037480091718816715 1
-0.016865358320472271 0.0041267831247308422 0.060530976882076835 1
-0.018338579639436619 -0.057426707204492951 -0.016200328917815754 1
-0.01410153264252002 -0.030106113010835715 -0.00016457631237661529 1
-0.017230655174701164 -0.023072821819730301 0.028858162097946571 1
-0.011594349842180929 -0.02647436692217587 -0.049076420033225619 1
-0.019161973314493968 -0.029639270378736236 0.01843569170147941 1
-0.0047500932973487614 -0.018647146310390009 0.052386509838331832 1
-8.2337032297999502e-05 0.037859059252833283 0.068694035789109376 1
-0.0028237003866715678 -0.03860280944003628 0.0053045118996975504 1
-0.011221798028496283 -0.032378116461284148 -0.032014592026595991 1
-6.439292303814325e-05 -0.025137145890541793 -0.0460067079206503 1
-0.00027531567210049786 -0.041437242365973841 -0.0032682704792159466 1
0.0096602018362036187 0.003959260822846815 0.056958078367130523 1
0.0086796710135887377 0.063610655373933886 0.062943821349382645 1
-0.0075298775653724536 0.045861290712820565 0.069241788083289374 1
0.011004158947880628 -0.053945454379141819 -0.01617140636663952 1
0.025897235151037895 -0.053117573710280273 0.020908783279313906 1
-0.012153584868173313 0.06200011354411504 0.06494878261682685 1
-0.026595634112183561 -0.011535741856928534 0.0072642799118770203 1
0.007356220117877006 0.048448315872218727 0.080591722466658217 1
-0.0022765694988033948 -0.018472446018829754 0.042477108284963032 1
-0.001514463943225489 0.049283840149848469 0.082941027365233622 1
0.018125397071193278 -0.048437586993373305 0.029760316568958629 1
0.017277651729513399 -0.067911982295827414 -0.0091198987331521687 1
0.0017940810369274683 -0.0031238328307187837 0.066545759064824087 1
-0.0019655314900833909 0.054049362762046034 0.072273562326852225 1
0.0077365587735052348 -0.02897121044425844 -0.072336992610619294 1
-0.0039765125631479135 -0.061598100537107126 0.039550616691922488 1
0.015816155196216139 -0.023864805241918526 0.014109334334278148 1
0.024363492254566251 -0.010911747450128243 0.011242627570353537 1
0.0026032126554645647 0.0067127089625247686 0.052450494615764794 1
-0.0031830515222307184 -0.021806907332669677 -0.053868808548959694 1
0.010234939372283595 -0.028930049973755371 0.050942085457871052 1
0.000438710805827246 -0.034538822366315947 -0.01811732959760946 1
-0.012315463940665725 -0.049159200462596829 0.03863885636679603 1
0.005034221652749693 0.039317432790994644 0.088687311857938766 1
0.014722682200200085 -0.0025377042446203713 0.018887922866022259 1
0.015210697413425931 -0.015463604650140973 0.028954371175279197 1
-0.0088519159471616149 -0.05480053648352623 0.029906478710472584 1
0.00015601446518547293 0.052871862274649961 0.054392675112184111 1
0.00073426376228181273 -0.036697437324505748 0.033740301652578152 1
0.0052802296024600471 -0.018001777482965844 -0.034272359759391101 1
-7.1999661644331152e-06 -0.014007693957074836 0.016936798269169828 1
0.0015176618158973644 -0.0041656832701757627 0.015754137373762075 1
-0.00099194719140168115 9.2644867305336845e-05 0.048664860510659491 1
-0.0050163851119577885 -0.059422066435217857 -0.0074591832526493818 1
-0.0012769064503491804 -0.039836425319090006 -0.011837329096987885 1
0.012124063079271743 -0.057247043816700538 0.032663840638643755 1
0.010929062309745748 -0.025944176419426476 0.031692042859273274 1
0.024527254514396191 -0.04155636765062809 0.042145449668169022 1
0.015018473616235256 -0.056699774924676989 0.025061437020592929 1
-0.015227731449683188 -0.039092717910117175 -0.016022494720681024 1
0.012574655661134755 -0.010500412021391039 -0.016841010864324529 1
0.012158870014934146 -0.025114010714696395 -0.015544172089210172 1
0.011292635579099281 -0.062429582173967255 -0.016281377497778228 1
0.020064717432167655 -0.019280833278000356 -0.00049810964657404241 1
0.031074219383299351 -0.042026784271001816 0.027275628410279751 1
-0.017604567110538483 -0.0448126420378685 -0.02667558565735817 1
0.0097410873612559425 -0.047968597120158149 -0.027011248743214849 1
0.013350470601425584 -0.040814786960721799 0.02441760353385827 1
-0.0075525334429110821 -0.026710969132606604 0.047591977537498574 1
0.011932555106874696 -0.021857311022755746 0.045608572964243851 1
-0.010735486866906285 -0.052520625293254852 -0.0080263159470632672 1
0.01789940397651444 -0.05860919089822731 0.040309035024451927 1
0.024818812681271667 -0.025036916700425675 0.0021182014054182065 1
-0.027966800145804882 -0.059245126321911812 -0.023304049856960773 1
-0.011501720402265934 -0.063157247526412608 0.043361174952734276 1
-0.021717843470917195 -0.067119770764983044 -0.022729402546965108 1
0.014528902855018512 0.048990926451879815 0.077499226361873716 1
-0.01894508429463403 -0.039611761636819495 0.039625269709302864 1
-0.015182149596512318 0.054652396589517593 0.076688066124916077 1
0.019766975864304519 -0.020554168321872571 0.03237638257371539 1
0.0010015968053251213 -0.0098030329871255008 0.010303109083285411 1
-8.1225743274555384e-05 -0.0079671779908321184 0.024906864224927588 1
0.020869038970245436 -0.036557617049274543 0.024595542337829301 1
-0.0098779811523854733 -0.050967568531632423 0.04522927850484848 1
0.01165506080724299 -0.0011727601813618094 0.032471227459609509 1
-0.0061737969517707825 -0.036150673404335976 -0.043803518638014793 1
0.023855855339783398 -0.038724053075200375 -0.015987276728080795 1
0.0068075824528932571 -0.049087462946772575 0.015536657068878412 1
0.0015318333116319479 0.045246859956940791 0.076293380606075545 1
0.030322708189487457 -0.043504377827048302 0.033601626753807068 1
-0.0091705398252320408 -0.024247217908793098 -0.0093306557801898834 1
-0.013622406007575458 -0.010639513122534019 -0.014151149821662542 1
0.003711843893588558 -0.00042885459788035839 -0.022713264701943639 1
0.024551477771549677 -0.032654810729488913 0.0093166809746270066 1
-0.01767820431597731 -0.06779625460998405 0.038380774976209744 1
-0.0071414412692917643 -0.038294201682203759 -0.014477005195460755 1
-0.001314656813891488 -0.049484599078017541 0.0024583129820174758 1
-0.0019499291526748632 0.048564823395517161 0.053491233641367056 1
0.010218898919793896 -0.0081649163502687354 0.025640177797360702 1
0.029202854353420606 -0.039200262426282315 -0.019327378377563965 1
-0.0022793703246861696 0.054350584745407104 0.088403079658746719 1
0.014474899772752698 0.041371118732922464 0.075698750020590413 1
-0.008747368585318327 -0.023914871737360954 -0.068641394376754761 1
-0.0097388895932058635 -0.042842016994236891 0.01063659054170539 1
-0.022291184090565391 -0.052996446314817307 0.033785100077293122 1
0.017870115239015966 -0.025671376060153128 -0.0047318744883831356 1
0.013201215304434299 0.025605356320738792 0.072625752538442612 1
-0.0080289871103722057 0.051758395665762562 0.077932418348811247 1
0.01572282511421938 -0.034696653058008696 -0.0043642574940023693 1
0.014569838996976614 0.038687007501721382 0.067932188510894775 1
-0.010203642516614365 -0.0057842433701270077 -0.029267275337512607 1
0.025176172144711018 -0.034774077124893665 -0.021763341501355171 1
-0.0058735426449252233 -0.024359159467713193 -0.033728755030807821 1
0.002511856278647453 0.019767640492296398 0.061556173044754643 1
0.012162617357416918 -0.02510721648681 0.0022975272581406739 1
0.013369791148789006 -0.035857971428067424 0.033311638200667154 1
0.0072006982357891488 -0.018224382769311279 0.0026707515588782218 1
0.012268092662479822 -0.00028803128666325846 0.062176673009983016 1
0.017957758666745628 -0.024818912310889344 0.024871004362860154 1
0.012922510970383883 -0.047184547409415245 0.0077182517852634192 1
-0.00059364877501604429 -0.033905911761701123 0.04219218082946543 1
-0.014135957358184452 -0.022717222770779671 -0.017574086412410553 1
-0.021759660544400733 -0.043636473485764112 -0.013232011778567419 1
0.0044084610134256562 0.037380627573066656 0.078409639795579508 1
0.027999973855912685 -0.026844583451747894 0.024643892422318459 1
0.015541282275158889 -0.027898513842799622 0.047476453257510959 1
-0.0051529595742248017 0.031806425116014912 0.076055108891701528 1
0.017326868738241359 -0.044760845079720626 0.0094601288460530192 1
0.0042134481019318239 -0.034028256710258747 -0.066518605913730308 1
-0.005723838931278394 -0.006137399664292463 -0.017134086150830296 1
-0.015045045995631992 -0.047432078241683891 -0.01952511047367712 1
0.0048795064842944392 -0.0047504336225289937 -0.0097661831753440686 1
0.025965503416955471 -0.067421004176139832 -0.019520900677889585 1
0.017988016828894615 -0.017613779287785292 -0.03023094218224287 1
-0.024356480052534792 -0.0084095904836827082 0.012335942567660324 1
0.003499058883280197 -0.0053885844521056048 0.031427746569600304 1
-0.017676778330024536 -0.01186352586715673 0.011711336707497492 1
-0.0057173113742767573 0.018095193003972478 0.065632678804613681 1
-0.011387027143992267 -0.045680311698067293 -0.025968109499388995 1
0.019951396159866377 -0.031092122901126111 -0.014310188250765287 1
-0.017551967332856768 -0.060414409039798299 0.049044495923897508 1
0.0098610709715700531 -0.040961011932193973 0.015465356805189966 1
-0.017675625856128883 -0.014100520992053297 0.0339133601854597 1
0.021392722389364249 -0.042761269033761991 0.0061757125076080249 1
-0.019538213654607752 -0.020702867481988324 0.0046656490903024582 1
0.012440468969854073 -0.024066462718844283 -0.029333010684014418 1
0.00067138320304714085 0.054091501572382121 0.07796079322332776 1
0.020331591367721558 -0.059624634683132172 -0.030181723646819592 1
0.014161453968902718 -0.037212532322027987 0.0042780725485132964 1
-0.0082185544199059185 -0.067431095799312904 0.043139841273161519 1
0.0072015690057014581 0.035330440849065781 0.085634749382734299 1
-0.016377547015909849 -0.053913178708417428 0.044706283657408051 1
0.02533132469266906 -0.016499930808491822 -0.0021561345106611745 1
0.0010352445776744693 -0.030550334026678054 -0.03826203491563001 1
-0.00078800633839143125 0.046040305386939956 0.070645977467061902 1
0.017199854109063318 -0.068132698503800604 -0.016122427909335605 1
-0.010537744666939063 -0.053857267860923451 0.05197921254101056 1
0.015912122093141079 0.0014832727611064911 0.059195352718234062 1
-0.010995007474041436 -0.022275396325273804 -0.00082367997103738452 1
-0.010393415360771362 -0.023878985424867109 0.019695335893800774 1
-0.010333468883498675 -0.010854559555166562 0.049340543455622062 1
0.0060882114789856468 -0.065837301106441565 -0.017910754544482856 1
0.0099927574225578322 -0.024461590701010585 0.020026888538452657 1
0.0084284047138640777 -0.0086506368619709856 0.017350460173439455 1
0.0098311283857370427 -0.0088844659826174295 0.036215388339878321 1
0.0074867703242838353 -0.025275327987502972 0.0096578896108684403 1
0.016083886381238699 -0.058700978755950928 -0.030443891882896423 1
0.026381868869066238 -0.043337108567357063 0.040358435362577438 1
-0.022153310477733612 -0.067207247018814087 0.03627476654946804 1
-0.0084668839675476112 -0.0015399842741529728 -0.00048496411443046841 1
0.010352814104408026 0.03230581246316433 0.081966329365968704 1
-0.019815681820748846 -0.068121501098618809 -0.014356585793806817 1
0.016243021603288943 -0.04289760025233845 -0.01218932619041248 1
-0.016133859184924524 -0.0497424487996617 -0.010991332317731922 1
0.027418286539614201 -0.027511632069945335 0.013568990863859653 1
-0.016468292052322416 -0.037494188085495588 0.016335232992495518 1
-0.018572337289973165 -0.035774858531350109 -0.0064017335089773088 1
-0.0028161288847842005 -0.041723218066661918 0.026572227133636744 1
0.023772596214854017 -0.038604628574525408 0.0098214984624655863 1
0.0089827962720032076 -0.041499191587768207 -0.0019730990147665598 1
0.028252031654119492 -0.020965380594134331 0.018943942151963711 1
-0.030260653235018253 -0.053747054189443588 0.035377981141209602 1
-0.019332355955878011 -0.032111871507300375 0.030275657265536882 1
-0.013900175129406288 -0.0094980334609914268 -8.1756473311342683e-05 1
0.0023251714488444742 0.0083280326790574344 0.062467764426920161 1
0.018513500425395561 -0.031022369718189707 0.018932369531542693 1
0.0019096801617190301 -0.0022690244869103958 0.0063472426541168036 1
-0.019319653343703013 -0.032906480422584254 0.0051325940060542889 1
0.0023140322579674063 -0.024969377482626592 0.046168536759015048 1
-0.019021253462166602 -0.028843643076146716 0.040460288093169143 1
0.0043798413826152682 0.034604070708155632 0.06068078987300396 1
0.0081439702771604061 0.0042868278687819839 0.00056434376165270805 1
-0.0275081996462254 -0.018300949985569446 0.030342249828259546 1
0.0095068406507588556 -0.068703936604479335 -0.016224123020163208 1
0.0095380274933095886 0.040238083128725857 0.05949833671481853 1
0.0022974845487624407 0.051718013361096382 0.058318737894296646 1
-0.0016933588796593261 -0.0279971254115872 0.055889109278143834 1
-0.01925859976808748 -0.018149999561892956 -0.0077901057590676207 1
0.015217764901781046 -0.060588728452554794 -0.023706504428611767 1
-0.030831405892968178 -0.041811937466263771 -0.016870604362338781 1
-0.007454321370460093 -0.049025053158402443 0.023936582263559103 1
-0.0099911928911378765 -0.0077859659359198283 0.015653437464701252 1
-0.01436314731836319 0.0038418106851167977 0.04470701701939106 1
-0.0019065926951691761 -0.04964755511487981 0.010847463082451084 1
-0.0018594562152117536 -0.01096135227103851 0.036063582588800019 1
-0.00019913397036668657 -0.027263343059414996 -0.060307696418851697 1
0.022247857187787542 -0.030210020514409706 0.03145589778389335 1
-0.01125723760307276 -0.031404401682642136 -0.016938767921631782 1
-0.0003019395270007167 0.061555880730233381 0.078666814178022862 1
0.015970930533311764 -0.011964476750148148 0.0032100080785979661 1
0.014992310665547848 0.056084683164954185 0.076467987149953842 1
-0.00022199812390790227 0.024804109639013257 0.071129766909161826 1
-0.022544109917872032 -0.033394885872847987 -0.014025116941357441 1
0.030680540949106216 -0.046191072091460228 0.038386587053537369 1
-0.018600100014607421 -0.0096470215520556082 0.054296164639356867 1
0.025032642403318147 -0.025416347628775485 0.01090943872232107 1
-0.014949600951110757 -0.067626387130249918 0.045397164973872091 1
-0.022654068656265736 -0.041966049000620842 0.048065967857837677 1
-0.0015917740270601985 0.0053997917957068669 -0.0015973501319219994 1
-0.0096735308977306637 -0.0088372878021640375 0.03029551216192387 1
0.01443696700689958 0.027093361289825545 0.06785514032352484 1
-0.014635026920586824 0.032668465748429298 0.07806878536939621 1
0.01584906851967087 -0.014479201596390464 0.020142004162276197 1
-0.016430994961410761 -0.056859990581870079 0.028299137018620968 1
0.01231152331456542 0.002973392722196877 0.00048856623470783234 1
-0.016220001831694742 -0.013006680635090886 0.02250726460017136 1
0.021490585058927536 -0.066698838025331497 0.040964324027299881 1
0.0024452439223006848 -0.047656758225488767 -0.0055841608677680401 1
0.0032155740191228688 -0.036447267979383469 -0.053427545353770256 1
0.028422829708670147 -0.032966345697228859 -0.0073756920915230501 1
-0.012735012974885811 -0.067517840393723036 -0.018023647038139828 1
-0.0089819011481419141 -0.042070878873995403 0.018752276731708425 1
-0.029336366802453995 -0.034476688131690025 0.029099524952471256 1
0.011779834062110452 -0.062000615599120276 -0.0062087443308528724 1
0.0039558051503263414 -0.031167703680694103 -0.07877601683139801 1
-0.009251392139294868 -0.040148883174972679 0.033526259057686941 1
-0.02913551321200622 -0.025955812609409785 0.013285991716333772 1
-0.025685233995318413 -0.024691899307072163 -0.019822371657937765 1
-0.027833812870085239 -0.056429930031299591 -0.0041434874292463064 1
0.018167323571423262 -0.019054004403328297 -0.01322911063853361 1
-7.8135721969842454e-05 -0.027632124907201499 -0.070233928559706615 1
0.0012160230143845015 0.042503355963881814 0.060633478248147021 1
0.018290630076099205 -0.06269442519816941 0.0207792259946806 1
-0.02507981761951036 -0.067495739178549799 -0.0093609944523046201 1
-0.0026870022993534803 0.059113580733537674 0.083500120788812637 1
-0.028765064712663237 -0.01767857165226857 0.011306895772349963 1
0.014449312024708172 -0.0053648244642420665 -0.02312617427530644 1
0.0041850030160976845 -0.054213049291257163 -0.0098510671146742005 1
0.0039026709082575204 -0.020797583898781277 -0.082719251870492783 1
-0.01862791970112998 -0.0059507656226416945 0.030986501300945865 1
-0.00061259281430504735 0.0011679657134483473 0.021998679406129585 1
0.0001224677674996795 0.0023181947965068123 -0.016845672611457394 1
-0.030591428279876709 -0.045174039900302887 -0.012375298421829939 1
0.0013213225093920331 -0.018322269992445309 0.008366098317730308 1
0.00065526636341852915 -0.0023944308954276521 0.04083575180138492 1
-0.025550331920385361 -0.05419708788394928 0.029537247493863106 1
-0.015145647339522839 0.04353589192032814 0.078366819769144058 1
-0.023955686949193478 -0.010639801155775785 0.034293463453650475 1
-0.027975247126199084 -0.024625949961500269 0.033510407058137626 1
-0.029588560344748827 -0.043918459261045692 0.044391387482307608 1
-0.022830214817076921 -0.06616637110710144 0.053941603749990463 1
-0.0057672393638409317 0.0016953599389987707 0.025040819906142764 1
-0.011173883336990402 -0.039256732644178609 -0.0025607370650001611 1
-0.0056361365714110434 0.0058014910318888724 0.040382646024227142 1
-0.0037527530548686627 0.025759609416127205 0.081712733954191208 1
-0.010973074706271291 -0.058241570368409157 -0.00081976703950203955 1
0.018357610285392234 -0.061512442881398809 -0.00040982327042946584 1
-0.014767859674782334 -0.009529177389288648 0.043448421226341204 1
0.016836932904588788 -0.036583681330839495 0.013551580773412173 1
0.029100029729306698 -0.028191510587930679 0.034098735079169273 1
-0.019860640335578675 -0.067413451193769791 0.050930403648675807 1
-0.019227394834160805 -0.013108237646520138 0.049354983493685722 1
0.016705288405472602 -0.00068177044054697764 0.0044766617341168618 1
-0.014230364140356853 -0.0016024313863755527 0.02821028982998619 1
-0.020684830713436787 -0.056838313615842129 0.054997450928204572 1
0.0061968277598915978 0.063609725603515951 0.066277662393009848 1
0.011591003165396442 0.056788958709813223 0.081978073680455288 1
0.004367866062135569 0.0023383692502936385 0.01793608737786483 1
0.026217744682825405 -0.027984828191449276 0.012478790174133824 1
0.010863699741646722 -0.039732600288249001 -0.01938458943045758 1
-0.012184993961922934 0.0036843545115479315 -0.00092349717404948198 1
0.011268859990619173 -0.0061488446398339546 -0.0035553707633645183 1
-0.0074188705276835411 0.056497054263388732 0.067990673619808914 1
0.0080793436011407822 -0.0041742637370997112 0.048155046520572779 1
0.024300121765333471 -0.033696204662751833 0.0049040348386877146 1
0.023742939776302242 -0.066161520519293832 -0.0040742134983917291 1
0.019490861875270087 -0.050495835062412224 -0.014256578779692119 1
0.030141683640197186 -0.035372019769571023 -0.013109395065096206 1
-0.003694937467262409 0.062634600331250845 0.075246686577555483 1
0.024412300431222084 -0.029094476232731009 0.0012236346571575158 1
0.022015389868070771 -0.059447782172387144 -0.010970230915519548 1
0.004613193824434831 0.062170258018710997 0.077782009438455715 1
0.0015977577743152727 0.047198632115499337 0.057472219342920891 1
-0.016801760066300631 0.0016723061562515795 0.00016129575669765472 1
0.024397922418565421 -0.011748689536449274 0.019719650740294397 1
0.003108884697180363 0.056013653929451547 0.062355376333959101 1
-0.0026890077243454384 0.061748065433798356 0.066055710421918601 1
-0.0126025830401477 -0.039722189572868327 0.0050456379604302288 1
0.0033355247328088391 0.051004690958740856 0.089556639878553029 1
0.011962841795025275 0.050433660127999505 0.061519292214963502 1
0.020460872018402545 -0.024979489704593037 0.012687848412062516 1
0.0050797063185042748 -0.043715088471620811 0.010764041326552131 1
-0.028879203954621572 -0.028668172198514353 0.030871787954360123 1
0.022857965901494026 -0.057554442435503006 -0.0033904810261446983 1
0.022715681225041869 -0.037219718298209102 -0.0086080837164479868 1
0.019736554390075378 -0.029549663572491433 0.0067585665635557192 1
0.023872101168003472 -0.02018472250659099 0.016891873388685596 1
-0.0044891574080987481 0.060323128999809378 0.063395011803175902 1
0.0085248014006626682 -0.059234527059453798 -0.011150299046912357 1
-0.0022479524608322275 0.063935469787604574 0.070622794483361728 1
0.02172575030041414 -0.034292113241345783 0.011365010778733437 1
-0.0027525745018235131 0.054985366605137719 0.061708699510519716 1
0.019154906943592571 -0.018138010712569552 0.0074184387881330227 1
0.0064818162354354737 0.040918194449545246 0.064594622296582291 1
-0.0081173855154180272 0.054112258161465893 0.062822063735264305 1
0.0017358563594005497 0.062223344618651019 0.060964117371713408 1
0.0051167994064581545 0.063189737101766341 0.075308764785085108 1
-0.0068676464545711071 0.057268296916651994 0.061228552526866861 1
0.012068907129070652 0.062077205230822372 0.065091353090956094 1
0.0064419206652737053 0.060495687788647549 0.07371798279052344 1
0.025215399818650532 -0.039517946493242355 0.030695104618797816 1
0.0052436559874668191 -0.034076761092605802 -0.00046689891543191331 1
0.024962300128857608 -0.021636460565158878 0.0043540230869564614 1
0.024981521908873434 -0.015431545178070584 0.015965240084872878 1
-0.01746428944170475 -0.006745945371221751 0.039777237921953201 1
0.025664389725091163 -0.023463044286666682 0.036135417472972262 1
-0.030715411572349516 -0.057250102263921181 -0.0070503035207808941 1
0.010279070417188856 -0.04839760865674405 0.012732340548244941 1
0.003780927461720721 -0.042742671438644173 0.0041041444987321473 1
0.00098981369984801545 0.063405941065337604 0.073957748167032156 1
0.0084570978504876632 0.051851675702089615 0.070543587293671703 1
0.013127420215208329 -0.035241976148011549 0.020233408470562146 1
0.021776218028146038 -0.032055677569168876 0.014625647326530763 1
-0.003177434141045433 0.063517336118010748 0.073032133652649434 1
0.024669135911894968 -0.028665261801193068 0.0068055859653031372 1
0.027544315438717604 -0.024572030641138554 0.01071901572868228 1
0.027841210565894909 -0.024301981635030445 0.016503929051341668 1
0.01576909833220724 -0.058329165547752193 -0.011495644221770792 1
0.021313294553424997 -0.062642273525697206 -0.0051496253110060045 1
0.014812549964073649 -0.030212608195423499 0.0084215393429730011 1
0.021872416222042876 -0.029227260644031423 0.0041887368154744685 1
0.0054009342443680462 0.056176969401540704 0.071625121209733744 1
-0.0022713087732051467 0.04527093903881043 0.065339398079701724 1
0.0025154466789569438 0.044551889989426871 0.066029827219731579 1
0.0070717676840805627 0.056584467008575043 0.076916415611432962 1
0.021600988268069554 -0.036035519610982072 0.015681617030578493 1
0.023538307739771596 -0.024009400658412516 0.014493677074287578 1
0.019584408227875393 -0.034081712984083211 0.0061094781474360328 1
-0.0029937824213491166 0.04884200659156631 0.075654086748190061 1
0.01357164785566102 -0.031449207253890631 0.025334921472851348 1
0.027352874167263508 -0.047107594087719917 0.024389392696321011 1
0.025903414003551006 -0.020594900473952293 -0.00023008114658296108 1
0.025515872519463301 -0.03105420246720314 0.014706145040690899 1
0.026952187065035105 -0.024773020297288895 0.01014807540923357 1
-0.0050361210283008601 0.055445521062495395 0.064199329780550651 1
0.021602181660354318 -0.019109341982225771 0.021966682942677115 1
0.011520560796133063 0.062255778342213387 0.067107523745435493 1
-0.0061070852524590076 0.062479055903221864 0.063712537707055178 1
0.025601418654663154 -0.022241056538629182 0.016010338295883383 1
0.0038003830791846077 0.059673820384836478 0.066553818039480558 1
0.024675578032811268 -0.033545284169373586 0.013330925404188489 1
0.0077193195540465227 0.063677909870640509 0.072509370022542874 1
0.0024928849888965487 0.039596688002347946 0.054556926712393761 1
0.0042942908102263887 -0.04853808360077131 -0.00012010124959588656 1
0.023546806781073609 -0.022781514892724966 0.011559829275973335 1
-0.0010042951752975218 0.064281988969771803 0.068546382512432155 1
0.026203658842313054 -0.024479333079455181 0.01485045020494281 1
0.017121355585718468 -0.012899712852929318 0.012867110737015738 1
-0.00498647711551105 0.064874542552489811 0.060675539330069819 1
0.024033504974194868 -0.067423197854154363 -0.0090971218892223656 1
-0.012520113675830093 -0.0060100988067456123 0.0244740344175256 1
-0.0056227606601161693 0.057972435522454548 0.074789805003281917 1
0.022303742275907115 -0.031329357518049265 0.0068557122722383733 1
0.020644222386181355 -0.004420414799824357 0.0049721740651875734 1
0.02765199231701982 -0.038052039876863786 0.023123073129669706 1
0.025142647515263235 -0.027333907021671787 0.016288789736976617 1
-0.0078127985783642811 0.060897341354740064 0.061091259593718458 1
-0.0049714063959982449 -0.0046514318066253396 0.031161403213218593 1
0.021790245342096361 -0.031183043562584972 -0.0062628811664676536 1
0.0045291056839777957 0.058206771987463414 0.064287052952147303 1
0.019249717141384484 -0.036825252466171736 0.0014656510805560457 1
-0.0077388816825846333 0.059850693079245607 0.070734475955734608 1
-0.0079966775374487042 0.02914007380604744 0.058113930746912956 1
0.02479133708762303 -0.029270345193573643 0.010403252328740143 1
0.024900429540446363 -0.024703243627339541 0.0069406421889894312 1
0.021320663963710462 -0.060361338411839272 -0.0020524491907820738 1
-0.026294341487839625 -0.036783284741854501 -0.020789132649457333 1
0.022867807818295293 -0.027263577757911744 0.01356067286661612 1
0.021271233571238998 -0.028111696653925943 0.015877556451700192 1
0.014972246717661619 0.053896332159638405 0.067782480269670486 1
0.027252456173300743 -0.038428682833909988 -0.0048733465664554387 1
0.023708804383741094 -0.029994341667491341 0.021486370105231911 1
0.0046494082227899391 0.061065030937966398 0.068738836373875858 1
0.025151651306643336 -0.016568005400102562 0.010608627780106296 1
0.026471354952421842 -0.018365225040651818 0.014685865728803593 1
0.019129696425960185 -0.0302584787864663 0.0010327885686523942 1
-0.010438485564872731 0.0046597720211489883 0.041998794569414695 1
0.0097204835619777441 0.0018004164739977568 0.017728304024785757 1
0.000466586334769471 0.061971638718170109 0.070173308588736105 1
-0.0025905758524839614 0.002873595356421971 0.015197601944344632 1
0.0021869435501679886 0.05013323381400496 0.067135902028212791 1
0.020332832081047629 -0.024663488486285016 0.0070028577676971579 1
0.0057357639433923066 0.059415728317391996 0.061520225037135029 1
0.024744607940179013 -0.020474139778735335 0.013044977993767649 1
-0.0013122575863005832 0.062328318675977483 0.063143147820285864 1
0.010698445281226985 0.057731838234385213 0.07004141597554242 1
-0.0074040920699680306 0.058192237738654409 0.064583625917709206 1
-0.019424851983785629 -0.041424611583352089 0.050009295344352722 1
0.025137242521670679 -0.021532869706669407 0.0082370217608827932 1
0.0074339343700557947 0.060276739299297333 0.081887539476156235 1
-0.0012150035288646431 0.065222699312151494 0.060397111999569583 1
-0.0014232313679606672 -0.0023366602808078817 0.027752369328363273 1
0.0066660011849583034 0.057331855590258024 0.067620654154357626 1
0.0014225176462903076 0.0040172114642957153 0.038380531366252232 1
0.014955053521240087 -0.0048380417530730063 0.001592473910031373 1
0.024119823168518295 -0.030733926060751142 0.017168883726201414 1
-0.011374253127723229 0.056100711601367613 0.072582040833361602 1
-0.00018455358059783677 0.060397563298098686 0.068047576588314701 1
-0.0044460002156840777 -0.0025095648542003716 0.018972391734211141 1
0.00094337049946026591 0.053403419156791858 0.062135866854854234 1
0.0032474030795633202 0.050717387758714698 0.07318029492052118 1
-0.0052882003799292927 -0.00054348867481150752 0.039164328959782259 1
0.027709130197763443 -0.027178107760846615 0.019106441643089056 1
0.00180307316340651 0.056051794499622672 0.067107860289346885 1
0.022608215764757737 -0.024199162260815209 0.018864481844029043 1
-0.005717594866118488 -0.0044079724136234667 0.024815776170755265 1
0.020752397020800933 -0.030316934365044138 0.010765647662633934 1
-0.0044207966856750509 -0.0082288859921771564 0.020112647336961467 1
-0.0067219133392830656 0.042347045650880905 0.078101829374814344 1
-0.0083393183764775922 -0.0092294038104759144 0.023611076691562091 1
-0.0034714774775965029 0.052282854902042694 0.066588137821614657 1
0.004932256502713268 0.063078224761306284 0.060747413402408607 1
0.00088859901484432445 0.060706402895972365 0.064626967120428466 1
0.0018483144559893463 0.00094166794273279914 0.029328318905158354 1
-0.0089310440843790636 -0.0034771469149009952 0.021170913334777247 1
0.025185805963687625 -0.02917157748833786 -0.0028580039179710798 1
0.0077076474761491121 0.060660529872672037 0.064840037479042018 1
-0.0049206643326674092 0.061721124535647903 0.071111259116977452 1
0.026746450921827886 -0.019512742839288045 0.010499084462248749 1
-0.010813790952815063 -0.0093857716326322636 0.037830018390223256 1
0.016967507524545219 -0.030547383249869053 0.014091659067414936 1
-0.015649526801511947 0.053528680267241995 0.070296178116922084 1
0.014020137190794011 -0.06285319404706835 6.572387385440589e-05 1
-0.0050212941079794309 0.060526570741874251 0.068469314105431875 1
0.021836906270686431 -0.058602416810836243 0.030318530820107381 1
0.010284799881483028 0.058747744729042817 0.064291525332835026 1
0.022740962489476432 -0.027583972241095572 0.010671523640553265 1
0.0097346100019555428 0.062941752494868025 0.070125794094192631 1
0.0022347999601279953 0.060626696772749164 0.068412365974893627 1
-0.0057738383277449925 -0.0049318217667780754 0.036880766440444766 1
0.027688536441635412 -0.024380706672414536 0.013416162149684611 1
0.0026866805316697199 0.05926348907919899 0.06162513661807005 1
-0.0081071524789245401 0.052220556278580056 0.071105848948102943 1
0.016706492048146251 -0.062260079861079821 -0.0049321386732118222 1
-0.0096303555183112621 0.030555306002497673 0.059598186984658241 1
-0.0025788920565267938 0.062159913534031129 0.068940553716394723 1
0.01222664350643754 0.06181296706199646 0.071748118847608566 1
0.0091040241449680155 0.060462042046155948 0.068094816751717288 1
-0.013511263191834641 0.060988677120234147 0.066546423020105799 1
-0.0024597966300072415 0.059325882242460756 0.070529228632225813 1
0.0027889001856764377 0.058753622666989608 0.071443810947089001 1
0.025446708145026264 -0.025944361978875785 0.013375154997789976 1
-0.013478688803058097 0.060045944891152128 0.074238166035904093 1
0.021009270473578253 -0.019308687116224767 0.013412626429137721 1
0.0065950385780190529 0.060670427042657613 0.066835139025462786 1
0.023870804347097874 -0.036612697876989841 0.0044476205512182787 1
0.027961187995970249 -0.021298904903233051 0.013406491372734308 1
0.0063799422741447811 0.064651161034931945 0.061486637400939341 1
0.026085153008824021 -0.022270187584684114 0.010794542410898521 1
2.8622262364067386e-05 0.065130597092924389 0.062683344062093874 1
-0.010455767785165385 0.063263249668471591 0.062951374638698446 1
0.0057021674708315718 0.061773663260835644 0.063719075954748239 1
-0.007688673653490739 0.061005428405391846 0.066665566768901938 1
0.024717022428917747 -0.031567015075850843 0.011697626869524538 1
-0.0097722658497428946 0.061368445759009002 0.065546270502316192 1
0.00068715611615350908 0.049051862756008445 0.062170728587919555 1
0.026021296519238162 -0.023708830919491435 0.012377294962144941 1
-0.0067190840491093695 -0.0001729597570374608 0.034866532310843468 1
-0.0066529351494746987 0.062106635706041961 0.069356020511650671 1
0.027806717917081884 -0.021457966676684422 0.01058046490378229 1
0.027588705971596607 -0.027132746710947359 0.016469098831645105 1
0.0037526307815418337 0.061720941076800054 0.071046818027578493 1
0.024913538263351097 -0.029875428585954218 0.014000918692177148 1
-0.0014561301338682133 0.064574468462797074 0.066746479844177267 1
0.0069901916784425588 0.06012800764570838 0.070546447437500992 1
0.0072301237020658575 0.062044346261404995 0.062202955433799306 1
0.0064187677116823967 0.061948525098435812 0.0682778839066812 1
0.015214879504035139 0.05833206548496097 0.071477122161813567 1
0.0014162468233846321 0.065464584215373309 0.060202917644172037 1
0.02497171856848638 -0.027705721916747899 0.012501862372239096 1
-0.0041041553613035478 0.061584317668602048 0.061419643424398145 1
0.015702372408924321 -0.066735211482193149 -0.0039253827038531735 1
0.0020154501358294252 0.062846152513984371 0.066762348599492136 1
-0.0083801726694029011 0.062001829327788353 0.063849827235912482 1
0.01347390808088323 -0.060130626596717238 -0.00065162234726721859 1
0.0037235156346386374 0.063863361193457868 0.064560781971826395 1
0.0049004632868873011 0.063652894895395037 0.072573261565827107 1
-0.0029993664930075326 0.057904833143440679 0.065342027346961692 1
0.0040479879082608878 0.065394527700791502 0.064607641906211571 1
0.0034234679161157895 0.064709967452017833 0.066349482704082738 1
-0.0007213919341268664 0.064881713360297674 0.064811560847648192 1
0.027298222087888926 -0.030474023938423515 0.016588173510428395 1
0.006752264521026701 0.062393229876725576 0.070103983943626907 1
0.027481300989165902 -0.026041831355541945 0.012144003296270967 1
0.010312316246740902 -0.031383323768570379 0.015818802687494568 1

Tetrahedra
3168
320 693 391 338 1
474 110 577 87 1
177 179 525 220 1
199 245 513 439 1
275 402 816 396 1
380 48 55 335 1
110 151 500 577 1
325 324 51 362 1
587 725 833 650 1
184 250 249 671 1
605 680 233 709 1
311 304 307 504 1
407 134 379 133 1
804 148 776 872 1
16 34 632 646 1
647 181 867 185 1
323 560 357 400 1
165 647 864 871 1
228 377 489 263 1
127 177 136 135 1
846 77 76 83 1
867 185 870 201 1
843 867 864 647 1
325 336 375 352 1
570 268 196 332 1
371 352 342 336 1
352 375 342 336 1
254 220 237 337 1
864 145 146 148 1
669 41 547 559 1
71 127 457 525 1
71 457 390 525 1
71 457 105 390 1
443 234 244 171 1
427 443 244 171 1
371 254 220 239 1
283 402 722 454 1
283 454 722 436 1
669 97 388 475 1
41 475 97 669 1
786 653 348 596 1
41 669 97 45 1
634 669 45 97 1
634 97 388 669 1
130 133 407 373 1
332 438 651 237 1
130 373 407 365 1
365 115 130 373 1
115 373 512 130 1
449 323 121 607 1
237 168 651 337 1
342 277 278 611 1
470 417 536 345 1
490 417 345 428 1
223 808 217 728 1
345 417 536 346 1
429 290 303 374 1
246 290 429 374 1
377 655 392 263 1
404 556 216 377 1
404 377 216 228 1
249 184 225 203 1
67 547 322 603 1
93 335 116 66 1
129 516 559 382 1
548 129 559 382 1
129 530 516 382 1
320 129 548 382 1
320 530 129 382 1
548 320 579 129 1
561 383 329 323 1
282 461 310 402 1
544 298 658 332 1
54 394 58 81 1
256 214 421 342 1
377 556 216 392 1
377 392 216 489 1
37 2 314 615 1
556 349 255 392 1
56 394 54 800 1
570 332 196 395 1
196 156 186 434 1
386 347 315 143 1
399 190 229 251 1
399 190 670 229 1
576 400 329 357 1
329 400 532 386 1
329 532 400 576 1
401 190 670 399 1
64 330 541 555 1
428 341 346 357 1
334 556 404 377 1
123 315 404 228 1
114 404 334 556 1
526 792 772 405 1
394 405 526 802 1
424 655 315 359 1
495 460 351 387 1
394 526 720 800 1
802 526 772 405 1
495 800 460 387 1
432 232 503 265 1
618 265 232 432 1
246 374 209 487 1
282 429 374 244 1
374 246 209 244 1
259 247 349 255 1
259 392 349 410 1
556 349 392 410 1
106 411 70 87 1
70 411 384 87 1
70 106 390 411 1
70 390 384 411 1
182 341 412 246 1
114 509 107 157 1
412 560 182 213 1
412 341 182 560 1
350 583 236 197 1
372 189 139 562 1
350 485 372 189 1
639 811 329 514 1
612 474 577 138 1
110 474 577 612 1
226 390 239 243 1
158 174 164 870 1
221 239 226 390 1
205 761 817 784 1
164 185 173 870 1
147 146 150 864 1
187 647 188 211 1
185 647 195 202 1
192 647 211 206 1
647 192 211 187 1
93 574 334 48 1
192 163 165 647 1
647 192 194 206 1
647 210 224 215 1
784 761 817 777 1
804 867 687 148 1
147 864 150 159 1
185 174 870 164 1
702 351 184 250 1
224 647 218 210 1
414 121 133 137 1
867 181 174 185 1
185 202 201 647 1
366 498 144 636 1
522 495 415 248 1
255 236 247 349 1
185 195 647 181 1
416 348 769 241 1
535 769 416 348 1
594 470 269 416 1
594 470 416 535 1
217 215 647 224 1
312 313 291 299 1
312 299 291 816 1
312 310 299 816 1
577 193 138 162 1
577 226 193 162 1
647 188 211 210 1
218 647 211 210 1
212 647 202 195 1
218 647 206 211 1
853 764 874 856 1
647 201 210 202 1
188 201 647 867 1
210 215 647 202 1
217 647 215 212 1
423 348 155 769 1
319 413 117 168 1
349 236 247 485 1
40 440 561 329 1
214 618 375 342 1
317 523 379 414 1
199 402 191 245 1
241 596 348 563 1
249 351 250 184 1
253 350 231 592 1
490 451 727 417 1
287 280 269 417 1
490 451 417 428 1
417 280 536 346 1
414 418 133 379 1
67 379 595 418 1
414 133 418 137 1
369 252 291 816 1
323 607 420 121 1
577 221 612 193 1
325 482 132 362 1
664 203 469 419 1
339 520 640 513 1
241 348 769 155 1
786 348 644 596 1
435 281 581 286 1
876 703 340 513 1
463 46 325 36 1
254 272 277 337 1
579 467 413 320 1
324 106 70 103 1
237 168 337 177 1
237 337 220 177 1
254 337 237 272 1
371 220 254 337 1
5 14 494 45 1
15 23 608 385 1
15 23 385 19 1
10 129 5 3 1
13 5 10 129 1
254 337 277 517 1
517 342 337 277 1
258 517 254 277 1
544 332 651 272 1
605 176 680 208 1
301 306 658 267 1
435 294 611 281 1
343 611 435 477 1
426 169 111 117 1
237 272 332 268 1
426 111 169 391 1
413 117 169 426 1
413 169 338 426 1
426 169 338 391 1
570 276 235 242 1
297 260 284 598 1
340 357 420 428 1
428 420 341 357 1
786 348 653 581 1
360 125 318 425 1
267 709 363 233 1
297 312 313 291 1
462 320 129 579 1
129 462 530 320 1
816 310 299 396 1
427 171 244 183 1
191 171 427 183 1
428 345 357 346 1
262 270 347 263 1
262 347 270 441 1
539 429 303 374 1
279 346 270 280 1
786 348 745 644 1
297 312 291 598 1
399 190 251 648 1
578 454 763 308 1
399 251 582 648 1
13 129 10 569 1
129 13 516 569 1
786 348 581 745 1
266 618 432 265 1
432 278 266 265 1
432 265 611 278 1
535 207 416 769 1
423 769 649 207 1
535 423 207 769 1
12 18 32 561 1
360 425 318 122 1
342 611 433 277 1
342 433 343 352 1
342 611 343 433 1
342 433 337 277 1
342 433 352 337 1
425 637 318 122 1
245 283 439 402 1
709 605 434 403 1
294 281 435 524 1
435 611 294 477 1
402 427 244 183 1
556 410 392 377 1
457 127 179 525 1
127 371 177 525 1
457 179 390 525 1
256 214 198 421 1
29 33 437 502 1
33 85 437 502 1
262 441 270 279 1
11 4 512 16 1
332 268 196 438 1
347 270 655 263 1
246 279 341 497 1
246 209 182 341 1
614 816 299 275 1
345 453 470 535 1
340 428 420 487 1
345 536 470 507 1
345 470 594 535 1
326 358 555 327 1
354 358 326 327 1
199 245 439 402 1
199 439 340 183 1
440 560 323 400 1
440 386 560 400 1
371 336 342 421 1
560 568 386 440 1
252 171 175 161 1
816 402 282 310 1
816 396 299 275 1
497 279 441 262 1
412 441 262 497 1
347 441 412 560 1
270 441 346 279 1
347 441 560 346 1
559 385 547 321 1
391 338 551 169 1
37 610 314 2 1
429 246 374 244 1
41 74 475 43 1
475 603 43 74 1
41 43 475 547 1
475 603 547 43 1
312 598 284 443 1
260 234 284 443 1
379 134 365 82 1
317 553 11 8 1
16 4 632 34 1
373 133 407 379 1
57 334 315 532 1
13 569 10 370 1
569 13 516 370 1
380 334 69 44 1
263 529 392 489 1
392 556 216 255 1
492 209 341 182 1
62 509 107 55 1
334 57 315 123 1
38 532 334 44 1
67 322 549 603 1
98 331 155 771 1
371 168 337 413 1
548 431 579 320 1
554 323 561 449 1
123 334 404 315 1
114 404 123 334 1
404 334 377 315 1
65 112 64 330 1
512 68 130 528 1
443 244 284 282 1
443 234 284 244 1
486 711 408 537 1
355 876 339 537 1
696 514 811 639 1
537 711 408 876 1
449 414 121 52 1
378 516 508 327 1
554 547 322 67 1
383 328 597 514 1
361 19 604 674 1
365 115 373 446 1
365 521 115 446 1
115 446 512 373 1
512 588 446 115 1
521 446 588 115 1
629 564 28 514 1
507 536 456 368 1
746 454 436 308 1
449 52 317 414 1
664 203 184 613 1
324 70 51 103 1
449 317 67 414 1
390 226 577 411 1
125 545 442 111 1
425 442 318 637 1
324 106 390 70 1
7 9 381 314 1
314 698 14 1 1
56 372 62 66 1
56 498 62 372 1
445 9 447 381 1
33 445 447 381 1
539 303 461 374 1
539 461 303 585 1
579 352 462 320 1
49 45 111 545 1
320 354 462 530 1
19 547 67 43 1
554 547 67 19 1
449 67 25 19 1
449 19 554 67 1
610 20 2 37 1
49 97 111 45 1
484 390 71 70 1
9 314 543 381 1
71 127 525 484 1
371 484 525 127 1
214 464 118 375 1
325 46 362 51 1
375 464 118 623 1
502 111 125 117 1
569 493 463 326 1
442 545 49 111 1
229 399 251 248 1
318 49 37 637 1
447 63 381 543 1
600 151 577 221 1
7 9 445 381 1
352 375 326 343 1
33 7 445 381 1
78 61 450 479 1
450 61 54 479 1
105 577 151 110 1
577 226 221 193 1
9 447 381 543 1
569 462 129 493 1
334 377 315 424 1
457 179 135 105 1
319 371 168 127 1
473 250 351 448 1
414 133 121 455 1
414 373 379 133 1
414 133 455 373 1
65 463 330 64 1
64 463 330 555 1
588 466 27 379 1
379 466 540 42 1
135 166 177 136 1
513 640 499 520 1
491 339 520 551 1
719 711 520 640 1
520 513 491 499 1
339 693 520 551 1
634 669 559 45 1
588 82 466 379 1
358 348 581 653 1
41 669 45 559 1
579 320 431 467 1
371 337 177 220 1
400 346 347 560 1
400 346 359 347 1
362 103 132 324 1
65 31 463 64 1
64 22 31 555 1
57 315 386 532 1
40 57 386 532 1
371 168 177 337 1
319 127 168 117 1
555 508 516 327 1
36 47 51 325 1
36 51 46 325 1
354 625 355 537 1
720 405 792 526 1
460 800 720 526 1
502 111 545 125 1
720 518 792 405 1
460 401 720 800 1
579 47 73 35 1
502 125 381 85 1
389 127 319 73 1
168 237 651 438 1
274 281 581 653 1
274 265 281 653 1
320 426 111 467 1
494 7 14 624 1
281 653 343 581 1
78 450 788 479 1
788 450 54 479 1
451 280 287 417 1
451 280 417 346 1
697 302 451 280 1
279 280 451 346 1
451 302 287 280 1
591 328 514 597 1
624 7 571 494 1
468 388 700 391 1
388 468 700 575 1
634 321 559 669 1
634 321 382 559 1
110 500 149 612 1
110 151 149 500 1
530 326 555 327 1
579 117 413 467 1
579 467 431 117 1
467 426 111 117 1
467 111 431 117 1
413 117 426 467 1
423 558 348 452 1
664 203 419 225 1
664 469 203 126 1
239 421 371 258 1
243 239 258 421 1
474 109 138 612 1
367 28 597 50 1
501 46 325 463 1
321 669 388 475 1
321 388 376 475 1
41 74 97 475 1
665 39 331 98 1
75 333 793 635 1
98 155 331 590 1
112 330 167 590 1
112 623 167 330 1
19 23 547 43 1
65 330 501 112 1
401 190 472 670 1
616 401 190 472 1
23 547 385 19 1
279 341 346 428 1
433 611 343 477 1
470 453 207 535 1
824 394 405 479 1
10 609 31 569 1
479 394 720 800 1
601 659 676 511 1
676 511 659 458 1
750 601 676 511 1
676 511 458 544 1
484 70 51 324 1
620 193 606 200 1
711 339 520 640 1
616 479 401 86 1
616 479 518 401 1
414 455 121 52 1
414 523 379 373 1
414 455 523 373 1
373 455 528 130 1
473 481 253 351 1
398 508 39 506 1
375 214 132 118 1
325 375 132 118 1
369 175 252 427 1
306 458 659 471 1
458 483 305 471 1
458 272 298 544 1
376 199 459 513 1
459 513 199 245 1
413 168 651 169 1
183 487 439 340 1
487 402 209 183 1
183 487 402 439 1
69 44 334 57 1
209 183 420 487 1
183 340 420 487 1
722 402 310 461 1
722 461 310 436 1
128 844 101 729 1
358 343 581 488 1
377 489 216 228 1
489 255 392 216 1
317 476 25 67 1
317 476 553 25 1
719 640 550 682 1
25 356 67 476 1
553 476 627 25 1
25 627 356 476 1
97 388 468 391 1
380 48 334 44 1
388 97 468 575 1
69 334 114 123 1
69 123 57 334 1
97 391 468 599 1
484 51 70 71 1
484 71 47 51 1
333 811 576 532 1
48 334 44 38 1
94 397 76 79 1
319 484 325 336 1
319 352 336 325 1
221 179 239 390 1
844 104 101 91 1
727 302 552 695 1
333 574 93 768 1
492 440 182 560 1
492 420 209 121 1
492 341 209 420 1
492 182 341 560 1
785 368 178 626 1
428 417 345 346 1
428 451 417 346 1
279 451 428 346 1
62 509 583 107 1
328 357 329 383 1
383 329 328 514 1
328 576 329 357 1
591 328 329 514 1
591 329 328 576 1
101 865 84 100 1
350 236 478 197 1
114 55 335 69 1
478 350 592 236 1
319 484 336 371 1
319 352 371 336 1
306 458 471 298 1
458 272 471 298 1
336 484 421 371 1
865 84 748 83 1
101 100 84 842 1
844 128 101 104 1
102 844 96 91 1
341 279 441 497 1
412 441 497 341 1
79 844 846 91 1
321 322 603 376 1
321 322 547 603 1
385 322 547 321 1
321 322 376 355 1
385 531 322 321 1
321 322 355 531 1
697 302 578 451 1
279 451 578 428 1
96 844 102 95 1
102 91 104 844 1
84 101 846 865 1
95 96 844 79 1
401 472 86 141 1
616 401 472 86 1
850 102 128 844 1
96 79 91 844 1
753 654 79 844 1
612 221 577 500 1
406 612 149 500 1
850 102 844 95 1
405 832 795 831 1
498 372 583 62 1
509 66 335 55 1
509 114 55 335 1
583 197 350 495 1
498 144 636 197 1
498 495 197 583 1
332 438 169 651 1
168 651 169 438 1
544 332 169 651 1
266 342 256 505 1
256 342 421 505 1
415 399 229 248 1
502 510 73 117 1
437 510 73 502 1
325 46 482 362 1
110 109 612 142 1
142 110 149 612 1
788 654 79 753 1
338 544 511 480 1
412 341 497 246 1
622 633 89 790 1
481 231 253 351 1
163 180 159 864 1
92 602 318 131 1
360 318 92 122 1
264 863 230 814 1
806 50 89 573 1
758 431 29 35 1
620 606 142 200 1
109 606 612 142 1
142 612 149 606 1
32 80 449 561 1
150 163 864 165 1
323 420 357 492 1
323 492 357 560 1
867 154 148 146 1
150 871 160 165 1
148 867 146 864 1
154 164 173 870 1
150 163 159 864 1
154 150 871 160 1
146 871 154 150 1
831 405 802 795 1
710 741 403 662 1
300 311 309 741 1
266 256 342 214 1
266 342 618 214 1
266 342 277 278 1
266 618 342 432 1
602 318 131 381 1
131 318 125 381 1
85 131 125 381 1
63 602 131 381 1
312 282 310 816 1
85 381 63 131 1
323 357 383 329 1
328 357 383 531 1
323 357 322 383 1
531 357 383 322 1
406 612 221 193 1
386 213 347 143 1
143 213 347 228 1
116 66 335 509 1
372 66 116 509 1
530 327 321 354 1
530 327 516 321 1
354 327 321 355 1
321 531 355 327 1
376 876 355 340 1
386 347 359 315 1
333 315 424 334 1
857 774 843 803 1
750 511 676 480 1
750 477 511 480 1
249 250 351 481 1
249 231 481 351 1
369 175 427 191 1
175 427 191 171 1
369 427 430 191 1
256 421 258 505 1
258 517 505 421 1
258 371 517 421 1
505 517 258 277 1
456 536 261 368 1
535 423 769 348 1
317 379 476 67 1
317 379 553 476 1
476 356 67 379 1
252 234 171 161 1
262 441 412 347 1
270 441 347 346 1
262 347 412 213 1
68 632 59 34 1
361 449 8 19 1
361 19 554 449 1
8 449 25 19 1
317 25 553 8 1
144 495 415 522 1
197 495 144 522 1
366 144 498 60 1
60 800 144 498 1
60 144 800 141 1
504 304 307 276 1
37 314 381 543 1
252 443 171 234 1
373 379 407 365 1
365 446 373 379 1
458 272 483 471 1
524 281 435 286 1
289 524 435 286 1
198 243 390 226 1
578 302 496 490 1
727 302 496 552 1
581 409 289 286 1
236 556 255 216 1
556 157 216 236 1
292 300 309 657 1
556 236 255 349 1
236 485 349 556 1
157 485 236 556 1
434 186 196 570 1
196 186 242 570 1
570 235 434 186 1
395 434 196 570 1
186 570 235 242 1
710 403 741 657 1
411 138 577 87 1
320 111 634 431 1
411 105 384 87 1
548 634 431 320 1
434 527 403 208 1
527 235 565 434 1
487 420 341 428 1
487 454 402 439 1
71 390 384 70 1
70 484 390 324 1
452 348 358 558 1
358 563 590 558 1
563 348 558 358 1
331 452 358 558 1
358 558 590 331 1
405 518 713 832 1
319 117 73 127 1
282 310 585 312 1
651 338 169 544 1
413 338 169 651 1
252 598 443 260 1
529 255 392 489 1
529 255 259 392 1
380 334 335 69 1
247 172 349 485 1
189 485 172 247 1
825 863 403 710 1
381 545 442 125 1
125 442 381 318 1
421 214 132 375 1
325 421 132 375 1
825 403 662 710 1
741 311 309 504 1
147 146 864 145 1
871 146 154 867 1
578 496 763 490 1
496 578 763 308 1
480 477 511 338 1
622 790 89 771 1
622 771 423 790 1
434 533 186 235 1
434 186 533 156 1
485 509 556 157 1
114 509 157 556 1
323 80 492 440 1
609 493 584 35 1
584 579 35 493 1
584 3 609 35 1
54 800 628 56 1
537 625 355 344 1
537 344 488 625 1
537 625 488 354 1
537 486 488 344 1
207 805 507 368 1
507 783 207 453 1
456 536 507 470 1
282 429 539 374 1
282 539 461 374 1
282 461 539 585 1
581 273 409 286 1
316 64 330 541 1
316 330 590 541 1
64 665 555 541 1
355 531 357 328 1
355 322 340 357 1
355 322 357 531 1
355 357 345 328 1
470 207 416 535 1
716 663 580 781 1
616 190 518 580 1
518 190 399 716 1
518 190 401 399 1
616 518 190 401 1
241 348 155 563 1
664 184 203 225 1
233 395 619 169 1
491 520 271 551 1
271 520 491 499 1
520 693 480 551 1
214 232 375 618 1
214 232 464 375 1
231 350 562 189 1
231 350 387 562 1
231 350 189 247 1
231 592 350 247 1
64 31 463 555 1
569 31 555 463 1
165 188 647 871 1
173 188 160 870 1
173 201 870 185 1
365 82 521 446 1
82 446 588 521 1
857 774 817 808 1
304 519 276 504 1
323 400 357 329 1
440 400 323 329 1
440 386 400 329 1
754 372 139 120 1
139 189 372 116 1
187 188 647 165 1
197 495 522 542 1
197 253 495 542 1
163 180 647 192 1
409 273 739 666 1
864 145 148 872 1
48 334 335 380 1
39 555 398 22 1
39 555 22 665 1
512 528 130 373 1
373 133 455 130 1
64 555 665 22 1
562 350 387 372 1
583 350 372 387 1
44 586 38 532 1
421 484 390 525 1
619 395 156 169 1
395 196 156 169 1
421 484 525 371 1
127 525 177 179 1
62 372 509 66 1
389 319 47 73 1
389 484 47 319 1
376 876 340 513 1
394 526 387 714 1
376 322 603 549 1
394 387 526 800 1
503 232 623 167 1
460 526 351 387 1
460 800 526 387 1
376 673 459 575 1
388 673 376 575 1
376 459 673 513 1
449 8 12 361 1
106 138 411 87 1
138 411 162 106 1
383 597 328 531 1
15 608 17 378 1
590 503 330 167 1
358 503 330 590 1
135 177 179 127 1
135 179 177 166 1
383 378 597 531 1
15 378 385 608 1
598 297 312 284 1
386 400 347 560 1
630 561 18 361 1
385 322 554 547 1
674 19 554 361 1
385 322 383 554 1
594 273 269 287 1
666 273 594 287 1
11 512 27 379 1
379 27 588 512 1
5 548 494 584 1
548 431 494 584 1
330 167 503 623 1
320 111 391 634 1
320 388 634 391 1
525 371 220 239 1
525 220 179 239 1
390 525 179 239 1
332 268 438 237 1
555 327 516 530 1
10 569 22 370 1
387 583 350 495 1
387 495 498 583 1
360 92 318 131 1
360 318 125 131 1
233 395 680 619 1
502 431 111 117 1
320 111 431 467 1
67 418 414 379 1
67 414 418 137 1
67 414 137 607 1
33 381 63 85 1
33 447 63 381 1
33 26 63 447 1
381 14 314 49 1
569 36 31 463 1
569 493 36 463 1
304 268 519 152 1
396 402 310 722 1
530 516 555 569 1
352 354 462 320 1
352 343 326 354 1
864 163 180 647 1
165 647 187 192 1
352 354 320 338 1
352 354 326 462 1
647 864 163 165 1
527 565 208 434 1
434 208 533 565 1
502 125 545 381 1
372 562 120 387 1
366 498 107 62 1
593 56 498 62 1
116 189 372 485 1
116 509 335 485 1
347 655 270 346 1
655 359 346 347 1
378 327 321 516 1
378 327 531 321 1
385 378 321 559 1
378 516 321 559 1
385 378 531 321 1
495 399 351 460 1
191 430 402 427 1
376 513 673 339 1
388 376 673 339 1
388 693 339 700 1
238 233 544 267 1
238 544 271 267 1
227 430 614 275 1
227 369 430 191 1
227 369 614 430 1
317 52 523 414 1
414 52 523 455 1
523 455 52 528 1
512 52 528 523 1
639 329 643 30 1
44 334 57 532 1
44 57 586 532 1
570 242 519 276 1
228 262 347 263 1
262 228 347 213 1
32 40 80 561 1
561 40 80 440 1
80 40 90 440 1
354 486 488 537 1
376 459 199 572 1
376 575 459 572 1
579 352 320 413 1
371 413 337 352 1
239 525 371 421 1
421 390 239 525 1
345 594 470 417 1
512 68 528 52 1
373 455 523 528 1
512 523 528 373 1
832 713 784 856 1
379 82 466 42 1
406 200 606 193 1
6 379 540 42 1
317 523 11 379 1
512 523 379 11 1
326 358 503 330 1
326 503 343 375 1
326 358 343 503 1
6 27 379 11 1
6 42 24 379 1
6 24 553 379 1
6 11 379 553 1
570 242 538 519 1
196 242 538 570 1
320 321 382 634 1
320 634 388 321 1
320 388 354 321 1
320 530 382 321 1
320 530 321 354 1
379 466 27 540 1
6 379 27 540 1
49 637 318 442 1
49 72 20 37 1
49 20 610 37 1
72 49 637 37 1
142 620 200 153 1
119 153 620 142 1
417 594 269 287 1
355 344 625 422 1
423 348 535 452 1
453 535 345 422 1
626 368 178 655 1
537 339 711 876 1
711 339 640 876 1
317 52 11 523 1
512 52 523 11 1
16 52 512 11 1
317 589 11 52 1
321 388 355 376 1
354 355 321 388 1
388 339 355 376 1
354 355 388 339 1
527 235 434 570 1
395 434 570 152 1
316 652 541 98 1
316 541 590 98 1
652 665 541 98 1
665 331 541 98 1
98 590 331 541 1
570 538 268 519 1
196 538 268 570 1
312 443 284 282 1
312 816 443 282 1
13 5 129 21 1
428 490 534 345 1
428 721 534 490 1
708 730 552 838 1
144 415 495 141 1
495 399 401 141 1
415 399 495 141 1
584 758 35 431 1
35 431 29 73 1
5 548 45 494 1
315 377 655 424 1
558 563 590 155 1
563 348 155 558 1
558 155 590 331 1
279 341 428 487 1
279 578 487 428 1
246 341 279 487 1
290 578 487 279 1
290 246 279 487 1
399 251 448 582 1
399 448 251 248 1
700 391 693 551 1
700 693 339 551 1
326 358 330 555 1
358 555 327 331 1
358 331 541 555 1
314 1 9 2 1
615 2 314 9 1
325 421 375 336 1
375 214 342 421 1
336 375 342 421 1
562 203 613 566 1
249 203 566 184 1
381 545 49 442 1
318 49 381 37 1
37 314 610 49 1
116 335 172 485 1
172 349 485 335 1
335 410 172 349 1
116 335 93 172 1
335 410 93 172 1
531 597 328 327 1
378 508 597 327 1
664 225 419 567 1
664 184 225 567 1
326 330 503 501 1
326 501 503 375 1
501 623 503 375 1
330 623 503 501 1
631 449 8 12 1
325 46 118 482 1
325 482 118 132 1
325 46 501 118 1
325 375 118 501 1
561 440 323 329 1
504 276 235 570 1
504 570 519 276 1
625 452 422 344 1
573 452 422 327 1
152 570 268 519 1
630 383 18 561 1
797 591 801 453 1
18 383 630 564 1
18 329 383 514 1
383 329 18 561 1
18 383 564 514 1
54 394 824 479 1
479 54 394 800 1
788 54 824 479 1
281 653 265 343 1
265 653 503 343 1
343 432 503 265 1
432 265 343 611 1
343 281 611 265 1
90 568 80 440 1
318 381 49 442 1
252 260 234 161 1
252 260 443 234 1
331 573 555 327 1
39 573 555 331 1
355 328 345 422 1
453 328 422 345 1
328 357 345 576 1
453 576 328 345 1
48 335 93 66 1
48 335 66 55 1
354 693 320 338 1
354 693 388 320 1
386 123 90 143 1
386 57 90 123 1
109 193 606 620 1
109 606 142 620 1
119 620 109 142 1
355 357 340 345 1
357 428 340 345 1
355 534 345 340 1
428 534 340 345 1
428 340 534 721 1
403 605 863 825 1
743 824 405 479 1
743 831 405 654 1
654 824 405 743 1
475 575 603 74 1
603 575 572 74 1
319 127 484 371 1
485 583 236 350 1
485 349 556 335 1
390 221 577 226 1
221 390 600 179 1
600 221 577 390 1
488 344 358 625 1
358 344 452 625 1
358 488 581 344 1
358 581 348 344 1
358 344 348 452 1
54 628 800 61 1
396 275 402 283 1
494 45 545 111 1
502 111 431 494 1
494 111 634 45 1
502 494 545 111 1
431 111 634 494 1
374 290 303 578 1
311 152 304 504 1
812 711 640 876 1
301 152 304 311 1
390 411 198 226 1
106 411 198 390 1
411 226 577 162 1
411 162 198 226 1
106 162 198 411 1
238 551 491 271 1
57 90 40 386 1
47 493 319 325 1
609 35 36 493 1
609 493 129 584 1
36 493 47 325 1
129 462 579 493 1
571 7 29 494 1
758 431 494 29 1
33 502 381 85 1
591 576 328 453 1
381 543 602 318 1
92 318 602 543 1
498 144 495 800 1
62 583 498 107 1
366 498 593 60 1
60 498 593 800 1
491 245 499 513 1
578 302 490 451 1
578 451 490 428 1
365 82 446 379 1
67 595 379 356 1
352 343 354 338 1
433 477 343 338 1
352 338 433 343 1
338 486 477 343 1
354 338 343 486 1
374 402 209 487 1
29 502 73 431 1
29 502 431 494 1
354 358 343 326 1
354 326 530 327 1
354 488 343 358 1
354 625 488 358 1
354 625 358 327 1
503 232 240 265 1
265 653 240 503 1
358 348 653 563 1
375 623 503 232 1
367 597 573 50 1
395 680 434 709 1
327 597 328 573 1
378 398 17 508 1
398 17 617 378 1
506 508 17 398 1
485 372 116 509 1
449 554 323 607 1
578 374 692 303 1
175 252 427 171 1
427 252 443 171 1
511 483 305 458 1
68 632 646 512 1
4 512 27 11 1
632 59 642 512 1
699 513 459 245 1
376 513 340 199 1
696 621 75 811 1
398 617 370 516 1
382 516 559 321 1
172 349 259 247 1
259 172 178 410 1
259 172 410 349 1
317 449 25 8 1
379 82 42 134 1
595 379 42 134 1
434 208 403 605 1
664 203 613 126 1
613 203 562 734 1
714 120 613 387 1
613 562 387 120 1
480 544 511 676 1
520 480 271 551 1
319 325 493 352 1
579 352 493 462 1
381 14 49 545 1
314 14 610 49 1
49 45 545 14 1
406 606 149 612 1
389 319 127 484 1
40 532 386 329 1
333 532 639 811 1
333 359 532 576 1
400 386 359 532 1
639 532 643 329 1
355 876 534 340 1
408 537 876 534 1
358 653 343 503 1
37 314 543 615 1
324 198 421 390 1
390 198 421 243 1
494 45 14 545 1
494 381 14 7 1
411 390 384 105 1
547 669 559 321 1
739 273 409 581 1
512 523 373 379 1
344 581 348 739 1
666 273 739 594 1
344 348 535 739 1
344 535 594 739 1
5 129 21 548 1
5 45 548 21 1
835 773 736 672 1
735 551 238 599 1
388 693 700 391 1
391 551 735 599 1
766 730 552 678 1
396 402 816 310 1
553 379 24 476 1
476 24 356 379 1
779 449 80 52 1
551 169 238 599 1
320 111 426 391 1
39 555 665 331 1
463 555 569 326 1
114 157 216 556 1
749 453 591 797 1
572 199 549 137 1
376 340 549 199 1
376 549 572 199 1
71 525 390 484 1
389 127 71 484 1
583 350 485 372 1
559 13 21 23 1
608 23 13 559 1
608 516 559 13 1
129 13 21 559 1
617 516 608 13 1
129 516 13 559 1
40 386 440 329 1
440 568 182 560 1
347 560 412 213 1
441 341 412 560 1
568 560 213 182 1
15 17 383 378 1
385 383 322 531 1
137 183 199 549 1
554 561 630 361 1
32 40 561 18 1
361 561 18 12 1
554 383 630 561 1
381 314 37 49 1
4 632 27 512 1
420 183 209 137 1
420 183 137 549 1
832 713 795 784 1
139 372 754 116 1
743 580 518 405 1
40 440 386 90 1
10 569 129 609 1
10 31 22 569 1
71 390 105 384 1
67 603 572 74 1
375 232 503 432 1
446 379 512 373 1
39 508 367 506 1
591 597 801 328 1
97 391 599 111 1
15 385 554 19 1
15 385 383 554 1
15 383 385 378 1
39 508 398 555 1
475 575 376 603 1
475 97 575 74 1
376 575 572 603 1
626 821 576 333 1
749 591 576 821 1
138 577 162 411 1
105 577 87 411 1
67 572 549 137 1
291 598 312 816 1
816 443 402 427 1
816 443 282 402 1
244 183 209 402 1
282 374 402 244 1
485 335 556 509 1
114 335 509 556 1
454 487 374 578 1
487 374 402 454 1
584 431 35 579 1
35 579 431 73 1
319 73 579 47 1
47 579 319 493 1
129 579 584 493 1
132 214 421 198 1
132 198 421 324 1
132 103 198 324 1
502 73 431 117 1
123 228 143 315 1
143 347 315 228 1
490 302 727 451 1
381 543 63 602 1
395 196 434 156 1
395 680 709 233 1
553 476 24 627 1
627 24 356 476 1
509 157 583 107 1
107 197 157 583 1
498 583 197 107 1
372 509 583 62 1
387 583 498 372 1
642 588 512 59 1
512 588 115 59 1
386 315 359 532 1
758 571 29 494 1
571 758 584 494 1
5 548 584 129 1
386 213 143 568 1
798 704 760 812 1
18 30 514 629 1
191 427 402 183 1
653 563 348 596 1
274 240 265 653 1
449 589 12 631 1
420 137 209 121 1
275 245 402 283 1
246 209 341 487 1
413 169 117 168 1
413 467 426 320 1
413 168 337 651 1
658 267 544 233 1
411 390 105 577 1
386 347 213 560 1
93 410 335 334 1
333 635 93 424 1
424 410 655 178 1
335 556 334 410 1
492 182 80 121 1
492 80 182 440 1
80 568 182 440 1
573 328 422 799 1
573 452 423 422 1
452 535 422 344 1
423 535 453 422 1
423 331 452 573 1
423 422 799 573 1
423 452 535 422 1
535 453 207 423 1
372 562 139 120 1
389 71 47 484 1
93 178 410 424 1
410 377 424 655 1
645 591 75 621 1
75 591 811 621 1
350 189 372 562 1
350 485 189 247 1
569 609 31 36 1
569 493 609 36 1
36 463 493 325 1
356 42 379 24 1
772 792 795 405 1
110 109 474 612 1
544 298 332 272 1
332 272 298 268 1
445 9 26 447 1
33 445 26 447 1
383 17 597 378 1
378 17 597 508 1
598 260 284 443 1
598 816 291 252 1
391 169 599 111 1
5 14 624 494 1
5 584 494 571 1
3 5 571 584 1
112 64 330 316 1
112 330 590 316 1
370 617 13 516 1
274 281 286 581 1
289 435 581 286 1
67 43 603 74 1
569 22 555 31 1
361 19 8 604 1
52 512 68 646 1
618 432 232 375 1
457 179 105 390 1
369 252 816 427 1
816 252 443 427 1
503 232 167 240 1
449 607 414 67 1
67 549 322 607 1
67 322 554 607 1
414 121 137 607 1
449 554 607 67 1
608 617 17 378 1
608 23 559 385 1
443 244 402 427 1
443 244 282 402 1
590 563 503 167 1
503 167 563 240 1
653 563 240 503 1
487 209 341 420 1
314 698 610 14 1
611 278 281 293 1
611 294 293 281 1
605 434 680 709 1
498 387 800 495 1
577 221 151 500 1
110 500 612 577 1
430 816 614 275 1
367 28 17 597 1
367 17 506 508 1
367 508 597 17 1
615 314 543 9 1
743 616 518 580 1
743 518 616 479 1
41 559 45 21 1
41 21 23 559 1
548 129 21 559 1
548 559 21 45 1
356 595 379 42 1
317 553 379 11 1
114 55 107 509 1
502 125 85 117 1
114 216 404 556 1
404 315 377 228 1
67 137 549 607 1
130 512 59 68 1
646 34 632 68 1
31 46 463 36 1
65 46 463 31 1
243 390 239 421 1
342 278 266 432 1
342 432 618 375 1
177 525 371 220 1
382 530 516 321 1
129 516 530 569 1
579 117 431 73 1
319 73 117 579 1
699 245 491 513 1
41 23 43 547 1
645 621 742 591 1
621 597 514 28 1
312 816 598 443 1
612 109 138 193 1
138 612 193 577 1
555 398 516 508 1
475 97 388 575 1
611 277 278 293 1
273 348 416 241 1
535 416 273 348 1
594 416 269 273 1
594 416 273 535 1
369 816 299 614 1
369 291 299 816 1
238 169 544 233 1
29 502 7 33 1
29 494 7 502 1
494 545 381 502 1
502 494 7 381 1
7 502 381 33 1
30 18 329 40 1
18 30 329 514 1
561 40 329 18 1
121 209 492 182 1
112 501 623 330 1
501 623 375 118 1
418 134 133 379 1
418 379 595 134 1
5 624 571 494 1
343 435 611 281 1
581 281 435 343 1
512 588 379 446 1
319 168 371 413 1
319 413 371 352 1
376 322 340 355 1
376 340 322 549 1
549 340 322 420 1
357 322 340 420 1
420 341 357 492 1
354 327 355 625 1
355 625 327 422 1
358 625 452 327 1
327 452 422 625 1
560 346 357 400 1
576 346 400 357 1
423 558 452 331 1
793 821 626 333 1
793 626 635 333 1
333 359 576 626 1
333 626 635 424 1
333 424 359 626 1
424 315 333 359 1
334 410 377 424 1
349 410 556 335 1
22 398 370 516 1
22 516 370 569 1
555 398 22 516 1
555 516 22 569 1
325 484 421 336 1
325 324 421 484 1
325 324 132 421 1
311 662 152 504 1
301 662 152 311 1
228 347 655 263 1
315 347 655 228 1
93 178 172 410 1
261 655 259 178 1
327 508 597 573 1
692 374 461 303 1
692 303 461 436 1
536 280 269 261 1
456 536 269 261 1
261 368 655 178 1
302 578 496 308 1
578 308 302 641 1
640 550 283 515 1
597 564 28 17 1
520 271 515 499 1
719 520 752 515 1
383 564 597 17 1
383 514 597 564 1
597 514 28 564 1
640 283 499 515 1
41 475 669 547 1
727 287 302 695 1
270 536 280 346 1
270 655 261 536 1
270 261 280 536 1
695 666 594 287 1
122 72 637 37 1
122 318 92 37 1
37 122 318 637 1
399 670 141 229 1
401 670 141 399 1
401 670 472 141 1
594 345 344 534 1
594 345 534 490 1
495 141 401 800 1
800 495 141 144 1
800 401 86 141 1
86 800 141 60 1
56 394 58 54 1
56 120 58 394 1
739 581 348 273 1
739 348 535 273 1
739 535 594 273 1
387 372 498 56 1
56 387 394 800 1
56 387 800 498 1
56 372 120 387 1
381 37 543 318 1
56 387 120 394 1
301 152 298 304 1
152 332 298 268 1
658 298 152 332 1
152 658 301 298 1
152 268 298 304 1
479 800 401 86 1
479 61 800 86 1
61 800 86 60 1
317 67 25 449 1
269 280 536 417 1
269 417 536 470 1
470 536 269 456 1
272 277 511 483 1
337 277 511 272 1
511 272 483 458 1
272 337 651 511 1
272 651 544 511 1
511 272 458 544 1
399 473 448 248 1
78 660 743 108 1
831 701 705 660 1
743 660 831 809 1
495 473 399 248 1
495 473 248 253 1
702 399 582 716 1
702 399 448 582 1
554 449 561 361 1
702 250 582 448 1
361 449 561 12 1
761 250 582 702 1
777 761 582 702 1
777 702 582 716 1
661 767 656 712 1
249 685 351 184 1
249 566 685 184 1
613 566 184 685 1
387 351 685 715 1
387 613 715 685 1
285 661 807 767 1
511 293 305 277 1
433 611 511 277 1
483 277 511 305 1
611 293 511 277 1
433 511 337 277 1
832 691 663 716 1
691 688 701 663 1
795 667 205 791 1
30 629 696 514 1
152 709 434 527 1
751 667 205 795 1
709 527 152 662 1
815 668 844 128 1
815 668 869 844 1
152 662 527 504 1
835 773 672 408 1
672 798 760 408 1
773 798 672 408 1
835 796 408 672 1
796 760 408 672 1
306 544 267 271 1
395 196 169 332 1
332 196 169 438 1
168 438 169 196 1
661 767 285 656 1
470 594 269 417 1
399 190 648 716 1
399 648 582 716 1
470 207 269 416 1
207 470 269 456 1
125 442 318 425 1
423 769 155 649 1
622 423 771 649 1
468 391 700 735 1
391 551 700 735 1
848 730 738 838 1
454 295 283 288 1
763 288 295 454 1
237 651 272 337 1
233 395 169 544 1
651 337 338 511 1
658 544 395 233 1
395 332 169 544 1
658 544 332 395 1
454 402 722 692 1
454 692 436 308 1
316 64 541 652 1
64 665 541 652 1
454 402 692 374 1
454 692 722 436 1
555 573 508 327 1
39 573 508 555 1
767 677 719 712 1
677 798 719 744 1
767 677 712 773 1
677 798 706 773 1
306 458 298 544 1
78 788 743 479 1
838 730 552 766 1
788 824 654 743 1
838 775 730 766 1
727 678 835 695 1
306 676 458 544 1
727 552 678 695 1
454 746 295 308 1
454 283 295 746 1
763 454 295 308 1
460 495 401 800 1
460 399 401 495 1
679 364 862 776 1
710 403 657 863 1
709 658 395 233 1
152 658 332 395 1
709 267 658 233 1
413 352 320 338 1
413 426 338 320 1
320 426 338 391 1
391 338 693 551 1
668 679 869 844 1
729 128 844 668 1
679 869 364 776 1
354 339 388 693 1
354 537 355 339 1
601 305 659 511 1
659 511 305 458 1
659 458 305 471 1
486 339 711 537 1
354 339 693 486 1
354 339 486 537 1
486 693 520 339 1
486 339 520 711 1
78 479 616 86 1
78 61 479 86 1
651 332 237 272 1
126 139 734 120 1
139 734 120 562 1
613 734 562 120 1
363 709 267 662 1
825 403 709 662 1
301 658 662 267 1
847 664 184 613 1
847 184 664 567 1
662 741 403 527 1
831 827 681 770 1
831 827 809 681 1
798 682 465 845 1
684 435 581 289 1
694 435 444 773 1
694 435 773 684 1
726 124 683 802 1
304 519 504 152 1
527 504 235 570 1
152 570 519 504 1
743 580 405 701 1
405 832 701 580 1
743 580 701 660 1
184 671 249 225 1
89 573 39 331 1
367 573 39 50 1
39 573 89 50 1
39 573 367 508 1
702 761 205 784 1
784 702 761 777 1
673 204 459 575 1
388 700 673 575 1
673 459 699 513 1
673 513 491 339 1
388 673 700 339 1
715 351 685 184 1
715 613 184 685 1
847 613 184 715 1
715 351 184 772 1
847 715 184 772 1
796 496 552 727 1
490 496 763 796 1
490 496 796 727 1
763 496 794 796 1
832 691 701 663 1
701 691 832 853 1
285 676 271 480 1
480 544 676 271 1
289 435 694 684 1
684 289 780 694 1
98 39 331 89 1
763 295 873 794 1
690 257 728 817 1
465 682 550 732 1
550 717 640 283 1
682 640 550 717 1
834 788 79 753 1
680 156 208 176 1
176 680 156 619 1
743 753 788 834 1
619 680 156 395 1
743 78 108 834 1
395 156 434 680 1
691 222 688 663 1
798 640 704 812 1
704 640 717 557 1
812 640 704 557 1
783 207 453 622 1
594 534 344 408 1
511 294 611 477 1
511 294 305 293 1
601 294 305 511 1
750 294 511 477 1
511 294 293 611 1
750 294 601 511 1
692 303 436 308 1
578 308 641 303 1
578 303 692 308 1
400 359 346 576 1
576 359 346 536 1
289 723 435 524 1
694 723 444 435 1
126 58 120 124 1
124 99 126 58 1
684 409 289 581 1
227 430 275 245 1
227 430 245 191 1
686 689 88 778 1
805 207 783 622 1
152 268 570 332 1
152 332 570 395 1
473 250 481 351 1
605 230 814 219 1
403 208 863 605 1
771 155 423 331 1
790 573 89 331 1
790 331 423 573 1
289 723 694 435 1
845 682 465 732 1
704 640 682 717 1
854 704 845 732 1
854 704 787 760 1
831 705 809 660 1
831 681 809 705 1
358 541 330 555 1
358 590 330 541 1
601 659 306 676 1
306 676 659 458 1
762 601 306 676 1
796 747 708 794 1
683 869 791 364 1
576 591 329 811 1
811 591 329 514 1
869 791 364 795 1
320 693 388 391 1
767 486 477 480 1
486 693 480 520 1
480 486 477 338 1
486 338 480 693 1
486 480 767 520 1
399 351 448 473 1
495 351 399 473 1
495 351 473 253 1
826 56 372 120 1
869 831 802 795 1
831 869 802 654 1
279 697 451 280 1
279 697 578 451 1
700 468 204 575 1
700 551 339 491 1
468 700 204 735 1
700 551 204 735 1
700 204 673 575 1
700 673 491 339 1
576 626 536 507 1
576 359 536 626 1
536 626 359 655 1
507 626 536 368 1
536 368 626 655 1
306 271 676 544 1
405 713 795 832 1
354 693 338 486 1
762 676 306 271 1
661 712 656 706 1
712 677 719 744 1
712 677 706 773 1
444 712 661 706 1
712 719 656 744 1
703 640 439 513 1
444 712 706 773 1
713 702 795 784 1
792 716 702 713 1
792 702 795 713 1
249 231 351 685 1
562 566 685 231 1
249 566 231 685 1
387 562 685 231 1
405 518 792 713 1
405 792 795 713 1
792 518 716 713 1
798 640 719 682 1
711 640 719 798 1
739 594 344 408 1
684 739 344 408 1
709 434 395 152 1
152 658 395 709 1
285 767 752 656 1
605 176 233 680 1
152 527 434 570 1
285 656 752 837 1
176 233 680 619 1
152 504 527 570 1
219 176 233 605 1
550 288 717 283 1
732 717 550 288 1
704 717 732 288 1
717 283 288 454 1
300 311 741 662 1
300 741 309 657 1
363 757 710 675 1
363 710 662 675 1
300 710 657 292 1
835 718 672 736 1
718 760 672 759 1
718 747 760 759 1
847 613 715 714 1
394 802 714 124 1
772 714 715 526 1
713 518 716 832 1
716 781 648 222 1
716 648 582 222 1
343 477 435 486 1
488 343 581 486 1
354 486 343 488 1
581 343 435 486 1
551 544 238 169 1
551 338 544 169 1
551 544 338 480 1
551 544 480 271 1
238 271 544 551 1
837 719 752 515 1
837 719 515 550 1
394 526 405 720 1
460 720 792 526 1
460 518 792 720 1
479 394 405 720 1
479 720 405 518 1
415 229 399 141 1
692 402 722 461 1
454 374 692 578 1
454 578 692 308 1
692 402 461 374 1
692 461 722 436 1
487 721 340 428 1
487 721 454 439 1
721 439 703 454 1
721 340 876 703 1
534 340 876 721 1
205 702 250 761 1
396 402 722 283 1
763 557 288 454 1
704 717 288 557 1
673 513 699 491 1
700 551 491 204 1
700 673 204 491 1
557 454 717 288 1
557 763 787 760 1
760 704 787 557 1
808 784 817 829 1
836 784 829 856 1
874 858 829 856 1
689 124 683 726 1
726 689 686 778 1
689 124 726 686 1
726 689 778 869 1
869 726 689 683 1
640 499 283 245 1
640 499 245 513 1
640 283 454 439 1
703 439 340 513 1
487 721 439 340 1
721 340 703 439 1
684 835 408 773 1
684 835 765 409 1
752 520 271 515 1
837 752 271 515 1
285 752 271 837 1
709 658 267 662 1
727 451 287 417 1
726 778 686 654 1
417 287 727 594 1
727 302 287 451 1
726 778 654 869 1
778 654 869 844 1
405 831 802 654 1
578 721 487 428 1
578 490 721 428 1
578 721 454 487 1
578 490 454 721 1
777 713 716 691 1
757 292 710 675 1
690 728 217 817 1
757 638 710 292 1
435 477 444 773 1
808 817 217 728 1
101 100 729 865 1
767 444 477 773 1
477 486 767 773 1
703 454 439 640 1
435 486 477 773 1
245 283 640 439 1
435 477 294 444 1
807 294 477 444 1
204 551 238 735 1
124 469 664 126 1
124 99 469 126 1
708 796 552 730 1
730 796 552 678 1
718 730 747 738 1
730 747 738 708 1
730 718 796 678 1
678 796 835 718 1
684 780 289 765 1
409 684 289 765 1
344 739 684 581 1
345 417 490 594 1
417 727 490 594 1
594 534 408 490 1
727 594 408 490 1
710 300 741 662 1
710 741 300 657 1
662 311 741 504 1
832 784 731 764 1
731 751 836 784 1
731 864 647 843 1
731 864 820 764 1
394 58 81 124 1
50 597 573 742 1
353 645 50 742 1
806 50 573 742 1
819 856 828 733 1
78 616 743 580 1
78 743 616 479 1
613 203 184 566 1
613 566 685 562 1
736 773 587 672 1
736 718 672 587 1
780 773 587 736 1
840 838 775 848 1
283 454 436 746 1
831 827 770 789 1
855 147 737 864 1
789 737 864 668 1
833 718 747 738 1
490 557 796 763 1
295 787 763 873 1
490 796 557 408 1
622 423 453 790 1
797 790 622 453 1
453 622 207 423 1
752 480 285 271 1
767 480 285 752 1
656 767 752 719 1
743 701 405 831 1
832 663 580 716 1
405 832 831 701 1
832 663 701 580 1
832 518 716 580 1
662 741 527 504 1
677 798 744 706 1
783 453 749 797 1
712 677 744 706 1
712 744 656 706 1
534 721 557 490 1
408 557 490 534 1
353 75 645 591 1
353 749 75 591 1
285 601 762 676 1
285 750 676 480 1
767 477 750 480 1
807 294 750 477 1
807 294 601 750 1
763 787 747 873 1
140 576 507 626 1
140 749 576 821 1
576 140 507 749 1
140 507 749 783 1
140 821 576 626 1
140 821 626 793 1
78 580 743 660 1
640 557 703 454 1
743 701 831 660 1
444 767 661 712 1
661 444 807 767 1
496 763 295 308 1
729 862 748 100 1
301 662 300 675 1
300 662 301 311 1
694 773 756 780 1
684 773 780 835 1
810 838 775 840 1
527 709 434 403 1
709 403 527 662 1
399 448 351 702 1
702 250 448 351 1
795 364 667 791 1
751 364 667 795 1
829 784 817 777 1
832 784 764 856 1
832 784 795 731 1
363 605 866 233 1
219 176 605 230 1
795 784 205 751 1
829 784 777 856 1
205 784 817 751 1
784 702 777 713 1
728 817 257 777 1
747 854 760 759 1
713 702 777 716 1
737 864 668 855 1
872 668 864 855 1
789 804 869 668 1
285 676 762 271 1
423 155 348 558 1
140 805 783 633 1
423 155 558 331 1
353 633 140 783 1
730 738 838 708 1
763 760 747 787 1
79 397 76 830 1
673 459 204 699 1
673 699 204 491 1
124 664 469 419 1
124 664 419 567 1
124 469 99 419 1
795 804 869 789 1
807 767 477 750 1
807 444 477 767 1
767 719 656 712 1
285 767 750 480 1
285 767 807 750 1
804 864 867 148 1
687 158 841 148 1
289 765 780 810 1
684 765 835 780 1
687 860 782 841 1
804 843 867 864 1
774 667 205 751 1
774 823 667 751 1
843 731 804 751 1
804 864 731 843 1
301 152 662 658 1
709 152 658 662 1
850 753 95 844 1
834 753 95 108 1
743 108 753 834 1
98 331 771 89 1
743 809 831 753 1
815 850 753 809 1
693 338 480 551 1
818 798 706 755 1
444 773 706 756 1
756 773 706 587 1
714 613 715 387 1
387 351 715 526 1
714 387 715 526 1
387 351 231 685 1
387 613 685 562 1
526 351 715 772 1
847 714 715 772 1
184 351 702 772 1
184 772 205 791 1
684 486 773 408 1
486 711 773 408 1
486 711 767 773 1
798 640 682 704 1
854 798 845 704 1
363 638 710 757 1
292 710 657 264 1
126 120 734 613 1
124 126 613 120 1
124 120 613 714 1
394 120 124 714 1
394 120 58 124 1
829 817 728 777 1
808 817 728 829 1
829 777 728 828 1
718 759 672 587 1
718 747 759 833 1
645 621 50 742 1
50 742 621 597 1
747 854 759 833 1
818 798 759 672 1
597 621 50 28 1
818 798 854 759 1
217 224 647 223 1
723 294 435 524 1
723 294 444 435 1
777 582 859 828 1
828 716 582 222 1
777 761 859 582 1
701 688 691 868 1
207 507 456 368 1
456 470 507 207 1
470 207 453 507 1
551 169 599 391 1
716 781 580 190 1
518 190 716 580 1
716 190 648 781 1
822 848 838 707 1
776 862 782 364 1
764 784 731 836 1
731 864 764 647 1
507 805 207 783 1
764 784 836 856 1
764 647 864 180 1
764 856 858 874 1
129 3 584 5 1
385 547 554 19 1
605 208 863 230 1
230 176 605 208 1
654 77 81 788 1
345 507 470 453 1
622 423 649 207 1
507 576 453 345 1
140 368 785 626 1
140 626 785 635 1
684 486 581 435 1
435 486 773 684 1
802 869 791 683 1
802 686 81 654 1
795 364 869 804 1
766 678 552 695 1
766 835 678 695 1
37 318 92 543 1
765 835 766 695 1
694 773 444 756 1
498 197 495 144 1
78 450 834 788 1
813 450 54 788 1
813 54 81 788 1
79 77 654 788 1
629 28 621 514 1
475 388 376 575 1
669 475 321 547 1
321 603 475 376 1
321 603 547 475 1
742 591 621 597 1
742 597 801 591 1
674 554 630 361 1
15 383 630 554 1
630 564 383 15 1
18 514 564 629 1
8 317 631 11 1
317 589 631 11 1
770 737 681 159 1
770 681 701 159 1
820 159 864 770 1
832 770 701 853 1
770 159 864 737 1
831 789 668 827 1
113 668 855 128 1
35 493 579 47 1
36 493 35 47 1
479 800 720 401 1
490 557 763 454 1
578 490 763 454 1
557 490 721 454 1
557 721 703 454 1
790 806 89 573 1
790 331 89 771 1
790 771 423 331 1
790 423 799 573 1
806 573 790 799 1
184 772 791 847 1
405 795 772 802 1
709 825 605 403 1
363 605 233 709 1
526 351 772 792 1
460 792 351 526 1
460 399 351 792 1
792 399 351 702 1
772 351 702 792 1
460 399 792 518 1
460 399 518 401 1
518 399 792 716 1
792 399 702 716 1
317 379 67 414 1
775 835 678 766 1
775 718 835 736 1
765 775 835 780 1
634 111 97 45 1
634 111 391 97 1
634 388 97 391 1
775 718 730 678 1
634 669 388 321 1
768 333 635 93 1
765 835 775 766 1
775 678 835 718 1
780 775 835 736 1
833 848 875 725 1
833 875 650 725 1
546 833 822 875 1
789 864 804 668 1
795 820 804 789 1
776 804 687 148 1
864 872 804 668 1
776 841 872 148 1
832 713 691 716 1
849 793 140 635 1
140 626 635 793 1
763 496 295 794 1
763 747 794 873 1
795 702 205 784 1
102 104 128 844 1
772 795 205 791 1
795 772 205 702 1
748 689 778 88 1
490 302 496 727 1
679 689 869 778 1
748 679 778 689 1
490 796 408 727 1
767 486 520 711 1
353 591 742 797 1
749 797 591 353 1
687 774 803 843 1
774 843 823 751 1
633 790 622 797 1
806 799 790 797 1
818 798 755 854 1
759 798 760 672 1
759 798 854 760 1
773 798 818 672 1
773 798 706 818 1
872 776 804 668 1
797 801 799 453 1
799 328 422 453 1
423 422 453 799 1
790 423 453 799 1
797 799 790 453 1
801 328 799 453 1
679 869 776 668 1
113 862 782 776 1
274 653 596 240 1
653 563 596 240 1
776 841 782 113 1
668 869 776 804 1
363 662 267 675 1
301 662 675 267 1
366 498 636 107 1
498 636 107 197 1
805 622 783 633 1
824 394 802 405 1
873 288 787 724 1
583 157 236 197 1
654 824 802 405 1
509 583 157 485 1
485 157 236 583 1
802 726 686 654 1
806 801 573 799 1
801 597 573 328 1
742 597 573 801 1
806 801 799 797 1
806 742 573 801 1
801 328 573 799 1
189 172 485 116 1
831 789 869 668 1
795 789 869 831 1
394 802 526 714 1
832 770 789 831 1
832 789 795 831 1
847 802 791 124 1
743 405 518 479 1
805 140 507 368 1
507 140 805 783 1
353 50 89 806 1
353 50 806 742 1
633 353 89 806 1
353 806 633 797 1
353 742 806 797 1
797 742 806 801 1
105 151 577 600 1
600 390 105 179 1
105 600 577 390 1
691 222 663 716 1
835 796 672 718 1
766 775 730 678 1
796 760 672 718 1
727 796 835 678 1
285 807 601 750 1
94 842 84 76 1
397 76 842 94 1
777 761 257 859 1
817 761 257 777 1
290 578 641 303 1
487 290 374 578 1
274 581 286 745 1
205 702 184 250 1
184 702 205 772 1
408 711 812 876 1
798 812 760 408 1
711 812 798 408 1
408 812 760 557 1
408 876 812 557 1
53 450 813 788 1
77 813 81 788 1
868 691 733 688 1
126 734 203 613 1
124 664 613 126 1
101 100 740 729 1
729 740 862 100 1
38 75 639 696 1
333 75 639 38 1
38 639 643 30 1
333 532 38 639 1
38 532 643 639 1
729 679 668 844 1
363 605 825 866 1
638 866 363 825 1
105 87 577 110 1
439 454 402 283 1
803 170 158 174 1
687 170 158 803 1
687 803 158 867 1
803 170 181 195 1
803 170 174 181 1
127 179 135 457 1
393 857 195 839 1
576 749 507 453 1
749 576 591 453 1
783 507 749 453 1
711 640 798 812 1
812 704 760 557 1
402 374 209 244 1
607 137 420 121 1
607 420 137 549 1
383 531 385 378 1
364 804 687 776 1
823 804 364 751 1
751 804 364 795 1
364 823 687 804 1
682 717 550 732 1
704 717 682 732 1
460 401 518 720 1
479 720 518 401 1
697 578 302 641 1
793 75 821 333 1
749 591 821 75 1
140 749 821 849 1
140 849 821 793 1
821 75 811 333 1
821 591 811 75 1
640 520 515 499 1
719 640 520 515 1
689 364 862 679 1
869 683 689 364 1
689 869 364 679 1
719 767 520 711 1
767 711 719 677 1
787 704 288 557 1
223 647 217 808 1
857 774 808 843 1
836 784 808 829 1
218 647 223 836 1
223 647 808 836 1
808 751 784 836 1
212 808 217 647 1
743 660 809 108 1
54 394 81 824 1
788 54 81 824 1
788 81 654 824 1
809 128 108 681 1
81 394 802 824 1
654 81 802 824 1
809 705 108 660 1
809 681 108 705 1
743 108 809 753 1
815 844 753 850 1
844 815 128 850 1
363 638 825 710 1
363 825 662 710 1
825 814 638 866 1
363 825 709 662 1
709 363 605 825 1
716 222 663 781 1
594 287 727 695 1
810 838 840 851 1
289 810 780 296 1
574 38 334 48 1
333 38 574 75 1
586 643 38 532 1
549 183 199 340 1
513 340 199 439 1
140 507 368 626 1
183 340 549 420 1
10 129 3 609 1
129 3 609 584 1
569 493 129 609 1
644 348 241 596 1
644 348 273 241 1
386 568 143 90 1
409 739 835 695 1
353 645 742 591 1
16 646 512 52 1
16 646 632 512 1
512 632 59 68 1
719 640 515 550 1
777 582 828 716 1
829 777 828 856 1
358 563 503 590 1
831 668 815 827 1
831 668 869 815 1
831 815 753 809 1
815 831 827 809 1
831 815 654 753 1
675 292 710 300 1
675 710 662 300 1
831 869 654 815 1
711 798 719 677 1
545 381 14 494 1
850 815 128 809 1
32 449 12 561 1
32 449 589 12 1
779 52 589 449 1
831 681 701 770 1
468 391 735 599 1
587 818 706 755 1
587 818 759 672 1
861 818 854 759 1
861 818 755 854 1
773 818 587 672 1
773 818 706 587 1
874 856 819 733 1
159 764 864 180 1
285 601 676 750 1
205 751 817 774 1
808 774 751 843 1
817 774 751 808 1
731 820 832 764 1
832 853 820 770 1
832 764 820 853 1
834 450 53 788 1
832 770 820 789 1
832 820 795 789 1
795 820 832 731 1
65 46 501 463 1
65 46 118 501 1
727 796 408 835 1
835 594 739 408 1
835 594 408 727 1
684 835 739 408 1
833 848 822 875 1
833 738 822 848 1
320 382 548 634 1
771 423 155 649 1
548 634 559 45 1
708 738 822 546 1
796 496 794 552 1
794 796 552 708 1
647 224 218 223 1
210 201 647 188 1
202 212 215 647 1
823 364 667 751 1
823 843 804 751 1
804 823 687 843 1
433 511 477 338 1
796 760 747 763 1
323 492 80 121 1
796 760 557 408 1
323 440 492 560 1
323 420 492 121 1
357 492 341 560 1
765 810 775 780 1
765 775 810 766 1
371 177 168 127 1
53 77 79 788 1
834 53 79 788 1
53 813 77 788 1
375 232 464 623 1
827 128 809 681 1
827 128 681 737 1
827 737 668 128 1
827 668 815 128 1
815 827 128 809 1
223 829 728 218 1
223 808 829 836 1
591 514 621 597 1
686 88 81 654 1
686 778 88 654 1
654 81 77 88 1
654 844 778 77 1
787 288 295 763 1
787 557 288 763 1
295 288 787 873 1
739 409 684 581 1
695 666 739 594 1
559 23 547 385 1
444 767 712 773 1
767 711 677 773 1
547 41 23 559 1
254 337 517 371 1
371 342 337 517 1
258 371 254 517 1
358 653 581 343 1
358 653 503 563 1
258 239 254 371 1
743 753 831 654 1
29 437 73 502 1
815 844 654 753 1
819 829 728 828 1
819 829 828 856 1
101 91 846 844 1
94 101 91 846 1
325 484 47 51 1
113 668 872 855 1
796 747 760 718 1
796 763 557 760 1
263 655 259 261 1
536 655 261 368 1
113 668 776 872 1
263 261 270 655 1
223 808 728 829 1
871 864 867 647 1
194 192 647 180 1
864 764 159 820 1
832 856 764 853 1
79 830 76 77 1
353 140 849 749 1
140 783 749 353 1
124 664 847 613 1
124 847 664 567 1
124 613 847 714 1
124 714 847 802 1
714 526 772 802 1
306 658 267 544 1
658 544 306 298 1
238 204 491 551 1
75 793 849 635 1
849 749 821 75 1
849 75 821 793 1
353 849 75 749 1
409 835 765 695 1
810 775 838 766 1
587 718 833 848 1
861 833 854 650 1
718 833 759 587 1
833 854 759 861 1
772 795 791 802 1
858 836 829 856 1
731 843 647 836 1
764 836 731 647 1
764 836 858 856 1
218 836 223 829 1
808 843 836 647 1
465 837 550 719 1
324 106 103 198 1
656 837 465 719 1
324 390 106 198 1
474 577 138 87 1
83 88 748 778 1
654 778 88 77 1
778 77 83 88 1
867 843 181 647 1
843 803 181 195 1
843 195 181 647 1
795 792 772 702 1
820 770 864 789 1
15 383 17 564 1
832 831 701 770 1
15 19 554 674 1
15 554 630 674 1
763 747 796 794 1
839 803 195 170 1
79 844 654 77 1
780 840 736 587 1
810 840 775 780 1
810 840 780 296 1
780 840 587 725 1
780 840 775 736 1
378 398 508 516 1
398 378 617 516 1
62 66 509 55 1
747 787 760 854 1
854 798 704 760 1
751 731 804 795 1
101 740 113 729 1
711 798 773 408 1
711 798 677 773 1
307 311 504 309 1
113 128 101 729 1
548 579 584 129 1
548 431 584 579 1
674 19 604 15 1
290 697 578 279 1
290 578 697 641 1
684 694 780 773 1
838 730 775 848 1
65 501 330 463 1
212 843 808 647 1
501 326 330 463 1
817 751 784 808 1
212 647 195 843 1
733 856 828 691 1
856 777 828 691 1
777 716 828 691 1
755 798 465 845 1
350 478 253 197 1
253 350 592 478 1
728 777 257 828 1
784 713 777 856 1
6 4 27 11 1
777 859 257 828 1
76 84 846 83 1
77 844 83 846 1
733 691 828 222 1
691 716 828 222 1
640 283 717 454 1
557 454 640 717 1
833 718 738 848 1
848 718 736 587 1
840 848 736 587 1
319 484 47 325 1
840 848 587 725 1
831 681 705 701 1
719 682 550 465 1
798 682 719 465 1
67 549 572 603 1
376 549 603 572 1
744 798 719 465 1
245 640 513 439 1
689 862 748 679 1
612 193 406 606 1
113 740 782 862 1
780 840 725 296 1
840 707 725 296 1
108 102 128 850 1
108 102 850 95 1
108 753 95 850 1
809 850 753 108 1
850 809 128 108 1
783 622 453 797 1
688 691 733 222 1
707 840 851 296 1
638 264 825 710 1
825 814 264 638 1
710 863 657 264 1
548 634 45 494 1
810 851 840 296 1
743 788 824 479 1
584 431 494 758 1
743 753 654 788 1
743 78 834 788 1
605 230 863 814 1
554 383 561 323 1
873 747 852 546 1
737 147 159 864 1
789 770 864 737 1
243 256 421 258 1
243 421 256 198 1
853 764 159 180 1
820 764 159 853 1
520 480 752 271 1
159 868 853 180 1
767 480 752 520 1
752 767 520 719 1
656 719 752 837 1
840 838 707 851 1
780 773 736 835 1
840 848 775 736 1
748 862 729 679 1
822 738 838 848 1
218 829 728 819 1
874 829 819 856 1
718 730 738 848 1
848 718 775 736 1
848 730 775 718 1
789 737 668 827 1
737 855 668 128 1
353 783 749 797 1
797 633 353 783 1
853 770 701 159 1
263 529 259 392 1
377 392 489 263 1
853 159 820 770 1
701 868 853 159 1
633 806 89 790 1
806 790 633 797 1
866 605 219 233 1
866 605 814 219 1
825 605 814 866 1
863 605 814 825 1
834 753 79 95 1
772 802 791 847 1
847 772 802 714 1
79 830 77 53 1
827 737 681 770 1
789 827 770 737 1
639 514 329 30 1
30 514 696 639 1
629 621 696 514 1
38 696 639 30 1
393 857 817 808 1
314 2 698 1 1
314 2 610 698 1
393 857 808 212 1
393 212 195 857 1
95 753 79 844 1
194 647 206 858 1
180 647 194 858 1
218 647 836 858 1
764 858 647 180 1
218 836 829 858 1
764 836 647 858 1
647 206 858 218 1
857 843 195 803 1
364 687 782 776 1
16 4 512 632 1
512 27 642 632 1
701 868 691 853 1
726 124 802 686 1
679 778 869 844 1
832 713 856 691 1
856 713 777 691 1
633 622 783 797 1
864 148 804 872 1
687 158 170 860 1
640 557 876 703 1
755 798 845 854 1
640 703 876 513 1
587 818 861 759 1
587 818 755 861 1
638 264 710 292 1
587 833 861 650 1
264 863 825 710 1
825 814 863 264 1
802 124 81 686 1
362 103 324 51 1
325 324 362 132 1
833 861 759 587 1
683 124 791 802 1
706 798 744 465 1
706 798 465 755 1
854 704 732 288 1
854 787 288 724 1
854 704 288 787 1
83 778 748 844 1
101 846 865 844 1
865 83 748 844 1
518 832 405 580 1
729 844 101 865 1
748 729 844 679 1
748 679 844 778 1
406 612 500 221 1
687 823 774 843 1
586 57 40 532 1
795 751 731 784 1
795 820 731 804 1
804 843 687 867 1
394 124 81 802 1
434 156 208 680 1
605 680 434 208 1
776 687 841 148 1
776 687 782 841 1
798 682 845 704 1
704 682 845 732 1
815 869 654 844 1
491 513 520 339 1
145 855 864 147 1
855 145 864 872 1
802 726 654 869 1
869 802 726 683 1
780 773 756 587 1
820 864 804 789 1
393 817 217 808 1
266 342 505 277 1
846 77 79 76 1
94 84 846 76 1
79 844 77 846 1
502 85 510 117 1
437 85 510 502 1
865 748 84 100 1
84 865 846 83 1
509 583 485 372 1
865 100 729 748 1
865 846 83 844 1
729 844 865 748 1
744 719 656 465 1
706 744 656 465 1
708 738 838 822 1
869 802 791 795 1
844 77 83 778 1
731 751 843 836 1
808 751 836 843 1
611 281 278 265 1
342 432 611 278 1
873 747 794 852 1
158 174 870 867 1
803 174 158 867 1
804 864 820 731 1
298 306 658 301 1
718 796 747 730 1
796 747 730 708 1
848 707 840 838 1
101 842 84 94 1
146 871 150 864 1
840 848 725 707 1
82 379 588 446 1
67 547 603 43 1
687 158 860 841 1
180 858 194 874 1
764 874 858 180 1
180 874 194 868 1
857 803 195 839 1
218 858 829 874 1
206 874 218 819 1
218 829 819 874 1
858 206 874 218 1
695 409 739 666 1
833 747 854 650 1
854 747 724 650 1
873 724 747 650 1
546 873 747 650 1
867 188 871 647 1
871 867 870 188 1
868 856 874 733 1
832 691 856 853 1
868 856 733 691 1
853 856 874 868 1
691 868 856 853 1
79 94 91 846 1
79 94 846 76 1
867 148 154 158 1
687 867 158 148 1
154 870 160 871 1
729 113 679 862 1
729 862 740 113 1
679 776 862 113 1
679 668 776 113 1
729 113 128 668 1
113 679 668 729 1
687 803 867 843 1
546 650 833 875 1
546 738 822 833 1
587 848 833 725 1
833 546 747 650 1
546 747 738 833 1
647 185 867 201 1
870 867 174 185 1
174 803 181 867 1
343 375 503 432 1
342 432 343 611 1
342 432 375 343 1
84 101 94 846 1
165 871 864 150 1
188 870 871 160 1
745 348 273 644 1
745 348 581 273 1
745 581 286 273 1
165 188 871 160 1
146 864 867 871 1
867 870 154 871 1
188 867 870 201 1
393 808 217 212 1
857 843 808 212 1
857 212 195 843 1
747 852 708 794 1
747 852 546 708 1
708 747 738 546 1
440 568 386 90 1
129 569 530 462 1
393 690 217 817 1
854 787 724 747 1
816 252 598 443 1
873 724 787 747 1
194 858 206 874 1
853 764 180 874 1
194 206 733 874 1
868 874 194 733 1
853 874 180 868 1
173 201 188 870 1
206 874 819 733 1
803 843 181 867 1
158 154 870 164 1
154 158 870 867 1
561 80 449 323 1
776 841 113 872 1
875 848 822 707 1
314 7 1 14 1
314 1 7 9 1
381 14 7 314 1
130 512 115 59 1
415 495 399 248 1
542 495 522 248 1
826 372 754 120 1
754 372 66 116 1
154 870 173 160 1
536 576 507 345 1
548 634 494 431 1
634 382 548 559 1
3 584 758 35 1
3 571 758 584 1
707 875 848 725 1
367 573 597 508 1
263 655 392 259 1
333 574 768 75 1
75 333 635 768 1
407 134 365 379 1
776 869 364 804 1
65 501 118 112 1
112 118 623 501 1
557 721 876 703 1
812 876 640 557 1
534 721 876 557 1
408 876 557 534 1
479 61 54 800 1
430 816 402 427 1
434 565 533 235 1
434 533 208 156 1
317 589 52 449 1
32 449 80 779 1
32 779 589 449 1
394 120 714 387 1
274 653 786 596 1
274 786 644 596 1
274 786 653 581 1
274 786 745 644 1
274 786 581 745 1
282 374 461 402 1
282 310 461 585 1
430 816 275 402 1
430 402 275 245 1
430 402 245 191 1
386 560 213 568 1
695 594 739 835 1
695 594 835 727 1
449 80 121 323 1
449 121 80 52 1
246 290 374 487 1
542 253 495 248 1
197 350 495 253 1
323 561 80 440 1
227 191 175 369 1
430 369 816 427 1
430 369 614 816 1
109 612 606 193 1
727 552 796 678 1
635 178 93 424 1
785 626 178 635 1
635 626 178 424 1
315 123 386 143 1
639 75 811 696 1
696 514 621 811 1
333 75 811 639 1
576 821 811 333 1
576 591 811 821 1
621 591 811 514 1
199 183 191 402 1
199 402 439 183 1
385 378 559 608 1
378 516 608 617 1
608 378 559 516 1
643 532 40 329 1
30 643 40 329 1
418 133 134 137 1
643 40 532 586 1
315 57 386 123 1
517 342 505 421 1
517 371 342 421 1
505 342 517 277 1
366 498 62 593 1
593 498 56 800 1
628 800 593 56 1
421 324 390 484 1
512 642 27 588 1
684 409 739 835 1
684 486 408 344 1
485 236 247 350 1
350 592 236 247 1
66 56 372 826 1
66 372 754 826 1
319 117 413 579 1
319 352 579 413 1
319 352 493 579 1
493 325 326 352 1
501 326 463 325 1
463 326 493 325 1
326 375 325 501 1
352 325 326 375 1
544 651 338 511 1
413 338 651 337 1
413 338 337 352 1
352 343 342 375 1
433 611 477 511 1
607 420 322 323 1
607 322 554 323 1
554 322 383 323 1
607 322 420 549 1
323 420 322 357 1
325 484 51 324 1
530 569 555 326 1
378 327 597 531 1
531 328 355 327 1
355 328 422 327 1
573 328 327 422 1
665 541 331 555 1
358 590 541 331 1
797 742 801 591 1
333 574 334 93 1
333 334 38 532 1
333 424 93 334 1
333 315 334 532 1
333 315 532 359 1
333 38 334 574 1
339 640 876 513 1
376 339 355 876 1
376 339 876 513 1
355 537 534 876 1
344 486 581 684 1
344 488 581 486 1
355 345 534 344 1
355 344 422 345 1
344 535 345 594 1
422 535 345 344 1
576 357 345 346 1
536 346 576 345 1
346 655 270 536 1
386 400 359 347 1
655 359 536 346 1
424 626 178 655 1
424 655 359 626 1
628 800 60 593 1
628 60 800 61 1
93 424 410 334 1
114 69 335 334 1
380 335 55 69 1
48 335 334 93 1
410 556 334 377 1
114 334 335 556 1
259 349 392 255 1
259 392 410 655 1
259 410 178 655 1
377 410 392 655 1
589 317 631 449 1
631 449 317 8 1
449 121 414 607 1
493 352 326 462 1
569 462 493 326 1
462 569 530 326 1
462 354 326 530 1
463 330 555 326 1
358 331 327 452 1
573 331 452 327 1
591 328 801 453 1
576 811 329 532 1
811 532 639 329 1
576 359 532 400 1
371 337 342 352 1
433 511 338 337 1
352 337 433 338 1
486 537 408 344 1
355 534 537 344 1
344 537 408 534 1
441 341 346 279 1
441 341 560 346 1
560 341 357 346 1
452 348 535 344 1
377 228 655 263 1
315 228 655 377 1
359 347 655 315 1
350 253 231 495 1
231 351 495 253 1
387 351 495 231 1
387 231 495 350 1

End
